file,rec,timestamp,mac,target,event,rssi,ad_hex,name,uuids16,mfg_hex,mfg_company
hci_snoop_2025_11_26_14_52_30.cfa,165,2025-11-26T14:52:39.146Z,f4:d0:00:00:02:1a,no,ADV_IND,-58,02 01 06 03 02 F0 FF 17 FF 1B 00 00 00 1A 02 00 00 D0 F4 9D 01 18 1F 06 00 1B 01 20 3E 03 00,,FFF0,1B 00 00 00 1A 02 00 00 D0 F4 9D 01 18 1F 06 00 1B 01 20 3E 03 00,0x001B
hci_snoop_2025_11_26_14_52_30.cfa,166,2025-11-26T14:52:39.146Z,f4:d0:00:00:02:1a,no,SCAN_RSP,-58,0D 09 54 68 65 72 6D 6F 42 65 61 63 6F 6E 05 12 18 00 38 01 02 0A 00,ThermoBeacon,,,
hci_snoop_2025_11_26_14_52_30.cfa,167,2025-11-26T14:52:39.162Z,62:53:00:00:0f:1f,no,ADV_IND,-80,02 01 06 03 02 F0 FF 17 FF 11 00 00 00 1F 0F 00 00 53 62 56 01 1B 00 08 00 2C 01 15 35 04 00,,FFF0,11 00 00 00 1F 0F 00 00 53 62 56 01 1B 00 08 00 2C 01 15 35 04 00,0x0011
hci_snoop_2025_11_26_14_52_30.cfa,168,2025-11-26T14:52:39.162Z,62:53:00:00:0f:1f,no,SCAN_RSP,-80,0D 09 54 68 65 72 6D 6F 42 65 61 63 6F 6E 05 12 18 00 38 01 02 0A 00,ThermoBeacon,,,
hci_snoop_2025_11_26_14_52_30.cfa,169,2025-11-26T14:52:39.346Z,f4:db:00:00:02:37,no,ADV_IND,-75,02 01 06 03 02 F0 FF 15 FF 1B 00 00 00 37 02 00 00 DB F4 BB 0B 4D 01 51 04 59 4F 0E 00,,FFF0,1B 00 00 00 37 02 00 00 DB F4 BB 0B 4D 01 51 04 59 4F 0E 00,0x001B
hci_snoop_2025_11_26_14_52_30.cfa,170,2025-11-26T14:52:39.346Z,f4:db:00:00:02:37,no,SCAN_RSP,-75,0D 09 54 68 65 72 6D 6F 42 65 61 63 6F 6E 05 12 18 00 38 01 02 0A 00,ThermoBeacon,,,
hci_snoop_2025_11_26_14_52_30.cfa,171,2025-11-26T14:52:39.595Z,f4:db:00:00:00:d9,yes,ADV_IND,-37,02 01 06 03 02 F0 FF 15 FF 1B 00 10 00 D9 00 00 00 DB F4 B5 0B 61 01 0F 04 4B 7D 0E 00,,FFF0,1B 00 10 00 D9 00 00 00 DB F4 B5 0B 61 01 0F 04 4B 7D 0E 00,0x001B
hci_snoop_2025_11_26_14_52_30.cfa,172,2025-11-26T14:52:39.596Z,f4:db:00:00:00:d9,yes,SCAN_RSP,-38,0D 09 54 68 65 72 6D 6F 42 65 61 63 6F 6E 05 12 18 00 38 01 02 0A 00,ThermoBeacon,,,
hci_snoop_2025_11_26_14_52_30.cfa,175,2025-11-26T14:52:40.194Z,f4:db:00:00:02:37,no,ADV_IND,-72,02 01 06 03 02 F0 FF 17 FF 1B 00 00 00 37 02 00 00 DB F4 D0 01 DD 37 0D 00 0B 01 BF F5 07 00,,FFF0,1B 00 00 00 37 02 00 00 DB F4 D0 01 DD 37 0D 00 0B 01 BF F5 07 00,0x001B
hci_snoop_2025_11_26_14_52_30.cfa,177,2025-11-26T14:52:40.445Z,f4:db:00:00:00:d9,yes,ADV_IND,-37,02 01 06 03 02 F0 FF 15 FF 1B 00 10 00 D9 00 00 00 DB F4 B5 0B 61 01 0F 04 4C 7D 0E 00,,FFF0,1B 00 10 00 D9 00 00 00 DB F4 B5 0B 61 01 0F 04 4C 7D 0E 00,0x001B
hci_snoop_2025_11_26_14_52_30.cfa,178,2025-11-26T14:52:40.446Z,f4:db:00:00:00:d9,yes,SCAN_RSP,-38,0D 09 54 68 65 72 6D 6F 42 65 61 63 6F 6E 05 12 18 00 38 01 02 0A 00,ThermoBeacon,,,
hci_snoop_2025_11_26_14_52_30.cfa,179,2025-11-26T14:52:40.848Z,f4:d0:00:00:02:1a,no,ADV_IND,-74,02 01 06 03 02 F0 FF 15 FF 1B 00 00 00 1A 02 00 00 D0 F4 D1 0B 55 01 38 04 8F D7 0C 00,,FFF0,1B 00 00 00 1A 02 00 00 D0 F4 D1 0B 55 01 38 04 8F D7 0C 00,0x001B
hci_snoop_2025_11_26_14_52_30.cfa,181,2025-11-26T14:52:40.856Z,62:53:00:00:0f:1f,no,ADV_IND,-69,02 01 06 03 02 F0 FF 15 FF 11 00 00 00 1F 0F 00 00 53 62 8C 0B 46 01 F5 04 CA 8F 0E 00,,FFF0,11 00 00 00 1F 0F 00 00 53 62 8C 0B 46 01 F5 04 CA 8F 0E 00,0x0011
hci_snoop_2025_11_26_14_52_30.cfa,183,2025-11-26T14:52:41.043Z,f4:db:00:00:02:37,no,ADV_IND,-77,02 01 06 03 02 F0 FF 15 FF 1B 00 00 00 37 02 00 00 DB F4 BB 0B 4D 01 51 04 5B 4F 0E 00,,FFF0,1B 00 00 00 37 02 00 00 DB F4 BB 0B 4D 01 51 04 5B 4F 0E 00,0x001B
hci_snoop_2025_11_26_14_52_30.cfa,185,2025-11-26T14:52:41.293Z,f4:db:00:00:00:d9,yes,ADV_IND,-44,02 01 06 03 02 F0 FF 17 FF 1B 00 10 00 D9 00 00 00 DB F4 A7 01 5F 0F 00 00 2A 01 7E 0C 04 00,,FFF0,1B 00 10 00 D9 00 00 00 DB F4 A7 01 5F 0F 00 00 2A 01 7E 0C 04 00,0x001B
hci_snoop_2025_11_26_14_52_30.cfa,186,2025-11-26T14:52:41.293Z,f4:db:00:00:00:d9,yes,SCAN_RSP,-44,0D 09 54 68 65 72 6D 6F 42 65 61 63 6F 6E 05 12 18 00 38 01 02 0A 00,ThermoBeacon,,,
hci_snoop_2025_11_26_14_52_30.cfa,187,2025-11-26T14:52:41.693Z,f4:d0:00:00:02:1a,no,ADV_IND,-72,02 01 06 03 02 F0 FF 15 FF 1B 00 00 00 1A 02 00 00 D0 F4 D1 0B 55 01 38 04 90 D7 0C 00,,FFF0,1B 00 00 00 1A 02 00 00 D0 F4 D1 0B 55 01 38 04 90 D7 0C 00,0x001B
hci_snoop_2025_11_26_14_52_30.cfa,191,2025-11-26T14:52:41.892Z,f4:db:00:00:02:37,no,ADV_IND,-68,02 01 06 03 02 F0 FF 15 FF 1B 00 00 00 37 02 00 00 DB F4 BC 0B 4D 01 51 04 5C 4F 0E 00,,FFF0,1B 00 00 00 37 02 00 00 DB F4 BC 0B 4D 01 51 04 5C 4F 0E 00,0x001B
hci_snoop_2025_11_26_14_52_30.cfa,193,2025-11-26T14:52:42.138Z,f4:db:00:00:00:d9,yes,ADV_IND,-46,02 01 06 03 02 F0 FF 15 FF 1B 00 10 00 D9 00 00 00 DB F4 B4 0B 61 01 0F 04 4E 7D 0E 00,,FFF0,1B 00 10 00 D9 00 00 00 DB F4 B4 0B 61 01 0F 04 4E 7D 0E 00,0x001B
hci_snoop_2025_11_26_14_52_30.cfa,194,2025-11-26T14:52:42.139Z,f4:db:00:00:00:d9,yes,SCAN_RSP,-48,0D 09 54 68 65 72 6D 6F 42 65 61 63 6F 6E 05 12 18 00 38 01 02 0A 00,ThermoBeacon,,,
hci_snoop_2025_11_26_14_52_30.cfa,223,2025-11-26T14:52:42.981Z,f4:db:00:00:00:d9,yes,ADV_IND,-45,02 01 06 03 02 F0 FF 15 FF 1B 00 10 00 D9 00 00 00 DB F4 B4 0B 61 01 0F 04 4E 7D 0E 00,,FFF0,1B 00 10 00 D9 00 00 00 DB F4 B4 0B 61 01 0F 04 4E 7D 0E 00,0x001B
hci_snoop_2025_11_26_14_52_30.cfa,224,2025-11-26T14:52:42.981Z,f4:db:00:00:00:d9,yes,SCAN_RSP,-46,0D 09 54 68 65 72 6D 6F 42 65 61 63 6F 6E 05 12 18 00 38 01 02 0A 00,ThermoBeacon,,,
hci_snoop_2025_11_26_14_52_44.cfa,233,2025-11-26T14:52:56.089Z,f4:d0:00:00:02:1a,no,ADV_IND,-69,02 01 06 03 02 F0 FF 15 FF 1B 00 00 00 1A 02 00 00 D0 F4 D0 0B 55 01 38 04 9F D7 0C 00,,FFF0,1B 00 00 00 1A 02 00 00 D0 F4 D0 0B 55 01 38 04 9F D7 0C 00,0x001B
hci_snoop_2025_11_26_14_52_44.cfa,234,2025-11-26T14:52:56.090Z,f4:d0:00:00:02:1a,no,SCAN_RSP,-70,0D 09 54 68 65 72 6D 6F 42 65 61 63 6F 6E 05 12 18 00 38 01 02 0A 00,ThermoBeacon,,,
hci_snoop_2025_11_26_14_52_44.cfa,235,2025-11-26T14:52:56.104Z,62:53:00:00:0f:1f,no,ADV_IND,-80,02 01 06 03 02 F0 FF 15 FF 11 00 00 00 1F 0F 00 00 53 62 8A 0B 46 01 F5 04 D9 8F 0E 00,,FFF0,11 00 00 00 1F 0F 00 00 53 62 8A 0B 46 01 F5 04 D9 8F 0E 00,0x0011
hci_snoop_2025_11_26_14_52_44.cfa,236,2025-11-26T14:52:56.105Z,62:53:00:00:0f:1f,no,SCAN_RSP,-80,0D 09 54 68 65 72 6D 6F 42 65 61 63 6F 6E 05 12 18 00 38 01 02 0A 00,ThermoBeacon,,,
hci_snoop_2025_11_26_14_52_44.cfa,237,2025-11-26T14:52:56.288Z,f4:db:00:00:02:37,no,ADV_IND,-89,02 01 06 03 02 F0 FF 15 FF 1B 00 00 00 37 02 00 00 DB F4 BC 0B 4D 01 51 04 6A 4F 0E 00,,FFF0,1B 00 00 00 37 02 00 00 DB F4 BC 0B 4D 01 51 04 6A 4F 0E 00,0x001B
hci_snoop_2025_11_26_14_52_44.cfa,238,2025-11-26T14:52:56.289Z,f4:db:00:00:02:37,no,SCAN_RSP,-90,0D 09 54 68 65 72 6D 6F 42 65 61 63 6F 6E 05 12 18 00 38 01 02 0A 00,ThermoBeacon,,,
hci_snoop_2025_11_26_14_52_44.cfa,239,2025-11-26T14:52:56.536Z,f4:db:00:00:00:d9,yes,ADV_IND,-48,02 01 06 03 02 F0 FF 17 FF 1B 00 10 00 D9 00 00 00 DB F4 A7 01 5F 0F 00 00 2A 01 7E 0C 04 00,,FFF0,1B 00 10 00 D9 00 00 00 DB F4 A7 01 5F 0F 00 00 2A 01 7E 0C 04 00,0x001B
hci_snoop_2025_11_26_14_52_44.cfa,240,2025-11-26T14:52:56.537Z,f4:db:00:00:00:d9,yes,SCAN_RSP,-48,0D 09 54 68 65 72 6D 6F 42 65 61 63 6F 6E 05 12 18 00 38 01 02 0A 00,ThermoBeacon,,,
hci_snoop_2025_11_26_14_52_44.cfa,241,2025-11-26T14:52:56.937Z,f4:d0:00:00:02:1a,no,ADV_IND,-66,02 01 06 03 02 F0 FF 15 FF 1B 00 00 00 1A 02 00 00 D0 F4 D1 0B 55 01 38 04 9F D7 0C 00,,FFF0,1B 00 00 00 1A 02 00 00 D0 F4 D1 0B 55 01 38 04 9F D7 0C 00,0x001B
hci_snoop_2025_11_26_14_52_44.cfa,243,2025-11-26T14:52:56.951Z,62:53:00:00:0f:1f,no,ADV_IND,-77,02 01 06 03 02 F0 FF 17 FF 11 00 00 00 1F 0F 00 00 53 62 56 01 1B 00 08 00 2C 01 15 35 04 00,,FFF0,11 00 00 00 1F 0F 00 00 53 62 56 01 1B 00 08 00 2C 01 15 35 04 00,0x0011
hci_snoop_2025_11_26_14_52_44.cfa,245,2025-11-26T14:52:57.139Z,f4:db:00:00:02:37,no,ADV_IND,-84,02 01 06 03 02 F0 FF 15 FF 1B 00 00 00 37 02 00 00 DB F4 BC 0B 4D 01 51 04 6B 4F 0E 00,,FFF0,1B 00 00 00 37 02 00 00 DB F4 BC 0B 4D 01 51 04 6B 4F 0E 00,0x001B
hci_snoop_2025_11_26_14_52_44.cfa,271,2025-11-26T14:52:59.445Z,7a:e0:d4:6e:5b:02,no,ADV_IND,-48,02 01 1A 02 0A 0C 0C FF 4C 00 10 07 3D 1F 80 90 FC 2F 28,,,4C 00 10 07 3D 1F 80 90 FC 2F 28,0x004C
hci_snoop_2025_11_26_14_52_44.cfa,272,2025-11-26T14:52:59.445Z,7a:e0:d4:6e:5b:02,no,SCAN_RSP,-48,14 FF 4C 00 01 00 00 00 00 00 00 00 00 00 00 00 00 80 00 00 00,,,4C 00 01 00 00 00 00 00 00 00 00 00 00 00 00 80 00 00 00,0x004C
hci_snoop_2025_11_26_14_52_44.cfa,273,2025-11-26T14:52:59.469Z,0f:a4:53:86:d3:cb,no,ADV_NONCONN_IND,-64,1E FF 06 00 01 09 20 22 01 88 98 31 82 97 AC 6F 67 69 EE 01 8C 89 8F 1C 54 EE F7 9E 3C 2D 48,,,06 00 01 09 20 22 01 88 98 31 82 97 AC 6F 67 69 EE 01 8C 89 8F 1C 54 EE F7 9E 3C 2D 48,0x0006
hci_snoop_2025_11_26_14_52_44.cfa,274,2025-11-26T14:52:59.477Z,f4:d0:00:00:02:1a,no,ADV_IND,-64,02 01 06 03 02 F0 FF 15 FF 1B 00 00 00 1A 02 00 00 D0 F4 D0 0B 55 01 38 04 A2 D7 0C 00,,FFF0,1B 00 00 00 1A 02 00 00 D0 F4 D0 0B 55 01 38 04 A2 D7 0C 00,0x001B
hci_snoop_2025_11_26_14_52_44.cfa,276,2025-11-26T14:52:59.490Z,62:53:00:00:0f:1f,no,ADV_IND,-79,02 01 06 03 02 F0 FF 15 FF 11 00 00 00 1F 0F 00 00 53 62 8B 0B 46 01 F5 04 DC 8F 0E 00,,FFF0,11 00 00 00 1F 0F 00 00 53 62 8B 0B 46 01 F5 04 DC 8F 0E 00,0x0011
hci_snoop_2025_11_26_14_52_44.cfa,280,2025-11-26T14:52:59.673Z,f4:db:00:00:02:37,no,ADV_IND,-82,02 01 06 03 02 F0 FF 15 FF 1B 00 00 00 37 02 00 00 DB F4 BB 0B 4D 01 51 04 6D 4F 0E 00,,FFF0,1B 00 00 00 37 02 00 00 DB F4 BB 0B 4D 01 51 04 6D 4F 0E 00,0x001B
hci_snoop_2025_11_26_14_52_44.cfa,284,2025-11-26T14:52:59.738Z,fc:4f:93:cc:d7:6e,no,ADV_IND,-55,02 01 06 03 02 0F FE 08 16 0F FE 02 10 30 0E 0A,,FE0F,,
hci_snoop_2025_11_26_14_52_44.cfa,285,2025-11-26T14:52:59.739Z,fc:4f:93:cc:d7:6e,no,SCAN_RSP,-56,02 0A 0A 12 09 48 75 65 20 61 6D 62 69 61 6E 63 65 20 6C 61 6D 70,Hue ambiance lamp,,,
hci_snoop_2025_11_26_14_52_44.cfa,288,2025-11-26T14:52:59.922Z,f4:db:00:00:00:d9,yes,ADV_IND,-43,02 01 06 03 02 F0 FF 17 FF 1B 00 10 80 D9 00 00 00 DB F4 A7 01 5F 0F 00 00 2A 01 7E 0C 04 00,,FFF0,1B 00 10 80 D9 00 00 00 DB F4 A7 01 5F 0F 00 00 2A 01 7E 0C 04 00,0x001B
hci_snoop_2025_11_26_14_52_44.cfa,289,2025-11-26T14:52:59.922Z,f4:db:00:00:00:d9,yes,SCAN_RSP,-44,0D 09 54 68 65 72 6D 6F 42 65 61 63 6F 6E 05 12 18 00 38 01 02 0A 00,ThermoBeacon,,,
hci_snoop_2025_11_26_14_52_44.cfa,298,2025-11-26T14:53:00.324Z,f4:d0:00:00:02:1a,no,ADV_IND,-62,02 01 06 03 02 F0 FF 17 FF 1B 00 00 00 1A 02 00 00 D0 F4 9D 01 18 1F 06 00 1B 01 20 3E 03 00,,FFF0,1B 00 00 00 1A 02 00 00 D0 F4 9D 01 18 1F 06 00 1B 01 20 3E 03 00,0x001B
hci_snoop_2025_11_26_14_52_44.cfa,302,2025-11-26T14:53:00.365Z,fd:3e:36:37:4a:07,no,ADV_NONCONN_IND,-47,07 FF 4C 00 12 02 00 02,,,4C 00 12 02 00 02,0x004C
hci_snoop_2025_11_26_14_52_44.cfa,303,2025-11-26T14:53:00.367Z,46:fd:15:fb:4c:08,no,ADV_NONCONN_IND,-47,02 01 1A 0D FF 4C 00 16 08 00 7C 03 8A 62 B4 3A 47,,,4C 00 16 08 00 7C 03 8A 62 B4 3A 47,0x004C
hci_snoop_2025_11_26_14_52_44.cfa,306,2025-11-26T14:53:00.520Z,f4:db:00:00:02:37,no,ADV_IND,-81,02 01 06 03 02 F0 FF 15 FF 1B 00 00 00 37 02 00 00 DB F4 BB 0B 4D 01 51 04 6E 4F 0E 00,,FFF0,1B 00 00 00 37 02 00 00 DB F4 BB 0B 4D 01 51 04 6E 4F 0E 00,0x001B
hci_snoop_2025_11_26_14_52_44.cfa,314,2025-11-26T14:53:00.769Z,f4:db:00:00:00:d9,yes,ADV_IND,-43,02 01 06 03 02 F0 FF 15 FF 1B 00 10 80 D9 00 00 00 DB F4 B5 0B 62 01 0D 04 60 7D 0E 00,,FFF0,1B 00 10 80 D9 00 00 00 DB F4 B5 0B 62 01 0D 04 60 7D 0E 00,0x001B
hci_snoop_2025_11_26_14_52_44.cfa,315,2025-11-26T14:53:00.771Z,f4:db:00:00:00:d9,yes,SCAN_RSP,-44,0D 09 54 68 65 72 6D 6F 42 65 61 63 6F 6E 05 12 18 00 38 01 02 0A 00,ThermoBeacon,,,
hci_snoop_2025_11_26_14_52_44.cfa,326,2025-11-26T14:53:01.170Z,f4:d0:00:00:02:1a,no,ADV_IND,-63,02 01 06 03 02 F0 FF 15 FF 1B 00 00 00 1A 02 00 00 D0 F4 D0 0B 55 01 38 04 A4 D7 0C 00,,FFF0,1B 00 00 00 1A 02 00 00 D0 F4 D0 0B 55 01 38 04 A4 D7 0C 00,0x001B
hci_snoop_2025_11_26_14_52_44.cfa,328,2025-11-26T14:53:01.183Z,62:53:00:00:0f:1f,no,ADV_IND,-82,02 01 06 03 02 F0 FF 15 FF 11 00 00 00 1F 0F 00 00 53 62 8B 0B 46 01 F5 04 DE 8F 0E 00,,FFF0,11 00 00 00 1F 0F 00 00 53 62 8B 0B 46 01 F5 04 DE 8F 0E 00,0x0011
hci_snoop_2025_11_26_14_52_44.cfa,331,2025-11-26T14:53:01.368Z,f4:db:00:00:02:37,no,ADV_IND,-80,02 01 06 03 02 F0 FF 17 FF 1B 00 00 00 37 02 00 00 DB F4 D0 01 DD 37 0D 00 0B 01 BF F5 07 00,,FFF0,1B 00 00 00 37 02 00 00 DB F4 D0 01 DD 37 0D 00 0B 01 BF F5 07 00,0x001B
hci_snoop_2025_11_26_14_52_44.cfa,346,2025-11-26T14:53:01.646Z,f4:db:00:00:00:d9,yes,ADV_IND,-44,02 01 06 03 02 F0 FF 15 FF 1B 00 10 80 D9 00 00 00 DB F4 B5 0B 62 01 0D 04 61 7D 0E 00,,FFF0,1B 00 10 80 D9 00 00 00 DB F4 B5 0B 62 01 0D 04 61 7D 0E 00,0x001B
hci_snoop_2025_11_26_14_52_44.cfa,358,2025-11-26T14:53:01.805Z,f4:db:00:00:02:42,no,ADV_IND,-97,02 01 06 03 02 F0 FF 15 FF 1B 00 00 00 42 02 00 00 DB F4 DE 0B 3C 01 F9 03 25 C3 1C 00,,FFF0,1B 00 00 00 42 02 00 00 DB F4 DE 0B 3C 01 F9 03 25 C3 1C 00,0x001B
hci_snoop_2025_11_26_14_52_44.cfa,374,2025-11-26T14:53:02.030Z,62:53:00:00:0f:1f,no,ADV_IND,-83,02 01 06 03 02 F0 FF 15 FF 11 00 00 00 1F 0F 00 00 53 62 8B 0B 46 01 F5 04 DF 8F 0E 00,,FFF0,11 00 00 00 1F 0F 00 00 53 62 8B 0B 46 01 F5 04 DF 8F 0E 00,0x0011
hci_snoop_2025_11_26_14_52_44.cfa,387,2025-11-26T14:53:02.214Z,f4:db:00:00:02:37,no,ADV_IND,-80,02 01 06 03 02 F0 FF 15 FF 1B 00 00 00 37 02 00 00 DB F4 BC 0B 4D 01 51 04 70 4F 0E 00,,FFF0,1B 00 00 00 37 02 00 00 DB F4 BC 0B 4D 01 51 04 70 4F 0E 00,0x001B
hci_snoop_2025_11_26_14_52_44.cfa,491,2025-11-26T14:53:05.006Z,f4:db:00:00:00:d9,yes,ADV_IND,-41,02 01 06 03 02 F0 FF 15 FF 1B 00 10 80 D9 00 00 00 DB F4 B2 0B 62 01 0C 04 64 7D 0E 00,,FFF0,1B 00 10 80 D9 00 00 00 DB F4 B2 0B 62 01 0C 04 64 7D 0E 00,0x001B
hci_snoop_2025_11_26_14_52_44.cfa,492,2025-11-26T14:53:05.007Z,f4:db:00:00:00:d9,yes,SCAN_RSP,-42,0D 09 54 68 65 72 6D 6F 42 65 61 63 6F 6E 05 12 18 00 38 01 02 0A 00,ThermoBeacon,,,
hci_snoop_2025_11_26_14_52_44.cfa,493,2025-11-26T14:53:05.409Z,f4:d0:00:00:02:1a,no,ADV_IND,-73,02 01 06 03 02 F0 FF 15 FF 1B 00 00 00 1A 02 00 00 D0 F4 D0 0B 55 01 38 04 A8 D7 0C 00,,FFF0,1B 00 00 00 1A 02 00 00 D0 F4 D0 0B 55 01 38 04 A8 D7 0C 00,0x001B
hci_snoop_2025_11_26_14_52_44.cfa,495,2025-11-26T14:53:05.420Z,62:53:00:00:0f:1f,no,ADV_IND,-78,02 01 06 03 02 F0 FF 15 FF 11 00 00 00 1F 0F 00 00 53 62 8C 0B 46 01 F5 04 E2 8F 0E 00,,FFF0,11 00 00 00 1F 0F 00 00 53 62 8C 0B 46 01 F5 04 E2 8F 0E 00,0x0011
hci_snoop_2025_11_26_14_52_44.cfa,497,2025-11-26T14:53:05.604Z,f4:db:00:00:02:37,no,ADV_IND,-72,02 01 06 03 02 F0 FF 15 FF 1B 00 00 00 37 02 00 00 DB F4 BC 0B 4D 01 51 04 73 4F 0E 00,,FFF0,1B 00 00 00 37 02 00 00 DB F4 BC 0B 4D 01 51 04 73 4F 0E 00,0x001B
hci_snoop_2025_11_26_14_52_44.cfa,499,2025-11-26T14:53:05.857Z,f4:db:00:00:00:d9,yes,ADV_IND,-46,02 01 06 03 02 F0 FF 17 FF 1B 00 10 80 D9 00 00 00 DB F4 A7 01 5F 0F 00 00 2A 01 7E 0C 04 00,,FFF0,1B 00 10 80 D9 00 00 00 DB F4 A7 01 5F 0F 00 00 2A 01 7E 0C 04 00,0x001B
hci_snoop_2025_11_26_14_52_44.cfa,500,2025-11-26T14:53:05.858Z,f4:db:00:00:00:d9,yes,SCAN_RSP,-46,0D 09 54 68 65 72 6D 6F 42 65 61 63 6F 6E 05 12 18 00 38 01 02 0A 00,ThermoBeacon,,,
hci_snoop_2025_11_26_14_52_44.cfa,505,2025-11-26T14:53:06.456Z,f4:db:00:00:02:37,no,ADV_IND,-72,02 01 06 03 02 F0 FF 15 FF 1B 00 00 00 37 02 00 00 DB F4 BC 0B 4D 01 51 04 74 4F 0E 00,,FFF0,1B 00 00 00 37 02 00 00 DB F4 BC 0B 4D 01 51 04 74 4F 0E 00,0x001B
hci_snoop_2025_11_26_14_52_44.cfa,507,2025-11-26T14:53:07.105Z,f4:d0:00:00:02:1a,no,ADV_IND,-70,02 01 06 03 02 F0 FF 15 FF 1B 00 00 00 1A 02 00 00 D0 F4 D0 0B 55 01 37 04 AA D7 0C 00,,FFF0,1B 00 00 00 1A 02 00 00 D0 F4 D0 0B 55 01 37 04 AA D7 0C 00,0x001B
hci_snoop_2025_11_26_14_52_44.cfa,509,2025-11-26T14:53:07.112Z,62:53:00:00:0f:1f,no,ADV_IND,-81,02 01 06 03 02 F0 FF 15 FF 11 00 00 00 1F 0F 00 00 53 62 8C 0B 46 01 F5 04 E4 8F 0E 00,,FFF0,11 00 00 00 1F 0F 00 00 53 62 8C 0B 46 01 F5 04 E4 8F 0E 00,0x0011
hci_snoop_2025_11_26_14_52_44.cfa,513,2025-11-26T14:53:07.554Z,f4:db:00:00:00:d9,yes,ADV_IND,-47,02 01 06 03 02 F0 FF 15 FF 1B 00 10 80 D9 00 00 00 DB F4 B5 0B 62 01 0B 04 67 7D 0E 00,,FFF0,1B 00 10 80 D9 00 00 00 DB F4 B5 0B 62 01 0B 04 67 7D 0E 00,0x001B
hci_snoop_2025_11_26_14_52_44.cfa,514,2025-11-26T14:53:07.555Z,f4:db:00:00:00:d9,yes,SCAN_RSP,-48,0D 09 54 68 65 72 6D 6F 42 65 61 63 6F 6E 05 12 18 00 38 01 02 0A 00,ThermoBeacon,,,
hci_snoop_2025_11_26_14_52_44.cfa,517,2025-11-26T14:53:07.959Z,62:53:00:00:0f:1f,no,ADV_IND,-78,02 01 06 03 02 F0 FF 15 FF 11 00 00 00 1F 0F 00 00 53 62 8C 0B 46 01 F5 04 E5 8F 0E 00,,FFF0,11 00 00 00 1F 0F 00 00 53 62 8C 0B 46 01 F5 04 E5 8F 0E 00,0x0011
hci_snoop_2025_11_26_14_52_44.cfa,519,2025-11-26T14:53:08.154Z,f4:db:00:00:02:37,no,ADV_IND,-74,02 01 06 03 02 F0 FF 15 FF 1B 00 00 00 37 02 00 00 DB F4 BB 0B 4D 01 51 04 76 4F 0E 00,,FFF0,1B 00 00 00 37 02 00 00 DB F4 BB 0B 4D 01 51 04 76 4F 0E 00,0x001B
hci_snoop_2025_11_26_14_52_44.cfa,521,2025-11-26T14:53:08.404Z,f4:db:00:00:00:d9,yes,ADV_IND,-46,02 01 06 03 02 F0 FF 17 FF 1B 00 10 80 D9 00 00 00 DB F4 A7 01 5F 0F 00 00 2A 01 7E 0C 04 00,,FFF0,1B 00 10 80 D9 00 00 00 DB F4 A7 01 5F 0F 00 00 2A 01 7E 0C 04 00,0x001B
hci_snoop_2025_11_26_14_52_44.cfa,522,2025-11-26T14:53:08.405Z,f4:db:00:00:00:d9,yes,SCAN_RSP,-46,0D 09 54 68 65 72 6D 6F 42 65 61 63 6F 6E 05 12 18 00 38 01 02 0A 00,ThermoBeacon,,,
hci_snoop_2025_11_26_14_52_44.cfa,553,2025-11-26T14:53:26.582Z,f4:d0:00:00:02:1a,no,ADV_IND,-71,02 01 06 03 02 F0 FF 15 FF 1B 00 00 00 1A 02 00 00 D0 F4 CF 0B 55 01 37 04 BD D7 0C 00,,FFF0,1B 00 00 00 1A 02 00 00 D0 F4 CF 0B 55 01 37 04 BD D7 0C 00,0x001B
hci_snoop_2025_11_26_14_52_44.cfa,557,2025-11-26T14:53:26.777Z,f4:db:00:00:02:37,no,ADV_IND,-80,02 01 06 03 02 F0 FF 15 FF 1B 00 00 00 37 02 00 00 DB F4 BC 0B 4D 01 51 04 88 4F 0E 00,,FFF0,1B 00 00 00 37 02 00 00 DB F4 BC 0B 4D 01 51 04 88 4F 0E 00,0x001B
hci_snoop_2025_11_26_14_52_44.cfa,559,2025-11-26T14:53:27.038Z,f4:db:00:00:00:d9,yes,ADV_IND,-48,02 01 06 03 02 F0 FF 17 FF 1B 00 10 00 D9 00 00 00 DB F4 A7 01 5F 0F 00 00 2A 01 7E 0C 04 00,,FFF0,1B 00 10 00 D9 00 00 00 DB F4 A7 01 5F 0F 00 00 2A 01 7E 0C 04 00,0x001B
hci_snoop_2025_11_26_14_52_44.cfa,560,2025-11-26T14:53:27.039Z,f4:db:00:00:00:d9,yes,SCAN_RSP,-48,0D 09 54 68 65 72 6D 6F 42 65 61 63 6F 6E 05 12 18 00 38 01 02 0A 00,ThermoBeacon,,,
hci_snoop_2025_11_26_14_52_44.cfa,565,2025-11-26T14:53:27.890Z,f4:db:00:00:00:d9,yes,ADV_IND,-44,02 01 06 03 02 F0 FF 15 FF 1B 00 10 00 D9 00 00 00 DB F4 B4 0B 63 01 04 04 7B 7D 0E 00,,FFF0,1B 00 10 00 D9 00 00 00 DB F4 B4 0B 63 01 04 04 7B 7D 0E 00,0x001B
hci_snoop_2025_11_26_14_52_44.cfa,566,2025-11-26T14:53:27.891Z,f4:db:00:00:00:d9,yes,SCAN_RSP,-47,0D 09 54 68 65 72 6D 6F 42 65 61 63 6F 6E 05 12 18 00 38 01 02 0A 00,ThermoBeacon,,,
hci_snoop_2025_11_26_14_52_44.cfa,567,2025-11-26T14:53:28.281Z,f4:d0:00:00:02:1a,no,ADV_IND,-62,02 01 06 03 02 F0 FF 15 FF 1B 00 00 00 1A 02 00 00 D0 F4 D0 0B 55 01 37 04 BF D7 0C 00,,FFF0,1B 00 00 00 1A 02 00 00 D0 F4 D0 0B 55 01 37 04 BF D7 0C 00,0x001B
hci_snoop_2025_11_26_14_52_44.cfa,569,2025-11-26T14:53:28.288Z,62:53:00:00:0f:1f,no,ADV_IND,-76,02 01 06 03 02 F0 FF 15 FF 11 00 00 00 1F 0F 00 00 53 62 8C 0B 46 01 F6 04 F9 8F 0E 00,,FFF0,11 00 00 00 1F 0F 00 00 53 62 8C 0B 46 01 F6 04 F9 8F 0E 00,0x0011
hci_snoop_2025_11_26_14_52_44.cfa,573,2025-11-26T14:53:28.734Z,f4:db:00:00:00:d9,yes,ADV_IND,-36,02 01 06 03 02 F0 FF 15 FF 1B 00 10 00 D9 00 00 00 DB F4 B4 0B 63 01 04 04 7C 7D 0E 00,,FFF0,1B 00 10 00 D9 00 00 00 DB F4 B4 0B 63 01 04 04 7C 7D 0E 00,0x001B
hci_snoop_2025_11_26_14_52_44.cfa,574,2025-11-26T14:53:28.735Z,f4:db:00:00:00:d9,yes,SCAN_RSP,-37,0D 09 54 68 65 72 6D 6F 42 65 61 63 6F 6E 05 12 18 00 38 01 02 0A 00,ThermoBeacon,,,
hci_snoop_2025_11_26_14_52_44.cfa,575,2025-11-26T14:53:29.130Z,f4:d0:00:00:02:1a,no,ADV_IND,-62,02 01 06 03 02 F0 FF 15 FF 1B 00 00 00 1A 02 00 00 D0 F4 D0 0B 55 01 37 04 C0 D7 0C 00,,FFF0,1B 00 00 00 1A 02 00 00 D0 F4 D0 0B 55 01 37 04 C0 D7 0C 00,0x001B
hci_snoop_2025_11_26_14_52_44.cfa,577,2025-11-26T14:53:29.136Z,62:53:00:00:0f:1f,no,ADV_IND,-78,02 01 06 03 02 F0 FF 15 FF 11 00 00 00 1F 0F 00 00 53 62 8C 0B 46 01 F6 04 FA 8F 0E 00,,FFF0,11 00 00 00 1F 0F 00 00 53 62 8C 0B 46 01 F6 04 FA 8F 0E 00,0x0011
hci_snoop_2025_11_26_14_52_44.cfa,579,2025-11-26T14:53:29.319Z,f4:db:00:00:02:37,no,ADV_IND,-75,02 01 06 03 02 F0 FF 15 FF 1B 00 00 00 37 02 00 00 DB F4 BC 0B 4D 01 51 04 8B 4F 0E 00,,FFF0,1B 00 00 00 37 02 00 00 DB F4 BC 0B 4D 01 51 04 8B 4F 0E 00,0x001B
hci_snoop_2025_11_26_14_52_44.cfa,581,2025-11-26T14:53:29.581Z,f4:db:00:00:00:d9,yes,ADV_IND,-37,02 01 06 03 02 F0 FF 17 FF 1B 00 10 00 D9 00 00 00 DB F4 A7 01 5F 0F 00 00 2A 01 7E 0C 04 00,,FFF0,1B 00 10 00 D9 00 00 00 DB F4 A7 01 5F 0F 00 00 2A 01 7E 0C 04 00,0x001B
hci_snoop_2025_11_26_14_52_44.cfa,582,2025-11-26T14:53:29.582Z,f4:db:00:00:00:d9,yes,SCAN_RSP,-38,0D 09 54 68 65 72 6D 6F 42 65 61 63 6F 6E 05 12 18 00 38 01 02 0A 00,ThermoBeacon,,,
hci_snoop_2025_11_26_14_52_44.cfa,1099,2025-11-26T14:53:55.387Z,f4:d0:00:00:02:1a,no,ADV_IND,-57,02 01 06 03 02 F0 FF 15 FF 1B 00 00 00 1A 02 00 00 D0 F4 D0 0B 55 01 38 04 DA D7 0C 00,,FFF0,1B 00 00 00 1A 02 00 00 D0 F4 D0 0B 55 01 38 04 DA D7 0C 00,0x001B
hci_snoop_2025_11_26_14_52_44.cfa,1101,2025-11-26T14:53:55.394Z,62:53:00:00:0f:1f,no,ADV_IND,-76,02 01 06 03 02 F0 FF 15 FF 11 00 00 00 1F 0F 00 00 53 62 8D 0B 46 01 F6 04 14 90 0E 00,,FFF0,11 00 00 00 1F 0F 00 00 53 62 8D 0B 46 01 F6 04 14 90 0E 00,0x0011
hci_snoop_2025_11_26_14_52_44.cfa,1112,2025-11-26T14:53:55.589Z,f4:db:00:00:00:d9,yes,ADV_IND,-49,02 01 06 03 02 F0 FF 15 FF 1B 00 10 00 D9 00 00 00 DB F4 B4 0B 64 01 02 04 97 7D 0E 00,,FFF0,1B 00 10 00 D9 00 00 00 DB F4 B4 0B 64 01 02 04 97 7D 0E 00,0x001B
hci_snoop_2025_11_26_14_52_44.cfa,1113,2025-11-26T14:53:55.589Z,f4:db:00:00:00:d9,yes,SCAN_RSP,-49,0D 09 54 68 65 72 6D 6F 42 65 61 63 6F 6E 05 12 18 00 38 01 02 0A 00,ThermoBeacon,,,
hci_snoop_2025_11_26_15_00_04.cfa,205,2025-11-26T15:00:09.258Z,f4:db:00:00:00:d9,yes,ADV_IND,-33,02 01 06 03 02 F0 FF 15 FF 1B 00 10 00 D9 00 00 00 DB F4 B6 0B 6D 01 F4 03 08 7F 0E 00,,FFF0,1B 00 10 00 D9 00 00 00 DB F4 B6 0B 6D 01 F4 03 08 7F 0E 00,0x001B
hci_snoop_2025_11_26_15_00_04.cfa,206,2025-11-26T15:00:09.258Z,f4:db:00:00:00:d9,yes,SCAN_RSP,-34,0D 09 54 68 65 72 6D 6F 42 65 61 63 6F 6E 05 12 18 00 38 01 02 0A 00,ThermoBeacon,,,
hci_snoop_2025_11_26_15_00_04.cfa,207,2025-11-26T15:00:09.857Z,62:53:00:00:0f:1f,no,ADV_IND,-78,02 01 06 03 02 F0 FF 15 FF 11 00 00 00 1F 0F 00 00 53 62 8D 0B 46 01 F7 04 86 91 0E 00,,FFF0,11 00 00 00 1F 0F 00 00 53 62 8D 0B 46 01 F7 04 86 91 0E 00,0x0011
hci_snoop_2025_11_26_15_00_04.cfa,208,2025-11-26T15:00:09.857Z,62:53:00:00:0f:1f,no,SCAN_RSP,-78,0D 09 54 68 65 72 6D 6F 42 65 61 63 6F 6E 05 12 18 00 38 01 02 0A 00,ThermoBeacon,,,
hci_snoop_2025_11_26_15_00_04.cfa,209,2025-11-26T15:00:09.870Z,f4:d0:00:00:02:1a,no,ADV_IND,-66,02 01 06 03 02 F0 FF 15 FF 1B 00 00 00 1A 02 00 00 D0 F4 D1 0B 54 01 3A 04 4B D9 0C 00,,FFF0,1B 00 00 00 1A 02 00 00 D0 F4 D1 0B 54 01 3A 04 4B D9 0C 00,0x001B
hci_snoop_2025_11_26_15_00_04.cfa,210,2025-11-26T15:00:09.870Z,f4:d0:00:00:02:1a,no,SCAN_RSP,-66,0D 09 54 68 65 72 6D 6F 42 65 61 63 6F 6E 05 12 18 00 38 01 02 0A 00,ThermoBeacon,,,
hci_snoop_2025_11_26_15_00_04.cfa,211,2025-11-26T15:00:10.024Z,f4:db:00:00:02:37,no,ADV_IND,-80,02 01 06 03 02 F0 FF 15 FF 1B 00 00 00 37 02 00 00 DB F4 BB 0B 4D 01 52 04 17 51 0E 00,,FFF0,1B 00 00 00 37 02 00 00 DB F4 BB 0B 4D 01 52 04 17 51 0E 00,0x001B
hci_snoop_2025_11_26_15_00_04.cfa,212,2025-11-26T15:00:10.024Z,f4:db:00:00:02:37,no,SCAN_RSP,-81,0D 09 54 68 65 72 6D 6F 42 65 61 63 6F 6E 05 12 18 00 38 01 02 0A 00,ThermoBeacon,,,
hci_snoop_2025_11_26_15_00_04.cfa,213,2025-11-26T15:00:10.104Z,f4:db:00:00:00:d9,yes,ADV_IND,-34,02 01 06 03 02 F0 FF 15 FF 1B 00 10 00 D9 00 00 00 DB F4 B5 0B 6D 01 F4 03 08 7F 0E 00,,FFF0,1B 00 10 00 D9 00 00 00 DB F4 B5 0B 6D 01 F4 03 08 7F 0E 00,0x001B
hci_snoop_2025_11_26_15_00_04.cfa,214,2025-11-26T15:00:10.104Z,f4:db:00:00:00:d9,yes,SCAN_RSP,-34,0D 09 54 68 65 72 6D 6F 42 65 61 63 6F 6E 05 12 18 00 38 01 02 0A 00,ThermoBeacon,,,
hci_snoop_2025_11_26_15_00_04.cfa,227,2025-11-26T15:00:10.705Z,62:53:00:00:0f:1f,no,ADV_IND,-78,02 01 06 03 02 F0 FF 17 FF 11 00 00 00 1F 0F 00 00 53 62 56 01 1B 00 08 00 2C 01 15 35 04 00,,FFF0,11 00 00 00 1F 0F 00 00 53 62 56 01 1B 00 08 00 2C 01 15 35 04 00,0x0011
hci_snoop_2025_11_26_15_00_04.cfa,229,2025-11-26T15:00:10.718Z,f4:d0:00:00:02:1a,no,ADV_IND,-67,02 01 06 03 02 F0 FF 15 FF 1B 00 00 00 1A 02 00 00 D0 F4 D0 0B 54 01 3A 04 4C D9 0C 00,,FFF0,1B 00 00 00 1A 02 00 00 D0 F4 D0 0B 54 01 3A 04 4C D9 0C 00,0x001B
hci_snoop_2025_11_26_15_00_04.cfa,231,2025-11-26T15:00:10.953Z,f4:db:00:00:00:d9,yes,ADV_IND,-34,02 01 06 03 02 F0 FF 17 FF 1B 00 10 00 D9 00 00 00 DB F4 A7 01 5F 0F 00 00 2A 01 7E 0C 04 00,,FFF0,1B 00 10 00 D9 00 00 00 DB F4 A7 01 5F 0F 00 00 2A 01 7E 0C 04 00,0x001B
hci_snoop_2025_11_26_15_00_04.cfa,232,2025-11-26T15:00:10.954Z,f4:db:00:00:00:d9,yes,SCAN_RSP,-34,0D 09 54 68 65 72 6D 6F 42 65 61 63 6F 6E 05 12 18 00 38 01 02 0A 00,ThermoBeacon,,,
hci_snoop_2025_11_26_15_00_04.cfa,235,2025-11-26T15:00:11.565Z,f4:d0:00:00:02:1a,no,ADV_IND,-64,02 01 06 03 02 F0 FF 17 FF 1B 00 00 00 1A 02 00 00 D0 F4 9D 01 18 1F 06 00 1B 01 20 3E 03 00,,FFF0,1B 00 00 00 1A 02 00 00 D0 F4 9D 01 18 1F 06 00 1B 01 20 3E 03 00,0x001B
hci_snoop_2025_11_26_15_00_04.cfa,237,2025-11-26T15:00:11.803Z,f4:db:00:00:00:d9,yes,ADV_IND,-38,02 01 06 03 02 F0 FF 15 FF 1B 00 10 00 D9 00 00 00 DB F4 B5 0B 6D 01 F4 03 0A 7F 0E 00,,FFF0,1B 00 10 00 D9 00 00 00 DB F4 B5 0B 6D 01 F4 03 0A 7F 0E 00,0x001B
hci_snoop_2025_11_26_15_00_04.cfa,238,2025-11-26T15:00:11.804Z,f4:db:00:00:00:d9,yes,SCAN_RSP,-38,0D 09 54 68 65 72 6D 6F 42 65 61 63 6F 6E 05 12 18 00 38 01 02 0A 00,ThermoBeacon,,,
hci_snoop_2025_11_26_15_00_04.cfa,239,2025-11-26T15:00:12.406Z,62:53:00:00:0f:1f,no,ADV_IND,-79,02 01 06 03 02 F0 FF 15 FF 11 00 00 00 1F 0F 00 00 53 62 8C 0B 46 01 F7 04 88 91 0E 00,,FFF0,11 00 00 00 1F 0F 00 00 53 62 8C 0B 46 01 F7 04 88 91 0E 00,0x0011
hci_snoop_2025_11_26_15_00_04.cfa,241,2025-11-26T15:00:12.412Z,f4:d0:00:00:02:1a,no,ADV_IND,-73,02 01 06 03 02 F0 FF 15 FF 1B 00 00 00 1A 02 00 00 D0 F4 D0 0B 54 01 3A 04 4E D9 0C 00,,FFF0,1B 00 00 00 1A 02 00 00 D0 F4 D0 0B 54 01 3A 04 4E D9 0C 00,0x001B
hci_snoop_2025_11_26_15_00_04.cfa,243,2025-11-26T15:00:12.654Z,f4:db:00:00:00:d9,yes,ADV_IND,-29,02 01 06 03 02 F0 FF 15 FF 1B 00 10 00 D9 00 00 00 DB F4 B4 0B 6D 01 F4 03 0B 7F 0E 00,,FFF0,1B 00 10 00 D9 00 00 00 DB F4 B4 0B 6D 01 F4 03 0B 7F 0E 00,0x001B
hci_snoop_2025_11_26_15_00_04.cfa,244,2025-11-26T15:00:12.655Z,f4:db:00:00:00:d9,yes,SCAN_RSP,-29,0D 09 54 68 65 72 6D 6F 42 65 61 63 6F 6E 05 12 18 00 38 01 02 0A 00,ThermoBeacon,,,
hci_snoop_2025_11_26_15_00_04.cfa,245,2025-11-26T15:00:13.265Z,f4:d0:00:00:02:1a,no,ADV_IND,-80,02 01 06 03 02 F0 FF 15 FF 1B 00 00 00 1A 02 00 00 D0 F4 D1 0B 54 01 3A 04 4F D9 0C 00,,FFF0,1B 00 00 00 1A 02 00 00 D0 F4 D1 0B 54 01 3A 04 4F D9 0C 00,0x001B
hci_snoop_2025_11_26_15_00_04.cfa,247,2025-11-26T15:00:13.419Z,f4:db:00:00:02:37,no,ADV_IND,-80,02 01 06 03 02 F0 FF 15 FF 1B 00 00 00 37 02 00 00 DB F4 BC 0B 4D 01 52 04 1A 51 0E 00,,FFF0,1B 00 00 00 37 02 00 00 DB F4 BC 0B 4D 01 52 04 1A 51 0E 00,0x001B
hci_snoop_2025_11_26_15_00_04.cfa,249,2025-11-26T15:00:13.495Z,f4:db:00:00:00:d9,yes,ADV_IND,-35,02 01 06 03 02 F0 FF 17 FF 1B 00 10 00 D9 00 00 00 DB F4 A7 01 5F 0F 00 00 2A 01 7E 0C 04 00,,FFF0,1B 00 10 00 D9 00 00 00 DB F4 A7 01 5F 0F 00 00 2A 01 7E 0C 04 00,0x001B
hci_snoop_2025_11_26_15_00_04.cfa,250,2025-11-26T15:00:13.496Z,f4:db:00:00:00:d9,yes,SCAN_RSP,-36,0D 09 54 68 65 72 6D 6F 42 65 61 63 6F 6E 05 12 18 00 38 01 02 0A 00,ThermoBeacon,,,
hci_snoop_2025_11_26_15_00_04.cfa,255,2025-11-26T15:00:14.346Z,f4:db:00:00:00:d9,yes,ADV_IND,-30,02 01 06 03 02 F0 FF 15 FF 1B 00 10 00 D9 00 00 00 DB F4 B4 0B 6D 01 F4 03 0D 7F 0E 00,,FFF0,1B 00 10 00 D9 00 00 00 DB F4 B4 0B 6D 01 F4 03 0D 7F 0E 00,0x001B
hci_snoop_2025_11_26_15_00_04.cfa,256,2025-11-26T15:00:14.347Z,f4:db:00:00:00:d9,yes,SCAN_RSP,-31,0D 09 54 68 65 72 6D 6F 42 65 61 63 6F 6E 05 12 18 00 38 01 02 0A 00,ThermoBeacon,,,
hci_snoop_2025_11_26_15_00_04.cfa,257,2025-11-26T15:00:14.945Z,62:53:00:00:0f:1f,no,ADV_IND,-72,02 01 06 03 02 F0 FF 15 FF 11 00 00 00 1F 0F 00 00 53 62 8C 0B 46 01 F7 04 8B 91 0E 00,,FFF0,11 00 00 00 1F 0F 00 00 53 62 8C 0B 46 01 F7 04 8B 91 0E 00,0x0011
hci_snoop_2025_11_26_15_00_04.cfa,291,2025-11-26T15:00:16.880Z,f4:db:00:00:00:d9,yes,ADV_IND,-44,02 01 06 03 02 F0 FF 17 FF 1B 00 10 00 D9 00 00 00 DB F4 A7 01 5F 0F 00 00 2A 01 7E 0C 04 00,,FFF0,1B 00 10 00 D9 00 00 00 DB F4 A7 01 5F 0F 00 00 2A 01 7E 0C 04 00,0x001B
hci_snoop_2025_11_26_15_00_04.cfa,292,2025-11-26T15:00:16.881Z,f4:db:00:00:00:d9,yes,SCAN_RSP,-47,0D 09 54 68 65 72 6D 6F 42 65 61 63 6F 6E 05 12 18 00 38 01 02 0A 00,ThermoBeacon,,,
hci_snoop_2025_11_26_15_00_04.cfa,321,2025-11-26T15:00:19.669Z,35:60:bd:d6:83:ad,no,ADV_NONCONN_IND,-65,1E FF 06 00 01 09 20 22 1C B1 D7 AD E7 87 C0 B3 10 42 FB A5 F0 48 41 04 C7 01 46 95 51 BF 6E,,,06 00 01 09 20 22 1C B1 D7 AD E7 87 C0 B3 10 42 FB A5 F0 48 41 04 C7 01 46 95 51 BF 6E,0x0006
hci_snoop_2025_11_26_15_00_04.cfa,323,2025-11-26T15:00:19.810Z,78:b9:cc:aa:ee:07,no,ADV_IND,-45,02 01 1A 02 0A 0C 0C FF 4C 00 10 07 35 1F FC 05 9B A7 78,,,4C 00 10 07 35 1F FC 05 9B A7 78,0x004C
hci_snoop_2025_11_26_15_00_04.cfa,324,2025-11-26T15:00:19.811Z,78:b9:cc:aa:ee:07,no,SCAN_RSP,-45,14 FF 4C 00 01 00 00 00 00 00 00 00 00 00 00 00 00 80 00 00 00,,,4C 00 01 00 00 00 00 00 00 00 00 00 00 00 00 80 00 00 00,0x004C
hci_snoop_2025_11_26_15_00_04.cfa,326,2025-11-26T15:00:19.952Z,ec:7d:f2:cf:6b:b5,no,ADV_NONCONN_IND,-97,07 FF 4C 00 12 02 00 01,,,4C 00 12 02 00 01,0x004C
hci_snoop_2025_11_26_15_00_04.cfa,330,2025-11-26T15:00:20.034Z,f4:d0:00:00:02:1a,no,ADV_IND,-66,02 01 06 03 02 F0 FF 15 FF 1B 00 00 00 1A 02 00 00 D0 F4 D1 0B 54 01 3A 04 55 D9 0C 00,,FFF0,1B 00 00 00 1A 02 00 00 D0 F4 D1 0B 54 01 3A 04 55 D9 0C 00,0x001B
hci_snoop_2025_11_26_15_00_04.cfa,332,2025-11-26T15:00:20.190Z,f4:db:00:00:02:37,no,ADV_IND,-84,02 01 06 03 02 F0 FF 15 FF 1B 00 00 00 37 02 00 00 DB F4 BC 0B 4D 01 52 04 21 51 0E 00,,FFF0,1B 00 00 00 37 02 00 00 DB F4 BC 0B 4D 01 52 04 21 51 0E 00,0x001B
hci_snoop_2025_11_26_15_00_04.cfa,335,2025-11-26T15:00:20.268Z,f4:db:00:00:00:d9,yes,ADV_IND,-34,02 01 06 03 02 F0 FF 15 FF 1B 00 10 80 D9 00 00 00 DB F4 B4 0B 6D 01 F3 03 13 7F 0E 00,,FFF0,1B 00 10 80 D9 00 00 00 DB F4 B4 0B 6D 01 F3 03 13 7F 0E 00,0x001B
hci_snoop_2025_11_26_15_00_04.cfa,336,2025-11-26T15:00:20.269Z,f4:db:00:00:00:d9,yes,SCAN_RSP,-34,0D 09 54 68 65 72 6D 6F 42 65 61 63 6F 6E 05 12 18 00 38 01 02 0A 00,ThermoBeacon,,,
hci_snoop_2025_11_26_15_00_04.cfa,343,2025-11-26T15:00:20.490Z,fc:4f:93:cc:d7:6e,no,ADV_IND,-67,02 01 06 03 02 0F FE 08 16 0F FE 02 10 30 0E 0A,,FE0F,,
hci_snoop_2025_11_26_15_00_04.cfa,344,2025-11-26T15:00:20.491Z,fc:4f:93:cc:d7:6e,no,SCAN_RSP,-67,02 0A 0A 12 09 48 75 65 20 61 6D 62 69 61 6E 63 65 20 6C 61 6D 70,Hue ambiance lamp,,,
hci_snoop_2025_11_26_15_00_04.cfa,351,2025-11-26T15:00:20.866Z,62:53:00:00:0f:1f,no,ADV_IND,-79,02 01 06 03 02 F0 FF 15 FF 11 00 00 00 1F 0F 00 00 53 62 8C 0B 46 01 F7 04 91 91 0E 00,,FFF0,11 00 00 00 1F 0F 00 00 53 62 8C 0B 46 01 F7 04 91 91 0E 00,0x0011
hci_snoop_2025_11_26_15_00_04.cfa,359,2025-11-26T15:00:21.037Z,f4:db:00:00:02:37,no,ADV_IND,-86,02 01 06 03 02 F0 FF 17 FF 1B 00 00 00 37 02 00 00 DB F4 D0 01 DD 37 0D 00 0B 01 BF F5 07 00,,FFF0,1B 00 00 00 37 02 00 00 DB F4 D0 01 DD 37 0D 00 0B 01 BF F5 07 00,0x001B
hci_snoop_2025_11_26_15_00_04.cfa,369,2025-11-26T15:00:21.131Z,f4:db:00:00:00:d9,yes,ADV_IND,-32,02 01 06 03 02 F0 FF 15 FF 1B 00 10 80 D9 00 00 00 DB F4 B4 0B 6D 01 F3 03 13 7F 0E 00,,FFF0,1B 00 10 80 D9 00 00 00 DB F4 B4 0B 6D 01 F3 03 13 7F 0E 00,0x001B
hci_snoop_2025_11_26_15_00_04.cfa,387,2025-11-26T15:00:21.398Z,47:a1:78:9e:a7:07,no,ADV_NONCONN_IND,-45,02 01 1A 0D FF 4C 00 16 08 00 A0 E6 A9 E4 F9 A5 2D,,,4C 00 16 08 00 A0 E6 A9 E4 F9 A5 2D,0x004C
hci_snoop_2025_11_26_15_00_04.cfa,389,2025-11-26T15:00:21.417Z,de:9d:0d:80:99:1f,no,ADV_NONCONN_IND,-45,07 FF 4C 00 12 02 00 01,,,4C 00 12 02 00 01,0x004C
hci_snoop_2025_11_26_15_00_04.cfa,404,2025-11-26T15:00:21.713Z,62:53:00:00:0f:1f,no,ADV_IND,-77,02 01 06 03 02 F0 FF 15 FF 11 00 00 00 1F 0F 00 00 53 62 8C 0B 46 01 F7 04 92 91 0E 00,,FFF0,11 00 00 00 1F 0F 00 00 53 62 8C 0B 46 01 F7 04 92 91 0E 00,0x0011
hci_snoop_2025_11_26_15_00_04.cfa,411,2025-11-26T15:00:21.728Z,f4:d0:00:00:02:1a,no,ADV_IND,-65,02 01 06 03 02 F0 FF 15 FF 1B 00 00 00 1A 02 00 00 D0 F4 D2 0B 54 01 3A 04 57 D9 0C 00,,FFF0,1B 00 00 00 1A 02 00 00 D0 F4 D2 0B 54 01 3A 04 57 D9 0C 00,0x001B
hci_snoop_2025_11_26_15_00_04.cfa,506,2025-11-26T15:00:23.580Z,f4:db:00:00:02:37,no,ADV_IND,-79,02 01 06 03 02 F0 FF 15 FF 1B 00 00 00 37 02 00 00 DB F4 BB 0B 4D 01 51 04 24 51 0E 00,,FFF0,1B 00 00 00 37 02 00 00 DB F4 BB 0B 4D 01 51 04 24 51 0E 00,0x001B
hci_snoop_2025_11_26_15_00_04.cfa,508,2025-11-26T15:00:23.657Z,f4:db:00:00:00:d9,yes,ADV_IND,-46,02 01 06 03 02 F0 FF 15 FF 1B 00 10 80 D9 00 00 00 DB F4 B4 0B 6D 01 F2 03 16 7F 0E 00,,FFF0,1B 00 10 80 D9 00 00 00 DB F4 B4 0B 6D 01 F2 03 16 7F 0E 00,0x001B
hci_snoop_2025_11_26_15_00_04.cfa,509,2025-11-26T15:00:23.657Z,f4:db:00:00:00:d9,yes,SCAN_RSP,-46,0D 09 54 68 65 72 6D 6F 42 65 61 63 6F 6E 05 12 18 00 38 01 02 0A 00,ThermoBeacon,,,
hci_snoop_2025_11_26_15_00_04.cfa,510,2025-11-26T15:00:24.261Z,62:53:00:00:0f:1f,no,ADV_IND,-80,02 01 06 03 02 F0 FF 15 FF 11 00 00 00 1F 0F 00 00 53 62 8B 0B 46 01 F7 04 94 91 0E 00,,FFF0,11 00 00 00 1F 0F 00 00 53 62 8B 0B 46 01 F7 04 94 91 0E 00,0x0011
hci_snoop_2025_11_26_15_00_04.cfa,512,2025-11-26T15:00:24.269Z,f4:d0:00:00:02:1a,no,ADV_IND,-69,02 01 06 03 02 F0 FF 15 FF 1B 00 00 00 1A 02 00 00 D0 F4 D0 0B 54 01 3A 04 5A D9 0C 00,,FFF0,1B 00 00 00 1A 02 00 00 D0 F4 D0 0B 54 01 3A 04 5A D9 0C 00,0x001B
hci_snoop_2025_11_26_15_00_04.cfa,516,2025-11-26T15:00:24.506Z,f4:db:00:00:00:d9,yes,ADV_IND,-42,02 01 06 03 02 F0 FF 15 FF 1B 00 10 80 D9 00 00 00 DB F4 B4 0B 6D 01 F2 03 17 7F 0E 00,,FFF0,1B 00 10 80 D9 00 00 00 DB F4 B4 0B 6D 01 F2 03 17 7F 0E 00,0x001B
hci_snoop_2025_11_26_15_00_04.cfa,517,2025-11-26T15:00:24.507Z,f4:db:00:00:00:d9,yes,SCAN_RSP,-42,0D 09 54 68 65 72 6D 6F 42 65 61 63 6F 6E 05 12 18 00 38 01 02 0A 00,ThermoBeacon,,,
hci_snoop_2025_11_26_15_00_04.cfa,550,2025-11-26T15:00:36.373Z,f4:db:00:00:00:d9,yes,ADV_IND,-44,02 01 06 03 02 F0 FF 15 FF 1B 00 10 00 D9 00 00 00 DB F4 B3 0B 6D 01 ED 03 23 7F 0E 00,,FFF0,1B 00 10 00 D9 00 00 00 DB F4 B3 0B 6D 01 ED 03 23 7F 0E 00,0x001B
hci_snoop_2025_11_26_15_00_04.cfa,551,2025-11-26T15:00:36.374Z,f4:db:00:00:00:d9,yes,SCAN_RSP,-44,0D 09 54 68 65 72 6D 6F 42 65 61 63 6F 6E 05 12 18 00 38 01 02 0A 00,ThermoBeacon,,,
hci_snoop_2025_11_26_15_00_04.cfa,552,2025-11-26T15:00:36.962Z,62:53:00:00:0f:1f,no,ADV_IND,-72,02 01 06 03 02 F0 FF 15 FF 11 00 00 00 1F 0F 00 00 53 62 8C 0B 46 01 F7 04 A1 91 0E 00,,FFF0,11 00 00 00 1F 0F 00 00 53 62 8C 0B 46 01 F7 04 A1 91 0E 00,0x0011
hci_snoop_2025_11_26_15_00_04.cfa,554,2025-11-26T15:00:36.974Z,f4:d0:00:00:02:1a,no,ADV_IND,-65,02 01 06 03 02 F0 FF 15 FF 1B 00 00 00 1A 02 00 00 D0 F4 D1 0B 54 01 3A 04 66 D9 0C 00,,FFF0,1B 00 00 00 1A 02 00 00 D0 F4 D1 0B 54 01 3A 04 66 D9 0C 00,0x001B
hci_snoop_2025_11_26_15_14_35.cfa,233,2025-11-26T15:14:41.421Z,62:53:00:00:0f:1f,no,ADV_IND,-76,02 01 06 03 02 F0 FF 17 FF 11 00 00 00 1F 0F 00 00 53 62 56 01 1B 00 08 00 2C 01 15 35 04 00,,FFF0,11 00 00 00 1F 0F 00 00 53 62 56 01 1B 00 08 00 2C 01 15 35 04 00,0x0011
hci_snoop_2025_11_26_15_14_35.cfa,234,2025-11-26T15:14:41.421Z,62:53:00:00:0f:1f,no,SCAN_RSP,-76,0D 09 54 68 65 72 6D 6F 42 65 61 63 6F 6E 05 12 18 00 38 01 02 0A 00,ThermoBeacon,,,
hci_snoop_2025_11_26_15_14_35.cfa,235,2025-11-26T15:14:41.549Z,f4:d0:00:00:02:1a,no,ADV_IND,-58,02 01 06 03 02 F0 FF 17 FF 1B 00 00 00 1A 02 00 00 D0 F4 9D 01 18 1F 06 00 1B 01 20 3E 03 00,,FFF0,1B 00 00 00 1A 02 00 00 D0 F4 9D 01 18 1F 06 00 1B 01 20 3E 03 00,0x001B
hci_snoop_2025_11_26_15_14_35.cfa,236,2025-11-26T15:14:41.549Z,f4:d0:00:00:02:1a,no,SCAN_RSP,-58,0D 09 54 68 65 72 6D 6F 42 65 61 63 6F 6E 05 12 18 00 38 01 02 0A 00,ThermoBeacon,,,
hci_snoop_2025_11_26_15_14_35.cfa,237,2025-11-26T15:14:41.667Z,f4:db:00:00:02:37,no,ADV_IND,-81,02 01 06 03 02 F0 FF 15 FF 1B 00 00 00 37 02 00 00 DB F4 BC 0B 4C 01 53 04 7E 54 0E 00,,FFF0,1B 00 00 00 37 02 00 00 DB F4 BC 0B 4C 01 53 04 7E 54 0E 00,0x001B
hci_snoop_2025_11_26_15_14_35.cfa,238,2025-11-26T15:14:41.667Z,f4:db:00:00:02:37,no,SCAN_RSP,-82,0D 09 54 68 65 72 6D 6F 42 65 61 63 6F 6E 05 12 18 00 38 01 02 0A 00,ThermoBeacon,,,
hci_snoop_2025_11_26_15_14_35.cfa,239,2025-11-26T15:14:41.811Z,f4:db:00:00:00:d9,yes,ADV_IND,-61,02 01 06 03 02 F0 FF 15 FF 1B 00 10 00 D9 00 00 00 DB F4 B4 0B 6F 01 E8 03 70 82 0E 00,,FFF0,1B 00 10 00 D9 00 00 00 DB F4 B4 0B 6F 01 E8 03 70 82 0E 00,0x001B
hci_snoop_2025_11_26_15_14_35.cfa,240,2025-11-26T15:14:41.811Z,f4:db:00:00:00:d9,yes,SCAN_RSP,-62,0D 09 54 68 65 72 6D 6F 42 65 61 63 6F 6E 05 12 18 00 38 01 02 0A 00,ThermoBeacon,,,
hci_snoop_2025_11_26_15_14_35.cfa,241,2025-11-26T15:14:42.275Z,62:53:00:00:0f:1f,no,ADV_IND,-75,02 01 06 03 02 F0 FF 15 FF 11 00 00 00 1F 0F 00 00 53 62 8B 0B 46 01 F9 04 EE 94 0E 00,,FFF0,11 00 00 00 1F 0F 00 00 53 62 8B 0B 46 01 F9 04 EE 94 0E 00,0x0011
hci_snoop_2025_11_26_15_14_35.cfa,243,2025-11-26T15:14:42.398Z,f4:d0:00:00:02:1a,no,ADV_IND,-59,02 01 06 03 02 F0 FF 15 FF 1B 00 00 00 1A 02 00 00 D0 F4 D0 0B 52 01 40 04 B4 DC 0C 00,,FFF0,1B 00 00 00 1A 02 00 00 D0 F4 D0 0B 52 01 40 04 B4 DC 0C 00,0x001B
hci_snoop_2025_11_26_15_14_35.cfa,245,2025-11-26T15:14:42.516Z,f4:db:00:00:02:37,no,ADV_IND,-83,02 01 06 03 02 F0 FF 17 FF 1B 00 00 00 37 02 00 00 DB F4 D0 01 DD 37 0D 00 0B 01 BF F5 07 00,,FFF0,1B 00 00 00 37 02 00 00 DB F4 D0 01 DD 37 0D 00 0B 01 BF F5 07 00,0x001B
hci_snoop_2025_11_26_15_14_35.cfa,247,2025-11-26T15:14:43.119Z,62:53:00:00:0f:1f,no,ADV_IND,-74,02 01 06 03 02 F0 FF 15 FF 11 00 00 00 1F 0F 00 00 53 62 8B 0B 46 01 F9 04 EF 94 0E 00,,FFF0,11 00 00 00 1F 0F 00 00 53 62 8B 0B 46 01 F9 04 EF 94 0E 00,0x0011
hci_snoop_2025_11_26_15_14_35.cfa,249,2025-11-26T15:14:43.245Z,f4:d0:00:00:02:1a,no,ADV_IND,-66,02 01 06 03 02 F0 FF 15 FF 1B 00 00 00 1A 02 00 00 D0 F4 D0 0B 52 01 40 04 B5 DC 0C 00,,FFF0,1B 00 00 00 1A 02 00 00 D0 F4 D0 0B 52 01 40 04 B5 DC 0C 00,0x001B
hci_snoop_2025_11_26_15_14_35.cfa,251,2025-11-26T15:14:43.367Z,f4:db:00:00:02:37,no,ADV_IND,-72,02 01 06 03 02 F0 FF 15 FF 1B 00 00 00 37 02 00 00 DB F4 BD 0B 4C 01 53 04 80 54 0E 00,,FFF0,1B 00 00 00 37 02 00 00 DB F4 BD 0B 4C 01 53 04 80 54 0E 00,0x001B
hci_snoop_2025_11_26_15_14_35.cfa,285,2025-11-26T15:14:45.201Z,f4:db:00:00:00:d9,yes,ADV_IND,-55,02 01 06 03 02 F0 FF 15 FF 1B 00 10 00 D9 00 00 00 DB F4 B5 0B 6F 01 E8 03 74 82 0E 00,,FFF0,1B 00 10 00 D9 00 00 00 DB F4 B5 0B 6F 01 E8 03 74 82 0E 00,0x001B
hci_snoop_2025_11_26_15_14_35.cfa,286,2025-11-26T15:14:45.202Z,f4:db:00:00:00:d9,yes,SCAN_RSP,-54,0D 09 54 68 65 72 6D 6F 42 65 61 63 6F 6E 05 12 18 00 38 01 02 0A 00,ThermoBeacon,,,
hci_snoop_2025_11_26_15_14_35.cfa,287,2025-11-26T15:14:45.656Z,62:53:00:00:0f:1f,no,ADV_IND,-77,02 01 06 03 02 F0 FF 15 FF 11 00 00 00 1F 0F 00 00 53 62 8C 0B 46 01 F9 04 F2 94 0E 00,,FFF0,11 00 00 00 1F 0F 00 00 53 62 8C 0B 46 01 F9 04 F2 94 0E 00,0x0011
hci_snoop_2025_11_26_15_14_35.cfa,289,2025-11-26T15:14:45.785Z,f4:d0:00:00:02:1a,no,ADV_IND,-58,02 01 06 03 02 F0 FF 15 FF 1B 00 00 00 1A 02 00 00 D0 F4 D0 0B 52 01 40 04 B7 DC 0C 00,,FFF0,1B 00 00 00 1A 02 00 00 D0 F4 D0 0B 52 01 40 04 B7 DC 0C 00,0x001B
hci_snoop_2025_11_26_15_14_35.cfa,293,2025-11-26T15:14:46.048Z,f4:db:00:00:00:d9,yes,ADV_IND,-56,02 01 06 03 02 F0 FF 15 FF 1B 00 10 00 D9 00 00 00 DB F4 B5 0B 6F 01 E8 03 74 82 0E 00,,FFF0,1B 00 10 00 D9 00 00 00 DB F4 B5 0B 6F 01 E8 03 74 82 0E 00,0x001B
hci_snoop_2025_11_26_15_14_35.cfa,294,2025-11-26T15:14:46.049Z,f4:db:00:00:00:d9,yes,SCAN_RSP,-56,0D 09 54 68 65 72 6D 6F 42 65 61 63 6F 6E 05 12 18 00 38 01 02 0A 00,ThermoBeacon,,,
hci_snoop_2025_11_26_15_14_35.cfa,295,2025-11-26T15:14:46.635Z,f4:d0:00:00:02:1a,no,ADV_IND,-55,02 01 06 03 02 F0 FF 15 FF 1B 00 00 00 1A 02 00 00 D0 F4 D0 0B 52 01 40 04 B8 DC 0C 00,,FFF0,1B 00 00 00 1A 02 00 00 D0 F4 D0 0B 52 01 40 04 B8 DC 0C 00,0x001B
hci_snoop_2025_11_26_15_14_35.cfa,297,2025-11-26T15:14:46.751Z,f4:db:00:00:02:37,no,ADV_IND,-85,02 01 06 03 02 F0 FF 15 FF 1B 00 00 00 37 02 00 00 DB F4 BD 0B 4C 01 53 04 83 54 0E 00,,FFF0,1B 00 00 00 37 02 00 00 DB F4 BD 0B 4C 01 53 04 83 54 0E 00,0x001B
hci_snoop_2025_11_26_15_14_35.cfa,299,2025-11-26T15:14:46.898Z,f4:db:00:00:00:d9,yes,ADV_IND,-59,02 01 06 03 02 F0 FF 17 FF 1B 00 10 00 D9 00 00 00 DB F4 A7 01 5F 0F 00 00 2A 01 7E 0C 04 00,,FFF0,1B 00 10 00 D9 00 00 00 DB F4 A7 01 5F 0F 00 00 2A 01 7E 0C 04 00,0x001B
hci_snoop_2025_11_26_15_14_35.cfa,300,2025-11-26T15:14:46.899Z,f4:db:00:00:00:d9,yes,SCAN_RSP,-59,0D 09 54 68 65 72 6D 6F 42 65 61 63 6F 6E 05 12 18 00 38 01 02 0A 00,ThermoBeacon,,,
hci_snoop_2025_11_26_15_14_35.cfa,325,2025-11-26T15:14:49.039Z,2c:40:d3:d7:90:99,no,ADV_NONCONN_IND,-70,1E FF 06 00 01 09 20 22 2E 61 A0 19 47 38 A0 FE B1 2F 43 B7 83 F1 39 01 D0 49 6F 0E 24 1E 47,,,06 00 01 09 20 22 2E 61 A0 19 47 38 A0 FE B1 2F 43 B7 83 F1 39 01 D0 49 6F 0E 24 1E 47,0x0006
hci_snoop_2025_11_26_15_14_35.cfa,326,2025-11-26T15:14:49.043Z,62:53:00:00:0f:1f,no,ADV_IND,-80,02 01 06 03 02 F0 FF 15 FF 11 00 00 00 1F 0F 00 00 53 62 8C 0B 46 01 F9 04 F5 94 0E 00,,FFF0,11 00 00 00 1F 0F 00 00 53 62 8C 0B 46 01 F9 04 F5 94 0E 00,0x0011
hci_snoop_2025_11_26_15_14_35.cfa,328,2025-11-26T15:14:49.093Z,78:b9:cc:aa:ee:07,no,ADV_IND,-50,02 01 1A 02 0A 0C 0C FF 4C 00 10 07 35 1F FC 05 9B A7 78,,,4C 00 10 07 35 1F FC 05 9B A7 78,0x004C
hci_snoop_2025_11_26_15_14_35.cfa,329,2025-11-26T15:14:49.093Z,78:b9:cc:aa:ee:07,no,SCAN_RSP,-50,14 FF 4C 00 01 00 00 00 00 00 00 00 00 00 00 00 00 80 00 00 00,,,4C 00 01 00 00 00 00 00 00 00 00 00 00 00 00 80 00 00 00,0x004C
hci_snoop_2025_11_26_15_14_35.cfa,330,2025-11-26T15:14:49.134Z,fc:4f:93:cc:d7:6e,no,ADV_IND,-54,02 01 06 03 02 0F FE 08 16 0F FE 02 10 30 0E 0A,,FE0F,,
hci_snoop_2025_11_26_15_14_35.cfa,331,2025-11-26T15:14:49.134Z,fc:4f:93:cc:d7:6e,no,SCAN_RSP,-54,02 0A 0A 12 09 48 75 65 20 61 6D 62 69 61 6E 63 65 20 6C 61 6D 70,Hue ambiance lamp,,,
hci_snoop_2025_11_26_15_14_35.cfa,333,2025-11-26T15:14:49.171Z,f4:d0:00:00:02:1a,no,ADV_IND,-68,02 01 06 03 02 F0 FF 15 FF 1B 00 00 00 1A 02 00 00 D0 F4 D0 0B 52 01 40 04 BB DC 0C 00,,FFF0,1B 00 00 00 1A 02 00 00 D0 F4 D0 0B 52 01 40 04 BB DC 0C 00,0x001B
hci_snoop_2025_11_26_15_14_35.cfa,336,2025-11-26T15:14:49.291Z,f4:db:00:00:02:37,no,ADV_IND,-78,02 01 06 03 02 F0 FF 15 FF 1B 00 00 00 37 02 00 00 DB F4 BC 0B 4C 01 53 04 86 54 0E 00,,FFF0,1B 00 00 00 37 02 00 00 DB F4 BC 0B 4C 01 53 04 86 54 0E 00,0x001B
hci_snoop_2025_11_26_15_14_35.cfa,341,2025-11-26T15:14:49.436Z,f4:db:00:00:00:d9,yes,ADV_IND,-43,02 01 06 03 02 F0 FF 17 FF 1B 00 10 00 D9 00 00 00 DB F4 A7 01 5F 0F 00 00 2A 01 7E 0C 04 00,,FFF0,1B 00 10 00 D9 00 00 00 DB F4 A7 01 5F 0F 00 00 2A 01 7E 0C 04 00,0x001B
hci_snoop_2025_11_26_15_14_35.cfa,342,2025-11-26T15:14:49.437Z,f4:db:00:00:00:d9,yes,SCAN_RSP,-44,0D 09 54 68 65 72 6D 6F 42 65 61 63 6F 6E 05 12 18 00 38 01 02 0A 00,ThermoBeacon,,,
hci_snoop_2025_11_26_15_14_35.cfa,345,2025-11-26T15:14:49.633Z,c3:13:de:49:4b:da,no,ADV_NONCONN_IND,-99,07 FF 4C 00 12 02 00 01,,,4C 00 12 02 00 01,0x004C
hci_snoop_2025_11_26_15_14_35.cfa,361,2025-11-26T15:14:50.138Z,f4:db:00:00:02:37,no,ADV_IND,-79,02 01 06 03 02 F0 FF 15 FF 1B 00 00 00 37 02 00 00 DB F4 BC 0B 4C 01 53 04 87 54 0E 00,,FFF0,1B 00 00 00 37 02 00 00 DB F4 BC 0B 4C 01 53 04 87 54 0E 00,0x001B
hci_snoop_2025_11_26_15_14_35.cfa,366,2025-11-26T15:14:50.285Z,f4:db:00:00:00:d9,yes,ADV_IND,-43,02 01 06 03 02 F0 FF 15 FF 1B 00 10 00 D9 00 00 00 DB F4 B4 0B 6F 01 E7 03 79 82 0E 00,,FFF0,1B 00 10 00 D9 00 00 00 DB F4 B4 0B 6F 01 E7 03 79 82 0E 00,0x001B
hci_snoop_2025_11_26_15_14_35.cfa,367,2025-11-26T15:14:50.285Z,f4:db:00:00:00:d9,yes,SCAN_RSP,-44,0D 09 54 68 65 72 6D 6F 42 65 61 63 6F 6E 05 12 18 00 38 01 02 0A 00,ThermoBeacon,,,
hci_snoop_2025_11_26_15_14_35.cfa,372,2025-11-26T15:14:50.585Z,ef:7d:cd:36:4e:7a,no,ADV_IND,-91,1A FF 4C 00 12 02 6E 01 07 11 06 EA 55 17 9E A7 35 1F 6C 25 79 16 2A CF 0F 79 54,,,4C 00 12 02 6E 01 07 11 06 EA 55 17 9E A7 35 1F 6C 25 79 16 2A CF 0F 79 54,0x004C
hci_snoop_2025_11_26_15_14_35.cfa,373,2025-11-26T15:14:50.586Z,ef:7d:cd:36:4e:7a,no,SCAN_RSP,-93,,,,,
hci_snoop_2025_11_26_15_14_35.cfa,383,2025-11-26T15:14:50.921Z,47:a1:78:9e:a7:07,no,ADV_NONCONN_IND,-47,02 01 1A 0D FF 4C 00 16 08 00 A0 E6 A9 E4 F9 A5 2D,,,4C 00 16 08 00 A0 E6 A9 E4 F9 A5 2D,0x004C
hci_snoop_2025_11_26_15_14_35.cfa,384,2025-11-26T15:14:50.923Z,c6:3b:3c:02:ae:06,no,ADV_NONCONN_IND,-47,07 FF 4C 00 12 02 00 01,,,4C 00 12 02 00 01,0x004C
hci_snoop_2025_11_26_15_14_35.cfa,391,2025-11-26T15:14:51.134Z,f4:db:00:00:00:d9,yes,ADV_IND,-46,02 01 06 03 02 F0 FF 15 FF 1B 00 10 00 D9 00 00 00 DB F4 B4 0B 6F 01 E7 03 79 82 0E 00,,FFF0,1B 00 10 00 D9 00 00 00 DB F4 B4 0B 6F 01 E7 03 79 82 0E 00,0x001B
hci_snoop_2025_11_26_15_14_35.cfa,392,2025-11-26T15:14:51.136Z,f4:db:00:00:00:d9,yes,SCAN_RSP,-46,0D 09 54 68 65 72 6D 6F 42 65 61 63 6F 6E 05 12 18 00 38 01 02 0A 00,ThermoBeacon,,,
hci_snoop_2025_11_26_15_14_35.cfa,408,2025-11-26T15:14:51.981Z,f4:db:00:00:00:d9,yes,ADV_IND,-44,02 01 06 03 02 F0 FF 15 FF 1B 00 10 00 D9 00 00 00 DB F4 B4 0B 6F 01 E7 03 7A 82 0E 00,,FFF0,1B 00 10 00 D9 00 00 00 DB F4 B4 0B 6F 01 E7 03 7A 82 0E 00,0x001B
hci_snoop_2025_11_26_15_14_35.cfa,409,2025-11-26T15:14:51.982Z,f4:db:00:00:00:d9,yes,SCAN_RSP,-44,0D 09 54 68 65 72 6D 6F 42 65 61 63 6F 6E 05 12 18 00 38 01 02 0A 00,ThermoBeacon,,,
hci_snoop_2025_11_26_15_14_35.cfa,420,2025-11-26T15:14:52.560Z,f4:d0:00:00:02:1a,no,ADV_IND,-69,02 01 06 03 02 F0 FF 15 FF 1B 00 00 00 1A 02 00 00 D0 F4 CF 0B 52 01 40 04 BE DC 0C 00,,FFF0,1B 00 00 00 1A 02 00 00 D0 F4 CF 0B 52 01 40 04 BE DC 0C 00,0x001B
hci_snoop_2025_11_26_15_14_35.cfa,429,2025-11-26T15:14:52.680Z,f4:db:00:00:02:37,no,ADV_IND,-79,02 01 06 03 02 F0 FF 15 FF 1B 00 00 00 37 02 00 00 DB F4 BC 0B 4C 01 53 04 89 54 0E 00,,FFF0,1B 00 00 00 37 02 00 00 DB F4 BC 0B 4C 01 53 04 89 54 0E 00,0x001B
hci_snoop_2025_11_26_15_14_35.cfa,432,2025-11-26T15:14:52.829Z,f4:db:00:00:00:d9,yes,ADV_IND,-44,02 01 06 03 02 F0 FF 17 FF 1B 00 10 00 D9 00 00 00 DB F4 A7 01 5F 0F 00 00 2A 01 7E 0C 04 00,,FFF0,1B 00 10 00 D9 00 00 00 DB F4 A7 01 5F 0F 00 00 2A 01 7E 0C 04 00,0x001B
hci_snoop_2025_11_26_15_14_35.cfa,433,2025-11-26T15:14:52.830Z,f4:db:00:00:00:d9,yes,SCAN_RSP,-44,0D 09 54 68 65 72 6D 6F 42 65 61 63 6F 6E 05 12 18 00 38 01 02 0A 00,ThermoBeacon,,,
hci_snoop_2025_11_26_15_14_35.cfa,453,2025-11-26T15:14:53.528Z,f4:db:00:00:02:37,no,ADV_IND,-80,02 01 06 03 02 F0 FF 15 FF 1B 00 00 00 37 02 00 00 DB F4 BC 0B 4C 01 53 04 8A 54 0E 00,,FFF0,1B 00 00 00 37 02 00 00 DB F4 BC 0B 4C 01 53 04 8A 54 0E 00,0x001B
hci_snoop_2025_11_26_15_14_35.cfa,456,2025-11-26T15:14:53.674Z,f4:db:00:00:00:d9,yes,ADV_IND,-43,02 01 06 03 02 F0 FF 15 FF 1B 00 10 80 D9 00 00 00 DB F4 B4 0B 6F 01 E7 03 7C 82 0E 00,,FFF0,1B 00 10 80 D9 00 00 00 DB F4 B4 0B 6F 01 E7 03 7C 82 0E 00,0x001B
hci_snoop_2025_11_26_15_14_35.cfa,457,2025-11-26T15:14:53.675Z,f4:db:00:00:00:d9,yes,SCAN_RSP,-46,0D 09 54 68 65 72 6D 6F 42 65 61 63 6F 6E 05 12 18 00 38 01 02 0A 00,ThermoBeacon,,,
hci_snoop_2025_11_26_15_14_35.cfa,465,2025-11-26T15:14:54.013Z,f4:db:00:00:02:42,no,ADV_IND,-93,02 01 06 03 02 F0 FF 15 FF 1B 00 00 00 42 02 00 00 DB F4 DF 0B 3A 01 F7 03 40 C8 1C 00,,FFF0,1B 00 00 00 42 02 00 00 DB F4 DF 0B 3A 01 F7 03 40 C8 1C 00,0x001B
hci_snoop_2025_11_26_15_14_35.cfa,466,2025-11-26T15:14:54.014Z,f4:db:00:00:02:42,no,SCAN_RSP,-95,0D 09 54 68 65 72 6D 6F 42 65 61 63 6F 6E 05 12 18 00 38 01 02 0A 00,ThermoBeacon,,,
hci_snoop_2025_11_26_15_14_35.cfa,470,2025-11-26T15:14:54.127Z,62:53:00:00:0f:1f,no,ADV_IND,-79,02 01 06 03 02 F0 FF 15 FF 11 00 00 00 1F 0F 00 00 53 62 8B 0B 46 01 F9 04 FA 94 0E 00,,FFF0,11 00 00 00 1F 0F 00 00 53 62 8B 0B 46 01 F9 04 FA 94 0E 00,0x0011
hci_snoop_2025_11_26_15_14_35.cfa,474,2025-11-26T15:14:54.252Z,f4:d0:00:00:02:1a,no,ADV_IND,-71,02 01 06 03 02 F0 FF 15 FF 1B 00 00 00 1A 02 00 00 D0 F4 D0 0B 52 01 40 04 C0 DC 0C 00,,FFF0,1B 00 00 00 1A 02 00 00 D0 F4 D0 0B 52 01 40 04 C0 DC 0C 00,0x001B
hci_snoop_2025_11_26_15_14_35.cfa,489,2025-11-26T15:14:54.560Z,f4:db:00:00:00:d9,yes,ADV_IND,-42,02 01 06 03 02 F0 FF 15 FF 1B 00 10 80 D9 00 00 00 DB F4 B5 0B 6F 01 E9 03 7D 82 0E 00,,FFF0,1B 00 10 80 D9 00 00 00 DB F4 B5 0B 6F 01 E9 03 7D 82 0E 00,0x001B
hci_snoop_2025_11_26_15_14_35.cfa,514,2025-11-26T15:14:54.973Z,62:53:00:00:0f:1f,no,ADV_IND,-77,02 01 06 03 02 F0 FF 15 FF 11 00 00 00 1F 0F 00 00 53 62 8B 0B 46 01 F9 04 FB 94 0E 00,,FFF0,11 00 00 00 1F 0F 00 00 53 62 8B 0B 46 01 F9 04 FB 94 0E 00,0x0011
hci_snoop_2025_11_26_15_14_35.cfa,626,2025-11-26T15:14:58.609Z,f4:db:00:00:02:37,no,ADV_IND,-78,02 01 06 03 02 F0 FF 15 FF 1B 00 00 00 37 02 00 00 DB F4 BB 0B 4C 01 53 04 8F 54 0E 00,,FFF0,1B 00 00 00 37 02 00 00 DB F4 BB 0B 4C 01 53 04 8F 54 0E 00,0x001B
hci_snoop_2025_11_26_15_14_35.cfa,628,2025-11-26T15:14:58.755Z,f4:db:00:00:00:d9,yes,ADV_IND,-42,02 01 06 03 02 F0 FF 17 FF 1B 00 10 80 D9 00 00 00 DB F4 A7 01 5F 0F 00 00 2A 01 7E 0C 04 00,,FFF0,1B 00 10 80 D9 00 00 00 DB F4 A7 01 5F 0F 00 00 2A 01 7E 0C 04 00,0x001B
hci_snoop_2025_11_26_15_14_35.cfa,629,2025-11-26T15:14:58.755Z,f4:db:00:00:00:d9,yes,SCAN_RSP,-43,0D 09 54 68 65 72 6D 6F 42 65 61 63 6F 6E 05 12 18 00 38 01 02 0A 00,ThermoBeacon,,,
hci_snoop_2025_11_26_15_14_35.cfa,634,2025-11-26T15:14:59.458Z,f4:db:00:00:02:37,no,ADV_IND,-76,02 01 06 03 02 F0 FF 15 FF 1B 00 00 00 37 02 00 00 DB F4 BB 0B 4C 01 53 04 90 54 0E 00,,FFF0,1B 00 00 00 37 02 00 00 DB F4 BB 0B 4C 01 53 04 90 54 0E 00,0x001B
hci_snoop_2025_11_26_15_14_35.cfa,636,2025-11-26T15:14:59.604Z,f4:db:00:00:00:d9,yes,ADV_IND,-58,02 01 06 03 02 F0 FF 15 FF 1B 00 10 80 D9 00 00 00 DB F4 B2 0B 6F 01 EB 03 82 82 0E 00,,FFF0,1B 00 10 80 D9 00 00 00 DB F4 B2 0B 6F 01 EB 03 82 82 0E 00,0x001B
hci_snoop_2025_11_26_15_14_35.cfa,637,2025-11-26T15:14:59.605Z,f4:db:00:00:00:d9,yes,SCAN_RSP,-58,0D 09 54 68 65 72 6D 6F 42 65 61 63 6F 6E 05 12 18 00 38 01 02 0A 00,ThermoBeacon,,,
hci_snoop_2025_11_26_15_14_35.cfa,638,2025-11-26T15:15:00.185Z,f4:d0:00:00:02:1a,no,ADV_IND,-76,02 01 06 03 02 F0 FF 15 FF 1B 00 00 00 1A 02 00 00 D0 F4 D1 0B 52 01 40 04 C6 DC 0C 00,,FFF0,1B 00 00 00 1A 02 00 00 D0 F4 D1 0B 52 01 40 04 C6 DC 0C 00,0x001B
hci_snoop_2025_11_26_15_14_35.cfa,642,2025-11-26T15:15:00.456Z,f4:db:00:00:00:d9,yes,ADV_IND,-62,02 01 06 03 02 F0 FF 15 FF 1B 00 10 80 D9 00 00 00 DB F4 B2 0B 6F 01 EB 03 83 82 0E 00,,FFF0,1B 00 10 80 D9 00 00 00 DB F4 B2 0B 6F 01 EB 03 83 82 0E 00,0x001B
hci_snoop_2025_11_26_15_14_35.cfa,643,2025-11-26T15:15:00.457Z,f4:db:00:00:00:d9,yes,SCAN_RSP,-61,0D 09 54 68 65 72 6D 6F 42 65 61 63 6F 6E 05 12 18 00 38 01 02 0A 00,ThermoBeacon,,,
hci_snoop_2025_11_26_15_14_35.cfa,644,2025-11-26T15:15:00.904Z,62:53:00:00:0f:1f,no,ADV_IND,-78,02 01 06 03 02 F0 FF 15 FF 11 00 00 00 1F 0F 00 00 53 62 8B 0B 46 01 F9 04 01 95 0E 00,,FFF0,11 00 00 00 1F 0F 00 00 53 62 8B 0B 46 01 F9 04 01 95 0E 00,0x0011
hci_snoop_2025_11_26_15_14_35.cfa,646,2025-11-26T15:15:01.030Z,f4:d0:00:00:02:1a,no,ADV_IND,-65,02 01 06 03 02 F0 FF 15 FF 1B 00 00 00 1A 02 00 00 D0 F4 D0 0B 52 01 40 04 C6 DC 0C 00,,FFF0,1B 00 00 00 1A 02 00 00 D0 F4 D0 0B 52 01 40 04 C6 DC 0C 00,0x001B
hci_snoop_2025_11_26_15_14_35.cfa,648,2025-11-26T15:15:01.151Z,f4:db:00:00:02:37,no,ADV_IND,-74,02 01 06 03 02 F0 FF 15 FF 1B 00 00 00 37 02 00 00 DB F4 BB 0B 4C 01 53 04 92 54 0E 00,,FFF0,1B 00 00 00 37 02 00 00 DB F4 BB 0B 4C 01 53 04 92 54 0E 00,0x001B
hci_snoop_2025_11_26_15_14_35.cfa,650,2025-11-26T15:15:01.304Z,f4:db:00:00:00:d9,yes,ADV_IND,-42,02 01 06 03 02 F0 FF 17 FF 1B 00 10 80 D9 00 00 00 DB F4 A7 01 5F 0F 00 00 2A 01 7E 0C 04 00,,FFF0,1B 00 10 80 D9 00 00 00 DB F4 A7 01 5F 0F 00 00 2A 01 7E 0C 04 00,0x001B
hci_snoop_2025_11_26_15_14_35.cfa,651,2025-11-26T15:15:01.305Z,f4:db:00:00:00:d9,yes,SCAN_RSP,-43,0D 09 54 68 65 72 6D 6F 42 65 61 63 6F 6E 05 12 18 00 38 01 02 0A 00,ThermoBeacon,,,
hci_snoop_2025_11_26_15_14_35.cfa,652,2025-11-26T15:15:01.885Z,f4:d0:00:00:02:1a,no,ADV_IND,-66,02 01 06 03 02 F0 FF 15 FF 1B 00 00 00 1A 02 00 00 D0 F4 D0 0B 52 01 40 04 C7 DC 0C 00,,FFF0,1B 00 00 00 1A 02 00 00 D0 F4 D0 0B 52 01 40 04 C7 DC 0C 00,0x001B
hci_snoop_2025_11_26_15_14_35.cfa,654,2025-11-26T15:15:02.150Z,f4:db:00:00:00:d9,yes,ADV_IND,-44,02 01 06 03 02 F0 FF 15 FF 1B 00 10 80 D9 00 00 00 DB F4 B3 0B 6F 01 EE 03 85 82 0E 00,,FFF0,1B 00 10 80 D9 00 00 00 DB F4 B3 0B 6F 01 EE 03 85 82 0E 00,0x001B
hci_snoop_2025_11_26_15_14_35.cfa,655,2025-11-26T15:15:02.151Z,f4:db:00:00:00:d9,yes,SCAN_RSP,-45,0D 09 54 68 65 72 6D 6F 42 65 61 63 6F 6E 05 12 18 00 38 01 02 0A 00,ThermoBeacon,,,
hci_snoop_2025_11_26_15_14_35.cfa,3005,2025-11-26T15:18:34.497Z,f4:d0:00:00:02:1a,no,ADV_IND,-67,02 01 06 03 02 F0 FF 15 FF 1B 00 00 00 1A 02 00 00 D0 F4 D0 0B 51 01 42 04 9C DD 0C 00,,FFF0,1B 00 00 00 1A 02 00 00 D0 F4 D0 0B 51 01 42 04 9C DD 0C 00,0x001B
hci_snoop_2025_11_26_15_14_35.cfa,3037,2025-11-26T15:18:36.022Z,62:53:00:00:0f:1f,no,ADV_IND,-86,02 01 06 03 02 F0 FF 15 FF 11 00 00 00 1F 0F 00 00 53 62 8B 0B 46 01 FA 04 D8 95 0E 00,,FFF0,11 00 00 00 1F 0F 00 00 53 62 8B 0B 46 01 FA 04 D8 95 0E 00,0x0011
hci_snoop_2025_11_26_15_14_35.cfa,3039,2025-11-26T15:18:36.033Z,f4:db:00:00:00:d9,yes,ADV_IND,-42,02 01 06 03 02 F0 FF 15 FF 1B 00 10 00 D9 00 00 00 DB F4 B3 0B 7B 01 C9 03 5A 83 0E 00,,FFF0,1B 00 10 00 D9 00 00 00 DB F4 B3 0B 7B 01 C9 03 5A 83 0E 00,0x001B
hci_snoop_2025_11_26_15_14_35.cfa,3040,2025-11-26T15:18:36.033Z,f4:db:00:00:00:d9,yes,SCAN_RSP,-42,0D 09 54 68 65 72 6D 6F 42 65 61 63 6F 6E 05 12 18 00 38 01 02 0A 00,ThermoBeacon,,,
hci_snoop_2025_11_26_15_14_35.cfa,3041,2025-11-26T15:18:36.192Z,f4:d0:00:00:02:1a,no,ADV_IND,-66,02 01 06 03 02 F0 FF 15 FF 1B 00 00 00 1A 02 00 00 D0 F4 D0 0B 51 01 42 04 9E DD 0C 00,,FFF0,1B 00 00 00 1A 02 00 00 D0 F4 D0 0B 51 01 42 04 9E DD 0C 00,0x001B
hci_snoop_2025_11_26_15_14_35.cfa,3043,2025-11-26T15:18:36.873Z,62:53:00:00:0f:1f,no,ADV_IND,-86,02 01 06 03 02 F0 FF 15 FF 11 00 00 00 1F 0F 00 00 53 62 8B 0B 46 01 FA 04 D9 95 0E 00,,FFF0,11 00 00 00 1F 0F 00 00 53 62 8B 0B 46 01 FA 04 D9 95 0E 00,0x0011
hci_snoop_2025_11_26_15_14_35.cfa,3045,2025-11-26T15:18:36.881Z,f4:db:00:00:00:d9,yes,ADV_IND,-42,02 01 06 03 02 F0 FF 15 FF 1B 00 10 00 D9 00 00 00 DB F4 B3 0B 7B 01 C9 03 5B 83 0E 00,,FFF0,1B 00 10 00 D9 00 00 00 DB F4 B3 0B 7B 01 C9 03 5B 83 0E 00,0x001B
hci_snoop_2025_11_26_15_14_35.cfa,3046,2025-11-26T15:18:36.882Z,f4:db:00:00:00:d9,yes,SCAN_RSP,-43,0D 09 54 68 65 72 6D 6F 42 65 61 63 6F 6E 05 12 18 00 38 01 02 0A 00,ThermoBeacon,,,
hci_snoop_2025_11_26_15_14_35.cfa,3051,2025-11-26T15:18:37.727Z,f4:db:00:00:00:d9,yes,ADV_IND,-42,02 01 06 03 02 F0 FF 17 FF 1B 00 10 00 D9 00 00 00 DB F4 A7 01 5F 0F 00 00 2A 01 7E 0C 04 00,,FFF0,1B 00 10 00 D9 00 00 00 DB F4 A7 01 5F 0F 00 00 2A 01 7E 0C 04 00,0x001B
hci_snoop_2025_11_26_15_14_35.cfa,3052,2025-11-26T15:18:37.727Z,f4:db:00:00:00:d9,yes,SCAN_RSP,-42,0D 09 54 68 65 72 6D 6F 42 65 61 63 6F 6E 05 12 18 00 38 01 02 0A 00,ThermoBeacon,,,
hci_snoop_2025_11_26_15_14_35.cfa,3053,2025-11-26T15:18:37.889Z,f4:d0:00:00:02:1a,no,ADV_IND,-68,02 01 06 03 02 F0 FF 15 FF 1B 00 00 00 1A 02 00 00 D0 F4 D0 0B 51 01 42 04 9F DD 0C 00,,FFF0,1B 00 00 00 1A 02 00 00 D0 F4 D0 0B 51 01 42 04 9F DD 0C 00,0x001B
hci_snoop_2025_11_26_15_14_35.cfa,3057,2025-11-26T15:18:38.575Z,f4:db:00:00:00:d9,yes,ADV_IND,-42,02 01 06 03 02 F0 FF 15 FF 1B 00 10 00 D9 00 00 00 DB F4 B4 0B 7B 01 C9 03 5D 83 0E 00,,FFF0,1B 00 10 00 D9 00 00 00 DB F4 B4 0B 7B 01 C9 03 5D 83 0E 00,0x001B
hci_snoop_2025_11_26_15_14_35.cfa,3058,2025-11-26T15:18:38.578Z,f4:db:00:00:00:d9,yes,SCAN_RSP,-42,0D 09 54 68 65 72 6D 6F 42 65 61 63 6F 6E 05 12 18 00 38 01 02 0A 00,ThermoBeacon,,,
hci_snoop_2025_11_26_15_14_35.cfa,3059,2025-11-26T15:18:39.417Z,62:53:00:00:0f:1f,no,ADV_IND,-87,02 01 06 03 02 F0 FF 15 FF 11 00 00 00 1F 0F 00 00 53 62 8D 0B 46 01 FA 04 DB 95 0E 00,,FFF0,11 00 00 00 1F 0F 00 00 53 62 8D 0B 46 01 FA 04 DB 95 0E 00,0x0011
hci_snoop_2025_11_26_15_14_35.cfa,3061,2025-11-26T15:18:39.421Z,f4:db:00:00:00:d9,yes,ADV_IND,-42,02 01 06 03 02 F0 FF 15 FF 1B 00 10 00 D9 00 00 00 DB F4 B4 0B 7B 01 C9 03 5E 83 0E 00,,FFF0,1B 00 10 00 D9 00 00 00 DB F4 B4 0B 7B 01 C9 03 5E 83 0E 00,0x001B
hci_snoop_2025_11_26_15_14_35.cfa,3062,2025-11-26T15:18:39.422Z,f4:db:00:00:00:d9,yes,SCAN_RSP,-42,0D 09 54 68 65 72 6D 6F 42 65 61 63 6F 6E 05 12 18 00 38 01 02 0A 00,ThermoBeacon,,,
hci_snoop_2025_11_26_15_14_35.cfa,3063,2025-11-26T15:18:39.584Z,f4:d0:00:00:02:1a,no,ADV_IND,-66,02 01 06 03 02 F0 FF 15 FF 1B 00 00 00 1A 02 00 00 D0 F4 D0 0B 51 01 42 04 A1 DD 0C 00,,FFF0,1B 00 00 00 1A 02 00 00 D0 F4 D0 0B 51 01 42 04 A1 DD 0C 00,0x001B
hci_snoop_2025_11_26_15_14_35.cfa,3065,2025-11-26T15:18:40.264Z,62:53:00:00:0f:1f,no,ADV_IND,-84,02 01 06 03 02 F0 FF 15 FF 11 00 00 00 1F 0F 00 00 53 62 8B 0B 46 01 FA 04 DC 95 0E 00,,FFF0,11 00 00 00 1F 0F 00 00 53 62 8B 0B 46 01 FA 04 DC 95 0E 00,0x0011
hci_snoop_2025_11_26_15_14_35.cfa,3067,2025-11-26T15:18:40.266Z,f4:db:00:00:00:d9,yes,ADV_IND,-41,02 01 06 03 02 F0 FF 17 FF 1B 00 10 00 D9 00 00 00 DB F4 A7 01 5F 0F 00 00 2A 01 7E 0C 04 00,,FFF0,1B 00 10 00 D9 00 00 00 DB F4 A7 01 5F 0F 00 00 2A 01 7E 0C 04 00,0x001B
hci_snoop_2025_11_26_15_14_35.cfa,3068,2025-11-26T15:18:40.266Z,f4:db:00:00:00:d9,yes,SCAN_RSP,-42,0D 09 54 68 65 72 6D 6F 42 65 61 63 6F 6E 05 12 18 00 38 01 02 0A 00,ThermoBeacon,,,
hci_snoop_2025_11_26_15_14_35.cfa,3282,2025-11-26T15:19:27.967Z,f4:db:00:00:02:37,no,ADV_IND,-76,02 01 06 03 02 F0 FF 15 FF 1B 00 00 00 37 02 00 00 DB F4 BC 0B 4C 01 53 04 9D 55 0E 00,,FFF0,1B 00 00 00 37 02 00 00 DB F4 BC 0B 4C 01 53 04 9D 55 0E 00,0x001B
hci_snoop_2025_11_26_15_14_35.cfa,3284,2025-11-26T15:19:28.480Z,f4:db:00:00:02:42,no,ADV_IND,-97,02 01 06 03 02 F0 FF 17 FF 1B 00 00 00 42 02 00 00 DB F4 86 01 30 25 02 00 29 01 81 06 0E 00,,FFF0,1B 00 00 00 42 02 00 00 DB F4 86 01 30 25 02 00 29 01 81 06 0E 00,0x001B
hci_snoop_2025_11_26_15_14_35.cfa,3286,2025-11-26T15:19:28.530Z,62:53:00:00:0f:1f,no,ADV_IND,-78,02 01 06 03 02 F0 FF 15 FF 11 00 00 00 1F 0F 00 00 53 62 8B 0B 46 01 FA 04 0C 96 0E 00,,FFF0,11 00 00 00 1F 0F 00 00 53 62 8B 0B 46 01 FA 04 0C 96 0E 00,0x0011
hci_snoop_2025_11_26_15_14_35.cfa,3288,2025-11-26T15:19:28.710Z,f4:d0:00:00:02:1a,no,ADV_IND,-64,02 01 06 03 02 F0 FF 15 FF 1B 00 00 00 1A 02 00 00 D0 F4 D1 0B 51 01 41 04 D2 DD 0C 00,,FFF0,1B 00 00 00 1A 02 00 00 D0 F4 D1 0B 51 01 41 04 D2 DD 0C 00,0x001B
hci_snoop_2025_11_26_15_14_35.cfa,3291,2025-11-26T15:19:28.816Z,f4:db:00:00:02:37,no,ADV_IND,-77,02 01 06 03 02 F0 FF 15 FF 1B 00 00 00 37 02 00 00 DB F4 BB 0B 4C 01 53 04 9D 55 0E 00,,FFF0,1B 00 00 00 37 02 00 00 DB F4 BB 0B 4C 01 53 04 9D 55 0E 00,0x001B
hci_snoop_2025_11_26_15_14_35.cfa,3301,2025-11-26T15:19:29.401Z,f4:db:00:00:00:d9,yes,ADV_IND,-38,02 01 06 03 02 F0 FF 15 FF 1B 00 5E 00 D9 00 00 00 DB F4 B4 0B 7F 01 EF 03 90 83 0E 00,,FFF0,1B 00 5E 00 D9 00 00 00 DB F4 B4 0B 7F 01 EF 03 90 83 0E 00,0x001B
hci_snoop_2025_11_26_15_14_35.cfa,3302,2025-11-26T15:19:29.402Z,f4:db:00:00:00:d9,yes,SCAN_RSP,-39,0D 09 54 68 65 72 6D 6F 42 65 61 63 6F 6E 05 12 18 00 38 01 02 0A 00,ThermoBeacon,,,
hci_snoop_2025_11_26_15_14_35.cfa,3305,2025-11-26T15:19:29.662Z,f4:db:00:00:02:37,no,ADV_IND,-77,02 01 06 03 02 F0 FF 15 FF 1B 00 00 00 37 02 00 00 DB F4 BB 0B 4C 01 53 04 9E 55 0E 00,,FFF0,1B 00 00 00 37 02 00 00 DB F4 BB 0B 4C 01 53 04 9E 55 0E 00,0x001B
hci_snoop_2025_11_26_15_14_35.cfa,3307,2025-11-26T15:19:30.234Z,62:53:00:00:0f:1f,no,ADV_IND,-77,02 01 06 03 02 F0 FF 15 FF 11 00 00 00 1F 0F 00 00 53 62 8C 0B 46 01 FA 04 0E 96 0E 00,,FFF0,11 00 00 00 1F 0F 00 00 53 62 8C 0B 46 01 FA 04 0E 96 0E 00,0x0011
hci_snoop_2025_11_26_15_14_35.cfa,3309,2025-11-26T15:19:30.247Z,f4:db:00:00:00:d9,yes,ADV_IND,-37,02 01 06 03 02 F0 FF 15 FF 1B 00 5E 00 D9 00 00 00 DB F4 B4 0B 7F 01 E6 03 91 83 0E 00,,FFF0,1B 00 5E 00 D9 00 00 00 DB F4 B4 0B 7F 01 E6 03 91 83 0E 00,0x001B
hci_snoop_2025_11_26_15_14_35.cfa,3310,2025-11-26T15:19:30.248Z,f4:db:00:00:00:d9,yes,SCAN_RSP,-46,0D 09 54 68 65 72 6D 6F 42 65 61 63 6F 6E 05 12 18 00 38 01 02 0A 00,ThermoBeacon,,,
hci_snoop_2025_11_26_15_14_35.cfa,3313,2025-11-26T15:19:31.078Z,62:53:00:00:0f:1f,no,ADV_IND,-78,02 01 06 03 02 F0 FF 15 FF 11 00 00 00 1F 0F 00 00 53 62 8C 0B 46 01 FA 04 0F 96 0E 00,,FFF0,11 00 00 00 1F 0F 00 00 53 62 8C 0B 46 01 FA 04 0F 96 0E 00,0x0011
hci_snoop_2025_11_26_15_14_35.cfa,3317,2025-11-26T15:19:32.104Z,f4:d0:00:00:02:1a,no,ADV_IND,-64,02 01 06 03 02 F0 FF 15 FF 1B 00 00 00 1A 02 00 00 D0 F4 D0 0B 51 01 41 04 D5 DD 0C 00,,FFF0,1B 00 00 00 1A 02 00 00 D0 F4 D0 0B 51 01 41 04 D5 DD 0C 00,0x001B
hci_snoop_2025_11_26_15_14_35.cfa,3319,2025-11-26T15:19:32.206Z,f4:db:00:00:02:37,no,ADV_IND,-74,02 01 06 03 02 F0 FF 15 FF 1B 00 00 00 37 02 00 00 DB F4 BC 0B 4C 01 53 04 A1 55 0E 00,,FFF0,1B 00 00 00 37 02 00 00 DB F4 BC 0B 4C 01 53 04 A1 55 0E 00,0x001B
hci_snoop_2025_11_26_15_14_35.cfa,3321,2025-11-26T15:19:32.779Z,62:53:00:00:0f:1f,no,ADV_IND,-79,02 01 06 03 02 F0 FF 15 FF 11 00 00 00 1F 0F 00 00 53 62 8C 0B 46 01 FA 04 11 96 0E 00,,FFF0,11 00 00 00 1F 0F 00 00 53 62 8C 0B 46 01 FA 04 11 96 0E 00,0x0011
hci_snoop_2025_11_26_15_14_35.cfa,3323,2025-11-26T15:19:32.787Z,f4:db:00:00:00:d9,yes,ADV_IND,-40,02 01 06 03 02 F0 FF 15 FF 1B 00 5E 00 D9 00 00 00 DB F4 B2 0B 7F 01 E6 03 93 83 0E 00,,FFF0,1B 00 5E 00 D9 00 00 00 DB F4 B2 0B 7F 01 E6 03 93 83 0E 00,0x001B
hci_snoop_2025_11_26_15_14_35.cfa,3324,2025-11-26T15:19:32.788Z,f4:db:00:00:00:d9,yes,SCAN_RSP,-47,0D 09 54 68 65 72 6D 6F 42 65 61 63 6F 6E 05 12 18 00 38 01 02 0A 00,ThermoBeacon,,,
hci_snoop_2025_11_26_15_14_35.cfa,3325,2025-11-26T15:19:33.621Z,62:53:00:00:0f:1f,no,ADV_IND,-77,02 01 06 03 02 F0 FF 15 FF 11 00 00 00 1F 0F 00 00 53 62 8C 0B 46 01 FA 04 12 96 0E 00,,FFF0,11 00 00 00 1F 0F 00 00 53 62 8C 0B 46 01 FA 04 12 96 0E 00,0x0011
hci_snoop_2025_11_26_15_14_35.cfa,3327,2025-11-26T15:19:33.636Z,f4:db:00:00:00:d9,yes,ADV_IND,-38,02 01 06 03 02 F0 FF 15 FF 1B 00 5E 00 D9 00 00 00 DB F4 B2 0B 7F 01 E6 03 94 83 0E 00,,FFF0,1B 00 5E 00 D9 00 00 00 DB F4 B2 0B 7F 01 E6 03 94 83 0E 00,0x001B
hci_snoop_2025_11_26_15_14_35.cfa,3328,2025-11-26T15:19:33.637Z,f4:db:00:00:00:d9,yes,SCAN_RSP,-38,0D 09 54 68 65 72 6D 6F 42 65 61 63 6F 6E 05 12 18 00 38 01 02 0A 00,ThermoBeacon,,,
hci_snoop_2025_11_26_15_14_35.cfa,3329,2025-11-26T15:19:33.801Z,f4:d0:00:00:02:1a,no,ADV_IND,-62,02 01 06 03 02 F0 FF 15 FF 1B 00 00 00 1A 02 00 00 D0 F4 D0 0B 51 01 41 04 D7 DD 0C 00,,FFF0,1B 00 00 00 1A 02 00 00 D0 F4 D0 0B 51 01 41 04 D7 DD 0C 00,0x001B
hci_snoop_2025_11_26_15_14_35.cfa,3462,2025-11-26T15:19:36.949Z,f4:db:00:00:02:42,no,ADV_IND,-95,02 01 06 03 02 F0 FF 15 FF 1B 00 00 00 42 02 00 00 DB F4 DF 0B 3A 01 F7 03 5B C9 1C 00,,FFF0,1B 00 00 00 42 02 00 00 DB F4 DF 0B 3A 01 F7 03 5B C9 1C 00,0x001B
hci_snoop_2025_11_26_15_14_35.cfa,3464,2025-11-26T15:19:36.997Z,62:53:00:00:0f:1f,no,ADV_IND,-77,02 01 06 03 02 F0 FF 15 FF 11 00 00 00 1F 0F 00 00 53 62 8C 0B 46 01 FA 04 15 96 0E 00,,FFF0,11 00 00 00 1F 0F 00 00 53 62 8C 0B 46 01 FA 04 15 96 0E 00,0x0011
hci_snoop_2025_11_26_15_14_35.cfa,3466,2025-11-26T15:19:37.025Z,f4:db:00:00:00:d9,yes,ADV_IND,-46,02 01 06 03 02 F0 FF 15 FF 1B 00 5E 00 D9 00 00 00 DB F4 B2 0B 7F 01 E6 03 97 83 0E 00,,FFF0,1B 00 5E 00 D9 00 00 00 DB F4 B2 0B 7F 01 E6 03 97 83 0E 00,0x001B
hci_snoop_2025_11_26_15_14_35.cfa,3467,2025-11-26T15:19:37.026Z,f4:db:00:00:00:d9,yes,SCAN_RSP,-46,0D 09 54 68 65 72 6D 6F 42 65 61 63 6F 6E 05 12 18 00 38 01 02 0A 00,ThermoBeacon,,,
hci_snoop_2025_11_26_15_14_35.cfa,3468,2025-11-26T15:19:37.181Z,f4:d0:00:00:02:1a,no,ADV_IND,-69,02 01 06 03 02 F0 FF 15 FF 1B 00 00 00 1A 02 00 00 D0 F4 D0 0B 51 01 41 04 DB DD 0C 00,,FFF0,1B 00 00 00 1A 02 00 00 D0 F4 D0 0B 51 01 41 04 DB DD 0C 00,0x001B
hci_snoop_2025_11_26_15_14_35.cfa,3470,2025-11-26T15:19:37.285Z,f4:db:00:00:02:37,no,ADV_IND,-87,02 01 06 03 02 F0 FF 15 FF 1B 00 00 00 37 02 00 00 DB F4 BB 0B 4C 01 53 04 A6 55 0E 00,,FFF0,1B 00 00 00 37 02 00 00 DB F4 BB 0B 4C 01 53 04 A6 55 0E 00,0x001B
hci_snoop_2025_11_26_15_14_35.cfa,3474,2025-11-26T15:19:37.870Z,f4:db:00:00:00:d9,yes,ADV_IND,-43,02 01 06 03 02 F0 FF 17 FF 1B 00 5E 00 D9 00 00 00 DB F4 A7 01 5F 0F 00 00 2A 01 7E 0C 04 00,,FFF0,1B 00 5E 00 D9 00 00 00 DB F4 A7 01 5F 0F 00 00 2A 01 7E 0C 04 00,0x001B
hci_snoop_2025_11_26_15_14_35.cfa,3475,2025-11-26T15:19:37.870Z,f4:db:00:00:00:d9,yes,SCAN_RSP,-44,0D 09 54 68 65 72 6D 6F 42 65 61 63 6F 6E 05 12 18 00 38 01 02 0A 00,ThermoBeacon,,,
hci_snoop_2025_11_26_15_14_35.cfa,3478,2025-11-26T15:19:38.133Z,f4:db:00:00:02:37,no,ADV_IND,-80,02 01 06 03 02 F0 FF 15 FF 1B 00 00 00 37 02 00 00 DB F4 BB 0B 4C 01 53 04 A7 55 0E 00,,FFF0,1B 00 00 00 37 02 00 00 DB F4 BB 0B 4C 01 53 04 A7 55 0E 00,0x001B
hci_snoop_2025_11_26_15_14_35.cfa,3480,2025-11-26T15:19:38.696Z,62:53:00:00:0f:1f,no,ADV_IND,-76,02 01 06 03 02 F0 FF 15 FF 11 00 00 00 1F 0F 00 00 53 62 8C 0B 46 01 FA 04 17 96 0E 00,,FFF0,11 00 00 00 1F 0F 00 00 53 62 8C 0B 46 01 FA 04 17 96 0E 00,0x0011
hci_snoop_2025_11_26_15_14_35.cfa,3482,2025-11-26T15:19:38.716Z,f4:db:00:00:00:d9,yes,ADV_IND,-39,02 01 06 03 02 F0 FF 15 FF 1B 00 5E 00 D9 00 00 00 DB F4 B2 0B 7F 01 E6 03 99 83 0E 00,,FFF0,1B 00 5E 00 D9 00 00 00 DB F4 B2 0B 7F 01 E6 03 99 83 0E 00,0x001B
hci_snoop_2025_11_26_15_14_35.cfa,3483,2025-11-26T15:19:38.717Z,f4:db:00:00:00:d9,yes,SCAN_RSP,-39,0D 09 54 68 65 72 6D 6F 42 65 61 63 6F 6E 05 12 18 00 38 01 02 0A 00,ThermoBeacon,,,
hci_snoop_2025_11_26_15_14_35.cfa,3488,2025-11-26T15:19:39.543Z,62:53:00:00:0f:1f,no,ADV_IND,-74,02 01 06 03 02 F0 FF 15 FF 11 00 00 00 1F 0F 00 00 53 62 8D 0B 46 01 FA 04 17 96 0E 00,,FFF0,11 00 00 00 1F 0F 00 00 53 62 8D 0B 46 01 FA 04 17 96 0E 00,0x0011
hci_snoop_2025_11_26_15_14_35.cfa,3490,2025-11-26T15:19:39.562Z,f4:db:00:00:00:d9,yes,ADV_IND,-38,02 01 06 03 02 F0 FF 15 FF 1B 00 5E 00 D9 00 00 00 DB F4 B3 0B 80 01 DD 03 9A 83 0E 00,,FFF0,1B 00 5E 00 D9 00 00 00 DB F4 B3 0B 80 01 DD 03 9A 83 0E 00,0x001B
hci_snoop_2025_11_26_15_14_35.cfa,3491,2025-11-26T15:19:39.563Z,f4:db:00:00:00:d9,yes,SCAN_RSP,-46,0D 09 54 68 65 72 6D 6F 42 65 61 63 6F 6E 05 12 18 00 38 01 02 0A 00,ThermoBeacon,,,
hci_snoop_2025_11_26_15_14_35.cfa,3492,2025-11-26T15:19:39.725Z,f4:d0:00:00:02:1a,no,ADV_IND,-69,02 01 06 03 02 F0 FF 15 FF 1B 00 00 00 1A 02 00 00 D0 F4 D1 0B 51 01 41 04 DD DD 0C 00,,FFF0,1B 00 00 00 1A 02 00 00 D0 F4 D1 0B 51 01 41 04 DD DD 0C 00,0x001B
hci_snoop_2025_11_26_15_14_35.cfa,3494,2025-11-26T15:19:40.389Z,62:53:00:00:0f:1f,no,ADV_IND,-72,02 01 06 03 02 F0 FF 15 FF 11 00 00 00 1F 0F 00 00 53 62 8D 0B 46 01 FA 04 18 96 0E 00,,FFF0,11 00 00 00 1F 0F 00 00 53 62 8D 0B 46 01 FA 04 18 96 0E 00,0x0011
hci_snoop_2025_11_26_15_14_35.cfa,3496,2025-11-26T15:19:40.412Z,f4:db:00:00:00:d9,yes,ADV_IND,-39,02 01 06 03 02 F0 FF 17 FF 1B 00 5E 00 D9 00 00 00 DB F4 A7 01 5F 0F 00 00 2A 01 7E 0C 04 00,,FFF0,1B 00 5E 00 D9 00 00 00 DB F4 A7 01 5F 0F 00 00 2A 01 7E 0C 04 00,0x001B
hci_snoop_2025_11_26_15_14_35.cfa,3497,2025-11-26T15:19:40.413Z,f4:db:00:00:00:d9,yes,SCAN_RSP,-39,0D 09 54 68 65 72 6D 6F 42 65 61 63 6F 6E 05 12 18 00 38 01 02 0A 00,ThermoBeacon,,,
hci_snoop_2025_11_26_15_14_35.cfa,3615,2025-11-26T15:19:49.143Z,f4:db:00:00:02:37,no,ADV_IND,-84,02 01 06 03 02 F0 FF 15 FF 1B 00 00 00 37 02 00 00 DB F4 BB 0B 4C 01 53 04 B2 55 0E 00,,FFF0,1B 00 00 00 37 02 00 00 DB F4 BB 0B 4C 01 53 04 B2 55 0E 00,0x001B
hci_snoop_2025_11_26_15_14_35.cfa,3619,2025-11-26T15:19:49.884Z,f4:d0:00:00:02:1a,no,ADV_IND,-66,02 01 06 03 02 F0 FF 15 FF 1B 00 00 00 1A 02 00 00 D0 F4 D0 0B 51 01 41 04 E7 DD 0C 00,,FFF0,1B 00 00 00 1A 02 00 00 D0 F4 D0 0B 51 01 41 04 E7 DD 0C 00,0x001B
hci_snoop_2025_11_26_15_14_35.cfa,3623,2025-11-26T15:19:49.991Z,f4:db:00:00:02:37,no,ADV_IND,-74,02 01 06 03 02 F0 FF 15 FF 1B 00 00 00 37 02 00 00 DB F4 BB 0B 4C 01 53 04 B3 55 0E 00,,FFF0,1B 00 00 00 37 02 00 00 DB F4 BB 0B 4C 01 53 04 B3 55 0E 00,0x001B
hci_snoop_2025_11_26_15_14_35.cfa,3634,2025-11-26T15:19:50.576Z,f4:db:00:00:00:d9,yes,ADV_IND,-40,02 01 06 03 02 F0 FF 15 FF 1B 00 70 00 D9 00 00 00 DB F4 B3 0B 80 01 D6 03 A5 83 0E 00,,FFF0,1B 00 70 00 D9 00 00 00 DB F4 B3 0B 80 01 D6 03 A5 83 0E 00,0x001B
hci_snoop_2025_11_26_15_14_35.cfa,3635,2025-11-26T15:19:50.576Z,f4:db:00:00:00:d9,yes,SCAN_RSP,-40,0D 09 54 68 65 72 6D 6F 42 65 61 63 6F 6E 05 12 18 00 38 01 02 0A 00,ThermoBeacon,,,
hci_snoop_2025_11_26_15_14_35.cfa,3640,2025-11-26T15:19:51.426Z,f4:db:00:00:00:d9,yes,ADV_IND,-44,02 01 06 03 02 F0 FF 15 FF 1B 00 70 00 D9 00 00 00 DB F4 B3 0B 80 01 D6 03 A6 83 0E 00,,FFF0,1B 00 70 00 D9 00 00 00 DB F4 B3 0B 80 01 D6 03 A6 83 0E 00,0x001B
hci_snoop_2025_11_26_15_14_35.cfa,3641,2025-11-26T15:19:51.427Z,f4:db:00:00:00:d9,yes,SCAN_RSP,-46,0D 09 54 68 65 72 6D 6F 42 65 61 63 6F 6E 05 12 18 00 38 01 02 0A 00,ThermoBeacon,,,
hci_snoop_2025_11_26_15_14_35.cfa,3642,2025-11-26T15:19:51.581Z,f4:d0:00:00:02:1a,no,ADV_IND,-73,02 01 06 03 02 F0 FF 15 FF 1B 00 00 00 1A 02 00 00 D0 F4 D0 0B 51 01 41 04 E9 DD 0C 00,,FFF0,1B 00 00 00 1A 02 00 00 D0 F4 D0 0B 51 01 41 04 E9 DD 0C 00,0x001B
hci_snoop_2025_11_26_15_14_35.cfa,3646,2025-11-26T15:19:52.243Z,62:53:00:00:0f:1f,no,ADV_IND,-78,02 01 06 03 02 F0 FF 15 FF 11 00 00 00 1F 0F 00 00 53 62 8C 0B 46 01 FA 04 24 96 0E 00,,FFF0,11 00 00 00 1F 0F 00 00 53 62 8C 0B 46 01 FA 04 24 96 0E 00,0x0011
hci_snoop_2025_11_26_15_14_35.cfa,3648,2025-11-26T15:19:52.270Z,f4:db:00:00:00:d9,yes,ADV_IND,-40,02 01 06 03 02 F0 FF 17 FF 1B 00 70 00 D9 00 00 00 DB F4 A7 01 5F 0F 00 00 2A 01 7E 0C 04 00,,FFF0,1B 00 70 00 D9 00 00 00 DB F4 A7 01 5F 0F 00 00 2A 01 7E 0C 04 00,0x001B
hci_snoop_2025_11_26_15_14_35.cfa,3649,2025-11-26T15:19:52.271Z,f4:db:00:00:00:d9,yes,SCAN_RSP,-41,0D 09 54 68 65 72 6D 6F 42 65 61 63 6F 6E 05 12 18 00 38 01 02 0A 00,ThermoBeacon,,,
old/hci_snoop_2018_01_01_12_06_26.cfa,194,2018-01-01T12:06:28.602Z,62:53:00:00:0f:1f,no,ADV_IND,-79,02 01 06 03 02 F0 FF 15 FF 11 00 00 00 1F 0F 00 00 53 62 88 0B 45 01 24 05 75 B3 05 00,,FFF0,11 00 00 00 1F 0F 00 00 53 62 88 0B 45 01 24 05 75 B3 05 00,0x0011
old/hci_snoop_2018_01_01_12_06_26.cfa,195,2018-01-01T12:06:28.602Z,62:53:00:00:0f:1f,no,SCAN_RSP,-80,0D 09 54 68 65 72 6D 6F 42 65 61 63 6F 6E 05 12 18 00 38 01 02 0A 00,ThermoBeacon,,,
old/hci_snoop_2018_01_01_12_06_26.cfa,196,2018-01-01T12:06:28.632Z,f4:db:00:00:02:37,no,ADV_IND,-85,02 01 06 03 02 F0 FF 15 FF 1B 00 00 00 37 02 00 00 DB F4 D7 0B 36 01 C4 04 20 73 05 00,,FFF0,1B 00 00 00 37 02 00 00 DB F4 D7 0B 36 01 C4 04 20 73 05 00,0x001B
old/hci_snoop_2018_01_01_12_06_26.cfa,197,2018-01-01T12:06:28.633Z,f4:db:00:00:02:37,no,SCAN_RSP,-84,0D 09 54 68 65 72 6D 6F 42 65 61 63 6F 6E 05 12 18 00 38 01 02 0A 00,ThermoBeacon,,,
old/hci_snoop_2018_01_01_12_06_26.cfa,198,2018-01-01T12:06:28.950Z,f4:d0:00:00:02:1a,no,ADV_IND,-58,02 01 06 03 02 F0 FF 15 FF 1B 00 00 00 1A 02 00 00 D0 F4 E7 0B 4A 01 90 04 50 FB 03 00,,FFF0,1B 00 00 00 1A 02 00 00 D0 F4 E7 0B 4A 01 90 04 50 FB 03 00,0x001B
old/hci_snoop_2018_01_01_12_06_26.cfa,199,2018-01-01T12:06:28.950Z,f4:d0:00:00:02:1a,no,SCAN_RSP,-58,0D 09 54 68 65 72 6D 6F 42 65 61 63 6F 6E 05 12 18 00 38 01 02 0A 00,ThermoBeacon,,,
old/hci_snoop_2018_01_01_12_06_26.cfa,230,2018-01-01T12:06:31.492Z,f4:d0:00:00:02:1a,no,ADV_IND,-57,02 01 06 03 02 F0 FF 15 FF 1B 00 00 00 1A 02 00 00 D0 F4 E8 0B 4A 01 90 04 53 FB 03 00,,FFF0,1B 00 00 00 1A 02 00 00 D0 F4 E8 0B 4A 01 90 04 53 FB 03 00,0x001B
old/hci_snoop_2018_01_01_12_06_26.cfa,258,2018-01-01T12:06:31.992Z,62:53:00:00:0f:1f,no,ADV_IND,-85,02 01 06 03 02 F0 FF 15 FF 11 00 00 00 1F 0F 00 00 53 62 87 0B 45 01 24 05 79 B3 05 00,,FFF0,11 00 00 00 1F 0F 00 00 53 62 87 0B 45 01 24 05 79 B3 05 00,0x0011
old/hci_snoop_2018_01_01_12_06_26.cfa,260,2018-01-01T12:06:32.021Z,f4:db:00:00:02:37,no,ADV_IND,-76,02 01 06 03 02 F0 FF 15 FF 1B 00 00 00 37 02 00 00 DB F4 D6 0B 36 01 C4 04 23 73 05 00,,FFF0,1B 00 00 00 37 02 00 00 DB F4 D6 0B 36 01 C4 04 23 73 05 00,0x001B
old/hci_snoop_2018_01_01_12_06_26.cfa,262,2018-01-01T12:06:32.228Z,f4:db:00:00:00:d9,yes,ADV_IND,-64,02 01 06 03 02 F0 FF 17 FF 1B 00 FC 00 D9 00 00 00 DB F4 A7 01 5F 0F 00 00 2A 01 7E 0C 04 00,,FFF0,1B 00 FC 00 D9 00 00 00 DB F4 A7 01 5F 0F 00 00 2A 01 7E 0C 04 00,0x001B
old/hci_snoop_2018_01_01_12_06_26.cfa,263,2018-01-01T12:06:32.229Z,f4:db:00:00:00:d9,yes,SCAN_RSP,-65,0D 09 54 68 65 72 6D 6F 42 65 61 63 6F 6E 05 12 18 00 38 01 02 0A 00,ThermoBeacon,,,
old/hci_snoop_2018_01_01_12_06_26.cfa,264,2018-01-01T12:06:32.338Z,f4:d0:00:00:02:1a,no,ADV_IND,-74,02 01 06 03 02 F0 FF 15 FF 1B 00 00 00 1A 02 00 00 D0 F4 E8 0B 4A 01 90 04 54 FB 03 00,,FFF0,1B 00 00 00 1A 02 00 00 D0 F4 E8 0B 4A 01 90 04 54 FB 03 00,0x001B
old/hci_snoop_2018_01_01_12_06_26.cfa,266,2018-01-01T12:06:32.843Z,62:53:00:00:0f:1f,no,ADV_IND,-76,02 01 06 03 02 F0 FF 17 FF 11 00 00 00 1F 0F 00 00 53 62 54 01 A8 88 01 00 2C 01 15 35 04 00,,FFF0,11 00 00 00 1F 0F 00 00 53 62 54 01 A8 88 01 00 2C 01 15 35 04 00,0x0011
old/hci_snoop_2018_01_01_12_06_26.cfa,268,2018-01-01T12:06:32.867Z,f4:db:00:00:02:37,no,ADV_IND,-78,02 01 06 03 02 F0 FF 17 FF 1B 00 00 00 37 02 00 00 DB F4 4B 01 2A E1 00 00 1D 01 24 B6 04 00,,FFF0,1B 00 00 00 37 02 00 00 DB F4 4B 01 2A E1 00 00 1D 01 24 B6 04 00,0x001B
old/hci_snoop_2018_01_01_12_06_26.cfa,270,2018-01-01T12:06:33.079Z,f4:db:00:00:00:d9,yes,ADV_IND,-59,02 01 06 03 02 F0 FF 15 FF 1B 00 FC 00 D9 00 00 00 DB F4 CE 0B 70 01 F0 03 09 A1 05 00,,FFF0,1B 00 FC 00 D9 00 00 00 DB F4 CE 0B 70 01 F0 03 09 A1 05 00,0x001B
old/hci_snoop_2018_01_01_12_06_26.cfa,271,2018-01-01T12:06:33.080Z,f4:db:00:00:00:d9,yes,SCAN_RSP,-60,0D 09 54 68 65 72 6D 6F 42 65 61 63 6F 6E 05 12 18 00 38 01 02 0A 00,ThermoBeacon,,,
old/hci_snoop_2018_01_01_12_06_26.cfa,272,2018-01-01T12:06:33.187Z,f4:d0:00:00:02:1a,no,ADV_IND,-68,02 01 06 03 02 F0 FF 17 FF 1B 00 00 00 1A 02 00 00 D0 F4 62 01 29 DA 00 00 1B 01 20 3E 03 00,,FFF0,1B 00 00 00 1A 02 00 00 D0 F4 62 01 29 DA 00 00 1B 01 20 3E 03 00,0x001B
old/hci_snoop_2018_01_01_12_06_26.cfa,276,2018-01-01T12:06:33.715Z,f4:db:00:00:02:37,no,ADV_IND,-79,02 01 06 03 02 F0 FF 15 FF 1B 00 00 00 37 02 00 00 DB F4 D6 0B 36 01 C4 04 25 73 05 00,,FFF0,1B 00 00 00 37 02 00 00 DB F4 D6 0B 36 01 C4 04 25 73 05 00,0x001B
old/hci_snoop_2018_01_01_12_06_26.cfa,278,2018-01-01T12:06:33.927Z,f4:db:00:00:00:d9,yes,ADV_IND,-53,02 01 06 03 02 F0 FF 15 FF 1B 00 FC 00 D9 00 00 00 DB F4 CE 0B 70 01 F0 03 09 A1 05 00,,FFF0,1B 00 FC 00 D9 00 00 00 DB F4 CE 0B 70 01 F0 03 09 A1 05 00,0x001B
old/hci_snoop_2018_01_01_12_06_26.cfa,279,2018-01-01T12:06:33.928Z,f4:db:00:00:00:d9,yes,SCAN_RSP,-53,0D 09 54 68 65 72 6D 6F 42 65 61 63 6F 6E 05 12 18 00 38 01 02 0A 00,ThermoBeacon,,,
old/hci_snoop_2018_01_01_12_06_26.cfa,280,2018-01-01T12:06:34.538Z,62:53:00:00:0f:1f,no,ADV_IND,-84,02 01 06 03 02 F0 FF 15 FF 11 00 00 00 1F 0F 00 00 53 62 87 0B 45 01 24 05 7B B3 05 00,,FFF0,11 00 00 00 1F 0F 00 00 53 62 87 0B 45 01 24 05 7B B3 05 00,0x0011
old/hci_snoop_2018_01_01_12_06_26.cfa,282,2018-01-01T12:06:34.561Z,f4:db:00:00:02:37,no,ADV_IND,-76,02 01 06 03 02 F0 FF 15 FF 1B 00 00 00 37 02 00 00 DB F4 D6 0B 36 01 C4 04 26 73 05 00,,FFF0,1B 00 00 00 37 02 00 00 DB F4 D6 0B 36 01 C4 04 26 73 05 00,0x001B
old/hci_snoop_2018_01_01_12_06_26.cfa,296,2018-01-01T12:06:34.769Z,f4:db:00:00:00:d9,yes,ADV_IND,-55,02 01 06 03 02 F0 FF 15 FF 1B 00 FC 00 D9 00 00 00 DB F4 CE 0B 70 01 F0 03 0A A1 05 00,,FFF0,1B 00 FC 00 D9 00 00 00 DB F4 CE 0B 70 01 F0 03 0A A1 05 00,0x001B
old/hci_snoop_2018_01_01_12_06_26.cfa,297,2018-01-01T12:06:34.769Z,f4:db:00:00:00:d9,yes,SCAN_RSP,-55,0D 09 54 68 65 72 6D 6F 42 65 61 63 6F 6E 05 12 18 00 38 01 02 0A 00,ThermoBeacon,,,
old/hci_snoop_2018_01_01_12_06_26.cfa,298,2018-01-01T12:06:34.880Z,f4:d0:00:00:02:1a,no,ADV_IND,-62,02 01 06 03 02 F0 FF 15 FF 1B 00 00 00 1A 02 00 00 D0 F4 E8 0B 4A 01 90 04 56 FB 03 00,,FFF0,1B 00 00 00 1A 02 00 00 D0 F4 E8 0B 4A 01 90 04 56 FB 03 00,0x001B
old/hci_snoop_2018_01_01_12_06_26.cfa,338,2018-01-01T12:06:37.665Z,1b:d0:22:14:4b:2b,no,ADV_NONCONN_IND,-68,1E FF 06 00 01 09 20 22 C0 2D AA F1 F6 77 80 C0 39 53 1A 91 22 3C DC 8E 56 F0 9C E6 BB 8E 08,,,06 00 01 09 20 22 C0 2D AA F1 F6 77 80 C0 39 53 1A 91 22 3C DC 8E 56 F0 9C E6 BB 8E 08,0x0006
old/hci_snoop_2018_01_01_12_06_26.cfa,339,2018-01-01T12:06:37.724Z,d4:aa:d5:5e:af:d2,no,ADV_IND,-70,02 01 06 03 02 0F FE 08 16 0F FE 02 10 30 0E 0C,,FE0F,,
old/hci_snoop_2018_01_01_12_06_26.cfa,340,2018-01-01T12:06:37.725Z,d4:aa:d5:5e:af:d2,no,SCAN_RSP,-69,02 0A 0A 12 09 48 75 65 20 61 6D 62 69 61 6E 63 65 20 6C 61 6D 70,Hue ambiance lamp,,,
old/hci_snoop_2018_01_01_12_06_26.cfa,342,2018-01-01T12:06:37.824Z,76:11:e6:b4:e5:42,no,ADV_IND,-86,02 01 1A 02 0A 0C 0C FF 4C 00 10 07 35 1F 07 74 62 08 48,,,4C 00 10 07 35 1F 07 74 62 08 48,0x004C
old/hci_snoop_2018_01_01_12_06_26.cfa,343,2018-01-01T12:06:37.824Z,76:11:e6:b4:e5:42,no,SCAN_RSP,-86,,,,,
old/hci_snoop_2018_01_01_12_06_26.cfa,345,2018-01-01T12:06:37.921Z,62:53:00:00:0f:1f,no,ADV_IND,-84,02 01 06 03 02 F0 FF 15 FF 11 00 00 00 1F 0F 00 00 53 62 87 0B 45 01 24 05 7F B3 05 00,,FFF0,11 00 00 00 1F 0F 00 00 53 62 87 0B 45 01 24 05 7F B3 05 00,0x0011
old/hci_snoop_2018_01_01_12_06_26.cfa,359,2018-01-01T12:06:37.949Z,f4:db:00:00:02:37,no,ADV_IND,-81,02 01 06 03 02 F0 FF 15 FF 1B 00 00 00 37 02 00 00 DB F4 D6 0B 36 01 C4 04 29 73 05 00,,FFF0,1B 00 00 00 37 02 00 00 DB F4 D6 0B 36 01 C4 04 29 73 05 00,0x001B
old/hci_snoop_2018_01_01_12_06_26.cfa,362,2018-01-01T12:06:38.086Z,fc:4f:93:cc:d7:6e,no,ADV_IND,-48,02 01 06 03 02 0F FE 08 16 0F FE 02 10 30 0E 0A,,FE0F,,
old/hci_snoop_2018_01_01_12_06_26.cfa,363,2018-01-01T12:06:38.087Z,fc:4f:93:cc:d7:6e,no,SCAN_RSP,-48,02 0A 0A 12 09 48 75 65 20 61 6D 62 69 61 6E 63 65 20 6C 61 6D 70,Hue ambiance lamp,,,
old/hci_snoop_2018_01_01_12_06_26.cfa,367,2018-01-01T12:06:38.158Z,f4:db:00:00:00:d9,yes,ADV_IND,-43,02 01 06 03 02 F0 FF 17 FF 1B 00 FC 80 D9 00 00 00 DB F4 A7 01 5F 0F 00 00 2A 01 7E 0C 04 00,,FFF0,1B 00 FC 80 D9 00 00 00 DB F4 A7 01 5F 0F 00 00 2A 01 7E 0C 04 00,0x001B
old/hci_snoop_2018_01_01_12_06_26.cfa,368,2018-01-01T12:06:38.159Z,f4:db:00:00:00:d9,yes,SCAN_RSP,-44,0D 09 54 68 65 72 6D 6F 42 65 61 63 6F 6E 05 12 18 00 38 01 02 0A 00,ThermoBeacon,,,
old/hci_snoop_2018_01_01_12_06_26.cfa,370,2018-01-01T12:06:38.269Z,f4:d0:00:00:02:1a,no,ADV_IND,-60,02 01 06 03 02 F0 FF 15 FF 1B 00 00 00 1A 02 00 00 D0 F4 E9 0B 4A 01 90 04 5A FB 03 00,,FFF0,1B 00 00 00 1A 02 00 00 D0 F4 E9 0B 4A 01 90 04 5A FB 03 00,0x001B
old/hci_snoop_2018_01_01_12_06_26.cfa,372,2018-01-01T12:06:38.314Z,d9:38:1c:8e:47:17,no,ADV_IND,-92,02 01 06 03 02 0F FE 08 16 0F FE 02 10 30 0E 0C,,FE0F,,
old/hci_snoop_2018_01_01_12_06_26.cfa,374,2018-01-01T12:06:38.368Z,7d:51:7a:ed:dc:6e,no,ADV_IND,-94,02 01 1A 02 0A 07 0C FF 4C 00 10 07 39 1F 8B 8B 74 FC 48,,,4C 00 10 07 39 1F 8B 8B 74 FC 48,0x004C
old/hci_snoop_2018_01_01_12_06_26.cfa,383,2018-01-01T12:06:38.640Z,d2:7e:18:da:5e:11,no,ADV_IND,-46,1A FF 4C 00 12 02 AE 02 07 11 06 C2 D3 F3 65 59 D6 ED 3F BF B0 FF B9 F2 73 6D AF,,,4C 00 12 02 AE 02 07 11 06 C2 D3 F3 65 59 D6 ED 3F BF B0 FF B9 F2 73 6D AF,0x004C
old/hci_snoop_2018_01_01_12_06_26.cfa,384,2018-01-01T12:06:38.641Z,d2:7e:18:da:5e:11,no,SCAN_RSP,-48,,,,,
old/hci_snoop_2018_01_01_12_06_26.cfa,385,2018-01-01T12:06:38.657Z,6e:17:ee:7c:54:a1,no,ADV_NONCONN_IND,-92,02 01 1A 0D FF 4C 00 16 08 00 8D A4 36 3C 64 3C 22,,,4C 00 16 08 00 8D A4 36 3C 64 3C 22,0x004C
old/hci_snoop_2018_01_01_12_06_26.cfa,386,2018-01-01T12:06:38.677Z,c0:b9:8e:2d:ef:45,no,ADV_NONCONN_IND,-90,07 FF 4C 00 12 02 00 02,,,4C 00 12 02 00 02,0x004C
old/hci_snoop_2018_01_01_12_06_26.cfa,387,2018-01-01T12:06:38.696Z,f8:9f:16:22:16:eb,no,ADV_NONCONN_IND,-53,07 FF 4C 00 12 02 00 00,,,4C 00 12 02 00 00,0x004C
old/hci_snoop_2018_01_01_12_06_26.cfa,388,2018-01-01T12:06:38.696Z,51:8d:2d:b6:15:f4,no,ADV_NONCONN_IND,-101,24 0C 86 85 0E D4,,,,
old/hci_snoop_2018_01_01_12_06_26.cfa,393,2018-01-01T12:06:38.888Z,7d:51:7a:ed:dc:6e,no,SCAN_RSP,-94,14 FF 4C 00 01 00 00 00 00 00 00 00 00 00 00 00 00 80 00 00 00,,,4C 00 01 00 00 00 00 00 00 00 00 00 00 00 00 80 00 00 00,0x004C
old/hci_snoop_2018_01_01_12_06_26.cfa,399,2018-01-01T12:06:39.006Z,f4:db:00:00:00:d9,yes,ADV_IND,-34,02 01 06 03 02 F0 FF 17 FF 1B 00 FC 80 D9 00 00 00 DB F4 A7 01 5F 0F 00 00 2A 01 7E 0C 04 00,,FFF0,1B 00 FC 80 D9 00 00 00 DB F4 A7 01 5F 0F 00 00 2A 01 7E 0C 04 00,0x001B
old/hci_snoop_2018_01_01_12_06_26.cfa,400,2018-01-01T12:06:39.007Z,f4:db:00:00:00:d9,yes,SCAN_RSP,-34,0D 09 54 68 65 72 6D 6F 42 65 61 63 6F 6E 05 12 18 00 38 01 02 0A 00,ThermoBeacon,,,
old/hci_snoop_2018_01_01_12_06_26.cfa,402,2018-01-01T12:06:39.070Z,5e:7c:81:6b:a3:e5,no,ADV_NONCONN_IND,-94,02 01 1A 0D FF 4C 00 16 08 00 9E 6D DC B7 D2 D3 8B,,,4C 00 16 08 00 9E 6D DC B7 D2 D3 8B,0x004C
old/hci_snoop_2018_01_01_12_06_26.cfa,406,2018-01-01T12:06:39.149Z,d9:38:1c:8e:47:17,no,SCAN_RSP,-78,02 0A 0A 12 09 48 75 65 20 61 6D 62 69 61 6E 63 65 20 6C 61 6D 70,Hue ambiance lamp,,,
old/hci_snoop_2018_01_01_12_06_26.cfa,409,2018-01-01T12:06:39.155Z,e2:73:d9:43:f9:25,no,ADV_NONCONN_IND,-94,07 FF 4C 00 12 02 00 01,,,4C 00 12 02 00 01,0x004C
old/hci_snoop_2018_01_01_12_06_26.cfa,413,2018-01-01T12:06:39.285Z,ed:ab:91:8b:70:7e,no,ADV_NONCONN_IND,-56,07 FF 4C 00 12 02 00 03,,,4C 00 12 02 00 03,0x004C
old/hci_snoop_2018_01_01_12_06_26.cfa,415,2018-01-01T12:06:39.434Z,f4:db:00:00:02:42,no,ADV_IND,-97,02 01 06 03 02 F0 FF 17 FF 1B 00 00 00 42 02 00 00 DB F4 86 01 30 25 02 00 29 01 81 06 0E 00,,FFF0,1B 00 00 00 42 02 00 00 DB F4 86 01 30 25 02 00 29 01 81 06 0E 00,0x001B
old/hci_snoop_2018_01_01_12_06_26.cfa,426,2018-01-01T12:06:39.706Z,f4:db:00:00:02:37,no,ADV_IND,-83,02 01 06 03 02 F0 FF 15 FF 1B 00 00 00 37 02 00 00 DB F4 D6 0B 36 01 C4 04 2B 73 05 00,,FFF0,1B 00 00 00 37 02 00 00 DB F4 D6 0B 36 01 C4 04 2B 73 05 00,0x001B
old/hci_snoop_2018_01_01_12_06_26.cfa,432,2018-01-01T12:06:39.853Z,f4:db:00:00:00:d9,yes,ADV_IND,-35,02 01 06 03 02 F0 FF 15 FF 1B 00 FC 80 D9 00 00 00 DB F4 CE 0B 70 01 F0 03 0F A1 05 00,,FFF0,1B 00 FC 80 D9 00 00 00 DB F4 CE 0B 70 01 F0 03 0F A1 05 00,0x001B
old/hci_snoop_2018_01_01_12_06_26.cfa,433,2018-01-01T12:06:39.853Z,f4:db:00:00:00:d9,yes,SCAN_RSP,-36,0D 09 54 68 65 72 6D 6F 42 65 61 63 6F 6E 05 12 18 00 38 01 02 0A 00,ThermoBeacon,,,
old/hci_snoop_2018_01_01_12_06_26.cfa,453,2018-01-01T12:06:40.463Z,62:53:00:00:0f:1f,no,ADV_IND,-79,02 01 06 03 02 F0 FF 15 FF 11 00 00 00 1F 0F 00 00 53 62 87 0B 45 01 24 05 81 B3 05 00,,FFF0,11 00 00 00 1F 0F 00 00 53 62 87 0B 45 01 24 05 81 B3 05 00,0x0011
old/hci_snoop_2018_01_01_12_06_26.cfa,455,2018-01-01T12:06:40.528Z,f4:db:00:00:02:37,no,ADV_IND,-86,02 01 06 03 02 F0 FF 15 FF 1B 00 00 00 37 02 00 00 DB F4 D7 0B 36 01 C3 04 2C 73 05 00,,FFF0,1B 00 00 00 37 02 00 00 DB F4 D7 0B 36 01 C3 04 2C 73 05 00,0x001B
old/hci_snoop_2018_01_01_12_06_26.cfa,476,2018-01-01T12:06:40.762Z,f4:db:00:00:00:d9,yes,ADV_IND,-34,02 01 06 03 02 F0 FF 15 FF 1B 00 FC 80 D9 00 00 00 DB F4 CE 0B 70 01 F0 03 10 A1 05 00,,FFF0,1B 00 FC 80 D9 00 00 00 DB F4 CE 0B 70 01 F0 03 10 A1 05 00,0x001B
old/hci_snoop_2018_01_01_12_06_26.cfa,519,2018-01-01T12:06:41.310Z,62:53:00:00:0f:1f,no,ADV_IND,-80,02 01 06 03 02 F0 FF 15 FF 11 00 00 00 1F 0F 00 00 53 62 87 0B 45 01 24 05 82 B3 05 00,,FFF0,11 00 00 00 1F 0F 00 00 53 62 87 0B 45 01 24 05 82 B3 05 00,0x0011
old/hci_snoop_2018_01_01_12_06_26.cfa,618,2018-01-01T12:06:43.031Z,f4:db:00:00:02:37,no,ADV_IND,-78,02 01 06 03 02 F0 FF 15 FF 1B 00 00 00 37 02 00 00 DB F4 D6 0B 36 01 C4 04 2E 73 05 00,,FFF0,1B 00 00 00 37 02 00 00 DB F4 D6 0B 36 01 C4 04 2E 73 05 00,0x001B
old/hci_snoop_2018_01_01_12_06_26.cfa,620,2018-01-01T12:06:43.241Z,f4:db:00:00:00:d9,yes,ADV_IND,-34,02 01 06 03 02 F0 FF 15 FF 1B 00 FC 80 D9 00 00 00 DB F4 CE 0B 70 01 F1 03 13 A1 05 00,,FFF0,1B 00 FC 80 D9 00 00 00 DB F4 CE 0B 70 01 F1 03 13 A1 05 00,0x001B
old/hci_snoop_2018_01_01_12_06_26.cfa,621,2018-01-01T12:06:43.242Z,f4:db:00:00:00:d9,yes,SCAN_RSP,-34,0D 09 54 68 65 72 6D 6F 42 65 61 63 6F 6E 05 12 18 00 38 01 02 0A 00,ThermoBeacon,,,
old/hci_snoop_2018_01_01_12_06_26.cfa,622,2018-01-01T12:06:43.352Z,f4:d0:00:00:02:1a,no,ADV_IND,-70,02 01 06 03 02 F0 FF 15 FF 1B 00 00 00 1A 02 00 00 D0 F4 E9 0B 4A 01 90 04 5F FB 03 00,,FFF0,1B 00 00 00 1A 02 00 00 D0 F4 E9 0B 4A 01 90 04 5F FB 03 00,0x001B
old/hci_snoop_2018_01_01_12_06_26.cfa,624,2018-01-01T12:06:43.851Z,62:53:00:00:0f:1f,no,ADV_IND,-73,02 01 06 03 02 F0 FF 15 FF 11 00 00 00 1F 0F 00 00 53 62 87 0B 45 01 24 05 85 B3 05 00,,FFF0,11 00 00 00 1F 0F 00 00 53 62 87 0B 45 01 24 05 85 B3 05 00,0x0011
old/hci_snoop_2018_01_01_12_06_26.cfa,626,2018-01-01T12:06:43.878Z,f4:db:00:00:02:37,no,ADV_IND,-83,02 01 06 03 02 F0 FF 15 FF 1B 00 00 00 37 02 00 00 DB F4 D7 0B 36 01 C4 04 2F 73 05 00,,FFF0,1B 00 00 00 37 02 00 00 DB F4 D7 0B 36 01 C4 04 2F 73 05 00,0x001B
old/hci_snoop_2018_01_01_12_06_26.cfa,628,2018-01-01T12:06:44.093Z,f4:db:00:00:00:d9,yes,ADV_IND,-38,02 01 06 03 02 F0 FF 17 FF 1B 00 FC 80 D9 00 00 00 DB F4 A7 01 5F 0F 00 00 2A 01 7E 0C 04 00,,FFF0,1B 00 FC 80 D9 00 00 00 DB F4 A7 01 5F 0F 00 00 2A 01 7E 0C 04 00,0x001B
old/hci_snoop_2018_01_01_12_06_26.cfa,629,2018-01-01T12:06:44.094Z,f4:db:00:00:00:d9,yes,SCAN_RSP,-47,0D 09 54 68 65 72 6D 6F 42 65 61 63 6F 6E 05 12 18 00 38 01 02 0A 00,ThermoBeacon,,,
old/hci_snoop_2018_01_01_12_06_26.cfa,630,2018-01-01T12:06:44.198Z,f4:d0:00:00:02:1a,no,ADV_IND,-68,02 01 06 03 02 F0 FF 15 FF 1B 00 00 00 1A 02 00 00 D0 F4 E9 0B 4A 01 90 04 60 FB 03 00,,FFF0,1B 00 00 00 1A 02 00 00 D0 F4 E9 0B 4A 01 90 04 60 FB 03 00,0x001B
old/hci_snoop_2018_01_01_12_06_26.cfa,632,2018-01-01T12:06:44.942Z,f4:db:00:00:00:d9,yes,ADV_IND,-46,02 01 06 03 02 F0 FF 17 FF 1B 00 FC 80 D9 00 00 00 DB F4 A7 01 5F 0F 00 00 2A 01 7E 0C 04 00,,FFF0,1B 00 FC 80 D9 00 00 00 DB F4 A7 01 5F 0F 00 00 2A 01 7E 0C 04 00,0x001B
old/hci_snoop_2018_01_01_12_06_26.cfa,633,2018-01-01T12:06:44.942Z,f4:db:00:00:00:d9,yes,SCAN_RSP,-46,0D 09 54 68 65 72 6D 6F 42 65 61 63 6F 6E 05 12 18 00 38 01 02 0A 00,ThermoBeacon,,,
old/hci_snoop_2018_01_01_12_06_26.cfa,636,2018-01-01T12:06:45.789Z,f4:db:00:00:00:d9,yes,ADV_IND,-54,02 01 06 03 02 F0 FF 15 FF 1B 00 FC 80 D9 00 00 00 DB F4 CC 0B 6F 01 F2 03 15 A1 05 00,,FFF0,1B 00 FC 80 D9 00 00 00 DB F4 CC 0B 6F 01 F2 03 15 A1 05 00,0x001B
old/hci_snoop_2018_01_01_12_06_26.cfa,637,2018-01-01T12:06:45.790Z,f4:db:00:00:00:d9,yes,SCAN_RSP,-54,0D 09 54 68 65 72 6D 6F 42 65 61 63 6F 6E 05 12 18 00 38 01 02 0A 00,ThermoBeacon,,,
old/hci_snoop_2018_01_01_12_06_26.cfa,638,2018-01-01T12:06:46.395Z,62:53:00:00:0f:1f,no,ADV_IND,-73,02 01 06 03 02 F0 FF 15 FF 11 00 00 00 1F 0F 00 00 53 62 86 0B 45 01 24 05 87 B3 05 00,,FFF0,11 00 00 00 1F 0F 00 00 53 62 86 0B 45 01 24 05 87 B3 05 00,0x0011
old/hci_snoop_2018_01_01_12_06_26.cfa,640,2018-01-01T12:06:46.416Z,f4:db:00:00:02:37,no,ADV_IND,-80,02 01 06 03 02 F0 FF 15 FF 1B 00 00 00 37 02 00 00 DB F4 D6 0B 36 01 C4 04 32 73 05 00,,FFF0,1B 00 00 00 37 02 00 00 DB F4 D6 0B 36 01 C4 04 32 73 05 00,0x001B
old/hci_snoop_2018_01_01_12_06_26.cfa,642,2018-01-01T12:06:46.640Z,f4:db:00:00:00:d9,yes,ADV_IND,-46,02 01 06 03 02 F0 FF 15 FF 1B 00 FC 80 D9 00 00 00 DB F4 CE 0B 70 01 F7 03 16 A1 05 00,,FFF0,1B 00 FC 80 D9 00 00 00 DB F4 CE 0B 70 01 F7 03 16 A1 05 00,0x001B
old/hci_snoop_2018_01_01_12_06_26.cfa,643,2018-01-01T12:06:46.641Z,f4:db:00:00:00:d9,yes,SCAN_RSP,-46,0D 09 54 68 65 72 6D 6F 42 65 61 63 6F 6E 05 12 18 00 38 01 02 0A 00,ThermoBeacon,,,
old/hci_snoop_2018_01_01_12_06_26.cfa,674,2018-01-01T12:06:47.237Z,62:53:00:00:0f:1f,no,ADV_IND,-86,02 01 06 03 02 F0 FF 15 FF 11 00 00 00 1F 0F 00 00 53 62 87 0B 45 01 24 05 88 B3 05 00,,FFF0,11 00 00 00 1F 0F 00 00 53 62 87 0B 45 01 24 05 88 B3 05 00,0x0011
old/hci_snoop_2018_01_01_12_06_26.cfa,678,2018-01-01T12:06:47.484Z,f4:db:00:00:00:d9,yes,ADV_IND,-46,02 01 06 03 02 F0 FF 17 FF 1B 00 FC 80 D9 00 00 00 DB F4 A7 01 5F 0F 00 00 2A 01 7E 0C 04 00,,FFF0,1B 00 FC 80 D9 00 00 00 DB F4 A7 01 5F 0F 00 00 2A 01 7E 0C 04 00,0x001B
old/hci_snoop_2018_01_01_12_06_26.cfa,679,2018-01-01T12:06:47.485Z,f4:db:00:00:00:d9,yes,SCAN_RSP,-46,0D 09 54 68 65 72 6D 6F 42 65 61 63 6F 6E 05 12 18 00 38 01 02 0A 00,ThermoBeacon,,,
old/hci_snoop_2018_01_01_12_06_26.cfa,680,2018-01-01T12:06:47.585Z,f4:d0:00:00:02:1a,no,ADV_IND,-70,02 01 06 03 02 F0 FF 15 FF 1B 00 00 00 1A 02 00 00 D0 F4 E8 0B 4A 01 90 04 63 FB 03 00,,FFF0,1B 00 00 00 1A 02 00 00 D0 F4 E8 0B 4A 01 90 04 63 FB 03 00,0x001B
old/hci_snoop_2018_01_01_12_06_26.cfa,820,2018-01-01T12:07:09.516Z,f4:db:00:00:00:d9,yes,ADV_IND,-55,02 01 06 03 02 F0 FF 15 FF 1B 00 FC 00 D9 00 00 00 DB F4 CE 0B 70 01 F8 03 2D A1 05 00,,FFF0,1B 00 FC 00 D9 00 00 00 DB F4 CE 0B 70 01 F8 03 2D A1 05 00,0x001B
old/hci_snoop_2018_01_01_12_06_26.cfa,821,2018-01-01T12:07:09.516Z,f4:db:00:00:00:d9,yes,SCAN_RSP,-56,0D 09 54 68 65 72 6D 6F 42 65 61 63 6F 6E 05 12 18 00 38 01 02 0A 00,ThermoBeacon,,,
old/hci_snoop_2018_01_01_12_06_26.cfa,824,2018-01-01T12:07:10.132Z,f4:db:00:00:02:37,no,ADV_IND,-80,02 01 06 03 02 F0 FF 15 FF 1B 00 00 00 37 02 00 00 DB F4 D7 0B 36 01 C4 04 49 73 05 00,,FFF0,1B 00 00 00 37 02 00 00 DB F4 D7 0B 36 01 C4 04 49 73 05 00,0x001B
old/hci_snoop_2018_01_01_12_06_26.cfa,826,2018-01-01T12:07:10.364Z,f4:db:00:00:00:d9,yes,ADV_IND,-54,02 01 06 03 02 F0 FF 15 FF 1B 00 FC 00 D9 00 00 00 DB F4 CE 0B 70 01 F8 03 2E A1 05 00,,FFF0,1B 00 FC 00 D9 00 00 00 DB F4 CE 0B 70 01 F8 03 2E A1 05 00,0x001B
old/hci_snoop_2018_01_01_12_06_26.cfa,827,2018-01-01T12:07:10.365Z,f4:db:00:00:00:d9,yes,SCAN_RSP,-54,0D 09 54 68 65 72 6D 6F 42 65 61 63 6F 6E 05 12 18 00 38 01 02 0A 00,ThermoBeacon,,,
old/hci_snoop_2018_01_01_12_06_26.cfa,828,2018-01-01T12:07:10.455Z,f4:d0:00:00:02:1a,no,ADV_IND,-57,02 01 06 03 02 F0 FF 15 FF 1B 00 00 00 1A 02 00 00 D0 F4 E9 0B 4A 01 90 04 7A FB 03 00,,FFF0,1B 00 00 00 1A 02 00 00 D0 F4 E9 0B 4A 01 90 04 7A FB 03 00,0x001B
old/hci_snoop_2018_01_01_12_06_26.cfa,873,2018-01-01T12:07:31.280Z,62:53:00:00:0f:1f,no,ADV_IND,-80,02 01 06 03 02 F0 FF 15 FF 11 00 00 00 1F 0F 00 00 53 62 88 0B 45 01 23 05 B4 B3 05 00,,FFF0,11 00 00 00 1F 0F 00 00 53 62 88 0B 45 01 23 05 B4 B3 05 00,0x0011
old/hci_snoop_2018_01_01_12_06_26.cfa,875,2018-01-01T12:07:31.307Z,f4:db:00:00:02:37,no,ADV_IND,-80,02 01 06 03 02 F0 FF 15 FF 1B 00 00 00 37 02 00 00 DB F4 D7 0B 36 01 C4 04 5F 73 05 00,,FFF0,1B 00 00 00 37 02 00 00 DB F4 D7 0B 36 01 C4 04 5F 73 05 00,0x001B
old/hci_snoop_2018_01_01_12_06_26.cfa,877,2018-01-01T12:07:31.543Z,f4:db:00:00:00:d9,yes,ADV_IND,-54,02 01 06 03 02 F0 FF 15 FF 1B 00 FC 00 D9 00 00 00 DB F4 CE 0B 71 01 F5 03 43 A1 05 00,,FFF0,1B 00 FC 00 D9 00 00 00 DB F4 CE 0B 71 01 F5 03 43 A1 05 00,0x001B
old/hci_snoop_2018_01_01_12_06_26.cfa,878,2018-01-01T12:07:31.543Z,f4:db:00:00:00:d9,yes,SCAN_RSP,-53,0D 09 54 68 65 72 6D 6F 42 65 61 63 6F 6E 05 12 18 00 38 01 02 0A 00,ThermoBeacon,,,
old/hci_snoop_2018_01_01_12_06_26.cfa,879,2018-01-01T12:07:31.631Z,f4:d0:00:00:02:1a,no,ADV_IND,-59,02 01 06 03 02 F0 FF 15 FF 1B 00 00 00 1A 02 00 00 D0 F4 E9 0B 4A 01 90 04 8F FB 03 00,,FFF0,1B 00 00 00 1A 02 00 00 D0 F4 E9 0B 4A 01 90 04 8F FB 03 00,0x001B
old/hci_snoop_2018_01_01_12_06_26.cfa,881,2018-01-01T12:07:32.134Z,62:53:00:00:0f:1f,no,ADV_IND,-70,02 01 06 03 02 F0 FF 15 FF 11 00 00 00 1F 0F 00 00 53 62 88 0B 45 01 23 05 B5 B3 05 00,,FFF0,11 00 00 00 1F 0F 00 00 53 62 88 0B 45 01 23 05 B5 B3 05 00,0x0011
old/hci_snoop_2018_01_01_12_06_26.cfa,883,2018-01-01T12:07:32.154Z,f4:db:00:00:02:37,no,ADV_IND,-74,02 01 06 03 02 F0 FF 15 FF 1B 00 00 00 37 02 00 00 DB F4 D8 0B 36 01 C4 04 5F 73 05 00,,FFF0,1B 00 00 00 37 02 00 00 DB F4 D8 0B 36 01 C4 04 5F 73 05 00,0x001B
old/hci_snoop_2018_01_01_12_06_26.cfa,885,2018-01-01T12:07:32.392Z,f4:db:00:00:00:d9,yes,ADV_IND,-55,02 01 06 03 02 F0 FF 17 FF 1B 00 FC 00 D9 00 00 00 DB F4 A7 01 5F 0F 00 00 2A 01 7E 0C 04 00,,FFF0,1B 00 FC 00 D9 00 00 00 DB F4 A7 01 5F 0F 00 00 2A 01 7E 0C 04 00,0x001B
old/hci_snoop_2018_01_01_12_06_26.cfa,886,2018-01-01T12:07:32.392Z,f4:db:00:00:00:d9,yes,SCAN_RSP,-54,0D 09 54 68 65 72 6D 6F 42 65 61 63 6F 6E 05 12 18 00 38 01 02 0A 00,ThermoBeacon,,,
old/hci_snoop_2018_01_01_12_06_26.cfa,887,2018-01-01T12:07:32.479Z,f4:d0:00:00:02:1a,no,ADV_IND,-60,02 01 06 03 02 F0 FF 15 FF 1B 00 00 00 1A 02 00 00 D0 F4 E9 0B 4A 01 90 04 90 FB 03 00,,FFF0,1B 00 00 00 1A 02 00 00 D0 F4 E9 0B 4A 01 90 04 90 FB 03 00,0x001B
old/hci_snoop_2018_01_01_12_06_26.cfa,893,2018-01-01T12:07:33.241Z,f4:db:00:00:00:d9,yes,ADV_IND,-56,02 01 06 03 02 F0 FF 15 FF 1B 00 FC 00 D9 00 00 00 DB F4 CE 0B 71 01 F5 03 45 A1 05 00,,FFF0,1B 00 FC 00 D9 00 00 00 DB F4 CE 0B 71 01 F5 03 45 A1 05 00,0x001B
old/hci_snoop_2018_01_01_12_06_26.cfa,894,2018-01-01T12:07:33.241Z,f4:db:00:00:00:d9,yes,SCAN_RSP,-56,0D 09 54 68 65 72 6D 6F 42 65 61 63 6F 6E 05 12 18 00 38 01 02 0A 00,ThermoBeacon,,,
old/hci_snoop_2018_01_01_12_06_26.cfa,1181,2018-01-01T12:07:43.169Z,f4:db:00:00:02:37,no,ADV_IND,-80,02 01 06 03 02 F0 FF 15 FF 1B 00 00 00 37 02 00 00 DB F4 D7 0B 36 01 C4 04 6A 73 05 00,,FFF0,1B 00 00 00 37 02 00 00 DB F4 D7 0B 36 01 C4 04 6A 73 05 00,0x001B
old/hci_snoop_2018_01_01_12_06_26.cfa,1243,2018-01-01T12:07:43.491Z,f4:d0:00:00:02:1a,no,ADV_IND,-70,02 01 06 03 02 F0 FF 15 FF 1B 00 00 00 1A 02 00 00 D0 F4 E8 0B 4A 01 90 04 9B FB 03 00,,FFF0,1B 00 00 00 1A 02 00 00 D0 F4 E8 0B 4A 01 90 04 9B FB 03 00,0x001B
old/hci_snoop_2018_01_01_12_06_26.cfa,1293,2018-01-01T12:07:43.985Z,62:53:00:00:0f:1f,no,ADV_IND,-72,02 01 06 03 02 F0 FF 15 FF 11 00 00 00 1F 0F 00 00 53 62 88 0B 45 01 23 05 C1 B3 05 00,,FFF0,11 00 00 00 1F 0F 00 00 53 62 88 0B 45 01 23 05 C1 B3 05 00,0x0011
old/hci_snoop_2018_01_01_12_06_26.cfa,1297,2018-01-01T12:07:44.014Z,f4:db:00:00:02:37,no,ADV_IND,-85,02 01 06 03 02 F0 FF 15 FF 1B 00 00 00 37 02 00 00 DB F4 D7 0B 36 01 C4 04 6B 73 05 00,,FFF0,1B 00 00 00 37 02 00 00 DB F4 D7 0B 36 01 C4 04 6B 73 05 00,0x001B
old/hci_snoop_2018_01_01_12_06_26.cfa,1304,2018-01-01T12:07:44.340Z,f4:d0:00:00:02:1a,no,ADV_IND,-71,02 01 06 03 02 F0 FF 15 FF 1B 00 00 00 1A 02 00 00 D0 F4 E7 0B 4A 01 91 04 9C FB 03 00,,FFF0,1B 00 00 00 1A 02 00 00 D0 F4 E7 0B 4A 01 91 04 9C FB 03 00,0x001B
old/hci_snoop_2018_01_01_12_06_26.cfa,1336,2018-01-01T12:07:45.708Z,f4:db:00:00:02:37,no,ADV_IND,-81,02 01 06 03 02 F0 FF 15 FF 1B 00 00 00 37 02 00 00 DB F4 D7 0B 36 01 C4 04 6D 73 05 00,,FFF0,1B 00 00 00 37 02 00 00 DB F4 D7 0B 36 01 C4 04 6D 73 05 00,0x001B
old/hci_snoop_2018_01_01_12_06_26.cfa,1352,2018-01-01T12:07:46.525Z,62:53:00:00:0f:1f,no,ADV_IND,-71,02 01 06 03 02 F0 FF 15 FF 11 00 00 00 1F 0F 00 00 53 62 87 0B 45 01 23 05 C3 B3 05 00,,FFF0,11 00 00 00 1F 0F 00 00 53 62 87 0B 45 01 23 05 C3 B3 05 00,0x0011
old/hci_snoop_2018_01_01_12_06_26.cfa,1354,2018-01-01T12:07:46.555Z,f4:db:00:00:02:37,no,ADV_IND,-80,02 01 06 03 02 F0 FF 15 FF 1B 00 00 00 37 02 00 00 DB F4 D7 0B 36 01 C4 04 6E 73 05 00,,FFF0,1B 00 00 00 37 02 00 00 DB F4 D7 0B 36 01 C4 04 6E 73 05 00,0x001B
old/hci_snoop_2018_01_01_12_06_26.cfa,1361,2018-01-01T12:07:46.879Z,f4:d0:00:00:02:1a,no,ADV_IND,-75,02 01 06 03 02 F0 FF 15 FF 1B 00 00 00 1A 02 00 00 D0 F4 E8 0B 4A 01 90 04 9E FB 03 00,,FFF0,1B 00 00 00 1A 02 00 00 D0 F4 E8 0B 4A 01 90 04 9E FB 03 00,0x001B
old/hci_snoop_2018_01_01_12_06_26.cfa,1370,2018-01-01T12:07:47.373Z,62:53:00:00:0f:1f,no,ADV_IND,-73,02 01 06 03 02 F0 FF 15 FF 11 00 00 00 1F 0F 00 00 53 62 87 0B 45 01 23 05 C4 B3 05 00,,FFF0,11 00 00 00 1F 0F 00 00 53 62 87 0B 45 01 23 05 C4 B3 05 00,0x0011
old/hci_snoop_2018_01_01_12_06_26.cfa,1379,2018-01-01T12:07:47.727Z,f4:d0:00:00:02:1a,no,ADV_IND,-77,02 01 06 03 02 F0 FF 15 FF 1B 00 00 00 1A 02 00 00 D0 F4 E8 0B 4A 01 90 04 9F FB 03 00,,FFF0,1B 00 00 00 1A 02 00 00 D0 F4 E8 0B 4A 01 90 04 9F FB 03 00,0x001B
old/hci_snoop_2018_01_01_12_06_26.cfa,1402,2018-01-01T12:07:48.873Z,f4:db:00:00:02:42,no,SCAN_RSP,-91,0D 09 54 68 65 72 6D 6F 42 65 61 63 6F 6E 05 12 18 00 38 01 02 0A 00,ThermoBeacon,,,
old/hci_snoop_2018_01_01_12_06_26.cfa,1406,2018-01-01T12:07:49.066Z,62:53:00:00:0f:1f,no,ADV_IND,-74,02 01 06 03 02 F0 FF 15 FF 11 00 00 00 1F 0F 00 00 53 62 88 0B 45 01 23 05 C6 B3 05 00,,FFF0,11 00 00 00 1F 0F 00 00 53 62 88 0B 45 01 23 05 C6 B3 05 00,0x0011
old/hci_snoop_2018_01_01_12_06_26.cfa,1408,2018-01-01T12:07:49.098Z,f4:db:00:00:02:37,no,ADV_IND,-78,02 01 06 03 02 F0 FF 15 FF 1B 00 00 00 37 02 00 00 DB F4 D7 0B 36 01 C4 04 70 73 05 00,,FFF0,1B 00 00 00 37 02 00 00 DB F4 D7 0B 36 01 C4 04 70 73 05 00,0x001B
old/hci_snoop_2018_01_01_12_06_26.cfa,1415,2018-01-01T12:07:49.423Z,f4:d0:00:00:02:1a,no,ADV_IND,-65,02 01 06 03 02 F0 FF 15 FF 1B 00 00 00 1A 02 00 00 D0 F4 E7 0B 4A 01 90 04 A1 FB 03 00,,FFF0,1B 00 00 00 1A 02 00 00 D0 F4 E7 0B 4A 01 90 04 A1 FB 03 00,0x001B
old/hci_snoop_2018_01_01_12_06_26.cfa,1420,2018-01-01T12:07:49.722Z,f4:db:00:00:02:42,no,ADV_IND,-91,02 01 06 03 02 F0 FF 15 FF 1B 00 00 00 42 02 00 00 DB F4 F8 0B 41 01 4D 04 27 E7 13 00,,FFF0,1B 00 00 00 42 02 00 00 DB F4 F8 0B 41 01 4D 04 27 E7 13 00,0x001B
old/hci_snoop_2018_01_01_12_06_26.cfa,1426,2018-01-01T12:07:49.915Z,62:53:00:00:0f:1f,no,ADV_IND,-76,02 01 06 03 02 F0 FF 15 FF 11 00 00 00 1F 0F 00 00 53 62 88 0B 45 01 23 05 C7 B3 05 00,,FFF0,11 00 00 00 1F 0F 00 00 53 62 88 0B 45 01 23 05 C7 B3 05 00,0x0011
old/hci_snoop_2018_01_01_12_06_26.cfa,1429,2018-01-01T12:07:49.943Z,f4:db:00:00:02:37,no,ADV_IND,-79,02 01 06 03 02 F0 FF 15 FF 1B 00 00 00 37 02 00 00 DB F4 D7 0B 36 01 C4 04 71 73 05 00,,FFF0,1B 00 00 00 37 02 00 00 DB F4 D7 0B 36 01 C4 04 71 73 05 00,0x001B
old/hci_snoop_2018_01_01_12_06_26.cfa,1435,2018-01-01T12:07:50.269Z,f4:d0:00:00:02:1a,no,ADV_IND,-65,02 01 06 03 02 F0 FF 15 FF 1B 00 00 00 1A 02 00 00 D0 F4 E7 0B 4A 01 90 04 A2 FB 03 00,,FFF0,1B 00 00 00 1A 02 00 00 D0 F4 E7 0B 4A 01 90 04 A2 FB 03 00,0x001B
old/hci_snoop_2018_01_01_12_06_26.cfa,1476,2018-01-01T12:07:52.263Z,f4:db:00:00:02:42,no,ADV_IND,-89,02 01 06 03 02 F0 FF 15 FF 1B 00 00 00 42 02 00 00 DB F4 F9 0B 41 01 4D 04 2A E7 13 00,,FFF0,1B 00 00 00 42 02 00 00 DB F4 F9 0B 41 01 4D 04 2A E7 13 00,0x001B
old/hci_snoop_2018_01_01_12_06_26.cfa,1483,2018-01-01T12:07:52.454Z,62:53:00:00:0f:1f,no,ADV_IND,-75,02 01 06 03 02 F0 FF 15 FF 11 00 00 00 1F 0F 00 00 53 62 88 0B 45 01 23 05 C9 B3 05 00,,FFF0,11 00 00 00 1F 0F 00 00 53 62 88 0B 45 01 23 05 C9 B3 05 00,0x0011
old/hci_snoop_2018_01_01_12_06_26.cfa,1485,2018-01-01T12:07:52.484Z,f4:db:00:00:02:37,no,ADV_IND,-79,02 01 06 03 02 F0 FF 15 FF 1B 00 00 00 37 02 00 00 DB F4 D6 0B 36 01 C4 04 74 73 05 00,,FFF0,1B 00 00 00 37 02 00 00 DB F4 D6 0B 36 01 C4 04 74 73 05 00,0x001B
old/hci_snoop_2018_01_01_12_06_26.cfa,1501,2018-01-01T12:07:53.301Z,62:53:00:00:0f:1f,no,ADV_IND,-76,02 01 06 03 02 F0 FF 15 FF 11 00 00 00 1F 0F 00 00 53 62 88 0B 45 01 23 05 CA B3 05 00,,FFF0,11 00 00 00 1F 0F 00 00 53 62 88 0B 45 01 23 05 CA B3 05 00,0x0011
old/hci_snoop_2018_01_01_12_06_26.cfa,1509,2018-01-01T12:07:53.658Z,f4:d0:00:00:02:1a,no,ADV_IND,-65,02 01 06 03 02 F0 FF 15 FF 1B 00 00 00 1A 02 00 00 D0 F4 E8 0B 4A 01 90 04 A5 FB 03 00,,FFF0,1B 00 00 00 1A 02 00 00 D0 F4 E8 0B 4A 01 90 04 A5 FB 03 00,0x001B
old/hci_snoop_2018_01_01_12_06_26.cfa,1535,2018-01-01T12:07:54.996Z,62:53:00:00:0f:1f,no,ADV_IND,-80,02 01 06 03 02 F0 FF 15 FF 11 00 00 00 1F 0F 00 00 53 62 88 0B 45 01 23 05 CC B3 05 00,,FFF0,11 00 00 00 1F 0F 00 00 53 62 88 0B 45 01 23 05 CC B3 05 00,0x0011
old/hci_snoop_2018_01_01_12_06_26.cfa,1537,2018-01-01T12:07:55.027Z,f4:db:00:00:02:37,no,ADV_IND,-77,02 01 06 03 02 F0 FF 15 FF 1B 00 00 00 37 02 00 00 DB F4 D5 0B 36 01 C4 04 76 73 05 00,,FFF0,1B 00 00 00 37 02 00 00 DB F4 D5 0B 36 01 C4 04 76 73 05 00,0x001B
old/hci_snoop_2018_01_01_12_06_26.cfa,1544,2018-01-01T12:07:55.353Z,f4:d0:00:00:02:1a,no,ADV_IND,-63,02 01 06 03 02 F0 FF 15 FF 1B 00 00 00 1A 02 00 00 D0 F4 E8 0B 4A 01 90 04 A7 FB 03 00,,FFF0,1B 00 00 00 1A 02 00 00 D0 F4 E8 0B 4A 01 90 04 A7 FB 03 00,0x001B
old/hci_snoop_2018_01_01_12_06_26.cfa,1551,2018-01-01T12:07:55.844Z,62:53:00:00:0f:1f,no,ADV_IND,-79,02 01 06 03 02 F0 FF 15 FF 11 00 00 00 1F 0F 00 00 53 62 88 0B 45 01 23 05 CD B3 05 00,,FFF0,11 00 00 00 1F 0F 00 00 53 62 88 0B 45 01 23 05 CD B3 05 00,0x0011
old/hci_snoop_2018_01_01_12_06_26.cfa,1555,2018-01-01T12:07:55.873Z,f4:db:00:00:02:37,no,ADV_IND,-77,02 01 06 03 02 F0 FF 15 FF 1B 00 00 00 37 02 00 00 DB F4 D5 0B 36 01 C4 04 77 73 05 00,,FFF0,1B 00 00 00 37 02 00 00 DB F4 D5 0B 36 01 C4 04 77 73 05 00,0x001B
old/hci_snoop_2018_01_01_12_06_26.cfa,1561,2018-01-01T12:07:56.202Z,f4:d0:00:00:02:1a,no,ADV_IND,-63,02 01 06 03 02 F0 FF 15 FF 1B 00 00 00 1A 02 00 00 D0 F4 E8 0B 4A 01 90 04 A8 FB 03 00,,FFF0,1B 00 00 00 1A 02 00 00 D0 F4 E8 0B 4A 01 90 04 A8 FB 03 00,0x001B
old/hci_snoop_2018_01_01_12_06_26.cfa,1576,2018-01-01T12:07:57.047Z,f4:d0:00:00:02:1a,no,ADV_IND,-70,02 01 06 03 02 F0 FF 15 FF 1B 00 00 00 1A 02 00 00 D0 F4 E7 0B 4A 01 90 04 A8 FB 03 00,,FFF0,1B 00 00 00 1A 02 00 00 D0 F4 E7 0B 4A 01 90 04 A8 FB 03 00,0x001B
old/hci_snoop_2018_01_01_12_06_26.cfa,1617,2018-01-01T12:07:57.567Z,f4:db:00:00:02:37,no,ADV_IND,-92,02 01 06 03 02 F0 FF 15 FF 1B 00 00 00 37 02 00 00 DB F4 D7 0B 36 01 C4 04 79 73 05 00,,FFF0,1B 00 00 00 37 02 00 00 DB F4 D7 0B 36 01 C4 04 79 73 05 00,0x001B
old/hci_snoop_2018_01_01_12_06_26.cfa,1633,2018-01-01T12:07:58.385Z,62:53:00:00:0f:1f,no,ADV_IND,-77,02 01 06 03 02 F0 FF 15 FF 11 00 00 00 1F 0F 00 00 53 62 88 0B 45 01 23 05 CF B3 05 00,,FFF0,11 00 00 00 1F 0F 00 00 53 62 88 0B 45 01 23 05 CF B3 05 00,0x0011
old/hci_snoop_2018_01_01_12_06_26.cfa,1636,2018-01-01T12:07:58.414Z,f4:db:00:00:02:37,no,ADV_IND,-90,02 01 06 03 02 F0 FF 15 FF 1B 00 00 00 37 02 00 00 DB F4 D7 0B 36 01 C4 04 7A 73 05 00,,FFF0,1B 00 00 00 37 02 00 00 DB F4 D7 0B 36 01 C4 04 7A 73 05 00,0x001B
old/hci_snoop_2018_01_01_12_06_26.cfa,1642,2018-01-01T12:07:58.742Z,f4:d0:00:00:02:1a,no,ADV_IND,-68,02 01 06 03 02 F0 FF 15 FF 1B 00 00 00 1A 02 00 00 D0 F4 E7 0B 4A 01 90 04 AA FB 03 00,,FFF0,1B 00 00 00 1A 02 00 00 D0 F4 E7 0B 4A 01 90 04 AA FB 03 00,0x001B
old/hci_snoop_2018_01_01_12_06_26.cfa,1652,2018-01-01T12:07:59.228Z,62:53:00:00:0f:1f,no,ADV_IND,-78,02 01 06 03 02 F0 FF 15 FF 11 00 00 00 1F 0F 00 00 53 62 88 0B 45 01 23 05 D0 B3 05 00,,FFF0,11 00 00 00 1F 0F 00 00 53 62 88 0B 45 01 23 05 D0 B3 05 00,0x0011
old/hci_snoop_2018_01_01_12_06_26.cfa,1659,2018-01-01T12:07:59.586Z,f4:d0:00:00:02:1a,no,ADV_IND,-69,02 01 06 03 02 F0 FF 15 FF 1B 00 00 00 1A 02 00 00 D0 F4 E8 0B 4A 01 90 04 AB FB 03 00,,FFF0,1B 00 00 00 1A 02 00 00 D0 F4 E8 0B 4A 01 90 04 AB FB 03 00,0x001B
old/hci_snoop_2018_01_01_12_06_26.cfa,1753,2018-01-01T12:08:03.497Z,f4:db:00:00:02:37,no,ADV_IND,-89,02 01 06 03 02 F0 FF 15 FF 1B 00 00 00 37 02 00 00 DB F4 D7 0B 36 01 C4 04 7F 73 05 00,,FFF0,1B 00 00 00 37 02 00 00 DB F4 D7 0B 36 01 C4 04 7F 73 05 00,0x001B
old/hci_snoop_2018_01_01_12_06_26.cfa,1769,2018-01-01T12:08:04.310Z,62:53:00:00:0f:1f,no,ADV_IND,-78,02 01 06 03 02 F0 FF 15 FF 11 00 00 00 1F 0F 00 00 53 62 88 0B 45 01 23 05 D5 B3 05 00,,FFF0,11 00 00 00 1F 0F 00 00 53 62 88 0B 45 01 23 05 D5 B3 05 00,0x0011
old/hci_snoop_2018_01_01_12_06_26.cfa,1776,2018-01-01T12:08:04.670Z,f4:d0:00:00:02:1a,no,ADV_IND,-72,02 01 06 03 02 F0 FF 15 FF 1B 00 00 00 1A 02 00 00 D0 F4 E8 0B 4A 01 90 04 B0 FB 03 00,,FFF0,1B 00 00 00 1A 02 00 00 D0 F4 E8 0B 4A 01 90 04 B0 FB 03 00,0x001B
old/hci_snoop_2018_01_01_12_06_26.cfa,1816,2018-01-01T12:08:05.190Z,f4:db:00:00:02:37,no,ADV_IND,-89,02 01 06 03 02 F0 FF 15 FF 1B 00 00 00 37 02 00 00 DB F4 D6 0B 36 01 C4 04 80 73 05 00,,FFF0,1B 00 00 00 37 02 00 00 DB F4 D6 0B 36 01 C4 04 80 73 05 00,0x001B
old/hci_snoop_2018_01_01_12_06_26.cfa,1824,2018-01-01T12:08:05.516Z,f4:d0:00:00:02:1a,no,ADV_IND,-77,02 01 06 03 02 F0 FF 15 FF 1B 00 00 00 1A 02 00 00 D0 F4 E8 0B 4A 01 90 04 B1 FB 03 00,,FFF0,1B 00 00 00 1A 02 00 00 D0 F4 E8 0B 4A 01 90 04 B1 FB 03 00,0x001B
old/hci_snoop_2018_01_01_12_06_26.cfa,1852,2018-01-01T12:08:06.857Z,62:53:00:00:0f:1f,no,ADV_IND,-77,02 01 06 03 02 F0 FF 15 FF 11 00 00 00 1F 0F 00 00 53 62 87 0B 45 01 23 05 D8 B3 05 00,,FFF0,11 00 00 00 1F 0F 00 00 53 62 87 0B 45 01 23 05 D8 B3 05 00,0x0011
old/hci_snoop_2018_01_01_12_06_26.cfa,1872,2018-01-01T12:08:08.057Z,f4:d0:00:00:02:1a,no,ADV_IND,-68,02 01 06 03 02 F0 FF 15 FF 1B 00 00 00 1A 02 00 00 D0 F4 E8 0B 4A 01 90 04 B3 FB 03 00,,FFF0,1B 00 00 00 1A 02 00 00 D0 F4 E8 0B 4A 01 90 04 B3 FB 03 00,0x001B
old/hci_snoop_2018_01_01_12_06_26.cfa,1881,2018-01-01T12:08:08.545Z,62:53:00:00:0f:1f,no,ADV_IND,-79,02 01 06 03 02 F0 FF 15 FF 11 00 00 00 1F 0F 00 00 53 62 88 0B 45 01 23 05 D9 B3 05 00,,FFF0,11 00 00 00 1F 0F 00 00 53 62 88 0B 45 01 23 05 D9 B3 05 00,0x0011
old/hci_snoop_2018_01_01_12_06_26.cfa,1890,2018-01-01T12:08:08.904Z,f4:d0:00:00:02:1a,no,ADV_IND,-69,02 01 06 03 02 F0 FF 15 FF 1B 00 00 00 1A 02 00 00 D0 F4 E8 0B 4A 01 90 04 B4 FB 03 00,,FFF0,1B 00 00 00 1A 02 00 00 D0 F4 E8 0B 4A 01 90 04 B4 FB 03 00,0x001B
old/hci_snoop_2018_01_01_12_06_26.cfa,1902,2018-01-01T12:08:09.426Z,f4:db:00:00:02:37,no,ADV_IND,-90,02 01 06 03 02 F0 FF 15 FF 1B 00 00 00 37 02 00 00 DB F4 D6 0B 36 01 C4 04 85 73 05 00,,FFF0,1B 00 00 00 37 02 00 00 DB F4 D6 0B 36 01 C4 04 85 73 05 00,0x001B
old/hci_snoop_2018_01_01_12_06_26.cfa,1916,2018-01-01T12:08:10.241Z,62:53:00:00:0f:1f,no,ADV_IND,-79,02 01 06 03 02 F0 FF 15 FF 11 00 00 00 1F 0F 00 00 53 62 88 0B 45 01 23 05 DB B3 05 00,,FFF0,11 00 00 00 1F 0F 00 00 53 62 88 0B 45 01 23 05 DB B3 05 00,0x0011
old/hci_snoop_2018_01_01_12_06_26.cfa,1923,2018-01-01T12:08:10.598Z,f4:d0:00:00:02:1a,no,ADV_IND,-65,02 01 06 03 02 F0 FF 15 FF 1B 00 00 00 1A 02 00 00 D0 F4 E8 0B 4A 01 90 04 B6 FB 03 00,,FFF0,1B 00 00 00 1A 02 00 00 D0 F4 E8 0B 4A 01 90 04 B6 FB 03 00,0x001B
old/hci_snoop_2018_01_01_12_06_26.cfa,1933,2018-01-01T12:08:11.086Z,62:53:00:00:0f:1f,no,ADV_IND,-80,02 01 06 03 02 F0 FF 15 FF 11 00 00 00 1F 0F 00 00 53 62 87 0B 45 01 23 05 DC B3 05 00,,FFF0,11 00 00 00 1F 0F 00 00 53 62 87 0B 45 01 23 05 DC B3 05 00,0x0011
old/hci_snoop_2018_01_01_12_06_26.cfa,1935,2018-01-01T12:08:11.119Z,f4:db:00:00:02:37,no,ADV_IND,-89,02 01 06 03 02 F0 FF 15 FF 1B 00 00 00 37 02 00 00 DB F4 D6 0B 36 01 C4 04 86 73 05 00,,FFF0,1B 00 00 00 37 02 00 00 DB F4 D6 0B 36 01 C4 04 86 73 05 00,0x001B
old/hci_snoop_2018_01_01_12_06_26.cfa,1942,2018-01-01T12:08:11.445Z,f4:d0:00:00:02:1a,no,ADV_IND,-65,02 01 06 03 02 F0 FF 15 FF 1B 00 00 00 1A 02 00 00 D0 F4 E8 0B 4A 01 90 04 B7 FB 03 00,,FFF0,1B 00 00 00 1A 02 00 00 D0 F4 E8 0B 4A 01 90 04 B7 FB 03 00,0x001B
old/hci_snoop_2018_01_01_12_06_26.cfa,1986,2018-01-01T12:08:13.627Z,62:53:00:00:0f:1f,no,ADV_IND,-81,02 01 06 03 02 F0 FF 15 FF 11 00 00 00 1F 0F 00 00 53 62 87 0B 45 01 23 05 DE B3 05 00,,FFF0,11 00 00 00 1F 0F 00 00 53 62 87 0B 45 01 23 05 DE B3 05 00,0x0011
old/hci_snoop_2018_01_01_12_06_26.cfa,1988,2018-01-01T12:08:13.660Z,f4:db:00:00:02:37,no,ADV_IND,-90,02 01 06 03 02 F0 FF 15 FF 1B 00 00 00 37 02 00 00 DB F4 D6 0B 36 01 C4 04 89 73 05 00,,FFF0,1B 00 00 00 37 02 00 00 DB F4 D6 0B 36 01 C4 04 89 73 05 00,0x001B
old/hci_snoop_2018_01_01_12_06_26.cfa,1996,2018-01-01T12:08:13.986Z,f4:d0:00:00:02:1a,no,ADV_IND,-64,02 01 06 03 02 F0 FF 15 FF 1B 00 00 00 1A 02 00 00 D0 F4 E8 0B 4A 01 90 04 B9 FB 03 00,,FFF0,1B 00 00 00 1A 02 00 00 D0 F4 E8 0B 4A 01 90 04 B9 FB 03 00,0x001B
old/hci_snoop_2018_01_01_12_06_26.cfa,2004,2018-01-01T12:08:14.478Z,62:53:00:00:0f:1f,no,ADV_IND,-79,02 01 06 03 02 F0 FF 15 FF 11 00 00 00 1F 0F 00 00 53 62 87 0B 45 01 23 05 DF B3 05 00,,FFF0,11 00 00 00 1F 0F 00 00 53 62 87 0B 45 01 23 05 DF B3 05 00,0x0011
old/hci_snoop_2018_01_01_12_06_26.cfa,2014,2018-01-01T12:08:14.834Z,f4:d0:00:00:02:1a,no,ADV_IND,-65,02 01 06 03 02 F0 FF 15 FF 1B 00 00 00 1A 02 00 00 D0 F4 E8 0B 4A 01 90 04 BA FB 03 00,,FFF0,1B 00 00 00 1A 02 00 00 D0 F4 E8 0B 4A 01 90 04 BA FB 03 00,0x001B
old/hci_snoop_2018_01_01_12_06_26.cfa,2024,2018-01-01T12:08:15.355Z,f4:db:00:00:02:37,no,ADV_IND,-81,02 01 06 03 02 F0 FF 15 FF 1B 00 00 00 37 02 00 00 DB F4 D7 0B 36 01 C4 04 8B 73 05 00,,FFF0,1B 00 00 00 37 02 00 00 DB F4 D7 0B 36 01 C4 04 8B 73 05 00,0x001B
old/hci_snoop_2018_01_01_12_06_26.cfa,2038,2018-01-01T12:08:16.202Z,f4:db:00:00:02:37,no,ADV_IND,-81,02 01 06 03 02 F0 FF 15 FF 1B 00 00 00 37 02 00 00 DB F4 D7 0B 36 01 C4 04 8C 73 05 00,,FFF0,1B 00 00 00 37 02 00 00 DB F4 D7 0B 36 01 C4 04 8C 73 05 00,0x001B
old/hci_snoop_2018_01_01_12_06_26.cfa,2045,2018-01-01T12:08:16.531Z,f4:d0:00:00:02:1a,no,ADV_IND,-67,02 01 06 03 02 F0 FF 15 FF 1B 00 00 00 1A 02 00 00 D0 F4 E8 0B 4A 01 90 04 BC FB 03 00,,FFF0,1B 00 00 00 1A 02 00 00 D0 F4 E8 0B 4A 01 90 04 BC FB 03 00,0x001B
old/hci_snoop_2018_01_01_12_06_26.cfa,2061,2018-01-01T12:08:17.377Z,f4:d0:00:00:02:1a,no,ADV_IND,-68,02 01 06 03 02 F0 FF 15 FF 1B 00 00 00 1A 02 00 00 D0 F4 E8 0B 4A 01 90 04 BD FB 03 00,,FFF0,1B 00 00 00 1A 02 00 00 D0 F4 E8 0B 4A 01 90 04 BD FB 03 00,0x001B
old/hci_snoop_2018_01_01_12_06_26.cfa,2087,2018-01-01T12:08:18.743Z,f4:db:00:00:02:37,no,ADV_IND,-82,02 01 06 03 02 F0 FF 15 FF 1B 00 00 00 37 02 00 00 DB F4 D7 0B 36 01 C4 04 8E 73 05 00,,FFF0,1B 00 00 00 37 02 00 00 DB F4 D7 0B 36 01 C4 04 8E 73 05 00,0x001B
old/hci_snoop_2018_01_01_12_06_26.cfa,2103,2018-01-01T12:08:19.591Z,f4:db:00:00:02:37,no,ADV_IND,-82,02 01 06 03 02 F0 FF 15 FF 1B 00 00 00 37 02 00 00 DB F4 D7 0B 36 01 C4 04 8F 73 05 00,,FFF0,1B 00 00 00 37 02 00 00 DB F4 D7 0B 36 01 C4 04 8F 73 05 00,0x001B
old/hci_snoop_2018_01_01_12_06_26.cfa,2110,2018-01-01T12:08:19.917Z,f4:d0:00:00:02:1a,no,ADV_IND,-67,02 01 06 03 02 F0 FF 15 FF 1B 00 00 00 1A 02 00 00 D0 F4 E8 0B 4A 01 90 04 BF FB 03 00,,FFF0,1B 00 00 00 1A 02 00 00 D0 F4 E8 0B 4A 01 90 04 BF FB 03 00,0x001B
old/hci_snoop_2018_01_01_12_06_26.cfa,2126,2018-01-01T12:08:20.763Z,f4:d0:00:00:02:1a,no,ADV_IND,-69,02 01 06 03 02 F0 FF 15 FF 1B 00 00 00 1A 02 00 00 D0 F4 E8 0B 4A 01 90 04 C0 FB 03 00,,FFF0,1B 00 00 00 1A 02 00 00 D0 F4 E8 0B 4A 01 90 04 C0 FB 03 00,0x001B
old/hci_snoop_2018_01_01_12_06_26.cfa,2148,2018-01-01T12:08:22.131Z,f4:db:00:00:02:37,no,ADV_IND,-92,02 01 06 03 02 F0 FF 15 FF 1B 00 00 00 37 02 00 00 DB F4 D7 0B 36 01 C4 04 91 73 05 00,,FFF0,1B 00 00 00 37 02 00 00 DB F4 D7 0B 36 01 C4 04 91 73 05 00,0x001B
old/hci_snoop_2018_01_01_12_06_26.cfa,2155,2018-01-01T12:08:22.458Z,f4:d0:00:00:02:1a,no,ADV_IND,-68,02 01 06 03 02 F0 FF 15 FF 1B 00 00 00 1A 02 00 00 D0 F4 E8 0B 4A 01 90 04 C2 FB 03 00,,FFF0,1B 00 00 00 1A 02 00 00 D0 F4 E8 0B 4A 01 90 04 C2 FB 03 00,0x001B
old/hci_snoop_2018_01_01_12_06_26.cfa,2164,2018-01-01T12:08:22.944Z,62:53:00:00:0f:1f,no,ADV_IND,-79,02 01 06 03 02 F0 FF 15 FF 11 00 00 00 1F 0F 00 00 53 62 88 0B 45 01 23 05 E8 B3 05 00,,FFF0,11 00 00 00 1F 0F 00 00 53 62 88 0B 45 01 23 05 E8 B3 05 00,0x0011
old/hci_snoop_2018_01_01_12_06_26.cfa,2171,2018-01-01T12:08:23.307Z,f4:d0:00:00:02:1a,no,ADV_IND,-70,02 01 06 03 02 F0 FF 15 FF 1B 00 00 00 1A 02 00 00 D0 F4 E8 0B 4A 01 90 04 C3 FB 03 00,,FFF0,1B 00 00 00 1A 02 00 00 D0 F4 E8 0B 4A 01 90 04 C3 FB 03 00,0x001B
old/hci_snoop_2018_01_01_12_06_26.cfa,2213,2018-01-01T12:08:25.484Z,62:53:00:00:0f:1f,no,ADV_IND,-79,02 01 06 03 02 F0 FF 15 FF 11 00 00 00 1F 0F 00 00 53 62 88 0B 45 01 23 05 EA B3 05 00,,FFF0,11 00 00 00 1F 0F 00 00 53 62 88 0B 45 01 23 05 EA B3 05 00,0x0011
old/hci_snoop_2018_01_01_12_06_26.cfa,2215,2018-01-01T12:08:25.518Z,f4:db:00:00:02:37,no,ADV_IND,-85,02 01 06 03 02 F0 FF 15 FF 1B 00 00 00 37 02 00 00 DB F4 D8 0B 36 01 C4 04 95 73 05 00,,FFF0,1B 00 00 00 37 02 00 00 DB F4 D8 0B 36 01 C4 04 95 73 05 00,0x001B
old/hci_snoop_2018_01_01_12_06_26.cfa,2222,2018-01-01T12:08:25.846Z,f4:d0:00:00:02:1a,no,ADV_IND,-66,02 01 06 03 02 F0 FF 15 FF 1B 00 00 00 1A 02 00 00 D0 F4 E8 0B 4A 01 90 04 C5 FB 03 00,,FFF0,1B 00 00 00 1A 02 00 00 D0 F4 E8 0B 4A 01 90 04 C5 FB 03 00,0x001B
old/hci_snoop_2018_01_01_12_06_26.cfa,2231,2018-01-01T12:08:26.332Z,62:53:00:00:0f:1f,no,ADV_IND,-80,02 01 06 03 02 F0 FF 15 FF 11 00 00 00 1F 0F 00 00 53 62 87 0B 45 01 23 05 EB B3 05 00,,FFF0,11 00 00 00 1F 0F 00 00 53 62 87 0B 45 01 23 05 EB B3 05 00,0x0011
old/hci_snoop_2018_01_01_12_06_26.cfa,2242,2018-01-01T12:08:26.693Z,f4:d0:00:00:02:1a,no,ADV_IND,-66,02 01 06 03 02 F0 FF 15 FF 1B 00 00 00 1A 02 00 00 D0 F4 E8 0B 4A 01 90 04 C6 FB 03 00,,FFF0,1B 00 00 00 1A 02 00 00 D0 F4 E8 0B 4A 01 90 04 C6 FB 03 00,0x001B
old/hci_snoop_2018_01_01_12_06_26.cfa,2268,2018-01-01T12:08:28.059Z,f4:db:00:00:02:37,no,ADV_IND,-86,02 01 06 03 02 F0 FF 15 FF 1B 00 00 00 37 02 00 00 DB F4 D6 0B 36 01 C4 04 97 73 05 00,,FFF0,1B 00 00 00 37 02 00 00 DB F4 D6 0B 36 01 C4 04 97 73 05 00,0x001B
old/hci_snoop_2018_01_01_12_06_26.cfa,2275,2018-01-01T12:08:28.386Z,f4:d0:00:00:02:1a,no,ADV_IND,-66,02 01 06 03 02 F0 FF 15 FF 1B 00 00 00 1A 02 00 00 D0 F4 E8 0B 4A 01 90 04 C8 FB 03 00,,FFF0,1B 00 00 00 1A 02 00 00 D0 F4 E8 0B 4A 01 90 04 C8 FB 03 00,0x001B
old/hci_snoop_2018_01_01_12_06_26.cfa,2285,2018-01-01T12:08:28.874Z,62:53:00:00:0f:1f,no,ADV_IND,-80,02 01 06 03 02 F0 FF 15 FF 11 00 00 00 1F 0F 00 00 53 62 87 0B 45 01 23 05 EE B3 05 00,,FFF0,11 00 00 00 1F 0F 00 00 53 62 87 0B 45 01 23 05 EE B3 05 00,0x0011
old/hci_snoop_2018_01_01_12_06_26.cfa,2288,2018-01-01T12:08:28.907Z,f4:db:00:00:02:37,no,ADV_IND,-88,02 01 06 03 02 F0 FF 15 FF 1B 00 00 00 37 02 00 00 DB F4 D6 0B 36 01 C4 04 98 73 05 00,,FFF0,1B 00 00 00 37 02 00 00 DB F4 D6 0B 36 01 C4 04 98 73 05 00,0x001B
old/hci_snoop_2018_01_01_12_06_26.cfa,2294,2018-01-01T12:08:29.235Z,f4:d0:00:00:02:1a,no,ADV_IND,-67,02 01 06 03 02 F0 FF 15 FF 1B 00 00 00 1A 02 00 00 D0 F4 E8 0B 4A 01 90 04 C9 FB 03 00,,FFF0,1B 00 00 00 1A 02 00 00 D0 F4 E8 0B 4A 01 90 04 C9 FB 03 00,0x001B
old/hci_snoop_2018_01_01_12_06_26.cfa,2333,2018-01-01T12:08:31.447Z,f4:db:00:00:02:37,no,ADV_IND,-81,02 01 06 03 02 F0 FF 15 FF 1B 00 00 00 37 02 00 00 DB F4 D7 0B 36 01 C4 04 9B 73 05 00,,FFF0,1B 00 00 00 37 02 00 00 DB F4 D7 0B 36 01 C4 04 9B 73 05 00,0x001B
old/hci_snoop_2018_01_01_12_06_26.cfa,2355,2018-01-01T12:08:32.621Z,f4:d0:00:00:02:1a,no,ADV_IND,-68,02 01 06 03 02 F0 FF 15 FF 1B 00 00 00 1A 02 00 00 D0 F4 E7 0B 4A 01 90 04 CC FB 03 00,,FFF0,1B 00 00 00 1A 02 00 00 D0 F4 E7 0B 4A 01 90 04 CC FB 03 00,0x001B
old/hci_snoop_2018_01_01_12_06_26.cfa,2386,2018-01-01T12:08:34.316Z,f4:d0:00:00:02:1a,no,ADV_IND,-68,02 01 06 03 02 F0 FF 15 FF 1B 00 00 00 1A 02 00 00 D0 F4 E7 0B 4A 01 90 04 CE FB 03 00,,FFF0,1B 00 00 00 1A 02 00 00 D0 F4 E7 0B 4A 01 90 04 CE FB 03 00,0x001B
old/hci_snoop_2018_01_01_12_06_26.cfa,2395,2018-01-01T12:08:34.836Z,f4:db:00:00:02:37,no,ADV_IND,-81,02 01 06 03 02 F0 FF 15 FF 1B 00 00 00 37 02 00 00 DB F4 D6 0B 36 01 C4 04 9E 73 05 00,,FFF0,1B 00 00 00 37 02 00 00 DB F4 D6 0B 36 01 C4 04 9E 73 05 00,0x001B
old/hci_snoop_2018_01_01_12_06_26.cfa,2428,2018-01-01T12:08:36.528Z,f4:db:00:00:02:37,no,ADV_IND,-90,02 01 06 03 02 F0 FF 15 FF 1B 00 00 00 37 02 00 00 DB F4 D5 0B 36 01 C4 04 A0 73 05 00,,FFF0,1B 00 00 00 37 02 00 00 DB F4 D5 0B 36 01 C4 04 A0 73 05 00,0x001B
old/hci_snoop_2018_01_01_12_06_26.cfa,2442,2018-01-01T12:08:37.348Z,62:53:00:00:0f:1f,no,ADV_IND,-79,02 01 06 03 02 F0 FF 15 FF 11 00 00 00 1F 0F 00 00 53 62 87 0B 45 01 23 05 F6 B3 05 00,,FFF0,11 00 00 00 1F 0F 00 00 53 62 87 0B 45 01 23 05 F6 B3 05 00,0x0011
old/hci_snoop_2018_01_01_12_06_26.cfa,2449,2018-01-01T12:08:37.707Z,f4:d0:00:00:02:1a,no,ADV_IND,-71,02 01 06 03 02 F0 FF 15 FF 1B 00 00 00 1A 02 00 00 D0 F4 E7 0B 4A 01 90 04 D1 FB 03 00,,FFF0,1B 00 00 00 1A 02 00 00 D0 F4 E7 0B 4A 01 90 04 D1 FB 03 00,0x001B
old/hci_snoop_2018_01_01_12_06_26.cfa,2462,2018-01-01T12:08:38.552Z,f4:d0:00:00:02:1a,no,ADV_IND,-72,02 01 06 03 02 F0 FF 15 FF 1B 00 00 00 1A 02 00 00 D0 F4 E7 0B 4A 01 90 04 D2 FB 03 00,,FFF0,1B 00 00 00 1A 02 00 00 D0 F4 E7 0B 4A 01 90 04 D2 FB 03 00,0x001B
old/hci_snoop_2018_01_01_12_06_26.cfa,2488,2018-01-01T12:08:39.885Z,62:53:00:00:0f:1f,no,ADV_IND,-79,02 01 06 03 02 F0 FF 15 FF 11 00 00 00 1F 0F 00 00 53 62 88 0B 45 01 23 05 F9 B3 05 00,,FFF0,11 00 00 00 1F 0F 00 00 53 62 88 0B 45 01 23 05 F9 B3 05 00,0x0011
old/hci_snoop_2018_01_01_12_06_26.cfa,2495,2018-01-01T12:08:40.246Z,f4:d0:00:00:02:1a,no,ADV_IND,-68,02 01 06 03 02 F0 FF 15 FF 1B 00 00 00 1A 02 00 00 D0 F4 E8 0B 4A 01 90 04 D4 FB 03 00,,FFF0,1B 00 00 00 1A 02 00 00 D0 F4 E8 0B 4A 01 90 04 D4 FB 03 00,0x001B
old/hci_snoop_2018_01_01_12_06_26.cfa,2518,2018-01-01T12:08:41.579Z,62:53:00:00:0f:1f,no,ADV_IND,-81,02 01 06 03 02 F0 FF 15 FF 11 00 00 00 1F 0F 00 00 53 62 87 0B 45 01 23 05 FA B3 05 00,,FFF0,11 00 00 00 1F 0F 00 00 53 62 87 0B 45 01 23 05 FA B3 05 00,0x0011
old/hci_snoop_2018_01_01_12_06_26.cfa,2527,2018-01-01T12:08:41.939Z,f4:d0:00:00:02:1a,no,ADV_IND,-68,02 01 06 03 02 F0 FF 15 FF 1B 00 00 00 1A 02 00 00 D0 F4 E8 0B 4A 01 90 04 D5 FB 03 00,,FFF0,1B 00 00 00 1A 02 00 00 D0 F4 E8 0B 4A 01 90 04 D5 FB 03 00,0x001B
old/hci_snoop_2018_01_01_12_06_26.cfa,2540,2018-01-01T12:08:42.460Z,f4:db:00:00:02:37,no,ADV_IND,-86,02 01 06 03 02 F0 FF 15 FF 1B 00 00 00 37 02 00 00 DB F4 D7 0B 36 01 C4 04 A6 73 05 00,,FFF0,1B 00 00 00 37 02 00 00 DB F4 D7 0B 36 01 C4 04 A6 73 05 00,0x001B
old/hci_snoop_2018_01_01_12_06_26.cfa,2556,2018-01-01T12:08:43.276Z,62:53:00:00:0f:1f,no,ADV_IND,-82,02 01 06 03 02 F0 FF 15 FF 11 00 00 00 1F 0F 00 00 53 62 87 0B 45 01 23 05 FC B3 05 00,,FFF0,11 00 00 00 1F 0F 00 00 53 62 87 0B 45 01 23 05 FC B3 05 00,0x0011
old/hci_snoop_2018_01_01_12_06_26.cfa,2564,2018-01-01T12:08:43.634Z,f4:d0:00:00:02:1a,no,ADV_IND,-69,02 01 06 03 02 F0 FF 15 FF 1B 00 00 00 1A 02 00 00 D0 F4 E8 0B 4A 01 90 04 D7 FB 03 00,,FFF0,1B 00 00 00 1A 02 00 00 D0 F4 E8 0B 4A 01 90 04 D7 FB 03 00,0x001B
old/hci_snoop_2018_01_01_12_06_26.cfa,2574,2018-01-01T12:08:44.152Z,f4:db:00:00:02:37,no,ADV_IND,-87,02 01 06 03 02 F0 FF 15 FF 1B 00 00 00 37 02 00 00 DB F4 D7 0B 36 01 C4 04 A7 73 05 00,,FFF0,1B 00 00 00 37 02 00 00 DB F4 D7 0B 36 01 C4 04 A7 73 05 00,0x001B
old/hci_snoop_2018_01_01_12_06_26.cfa,2581,2018-01-01T12:08:44.478Z,f4:d0:00:00:02:1a,no,ADV_IND,-67,02 01 06 03 02 F0 FF 15 FF 1B 00 00 00 1A 02 00 00 D0 F4 E8 0B 4A 01 90 04 D8 FB 03 00,,FFF0,1B 00 00 00 1A 02 00 00 D0 F4 E8 0B 4A 01 90 04 D8 FB 03 00,0x001B
old/hci_snoop_2018_01_01_12_06_26.cfa,2613,2018-01-01T12:08:46.175Z,f4:d0:00:00:02:1a,no,ADV_IND,-71,02 01 06 03 02 F0 FF 15 FF 1B 00 00 00 1A 02 00 00 D0 F4 E7 0B 4A 01 90 04 DA FB 03 00,,FFF0,1B 00 00 00 1A 02 00 00 D0 F4 E7 0B 4A 01 90 04 DA FB 03 00,0x001B
old/hci_snoop_2018_01_01_12_06_26.cfa,2619,2018-01-01T12:08:46.695Z,f4:db:00:00:02:37,no,ADV_IND,-81,02 01 06 03 02 F0 FF 15 FF 1B 00 00 00 37 02 00 00 DB F4 D7 0B 36 01 C4 04 AA 73 05 00,,FFF0,1B 00 00 00 37 02 00 00 DB F4 D7 0B 36 01 C4 04 AA 73 05 00,0x001B
old/hci_snoop_2018_01_01_12_06_26.cfa,2642,2018-01-01T12:08:47.867Z,f4:d0:00:00:02:1a,no,ADV_IND,-70,02 01 06 03 02 F0 FF 15 FF 1B 00 00 00 1A 02 00 00 D0 F4 E7 0B 4A 01 90 04 DB FB 03 00,,FFF0,1B 00 00 00 1A 02 00 00 D0 F4 E7 0B 4A 01 90 04 DB FB 03 00,0x001B
old/hci_snoop_2018_01_01_12_06_26.cfa,2652,2018-01-01T12:08:48.388Z,f4:db:00:00:02:37,no,ADV_IND,-81,02 01 06 03 02 F0 FF 15 FF 1B 00 00 00 37 02 00 00 DB F4 D7 0B 36 01 C4 04 AC 73 05 00,,FFF0,1B 00 00 00 37 02 00 00 DB F4 D7 0B 36 01 C4 04 AC 73 05 00,0x001B
old/hci_snoop_2018_01_01_12_06_26.cfa,2668,2018-01-01T12:08:49.234Z,f4:db:00:00:02:37,no,ADV_IND,-81,02 01 06 03 02 F0 FF 15 FF 1B 00 00 00 37 02 00 00 DB F4 D7 0B 36 01 C4 04 AD 73 05 00,,FFF0,1B 00 00 00 37 02 00 00 DB F4 D7 0B 36 01 C4 04 AD 73 05 00,0x001B
old/hci_snoop_2018_01_01_12_06_26.cfa,2675,2018-01-01T12:08:49.562Z,f4:d0:00:00:02:1a,no,ADV_IND,-70,02 01 06 03 02 F0 FF 15 FF 1B 00 00 00 1A 02 00 00 D0 F4 E7 0B 4A 01 90 04 DD FB 03 00,,FFF0,1B 00 00 00 1A 02 00 00 D0 F4 E7 0B 4A 01 90 04 DD FB 03 00,0x001B
old/hci_snoop_2018_01_01_12_06_26.cfa,2691,2018-01-01T12:08:50.407Z,f4:d0:00:00:02:1a,no,ADV_IND,-71,02 01 06 03 02 F0 FF 15 FF 1B 00 00 00 1A 02 00 00 D0 F4 E8 0B 4A 01 90 04 DE FB 03 00,,FFF0,1B 00 00 00 1A 02 00 00 D0 F4 E8 0B 4A 01 90 04 DE FB 03 00,0x001B
old/hci_snoop_2018_01_01_12_06_26.cfa,2722,2018-01-01T12:08:51.774Z,f4:db:00:00:02:37,no,ADV_IND,-90,02 01 06 03 02 F0 FF 15 FF 1B 00 00 00 37 02 00 00 DB F4 D6 0B 36 01 C4 04 AF 73 05 00,,FFF0,1B 00 00 00 37 02 00 00 DB F4 D6 0B 36 01 C4 04 AF 73 05 00,0x001B
old/hci_snoop_2018_01_01_12_06_26.cfa,2738,2018-01-01T12:08:52.587Z,62:53:00:00:0f:1f,no,ADV_IND,-79,02 01 06 03 02 F0 FF 15 FF 11 00 00 00 1F 0F 00 00 53 62 87 0B 45 01 23 05 05 B4 05 00,,FFF0,11 00 00 00 1F 0F 00 00 53 62 87 0B 45 01 23 05 05 B4 05 00,0x0011
old/hci_snoop_2018_01_01_12_06_26.cfa,2740,2018-01-01T12:08:52.621Z,f4:db:00:00:02:37,no,ADV_IND,-90,02 01 06 03 02 F0 FF 15 FF 1B 00 00 00 37 02 00 00 DB F4 D6 0B 36 01 C4 04 B0 73 05 00,,FFF0,1B 00 00 00 37 02 00 00 DB F4 D6 0B 36 01 C4 04 B0 73 05 00,0x001B
old/hci_snoop_2018_01_01_12_06_26.cfa,2746,2018-01-01T12:08:52.948Z,f4:d0:00:00:02:1a,no,ADV_IND,-69,02 01 06 03 02 F0 FF 15 FF 1B 00 00 00 1A 02 00 00 D0 F4 E7 0B 4A 01 90 04 E0 FB 03 00,,FFF0,1B 00 00 00 1A 02 00 00 D0 F4 E7 0B 4A 01 90 04 E0 FB 03 00,0x001B
old/hci_snoop_2018_01_01_12_06_26.cfa,2755,2018-01-01T12:08:53.435Z,62:53:00:00:0f:1f,no,ADV_IND,-80,02 01 06 03 02 F0 FF 15 FF 11 00 00 00 1F 0F 00 00 53 62 87 0B 45 01 23 05 06 B4 05 00,,FFF0,11 00 00 00 1F 0F 00 00 53 62 87 0B 45 01 23 05 06 B4 05 00,0x0011
old/hci_snoop_2018_01_01_12_06_26.cfa,2764,2018-01-01T12:08:53.797Z,f4:d0:00:00:02:1a,no,ADV_IND,-71,02 01 06 03 02 F0 FF 15 FF 1B 00 00 00 1A 02 00 00 D0 F4 E7 0B 4A 01 90 04 E1 FB 03 00,,FFF0,1B 00 00 00 1A 02 00 00 D0 F4 E7 0B 4A 01 90 04 E1 FB 03 00,0x001B
old/hci_snoop_2018_01_01_12_06_26.cfa,2776,2018-01-01T12:08:54.316Z,f4:db:00:00:02:37,no,ADV_IND,-89,02 01 06 03 02 F0 FF 15 FF 1B 00 00 00 37 02 00 00 DB F4 D6 0B 36 01 C4 04 B2 73 05 00,,FFF0,1B 00 00 00 37 02 00 00 DB F4 D6 0B 36 01 C4 04 B2 73 05 00,0x001B
old/hci_snoop_2018_01_01_12_06_26.cfa,2792,2018-01-01T12:08:55.129Z,62:53:00:00:0f:1f,no,ADV_IND,-80,02 01 06 03 02 F0 FF 15 FF 11 00 00 00 1F 0F 00 00 53 62 87 0B 45 01 22 05 08 B4 05 00,,FFF0,11 00 00 00 1F 0F 00 00 53 62 87 0B 45 01 22 05 08 B4 05 00,0x0011
old/hci_snoop_2018_01_01_12_06_26.cfa,2802,2018-01-01T12:08:55.492Z,f4:d0:00:00:02:1a,no,ADV_IND,-67,02 01 06 03 02 F0 FF 15 FF 1B 00 00 00 1A 02 00 00 D0 F4 E8 0B 4A 01 91 04 E3 FB 03 00,,FFF0,1B 00 00 00 1A 02 00 00 D0 F4 E8 0B 4A 01 91 04 E3 FB 03 00,0x001B
old/hci_snoop_2018_01_01_12_06_26.cfa,2810,2018-01-01T12:08:55.979Z,62:53:00:00:0f:1f,no,ADV_IND,-79,02 01 06 03 02 F0 FF 15 FF 11 00 00 00 1F 0F 00 00 53 62 87 0B 45 01 22 05 09 B4 05 00,,FFF0,11 00 00 00 1F 0F 00 00 53 62 87 0B 45 01 22 05 09 B4 05 00,0x0011
old/hci_snoop_2018_01_01_12_06_26.cfa,2814,2018-01-01T12:08:56.013Z,f4:db:00:00:02:37,no,ADV_IND,-83,02 01 06 03 02 F0 FF 15 FF 1B 00 00 00 37 02 00 00 DB F4 D7 0B 36 01 C4 04 B3 73 05 00,,FFF0,1B 00 00 00 37 02 00 00 DB F4 D7 0B 36 01 C4 04 B3 73 05 00,0x001B
old/hci_snoop_2018_01_01_12_06_26.cfa,2821,2018-01-01T12:08:56.338Z,f4:d0:00:00:02:1a,no,ADV_IND,-66,02 01 06 03 02 F0 FF 15 FF 1B 00 00 00 1A 02 00 00 D0 F4 E8 0B 4A 01 91 04 E4 FB 03 00,,FFF0,1B 00 00 00 1A 02 00 00 D0 F4 E8 0B 4A 01 91 04 E4 FB 03 00,0x001B
old/hci_snoop_2018_01_01_12_06_26.cfa,2852,2018-01-01T12:08:57.706Z,f4:db:00:00:02:37,no,ADV_IND,-84,02 01 06 03 02 F0 FF 15 FF 1B 00 00 00 37 02 00 00 DB F4 D7 0B 36 01 C4 04 B5 73 05 00,,FFF0,1B 00 00 00 37 02 00 00 DB F4 D7 0B 36 01 C4 04 B5 73 05 00,0x001B
old/hci_snoop_2018_01_01_12_06_26.cfa,2868,2018-01-01T12:08:58.516Z,62:53:00:00:0f:1f,no,ADV_IND,-80,02 01 06 03 02 F0 FF 15 FF 11 00 00 00 1F 0F 00 00 53 62 87 0B 45 01 23 05 0B B4 05 00,,FFF0,11 00 00 00 1F 0F 00 00 53 62 87 0B 45 01 23 05 0B B4 05 00,0x0011
old/hci_snoop_2018_01_01_12_06_26.cfa,2870,2018-01-01T12:08:58.552Z,f4:db:00:00:02:37,no,ADV_IND,-88,02 01 06 03 02 F0 FF 15 FF 1B 00 00 00 37 02 00 00 DB F4 D7 0B 36 01 C4 04 B6 73 05 00,,FFF0,1B 00 00 00 37 02 00 00 DB F4 D7 0B 36 01 C4 04 B6 73 05 00,0x001B
old/hci_snoop_2018_01_01_12_06_26.cfa,2877,2018-01-01T12:08:58.878Z,f4:d0:00:00:02:1a,no,ADV_IND,-67,02 01 06 03 02 F0 FF 15 FF 1B 00 00 00 1A 02 00 00 D0 F4 E8 0B 4A 01 90 04 E6 FB 03 00,,FFF0,1B 00 00 00 1A 02 00 00 D0 F4 E8 0B 4A 01 90 04 E6 FB 03 00,0x001B
old/hci_snoop_2018_01_01_12_06_26.cfa,2886,2018-01-01T12:08:59.367Z,62:53:00:00:0f:1f,no,ADV_IND,-81,02 01 06 03 02 F0 FF 15 FF 11 00 00 00 1F 0F 00 00 53 62 87 0B 45 01 22 05 0C B4 05 00,,FFF0,11 00 00 00 1F 0F 00 00 53 62 87 0B 45 01 22 05 0C B4 05 00,0x0011
old/hci_snoop_2018_01_01_12_06_26.cfa,2895,2018-01-01T12:08:59.726Z,f4:d0:00:00:02:1a,no,ADV_IND,-67,02 01 06 03 02 F0 FF 15 FF 1B 00 00 00 1A 02 00 00 D0 F4 E8 0B 4A 01 90 04 E7 FB 03 00,,FFF0,1B 00 00 00 1A 02 00 00 D0 F4 E8 0B 4A 01 90 04 E7 FB 03 00,0x001B
old/hci_snoop_2018_01_01_12_06_26.cfa,2905,2018-01-01T12:09:00.248Z,f4:db:00:00:02:37,no,ADV_IND,-82,02 01 06 03 02 F0 FF 15 FF 1B 00 00 00 37 02 00 00 DB F4 D7 0B 36 01 C4 04 B8 73 05 00,,FFF0,1B 00 00 00 37 02 00 00 DB F4 D7 0B 36 01 C4 04 B8 73 05 00,0x001B
old/hci_snoop_2018_01_01_12_06_26.cfa,2921,2018-01-01T12:09:01.094Z,f4:db:00:00:02:37,no,ADV_IND,-81,02 01 06 03 02 F0 FF 15 FF 1B 00 00 00 37 02 00 00 DB F4 D6 0B 36 01 C4 04 B8 73 05 00,,FFF0,1B 00 00 00 37 02 00 00 DB F4 D6 0B 36 01 C4 04 B8 73 05 00,0x001B
old/hci_snoop_2018_01_01_12_06_26.cfa,2929,2018-01-01T12:09:01.420Z,f4:d0:00:00:02:1a,no,ADV_IND,-72,02 01 06 03 02 F0 FF 15 FF 1B 00 00 00 1A 02 00 00 D0 F4 E8 0B 4A 01 90 04 E9 FB 03 00,,FFF0,1B 00 00 00 1A 02 00 00 D0 F4 E8 0B 4A 01 90 04 E9 FB 03 00,0x001B
old/hci_snoop_2018_01_01_12_06_26.cfa,2943,2018-01-01T12:09:02.267Z,f4:d0:00:00:02:1a,no,ADV_IND,-72,02 01 06 03 02 F0 FF 15 FF 1B 00 00 00 1A 02 00 00 D0 F4 E8 0B 4A 01 90 04 EA FB 03 00,,FFF0,1B 00 00 00 1A 02 00 00 D0 F4 E8 0B 4A 01 90 04 EA FB 03 00,0x001B
old/hci_snoop_2018_01_01_12_06_26.cfa,2969,2018-01-01T12:09:03.639Z,f4:db:00:00:02:37,no,ADV_IND,-82,02 01 06 03 02 F0 FF 15 FF 1B 00 00 00 37 02 00 00 DB F4 D6 0B 36 01 C4 04 BB 73 05 00,,FFF0,1B 00 00 00 37 02 00 00 DB F4 D6 0B 36 01 C4 04 BB 73 05 00,0x001B
old/hci_snoop_2018_01_01_12_06_26.cfa,2984,2018-01-01T12:09:04.484Z,f4:db:00:00:02:37,no,ADV_IND,-81,02 01 06 03 02 F0 FF 15 FF 1B 00 00 00 37 02 00 00 DB F4 D6 0B 36 01 C4 04 BC 73 05 00,,FFF0,1B 00 00 00 37 02 00 00 DB F4 D6 0B 36 01 C4 04 BC 73 05 00,0x001B
old/hci_snoop_2018_01_01_12_06_26.cfa,3005,2018-01-01T12:09:05.652Z,f4:d0:00:00:02:1a,no,ADV_IND,-72,02 01 06 03 02 F0 FF 15 FF 1B 00 00 00 1A 02 00 00 D0 F4 E8 0B 4A 01 91 04 ED FB 03 00,,FFF0,1B 00 00 00 1A 02 00 00 D0 F4 E8 0B 4A 01 91 04 ED FB 03 00,0x001B
old/hci_snoop_2018_01_01_12_06_26.cfa,3033,2018-01-01T12:09:06.984Z,62:53:00:00:0f:1f,no,ADV_IND,-79,02 01 06 03 02 F0 FF 15 FF 11 00 00 00 1F 0F 00 00 53 62 87 0B 45 01 22 05 14 B4 05 00,,FFF0,11 00 00 00 1F 0F 00 00 53 62 87 0B 45 01 22 05 14 B4 05 00,0x0011
old/hci_snoop_2018_01_01_12_06_26.cfa,3035,2018-01-01T12:09:07.022Z,f4:db:00:00:02:37,no,ADV_IND,-90,02 01 06 03 02 F0 FF 15 FF 1B 00 00 00 37 02 00 00 DB F4 D6 0B 36 01 C4 04 BE 73 05 00,,FFF0,1B 00 00 00 37 02 00 00 DB F4 D6 0B 36 01 C4 04 BE 73 05 00,0x001B
old/hci_snoop_2018_01_01_12_06_26.cfa,3049,2018-01-01T12:09:07.832Z,62:53:00:00:0f:1f,no,ADV_IND,-81,02 01 06 03 02 F0 FF 15 FF 11 00 00 00 1F 0F 00 00 53 62 87 0B 45 01 22 05 15 B4 05 00,,FFF0,11 00 00 00 1F 0F 00 00 53 62 87 0B 45 01 22 05 15 B4 05 00,0x0011
old/hci_snoop_2018_01_01_12_06_26.cfa,3057,2018-01-01T12:09:08.192Z,f4:d0:00:00:02:1a,no,ADV_IND,-72,02 01 06 03 02 F0 FF 15 FF 1B 00 00 00 1A 02 00 00 D0 F4 E8 0B 4A 01 91 04 F0 FB 03 00,,FFF0,1B 00 00 00 1A 02 00 00 D0 F4 E8 0B 4A 01 91 04 F0 FB 03 00,0x001B
old/hci_snoop_2018_01_01_12_06_26.cfa,3082,2018-01-01T12:09:09.561Z,f4:db:00:00:02:37,no,ADV_IND,-90,02 01 06 03 02 F0 FF 15 FF 1B 00 00 00 37 02 00 00 DB F4 D6 0B 36 01 C4 04 C1 73 05 00,,FFF0,1B 00 00 00 37 02 00 00 DB F4 D6 0B 36 01 C4 04 C1 73 05 00,0x001B
old/hci_snoop_2018_01_01_12_06_26.cfa,3097,2018-01-01T12:09:10.376Z,62:53:00:00:0f:1f,no,ADV_IND,-81,02 01 06 03 02 F0 FF 15 FF 11 00 00 00 1F 0F 00 00 53 62 87 0B 45 01 22 05 17 B4 05 00,,FFF0,11 00 00 00 1F 0F 00 00 53 62 87 0B 45 01 22 05 17 B4 05 00,0x0011
old/hci_snoop_2018_01_01_12_06_26.cfa,3100,2018-01-01T12:09:10.410Z,f4:db:00:00:02:37,no,ADV_IND,-85,02 01 06 03 02 F0 FF 15 FF 1B 00 00 00 37 02 00 00 DB F4 D6 0B 36 01 C4 04 C2 73 05 00,,FFF0,1B 00 00 00 37 02 00 00 DB F4 D6 0B 36 01 C4 04 C2 73 05 00,0x001B
old/hci_snoop_2018_01_01_12_06_26.cfa,3106,2018-01-01T12:09:10.738Z,f4:d0:00:00:02:1a,no,ADV_IND,-66,02 01 06 03 02 F0 FF 15 FF 1B 00 00 00 1A 02 00 00 D0 F4 E8 0B 4A 01 91 04 F2 FB 03 00,,FFF0,1B 00 00 00 1A 02 00 00 D0 F4 E8 0B 4A 01 91 04 F2 FB 03 00,0x001B
old/hci_snoop_2018_01_01_12_06_26.cfa,3155,2018-01-01T12:09:12.917Z,62:53:00:00:0f:1f,no,ADV_IND,-80,02 01 06 03 02 F0 FF 15 FF 11 00 00 00 1F 0F 00 00 53 62 87 0B 45 01 22 05 1A B4 05 00,,FFF0,11 00 00 00 1F 0F 00 00 53 62 87 0B 45 01 22 05 1A B4 05 00,0x0011
old/hci_snoop_2018_01_01_12_06_26.cfa,3157,2018-01-01T12:09:12.948Z,f4:db:00:00:02:37,no,ADV_IND,-84,02 01 06 03 02 F0 FF 15 FF 1B 00 00 00 37 02 00 00 DB F4 D8 0B 36 01 C4 04 C4 73 05 00,,FFF0,1B 00 00 00 37 02 00 00 DB F4 D8 0B 36 01 C4 04 C4 73 05 00,0x001B
old/hci_snoop_2018_01_01_12_06_26.cfa,3164,2018-01-01T12:09:13.274Z,f4:d0:00:00:02:1a,no,ADV_IND,-67,02 01 06 03 02 F0 FF 15 FF 1B 00 00 00 1A 02 00 00 D0 F4 E8 0B 4A 01 91 04 F5 FB 03 00,,FFF0,1B 00 00 00 1A 02 00 00 D0 F4 E8 0B 4A 01 91 04 F5 FB 03 00,0x001B
old/hci_snoop_2018_01_01_12_06_26.cfa,3175,2018-01-01T12:09:13.796Z,f4:db:00:00:02:37,no,ADV_IND,-84,02 01 06 03 02 F0 FF 15 FF 1B 00 00 00 37 02 00 00 DB F4 D7 0B 36 01 C4 04 C5 73 05 00,,FFF0,1B 00 00 00 37 02 00 00 DB F4 D7 0B 36 01 C4 04 C5 73 05 00,0x001B
old/hci_snoop_2018_01_01_12_06_26.cfa,3183,2018-01-01T12:09:14.123Z,f4:d0:00:00:02:1a,no,ADV_IND,-67,02 01 06 03 02 F0 FF 15 FF 1B 00 00 00 1A 02 00 00 D0 F4 E9 0B 4A 01 91 04 F5 FB 03 00,,FFF0,1B 00 00 00 1A 02 00 00 D0 F4 E9 0B 4A 01 91 04 F5 FB 03 00,0x001B
old/hci_snoop_2018_01_01_12_06_26.cfa,3192,2018-01-01T12:09:14.606Z,62:53:00:00:0f:1f,no,ADV_IND,-79,02 01 06 03 02 F0 FF 15 FF 11 00 00 00 1F 0F 00 00 53 62 87 0B 45 01 22 05 1B B4 05 00,,FFF0,11 00 00 00 1F 0F 00 00 53 62 87 0B 45 01 22 05 1B B4 05 00,0x0011
old/hci_snoop_2018_01_01_12_06_26.cfa,3202,2018-01-01T12:09:14.970Z,f4:d0:00:00:02:1a,no,ADV_IND,-66,02 01 06 03 02 F0 FF 15 FF 1B 00 00 00 1A 02 00 00 D0 F4 E8 0B 4A 01 91 04 F6 FB 03 00,,FFF0,1B 00 00 00 1A 02 00 00 D0 F4 E8 0B 4A 01 91 04 F6 FB 03 00,0x001B
old/hci_snoop_2018_01_01_12_06_26.cfa,3211,2018-01-01T12:09:15.492Z,f4:db:00:00:02:37,no,ADV_IND,-80,02 01 06 03 02 F0 FF 15 FF 1B 00 00 00 37 02 00 00 DB F4 D7 0B 36 01 C4 04 C7 73 05 00,,FFF0,1B 00 00 00 37 02 00 00 DB F4 D7 0B 36 01 C4 04 C7 73 05 00,0x001B
old/hci_snoop_2018_01_01_12_06_26.cfa,3215,2018-01-01T12:09:16.344Z,f4:db:00:00:02:37,no,ADV_IND,-82,02 01 06 03 02 F0 FF 15 FF 1B 00 00 00 37 02 00 00 DB F4 D6 0B 36 01 C4 04 C8 73 05 00,,FFF0,1B 00 00 00 37 02 00 00 DB F4 D6 0B 36 01 C4 04 C8 73 05 00,0x001B
old/hci_snoop_2018_01_01_12_06_26.cfa,3221,2018-01-01T12:09:22.232Z,62:53:00:00:0f:1f,no,ADV_IND,-80,02 01 06 03 02 F0 FF 15 FF 11 00 00 00 1F 0F 00 00 53 62 87 0B 45 01 22 05 23 B4 05 00,,FFF0,11 00 00 00 1F 0F 00 00 53 62 87 0B 45 01 22 05 23 B4 05 00,0x0011
old/hci_snoop_2018_01_01_12_06_26.cfa,3224,2018-01-01T12:09:22.599Z,f4:d0:00:00:02:1a,no,ADV_IND,-70,02 01 06 03 02 F0 FF 15 FF 1B 00 00 00 1A 02 00 00 D0 F4 E8 0B 4A 01 90 04 FE FB 03 00,,FFF0,1B 00 00 00 1A 02 00 00 D0 F4 E8 0B 4A 01 90 04 FE FB 03 00,0x001B
old/hci_snoop_2018_01_01_12_06_26.cfa,3226,2018-01-01T12:09:23.084Z,62:53:00:00:0f:1f,no,ADV_IND,-82,02 01 06 03 02 F0 FF 15 FF 11 00 00 00 1F 0F 00 00 53 62 87 0B 45 01 22 05 24 B4 05 00,,FFF0,11 00 00 00 1F 0F 00 00 53 62 87 0B 45 01 22 05 24 B4 05 00,0x0011
old/hci_snoop_2018_01_01_12_06_26.cfa,3228,2018-01-01T12:09:23.110Z,f4:db:00:00:02:37,no,ADV_IND,-89,02 01 06 03 02 F0 FF 15 FF 1B 00 00 00 37 02 00 00 DB F4 D7 0B 36 01 C4 04 CE 73 05 00,,FFF0,1B 00 00 00 37 02 00 00 DB F4 D7 0B 36 01 C4 04 CE 73 05 00,0x001B
old/hci_snoop_2018_01_01_12_06_26.cfa,3238,2018-01-01T12:09:24.804Z,f4:db:00:00:02:37,no,ADV_IND,-88,02 01 06 03 02 F0 FF 15 FF 1B 00 00 00 37 02 00 00 DB F4 D8 0B 36 01 C4 04 D0 73 05 00,,FFF0,1B 00 00 00 37 02 00 00 DB F4 D8 0B 36 01 C4 04 D0 73 05 00,0x001B
old/hci_snoop_2018_01_01_12_06_26.cfa,3242,2018-01-01T12:09:25.624Z,62:53:00:00:0f:1f,no,ADV_IND,-79,02 01 06 03 02 F0 FF 15 FF 11 00 00 00 1F 0F 00 00 53 62 88 0B 45 01 22 05 26 B4 05 00,,FFF0,11 00 00 00 1F 0F 00 00 53 62 88 0B 45 01 22 05 26 B4 05 00,0x0011
old/hci_snoop_2018_01_01_12_06_26.cfa,3244,2018-01-01T12:09:25.653Z,f4:db:00:00:02:37,no,ADV_IND,-84,02 01 06 03 02 F0 FF 15 FF 1B 00 00 00 37 02 00 00 DB F4 D8 0B 36 01 C4 04 D1 73 05 00,,FFF0,1B 00 00 00 37 02 00 00 DB F4 D8 0B 36 01 C4 04 D1 73 05 00,0x001B
old/hci_snoop_2018_01_01_12_06_26.cfa,3246,2018-01-01T12:09:25.989Z,f4:d0:00:00:02:1a,no,ADV_IND,-66,02 01 06 03 02 F0 FF 15 FF 1B 00 00 00 1A 02 00 00 D0 F4 E8 0B 4A 01 91 04 01 FC 03 00,,FFF0,1B 00 00 00 1A 02 00 00 D0 F4 E8 0B 4A 01 91 04 01 FC 03 00,0x001B
old/hci_snoop_2018_01_01_12_06_26.cfa,3248,2018-01-01T12:09:26.470Z,62:53:00:00:0f:1f,no,ADV_IND,-79,02 01 06 03 02 F0 FF 15 FF 11 00 00 00 1F 0F 00 00 53 62 88 0B 45 01 22 05 27 B4 05 00,,FFF0,11 00 00 00 1F 0F 00 00 53 62 88 0B 45 01 22 05 27 B4 05 00,0x0011
old/hci_snoop_2018_01_01_12_06_26.cfa,3252,2018-01-01T12:09:27.354Z,f4:db:00:00:02:37,no,ADV_IND,-84,02 01 06 03 02 F0 FF 15 FF 1B 00 00 00 37 02 00 00 DB F4 D7 0B 36 01 C4 04 D3 73 05 00,,FFF0,1B 00 00 00 37 02 00 00 DB F4 D7 0B 36 01 C4 04 D3 73 05 00,0x001B
old/hci_snoop_2018_01_01_12_06_26.cfa,3257,2018-01-01T12:09:28.163Z,62:53:00:00:0f:1f,no,ADV_IND,-81,02 01 06 03 02 F0 FF 15 FF 11 00 00 00 1F 0F 00 00 53 62 88 0B 45 01 22 05 29 B4 05 00,,FFF0,11 00 00 00 1F 0F 00 00 53 62 88 0B 45 01 22 05 29 B4 05 00,0x0011
old/hci_snoop_2018_01_01_12_06_26.cfa,3261,2018-01-01T12:09:29.008Z,62:53:00:00:0f:1f,no,ADV_IND,-79,02 01 06 03 02 F0 FF 15 FF 11 00 00 00 1F 0F 00 00 53 62 88 0B 45 01 22 05 2A B4 05 00,,FFF0,11 00 00 00 1F 0F 00 00 53 62 88 0B 45 01 22 05 2A B4 05 00,0x0011
old/hci_snoop_2018_01_01_12_06_26.cfa,3263,2018-01-01T12:09:29.041Z,f4:db:00:00:02:37,no,ADV_IND,-84,02 01 06 03 02 F0 FF 15 FF 1B 00 00 00 37 02 00 00 DB F4 D7 0B 36 01 C4 04 D4 73 05 00,,FFF0,1B 00 00 00 37 02 00 00 DB F4 D7 0B 36 01 C4 04 D4 73 05 00,0x001B
old/hci_snoop_2018_01_01_12_06_26.cfa,3271,2018-01-01T12:09:30.743Z,f4:db:00:00:02:37,no,ADV_IND,-79,02 01 06 03 02 F0 FF 15 FF 1B 00 00 00 37 02 00 00 DB F4 D7 0B 36 01 C4 04 D6 73 05 00,,FFF0,1B 00 00 00 37 02 00 00 DB F4 D7 0B 36 01 C4 04 D6 73 05 00,0x001B
old/hci_snoop_2018_01_01_12_06_26.cfa,3275,2018-01-01T12:09:31.590Z,f4:db:00:00:02:37,no,ADV_IND,-80,02 01 06 03 02 F0 FF 15 FF 1B 00 00 00 37 02 00 00 DB F4 D7 0B 36 01 C4 04 D7 73 05 00,,FFF0,1B 00 00 00 37 02 00 00 DB F4 D7 0B 36 01 C4 04 D7 73 05 00,0x001B
old/hci_snoop_2018_01_01_12_06_26.cfa,3279,2018-01-01T12:09:32.761Z,f4:d0:00:00:02:1a,no,ADV_IND,-72,02 01 06 03 02 F0 FF 15 FF 1B 00 00 00 1A 02 00 00 D0 F4 E8 0B 4A 01 90 04 08 FC 03 00,,FFF0,1B 00 00 00 1A 02 00 00 D0 F4 E8 0B 4A 01 90 04 08 FC 03 00,0x001B
old/hci_snoop_2018_01_01_12_06_26.cfa,3283,2018-01-01T12:09:34.458Z,f4:d0:00:00:02:1a,no,ADV_IND,-71,02 01 06 03 02 F0 FF 15 FF 1B 00 00 00 1A 02 00 00 D0 F4 E8 0B 4A 01 90 04 0A FC 03 00,,FFF0,1B 00 00 00 1A 02 00 00 D0 F4 E8 0B 4A 01 90 04 0A FC 03 00,0x001B
old/hci_snoop_2018_01_01_12_06_26.cfa,3285,2018-01-01T12:09:35.299Z,f4:d0:00:00:02:1a,no,ADV_IND,-73,02 01 06 03 02 F0 FF 15 FF 1B 00 00 00 1A 02 00 00 D0 F4 E8 0B 4A 01 90 04 0B FC 03 00,,FFF0,1B 00 00 00 1A 02 00 00 D0 F4 E8 0B 4A 01 90 04 0B FC 03 00,0x001B
old/hci_snoop_2018_01_01_12_06_26.cfa,3289,2018-01-01T12:09:37.481Z,62:53:00:00:0f:1f,no,ADV_IND,-79,02 01 06 03 02 F0 FF 15 FF 11 00 00 00 1F 0F 00 00 53 62 88 0B 45 01 22 05 32 B4 05 00,,FFF0,11 00 00 00 1F 0F 00 00 53 62 88 0B 45 01 22 05 32 B4 05 00,0x0011
old/hci_snoop_2018_01_01_12_06_26.cfa,3291,2018-01-01T12:09:37.847Z,f4:d0:00:00:02:1a,no,ADV_IND,-76,02 01 06 03 02 F0 FF 15 FF 1B 00 00 00 1A 02 00 00 D0 F4 E8 0B 4A 01 90 04 0D FC 03 00,,FFF0,1B 00 00 00 1A 02 00 00 D0 F4 E8 0B 4A 01 90 04 0D FC 03 00,0x001B
old/hci_snoop_2018_01_01_12_06_26.cfa,3293,2018-01-01T12:09:38.692Z,f4:d0:00:00:02:1a,no,ADV_IND,-75,02 01 06 03 02 F0 FF 15 FF 1B 00 00 00 1A 02 00 00 D0 F4 E8 0B 4A 01 90 04 0E FC 03 00,,FFF0,1B 00 00 00 1A 02 00 00 D0 F4 E8 0B 4A 01 90 04 0E FC 03 00,0x001B
old/hci_snoop_2018_01_01_12_06_26.cfa,3298,2018-01-01T12:09:40.024Z,62:53:00:00:0f:1f,no,ADV_IND,-81,02 01 06 03 02 F0 FF 15 FF 11 00 00 00 1F 0F 00 00 53 62 87 0B 45 01 22 05 35 B4 05 00,,FFF0,11 00 00 00 1F 0F 00 00 53 62 87 0B 45 01 22 05 35 B4 05 00,0x0011
old/hci_snoop_2018_01_01_12_06_26.cfa,3300,2018-01-01T12:09:40.384Z,f4:d0:00:00:02:1a,no,ADV_IND,-67,02 01 06 03 02 F0 FF 15 FF 1B 00 00 00 1A 02 00 00 D0 F4 E7 0B 4A 01 90 04 10 FC 03 00,,FFF0,1B 00 00 00 1A 02 00 00 D0 F4 E7 0B 4A 01 90 04 10 FC 03 00,0x001B
old/hci_snoop_2018_01_01_12_06_26.cfa,3302,2018-01-01T12:09:40.877Z,62:53:00:00:0f:1f,no,ADV_IND,-79,02 01 06 03 02 F0 FF 15 FF 11 00 00 00 1F 0F 00 00 53 62 87 0B 45 01 22 05 36 B4 05 00,,FFF0,11 00 00 00 1F 0F 00 00 53 62 87 0B 45 01 22 05 36 B4 05 00,0x0011
old/hci_snoop_2018_01_01_12_06_26.cfa,3304,2018-01-01T12:09:41.227Z,f4:d0:00:00:02:1a,no,ADV_IND,-66,02 01 06 03 02 F0 FF 15 FF 1B 00 00 00 1A 02 00 00 D0 F4 E7 0B 4A 01 90 04 11 FC 03 00,,FFF0,1B 00 00 00 1A 02 00 00 D0 F4 E7 0B 4A 01 90 04 11 FC 03 00,0x001B
old/hci_snoop_2018_01_01_12_06_26.cfa,3308,2018-01-01T12:09:42.079Z,f4:d0:00:00:02:1a,no,ADV_IND,-65,02 01 06 03 02 F0 FF 15 FF 1B 00 00 00 1A 02 00 00 D0 F4 E9 0B 4A 01 90 04 11 FC 03 00,,FFF0,1B 00 00 00 1A 02 00 00 D0 F4 E9 0B 4A 01 90 04 11 FC 03 00,0x001B
old/hci_snoop_2018_01_01_12_06_26.cfa,3312,2018-01-01T12:09:42.593Z,f4:db:00:00:02:37,no,ADV_IND,-82,02 01 06 03 02 F0 FF 15 FF 1B 00 00 00 37 02 00 00 DB F4 D6 0B 36 01 C4 04 E2 73 05 00,,FFF0,1B 00 00 00 37 02 00 00 DB F4 D6 0B 36 01 C4 04 E2 73 05 00,0x001B
old/hci_snoop_2018_01_01_12_06_26.cfa,3314,2018-01-01T12:09:43.413Z,62:53:00:00:0f:1f,no,ADV_IND,-80,02 01 06 03 02 F0 FF 15 FF 11 00 00 00 1F 0F 00 00 53 62 86 0B 45 01 22 05 38 B4 05 00,,FFF0,11 00 00 00 1F 0F 00 00 53 62 86 0B 45 01 22 05 38 B4 05 00,0x0011
old/hci_snoop_2018_01_01_12_06_26.cfa,3316,2018-01-01T12:09:43.774Z,f4:d0:00:00:02:1a,no,ADV_IND,-65,02 01 06 03 02 F0 FF 15 FF 1B 00 00 00 1A 02 00 00 D0 F4 E9 0B 4A 01 90 04 13 FC 03 00,,FFF0,1B 00 00 00 1A 02 00 00 D0 F4 E9 0B 4A 01 90 04 13 FC 03 00,0x001B
old/hci_snoop_2018_01_01_12_06_26.cfa,3318,2018-01-01T12:09:44.255Z,62:53:00:00:0f:1f,no,ADV_IND,-81,02 01 06 03 02 F0 FF 15 FF 11 00 00 00 1F 0F 00 00 53 62 86 0B 45 01 22 05 39 B4 05 00,,FFF0,11 00 00 00 1F 0F 00 00 53 62 86 0B 45 01 22 05 39 B4 05 00,0x0011
old/hci_snoop_2018_01_01_12_06_26.cfa,3320,2018-01-01T12:09:44.618Z,f4:d0:00:00:02:1a,no,ADV_IND,-64,02 01 06 03 02 F0 FF 15 FF 1B 00 00 00 1A 02 00 00 D0 F4 E7 0B 4A 01 90 04 14 FC 03 00,,FFF0,1B 00 00 00 1A 02 00 00 D0 F4 E7 0B 4A 01 90 04 14 FC 03 00,0x001B
old/hci_snoop_2018_01_01_12_06_26.cfa,3324,2018-01-01T12:09:45.987Z,f4:db:00:00:02:37,no,ADV_IND,-82,02 01 06 03 02 F0 FF 15 FF 1B 00 00 00 37 02 00 00 DB F4 D6 0B 36 01 C4 04 E5 73 05 00,,FFF0,1B 00 00 00 37 02 00 00 DB F4 D6 0B 36 01 C4 04 E5 73 05 00,0x001B
old/hci_snoop_2018_01_01_12_06_26.cfa,3326,2018-01-01T12:09:46.310Z,f4:d0:00:00:02:1a,no,ADV_IND,-80,02 01 06 03 02 F0 FF 15 FF 1B 00 00 00 1A 02 00 00 D0 F4 E7 0B 4A 01 90 04 16 FC 03 00,,FFF0,1B 00 00 00 1A 02 00 00 D0 F4 E7 0B 4A 01 90 04 16 FC 03 00,0x001B
old/hci_snoop_2018_01_01_12_06_26.cfa,3328,2018-01-01T12:09:46.832Z,f4:db:00:00:02:37,no,ADV_IND,-82,02 01 06 03 02 F0 FF 15 FF 1B 00 00 00 37 02 00 00 DB F4 D7 0B 36 01 C4 04 E6 73 05 00,,FFF0,1B 00 00 00 37 02 00 00 DB F4 D7 0B 36 01 C4 04 E6 73 05 00,0x001B
old/hci_snoop_2018_01_01_12_06_26.cfa,3331,2018-01-01T12:09:47.159Z,f4:d0:00:00:02:1a,no,ADV_IND,-79,02 01 06 03 02 F0 FF 15 FF 1B 00 00 00 1A 02 00 00 D0 F4 E8 0B 4A 01 90 04 16 FC 03 00,,FFF0,1B 00 00 00 1A 02 00 00 D0 F4 E8 0B 4A 01 90 04 16 FC 03 00,0x001B
old/hci_snoop_2018_01_01_12_06_26.cfa,3333,2018-01-01T12:09:48.004Z,f4:d0:00:00:02:1a,no,ADV_IND,-78,02 01 06 03 02 F0 FF 15 FF 1B 00 00 00 1A 02 00 00 D0 F4 E8 0B 4A 01 90 04 17 FC 03 00,,FFF0,1B 00 00 00 1A 02 00 00 D0 F4 E8 0B 4A 01 90 04 17 FC 03 00,0x001B
old/hci_snoop_2018_01_01_12_06_26.cfa,3335,2018-01-01T12:09:52.243Z,f4:d0:00:00:02:1a,no,ADV_IND,-70,02 01 06 03 02 F0 FF 15 FF 1B 00 00 00 1A 02 00 00 D0 F4 E8 0B 4A 01 90 04 1C FC 03 00,,FFF0,1B 00 00 00 1A 02 00 00 D0 F4 E8 0B 4A 01 90 04 1C FC 03 00,0x001B
old/hci_snoop_2018_01_01_12_06_26.cfa,3340,2018-01-01T12:09:54.448Z,f4:db:00:00:02:37,no,ADV_IND,-90,02 01 06 03 02 F0 FF 15 FF 1B 00 00 00 37 02 00 00 DB F4 D7 0B 36 01 C4 04 EE 73 05 00,,FFF0,1B 00 00 00 37 02 00 00 DB F4 D7 0B 36 01 C4 04 EE 73 05 00,0x001B
old/hci_snoop_2018_01_01_12_06_26.cfa,3344,2018-01-01T12:09:55.265Z,62:53:00:00:0f:1f,no,ADV_IND,-81,02 01 06 03 02 F0 FF 15 FF 11 00 00 00 1F 0F 00 00 53 62 87 0B 45 01 22 05 44 B4 05 00,,FFF0,11 00 00 00 1F 0F 00 00 53 62 87 0B 45 01 22 05 44 B4 05 00,0x0011
old/hci_snoop_2018_01_01_12_06_26.cfa,3346,2018-01-01T12:09:55.295Z,f4:db:00:00:02:37,no,ADV_IND,-86,02 01 06 03 02 F0 FF 15 FF 1B 00 00 00 37 02 00 00 DB F4 D7 0B 36 01 C4 04 EF 73 05 00,,FFF0,1B 00 00 00 37 02 00 00 DB F4 D7 0B 36 01 C4 04 EF 73 05 00,0x001B
old/hci_snoop_2018_01_01_12_06_26.cfa,3348,2018-01-01T12:09:55.628Z,f4:d0:00:00:02:1a,no,ADV_IND,-65,02 01 06 03 02 F0 FF 15 FF 1B 00 00 00 1A 02 00 00 D0 F4 E7 0B 4A 01 90 04 1F FC 03 00,,FFF0,1B 00 00 00 1A 02 00 00 D0 F4 E7 0B 4A 01 90 04 1F FC 03 00,0x001B
old/hci_snoop_2018_01_01_12_06_26.cfa,3350,2018-01-01T12:09:56.116Z,62:53:00:00:0f:1f,no,ADV_IND,-81,02 01 06 03 02 F0 FF 15 FF 11 00 00 00 1F 0F 00 00 53 62 87 0B 45 01 22 05 45 B4 05 00,,FFF0,11 00 00 00 1F 0F 00 00 53 62 87 0B 45 01 22 05 45 B4 05 00,0x0011
old/hci_snoop_2018_01_01_12_06_26.cfa,3354,2018-01-01T12:09:56.474Z,f4:d0:00:00:02:1a,no,ADV_IND,-64,02 01 06 03 02 F0 FF 15 FF 1B 00 00 00 1A 02 00 00 D0 F4 E7 0B 4A 01 90 04 20 FC 03 00,,FFF0,1B 00 00 00 1A 02 00 00 D0 F4 E7 0B 4A 01 90 04 20 FC 03 00,0x001B
old/hci_snoop_2018_01_01_12_06_26.cfa,3360,2018-01-01T12:09:57.812Z,62:53:00:00:0f:1f,no,ADV_IND,-80,02 01 06 03 02 F0 FF 15 FF 11 00 00 00 1F 0F 00 00 53 62 88 0B 45 01 22 05 47 B4 05 00,,FFF0,11 00 00 00 1F 0F 00 00 53 62 88 0B 45 01 22 05 47 B4 05 00,0x0011
old/hci_snoop_2018_01_01_12_06_26.cfa,3362,2018-01-01T12:09:57.837Z,f4:db:00:00:02:37,no,ADV_IND,-87,02 01 06 03 02 F0 FF 15 FF 1B 00 00 00 37 02 00 00 DB F4 D7 0B 36 01 C4 04 F1 73 05 00,,FFF0,1B 00 00 00 37 02 00 00 DB F4 D7 0B 36 01 C4 04 F1 73 05 00,0x001B
old/hci_snoop_2018_01_01_12_06_26.cfa,3364,2018-01-01T12:09:58.174Z,f4:d0:00:00:02:1a,no,ADV_IND,-65,02 01 06 03 02 F0 FF 15 FF 1B 00 00 00 1A 02 00 00 D0 F4 E7 0B 4A 01 90 04 22 FC 03 00,,FFF0,1B 00 00 00 1A 02 00 00 D0 F4 E7 0B 4A 01 90 04 22 FC 03 00,0x001B
old/hci_snoop_2018_01_01_12_06_26.cfa,3366,2018-01-01T12:09:58.689Z,f4:db:00:00:02:37,no,ADV_IND,-86,02 01 06 03 02 F0 FF 15 FF 1B 00 00 00 37 02 00 00 DB F4 D7 0B 36 01 C4 04 F2 73 05 00,,FFF0,1B 00 00 00 37 02 00 00 DB F4 D7 0B 36 01 C4 04 F2 73 05 00,0x001B
old/hci_snoop_2018_01_01_12_06_26.cfa,3370,2018-01-01T12:09:59.506Z,62:53:00:00:0f:1f,no,ADV_IND,-82,02 01 06 03 02 F0 FF 15 FF 11 00 00 00 1F 0F 00 00 53 62 88 0B 45 01 22 05 48 B4 05 00,,FFF0,11 00 00 00 1F 0F 00 00 53 62 88 0B 45 01 22 05 48 B4 05 00,0x0011
old/hci_snoop_2018_01_01_12_06_26.cfa,3372,2018-01-01T12:09:59.866Z,f4:d0:00:00:02:1a,no,ADV_IND,-65,02 01 06 03 02 F0 FF 15 FF 1B 00 00 00 1A 02 00 00 D0 F4 E8 0B 4A 01 90 04 23 FC 03 00,,FFF0,1B 00 00 00 1A 02 00 00 D0 F4 E8 0B 4A 01 90 04 23 FC 03 00,0x001B
old/hci_snoop_2018_01_01_12_06_26.cfa,3374,2018-01-01T12:10:01.233Z,f4:db:00:00:02:37,no,ADV_IND,-80,02 01 06 03 02 F0 FF 15 FF 1B 00 00 00 37 02 00 00 DB F4 D7 0B 36 01 C4 04 F5 73 05 00,,FFF0,1B 00 00 00 37 02 00 00 DB F4 D7 0B 36 01 C4 04 F5 73 05 00,0x001B
old/hci_snoop_2018_01_01_12_06_26.cfa,3376,2018-01-01T12:10:01.562Z,f4:d0:00:00:02:1a,no,ADV_IND,-78,02 01 06 03 02 F0 FF 15 FF 1B 00 00 00 1A 02 00 00 D0 F4 E8 0B 4A 01 90 04 25 FC 03 00,,FFF0,1B 00 00 00 1A 02 00 00 D0 F4 E8 0B 4A 01 90 04 25 FC 03 00,0x001B
old/hci_snoop_2018_01_01_12_06_26.cfa,3380,2018-01-01T12:10:02.409Z,f4:d0:00:00:02:1a,no,ADV_IND,-77,02 01 06 03 02 F0 FF 15 FF 1B 00 00 00 1A 02 00 00 D0 F4 E8 0B 4A 01 90 04 26 FC 03 00,,FFF0,1B 00 00 00 1A 02 00 00 D0 F4 E8 0B 4A 01 90 04 26 FC 03 00,0x001B
old/hci_snoop_2018_01_01_12_06_26.cfa,3384,2018-01-01T12:10:03.777Z,f4:db:00:00:02:37,no,ADV_IND,-81,02 01 06 03 02 F0 FF 15 FF 1B 00 00 00 37 02 00 00 DB F4 D7 0B 36 01 C4 04 F7 73 05 00,,FFF0,1B 00 00 00 37 02 00 00 DB F4 D7 0B 36 01 C4 04 F7 73 05 00,0x001B
old/hci_snoop_2018_01_01_12_06_26.cfa,3389,2018-01-01T12:10:04.620Z,f4:db:00:00:02:37,no,ADV_IND,-81,02 01 06 03 02 F0 FF 15 FF 1B 00 00 00 37 02 00 00 DB F4 D8 0B 36 01 C4 04 F8 73 05 00,,FFF0,1B 00 00 00 37 02 00 00 DB F4 D8 0B 36 01 C4 04 F8 73 05 00,0x001B
old/hci_snoop_2018_01_01_12_06_26.cfa,3391,2018-01-01T12:10:04.949Z,f4:d0:00:00:02:1a,no,ADV_IND,-77,02 01 06 03 02 F0 FF 15 FF 1B 00 00 00 1A 02 00 00 D0 F4 E8 0B 4A 01 91 04 28 FC 03 00,,FFF0,1B 00 00 00 1A 02 00 00 D0 F4 E8 0B 4A 01 91 04 28 FC 03 00,0x001B
old/hci_snoop_2018_01_01_12_06_26.cfa,3393,2018-01-01T12:10:05.432Z,62:53:00:00:0f:1f,no,ADV_IND,-79,02 01 06 03 02 F0 FF 15 FF 11 00 00 00 1F 0F 00 00 53 62 87 0B 45 01 22 05 4E B4 05 00,,FFF0,11 00 00 00 1F 0F 00 00 53 62 87 0B 45 01 22 05 4E B4 05 00,0x0011
old/hci_snoop_2018_01_01_12_06_26.cfa,3397,2018-01-01T12:10:05.795Z,f4:d0:00:00:02:1a,no,ADV_IND,-68,02 01 06 03 02 F0 FF 15 FF 1B 00 00 00 1A 02 00 00 D0 F4 E8 0B 4A 01 91 04 29 FC 03 00,,FFF0,1B 00 00 00 1A 02 00 00 D0 F4 E8 0B 4A 01 91 04 29 FC 03 00,0x001B
old/hci_snoop_2018_01_01_12_06_26.cfa,3401,2018-01-01T12:10:06.305Z,f4:db:00:00:02:37,no,ADV_IND,-90,02 01 06 03 02 F0 FF 15 FF 1B 00 00 00 37 02 00 00 DB F4 D8 0B 36 01 C4 04 FA 73 05 00,,FFF0,1B 00 00 00 37 02 00 00 DB F4 D8 0B 36 01 C4 04 FA 73 05 00,0x001B
old/hci_snoop_2018_01_01_12_06_26.cfa,3403,2018-01-01T12:10:07.124Z,62:53:00:00:0f:1f,no,ADV_IND,-79,02 01 06 03 02 F0 FF 15 FF 11 00 00 00 1F 0F 00 00 53 62 87 0B 45 01 22 05 50 B4 05 00,,FFF0,11 00 00 00 1F 0F 00 00 53 62 87 0B 45 01 22 05 50 B4 05 00,0x0011
old/hci_snoop_2018_01_01_12_06_26.cfa,3405,2018-01-01T12:10:07.487Z,f4:d0:00:00:02:1a,no,ADV_IND,-68,02 01 06 03 02 F0 FF 15 FF 1B 00 00 00 1A 02 00 00 D0 F4 E8 0B 4A 01 90 04 2B FC 03 00,,FFF0,1B 00 00 00 1A 02 00 00 D0 F4 E8 0B 4A 01 90 04 2B FC 03 00,0x001B
old/hci_snoop_2018_01_01_12_06_26.cfa,3407,2018-01-01T12:10:07.975Z,62:53:00:00:0f:1f,no,ADV_IND,-78,02 01 06 03 02 F0 FF 15 FF 11 00 00 00 1F 0F 00 00 53 62 87 0B 45 01 22 05 51 B4 05 00,,FFF0,11 00 00 00 1F 0F 00 00 53 62 87 0B 45 01 22 05 51 B4 05 00,0x0011
old/hci_snoop_2018_01_01_12_06_26.cfa,3409,2018-01-01T12:10:07.998Z,f4:db:00:00:02:37,no,ADV_IND,-89,02 01 06 03 02 F0 FF 15 FF 1B 00 00 00 37 02 00 00 DB F4 D6 0B 36 01 C4 04 FB 73 05 00,,FFF0,1B 00 00 00 37 02 00 00 DB F4 D6 0B 36 01 C4 04 FB 73 05 00,0x001B
old/hci_snoop_2018_01_01_12_06_26.cfa,3411,2018-01-01T12:10:08.332Z,f4:d0:00:00:02:1a,no,ADV_IND,-67,02 01 06 03 02 F0 FF 15 FF 1B 00 00 00 1A 02 00 00 D0 F4 E8 0B 4A 01 90 04 2C FC 03 00,,FFF0,1B 00 00 00 1A 02 00 00 D0 F4 E8 0B 4A 01 90 04 2C FC 03 00,0x001B
old/hci_snoop_2018_01_01_12_06_26.cfa,3419,2018-01-01T12:10:09.691Z,f4:db:00:00:02:37,no,ADV_IND,-90,02 01 06 03 02 F0 FF 15 FF 1B 00 00 00 37 02 00 00 DB F4 D7 0B 36 01 C4 04 FD 73 05 00,,FFF0,1B 00 00 00 37 02 00 00 DB F4 D7 0B 36 01 C4 04 FD 73 05 00,0x001B
old/hci_snoop_2018_01_01_12_06_26.cfa,3421,2018-01-01T12:10:10.518Z,62:53:00:00:0f:1f,no,ADV_IND,-81,02 01 06 03 02 F0 FF 15 FF 11 00 00 00 1F 0F 00 00 53 62 87 0B 45 01 22 05 53 B4 05 00,,FFF0,11 00 00 00 1F 0F 00 00 53 62 87 0B 45 01 22 05 53 B4 05 00,0x0011
old/hci_snoop_2018_01_01_12_06_26.cfa,3423,2018-01-01T12:10:10.540Z,f4:db:00:00:02:37,no,ADV_IND,-84,02 01 06 03 02 F0 FF 15 FF 1B 00 00 00 37 02 00 00 DB F4 D7 0B 36 01 C4 04 FE 73 05 00,,FFF0,1B 00 00 00 37 02 00 00 DB F4 D7 0B 36 01 C4 04 FE 73 05 00,0x001B
old/hci_snoop_2018_01_01_12_06_26.cfa,3427,2018-01-01T12:10:12.242Z,f4:db:00:00:02:37,no,ADV_IND,-84,02 01 06 03 02 F0 FF 15 FF 1B 00 00 00 37 02 00 00 DB F4 D6 0B 36 01 C4 04 00 74 05 00,,FFF0,1B 00 00 00 37 02 00 00 DB F4 D6 0B 36 01 C4 04 00 74 05 00,0x001B
old/hci_snoop_2018_01_01_12_06_26.cfa,3431,2018-01-01T12:10:13.056Z,62:53:00:00:0f:1f,no,ADV_IND,-81,02 01 06 03 02 F0 FF 15 FF 11 00 00 00 1F 0F 00 00 53 62 87 0B 45 01 22 05 56 B4 05 00,,FFF0,11 00 00 00 1F 0F 00 00 53 62 87 0B 45 01 22 05 56 B4 05 00,0x0011
old/hci_snoop_2018_01_01_12_06_26.cfa,3433,2018-01-01T12:10:13.416Z,f4:d0:00:00:02:1a,no,ADV_IND,-65,02 01 06 03 02 F0 FF 15 FF 1B 00 00 00 1A 02 00 00 D0 F4 E8 0B 4A 01 90 04 31 FC 03 00,,FFF0,1B 00 00 00 1A 02 00 00 D0 F4 E8 0B 4A 01 90 04 31 FC 03 00,0x001B
old/hci_snoop_2018_01_01_12_06_26.cfa,3435,2018-01-01T12:10:13.907Z,62:53:00:00:0f:1f,no,ADV_IND,-81,02 01 06 03 02 F0 FF 15 FF 11 00 00 00 1F 0F 00 00 53 62 87 0B 45 01 22 05 57 B4 05 00,,FFF0,11 00 00 00 1F 0F 00 00 53 62 87 0B 45 01 22 05 57 B4 05 00,0x0011
old/hci_snoop_2018_01_01_12_06_26.cfa,3437,2018-01-01T12:10:13.926Z,f4:db:00:00:02:37,no,ADV_IND,-84,02 01 06 03 02 F0 FF 15 FF 1B 00 00 00 37 02 00 00 DB F4 D6 0B 36 01 C4 04 01 74 05 00,,FFF0,1B 00 00 00 37 02 00 00 DB F4 D6 0B 36 01 C4 04 01 74 05 00,0x001B
old/hci_snoop_2025_11_21_07_45_17.cfa,206,2025-11-21T07:45:21.291Z,f4:d0:00:00:02:1a,no,ADV_IND,-69,02 01 06 03 02 F0 FF 15 FF 1B 00 00 00 1A 02 00 00 D0 F4 E3 0B 3C 01 CA 03 D8 DB 05 00,,FFF0,1B 00 00 00 1A 02 00 00 D0 F4 E3 0B 3C 01 CA 03 D8 DB 05 00,0x001B
old/hci_snoop_2025_11_21_07_45_17.cfa,207,2025-11-21T07:45:21.291Z,f4:d0:00:00:02:1a,no,SCAN_RSP,-69,0D 09 54 68 65 72 6D 6F 42 65 61 63 6F 6E 05 12 18 00 38 01 02 0A 00,ThermoBeacon,,,
old/hci_snoop_2025_11_21_07_45_17.cfa,208,2025-11-21T07:45:21.877Z,f4:db:00:00:00:d9,yes,ADV_IND,-53,02 01 06 03 02 F0 FF 17 FF 1B 00 FC 00 D9 00 00 00 DB F4 A7 01 5F 0F 00 00 2A 01 7E 0C 04 00,,FFF0,1B 00 FC 00 D9 00 00 00 DB F4 A7 01 5F 0F 00 00 2A 01 7E 0C 04 00,0x001B
old/hci_snoop_2025_11_21_07_45_17.cfa,209,2025-11-21T07:45:21.878Z,f4:db:00:00:00:d9,yes,SCAN_RSP,-53,0D 09 54 68 65 72 6D 6F 42 65 61 63 6F 6E 05 12 18 00 38 01 02 0A 00,ThermoBeacon,,,
old/hci_snoop_2025_11_21_07_45_17.cfa,210,2025-11-21T07:45:22.587Z,62:53:00:00:0f:1f,no,ADV_IND,-81,02 01 06 03 02 F0 FF 15 FF 11 00 00 00 1F 0F 00 00 53 62 89 0B 38 01 E5 03 03 94 07 00,,FFF0,11 00 00 00 1F 0F 00 00 53 62 89 0B 38 01 E5 03 03 94 07 00,0x0011
old/hci_snoop_2025_11_21_07_45_17.cfa,211,2025-11-21T07:45:22.587Z,62:53:00:00:0f:1f,no,SCAN_RSP,-81,0D 09 54 68 65 72 6D 6F 42 65 61 63 6F 6E 05 12 18 00 38 01 02 0A 00,ThermoBeacon,,,
old/hci_snoop_2025_11_21_07_45_17.cfa,212,2025-11-21T07:45:22.739Z,f4:db:00:00:02:37,no,ADV_IND,-74,02 01 06 03 02 F0 FF 17 FF 1B 00 00 00 37 02 00 00 DB F4 4B 01 2A E1 00 00 0D 01 38 51 07 00,,FFF0,1B 00 00 00 37 02 00 00 DB F4 4B 01 2A E1 00 00 0D 01 38 51 07 00,0x001B
old/hci_snoop_2025_11_21_07_45_17.cfa,213,2025-11-21T07:45:22.740Z,f4:db:00:00:02:37,no,SCAN_RSP,-74,0D 09 54 68 65 72 6D 6F 42 65 61 63 6F 6E 05 12 18 00 38 01 02 0A 00,ThermoBeacon,,,
old/hci_snoop_2025_11_21_07_45_17.cfa,226,2025-11-21T07:45:23.427Z,62:53:00:00:0f:1f,no,ADV_IND,-84,02 01 06 03 02 F0 FF 17 FF 11 00 00 00 1F 0F 00 00 53 62 54 01 A8 88 01 00 2C 01 15 35 04 00,,FFF0,11 00 00 00 1F 0F 00 00 53 62 54 01 A8 88 01 00 2C 01 15 35 04 00,0x0011
old/hci_snoop_2025_11_21_07_45_17.cfa,228,2025-11-21T07:45:23.569Z,f4:db:00:00:02:37,no,ADV_IND,-75,02 01 06 03 02 F0 FF 15 FF 1B 00 00 00 37 02 00 00 DB F4 D1 0B 1B 01 47 04 A9 53 07 00,,FFF0,1B 00 00 00 37 02 00 00 DB F4 D1 0B 1B 01 47 04 A9 53 07 00,0x001B
old/hci_snoop_2025_11_21_07_45_17.cfa,230,2025-11-21T07:45:23.575Z,f4:db:00:00:00:d9,yes,ADV_IND,-46,02 01 06 03 02 F0 FF 15 FF 1B 00 FC 00 D9 00 00 00 DB F4 C5 0B 45 01 6F 03 91 81 07 00,,FFF0,1B 00 FC 00 D9 00 00 00 DB F4 C5 0B 45 01 6F 03 91 81 07 00,0x001B
old/hci_snoop_2025_11_21_07_45_17.cfa,231,2025-11-21T07:45:23.575Z,f4:db:00:00:00:d9,yes,SCAN_RSP,-46,0D 09 54 68 65 72 6D 6F 42 65 61 63 6F 6E 05 12 18 00 38 01 02 0A 00,ThermoBeacon,,,
old/hci_snoop_2025_11_21_07_45_17.cfa,234,2025-11-21T07:45:23.835Z,f4:d0:00:00:02:1a,no,ADV_IND,-77,02 01 06 03 02 F0 FF 15 FF 1B 00 00 00 1A 02 00 00 D0 F4 E3 0B 3C 01 CA 03 DB DB 05 00,,FFF0,1B 00 00 00 1A 02 00 00 D0 F4 E3 0B 3C 01 CA 03 DB DB 05 00,0x001B
old/hci_snoop_2025_11_21_07_45_17.cfa,236,2025-11-21T07:45:24.271Z,62:53:00:00:0f:1f,no,ADV_IND,-82,02 01 06 03 02 F0 FF 15 FF 11 00 00 00 1F 0F 00 00 53 62 88 0B 38 01 E6 03 05 94 07 00,,FFF0,11 00 00 00 1F 0F 00 00 53 62 88 0B 38 01 E6 03 05 94 07 00,0x0011
old/hci_snoop_2025_11_21_07_45_17.cfa,238,2025-11-21T07:45:24.420Z,f4:db:00:00:02:37,no,ADV_IND,-74,02 01 06 03 02 F0 FF 15 FF 1B 00 00 00 37 02 00 00 DB F4 D0 0B 1B 01 45 04 AA 53 07 00,,FFF0,1B 00 00 00 37 02 00 00 DB F4 D0 0B 1B 01 45 04 AA 53 07 00,0x001B
old/hci_snoop_2025_11_21_07_45_17.cfa,284,2025-11-21T07:45:25.118Z,62:53:00:00:0f:1f,no,ADV_IND,-82,02 01 06 03 02 F0 FF 15 FF 11 00 00 00 1F 0F 00 00 53 62 88 0B 38 01 E6 03 06 94 07 00,,FFF0,11 00 00 00 1F 0F 00 00 53 62 88 0B 38 01 E6 03 06 94 07 00,0x0011
old/hci_snoop_2025_11_21_07_45_17.cfa,332,2025-11-21T07:45:25.533Z,f4:d0:00:00:02:1a,no,ADV_IND,-63,02 01 06 03 02 F0 FF 17 FF 1B 00 00 00 1A 02 00 00 D0 F4 62 01 29 DA 00 00 1B 01 20 3E 03 00,,FFF0,1B 00 00 00 1A 02 00 00 D0 F4 62 01 29 DA 00 00 1B 01 20 3E 03 00,0x001B
old/hci_snoop_2025_11_21_07_45_17.cfa,1646,2025-11-21T07:50:08.460Z,f4:d0:00:00:02:1a,no,ADV_IND,-67,02 01 06 03 02 F0 FF 15 FF 1B 00 00 00 1A 02 00 00 D0 F4 E3 0B 3E 01 E7 03 F7 DC 05 00,,FFF0,1B 00 00 00 1A 02 00 00 D0 F4 E3 0B 3E 01 E7 03 F7 DC 05 00,0x001B
old/hci_snoop_2025_11_21_07_45_17.cfa,1648,2025-11-21T07:50:09.307Z,f4:d0:00:00:02:1a,no,ADV_IND,-66,02 01 06 03 02 F0 FF 15 FF 1B 00 00 00 1A 02 00 00 D0 F4 E2 0B 3E 01 E7 03 F8 DC 05 00,,FFF0,1B 00 00 00 1A 02 00 00 D0 F4 E2 0B 3E 01 E7 03 F8 DC 05 00,0x001B
old/hci_snoop_2025_11_21_07_45_17.cfa,1650,2025-11-21T07:50:09.734Z,62:53:00:00:0f:1f,no,ADV_IND,-70,02 01 06 03 02 F0 FF 15 FF 11 00 00 00 1F 0F 00 00 53 62 88 0B 3C 01 0E 04 23 95 07 00,,FFF0,11 00 00 00 1F 0F 00 00 53 62 88 0B 3C 01 0E 04 23 95 07 00,0x0011
old/hci_snoop_2025_11_21_07_45_17.cfa,1654,2025-11-21T07:50:10.597Z,f4:db:00:00:00:d9,yes,ADV_IND,-42,02 01 06 03 02 F0 FF 15 FF 1B 00 10 00 D9 00 00 00 DB F4 C5 0B 4B 01 88 03 B0 82 07 00,,FFF0,1B 00 10 00 D9 00 00 00 DB F4 C5 0B 4B 01 88 03 B0 82 07 00,0x001B
old/hci_snoop_2025_11_21_07_45_17.cfa,1655,2025-11-21T07:50:10.598Z,f4:db:00:00:00:d9,yes,SCAN_RSP,-43,0D 09 54 68 65 72 6D 6F 42 65 61 63 6F 6E 05 12 18 00 38 01 02 0A 00,ThermoBeacon,,,
old/hci_snoop_2025_11_21_07_45_17.cfa,1660,2025-11-21T07:50:11.001Z,f4:d0:00:00:02:1a,no,ADV_IND,-66,02 01 06 03 02 F0 FF 15 FF 1B 00 00 00 1A 02 00 00 D0 F4 E2 0B 3E 01 E7 03 FA DC 05 00,,FFF0,1B 00 00 00 1A 02 00 00 D0 F4 E2 0B 3E 01 E7 03 FA DC 05 00,0x001B
old/hci_snoop_2025_11_21_07_45_17.cfa,1790,2025-11-21T07:50:23.440Z,f4:db:00:00:02:37,no,ADV_IND,-78,02 01 06 03 02 F0 FF 15 FF 1B 00 00 00 37 02 00 00 DB F4 D0 0B 23 01 29 04 D5 54 07 00,,FFF0,1B 00 00 00 37 02 00 00 DB F4 D0 0B 23 01 29 04 D5 54 07 00,0x001B
old/hci_snoop_2025_11_21_07_45_17.cfa,1792,2025-11-21T07:50:23.706Z,f4:d0:00:00:02:1a,no,ADV_IND,-67,02 01 06 03 02 F0 FF 15 FF 1B 00 00 00 1A 02 00 00 D0 F4 E2 0B 3E 01 EA 03 07 DD 05 00,,FFF0,1B 00 00 00 1A 02 00 00 D0 F4 E2 0B 3E 01 EA 03 07 DD 05 00,0x001B
old/hci_snoop_2025_11_21_07_45_17.cfa,1794,2025-11-21T07:50:24.127Z,62:53:00:00:0f:1f,no,ADV_IND,-70,02 01 06 03 02 F0 FF 15 FF 11 00 00 00 1F 0F 00 00 53 62 8A 0B 3C 01 0F 04 31 95 07 00,,FFF0,11 00 00 00 1F 0F 00 00 53 62 8A 0B 3C 01 0F 04 31 95 07 00,0x0011
old/hci_snoop_2025_11_21_07_45_17.cfa,1796,2025-11-21T07:50:24.145Z,f4:db:00:00:00:d9,yes,ADV_IND,-55,02 01 06 03 02 F0 FF 15 FF 1B 00 10 00 D9 00 00 00 DB F4 C4 0B 4B 01 87 03 BD 82 07 00,,FFF0,1B 00 10 00 D9 00 00 00 DB F4 C4 0B 4B 01 87 03 BD 82 07 00,0x001B
old/hci_snoop_2025_11_21_07_45_17.cfa,1797,2025-11-21T07:50:24.145Z,f4:db:00:00:00:d9,yes,SCAN_RSP,-55,0D 09 54 68 65 72 6D 6F 42 65 61 63 6F 6E 05 12 18 00 38 01 02 0A 00,ThermoBeacon,,,
old/hci_snoop_2025_11_21_07_45_17.cfa,1798,2025-11-21T07:50:24.303Z,f4:db:00:00:02:37,no,ADV_IND,-76,02 01 06 03 02 F0 FF 15 FF 1B 00 00 00 37 02 00 00 DB F4 D0 0B 23 01 29 04 D6 54 07 00,,FFF0,1B 00 00 00 37 02 00 00 DB F4 D0 0B 23 01 29 04 D6 54 07 00,0x001B
