file,rec,timestamp,dir,peer,att_op,att_name,handle,value_hex,value_len,first_byte
hci_snoop_2025_11_26_14_52_44.cfa,355,2025-11-26T14:53:01.758Z,sent,f4:db:00:00:00:d9,0x10,ReadByGrp-Req,,01 00 FF FF 00 28,6,0x01
hci_snoop_2025_11_26_14_52_44.cfa,360,2025-11-26T14:53:01.844Z,recv,f4:db:00:00:00:d9,0x11,ReadByGrp-Rsp,,06 01 00 07 00 00 18 08 00 0B 00 01 18 0C 00 1E 00 0A 18,19,0x06
hci_snoop_2025_11_26_14_52_44.cfa,361,2025-11-26T14:53:01.845Z,sent,f4:db:00:00:00:d9,0x10,ReadByGrp-Req,,1F 00 FF FF 00 28,6,0x1F
hci_snoop_2025_11_26_14_52_44.cfa,366,2025-11-26T14:53:01.934Z,recv,f4:db:00:00:00:d9,0x11,ReadByGrp-Rsp,,06 1F 00 FF FF E0 FF,7,0x06
hci_snoop_2025_11_26_14_52_44.cfa,367,2025-11-26T14:53:01.935Z,sent,f4:db:00:00:00:d9,0x08,ReadByType-Req,,01 00 07 00 02 28,6,0x01
hci_snoop_2025_11_26_14_52_44.cfa,372,2025-11-26T14:53:02.024Z,recv,f4:db:00:00:00:d9,0x01,ErrorRsp,,08 01 00 0A,4,0x08
hci_snoop_2025_11_26_14_52_44.cfa,373,2025-11-26T14:53:02.026Z,sent,f4:db:00:00:00:d9,0x08,ReadByType-Req,,01 00 07 00 03 28,6,0x01
hci_snoop_2025_11_26_14_52_44.cfa,377,2025-11-26T14:53:02.115Z,recv,f4:db:00:00:00:d9,0x09,ReadByType-Rsp,,07 02 00 02 03 00 00 2A 04 00 02 05 00 01 2A 06 00 02 07 00 04 2A,22,0x07
hci_snoop_2025_11_26_14_52_44.cfa,378,2025-11-26T14:53:02.115Z,sent,f4:db:00:00:00:d9,0x08,ReadByType-Req,,07 00 07 00 03 28,6,0x07
hci_snoop_2025_11_26_14_52_44.cfa,382,2025-11-26T14:53:02.205Z,recv,f4:db:00:00:00:d9,0x01,ErrorRsp,,08 07 00 0A,4,0x08
hci_snoop_2025_11_26_14_52_44.cfa,383,2025-11-26T14:53:02.206Z,sent,f4:db:00:00:00:d9,0x08,ReadByType-Req,,08 00 0B 00 02 28,6,0x08
hci_snoop_2025_11_26_14_52_44.cfa,390,2025-11-26T14:53:02.220Z,recv,f4:db:00:00:00:d9,0x01,ErrorRsp,,08 08 00 0A,4,0x08
hci_snoop_2025_11_26_14_52_44.cfa,391,2025-11-26T14:53:02.222Z,sent,f4:db:00:00:00:d9,0x08,ReadByType-Req,,08 00 0B 00 03 28,6,0x08
hci_snoop_2025_11_26_14_52_44.cfa,393,2025-11-26T14:53:02.234Z,recv,f4:db:00:00:00:d9,0x09,ReadByType-Rsp,,07 09 00 20 0A 00 05 2A,8,0x07
hci_snoop_2025_11_26_14_52_44.cfa,394,2025-11-26T14:53:02.234Z,sent,f4:db:00:00:00:d9,0x08,ReadByType-Req,,0A 00 0B 00 03 28,6,0x0A
hci_snoop_2025_11_26_14_52_44.cfa,396,2025-11-26T14:53:02.249Z,recv,f4:db:00:00:00:d9,0x01,ErrorRsp,,08 0A 00 0A,4,0x08
hci_snoop_2025_11_26_14_52_44.cfa,397,2025-11-26T14:53:02.249Z,sent,f4:db:00:00:00:d9,0x04,FindInfo-Req,,0B 00 0B 00,4,0x0B
hci_snoop_2025_11_26_14_52_44.cfa,399,2025-11-26T14:53:02.264Z,recv,f4:db:00:00:00:d9,0x05,FindInfo-Rsp,,01 0B 00 02 29,5,0x01
hci_snoop_2025_11_26_14_52_44.cfa,400,2025-11-26T14:53:02.264Z,sent,f4:db:00:00:00:d9,0x08,ReadByType-Req,,0C 00 1E 00 02 28,6,0x0C
hci_snoop_2025_11_26_14_52_44.cfa,402,2025-11-26T14:53:02.280Z,recv,f4:db:00:00:00:d9,0x01,ErrorRsp,,08 0C 00 0A,4,0x08
hci_snoop_2025_11_26_14_52_44.cfa,403,2025-11-26T14:53:02.280Z,sent,f4:db:00:00:00:d9,0x08,ReadByType-Req,,0C 00 1E 00 03 28,6,0x0C
hci_snoop_2025_11_26_14_52_44.cfa,405,2025-11-26T14:53:02.295Z,recv,f4:db:00:00:00:d9,0x09,ReadByType-Rsp,,07 0D 00 02 0E 00 23 2A 0F 00 02 10 00 24 2A 11 00 02 12 00 25 2A,22,0x07
hci_snoop_2025_11_26_14_52_44.cfa,406,2025-11-26T14:53:02.296Z,sent,f4:db:00:00:00:d9,0x08,ReadByType-Req,,12 00 1E 00 03 28,6,0x12
hci_snoop_2025_11_26_14_52_44.cfa,410,2025-11-26T14:53:02.310Z,recv,f4:db:00:00:00:d9,0x09,ReadByType-Rsp,,07 13 00 02 14 00 26 2A 15 00 02 16 00 27 2A 17 00 02 18 00 28 2A,22,0x07
hci_snoop_2025_11_26_14_52_44.cfa,411,2025-11-26T14:53:02.310Z,sent,f4:db:00:00:00:d9,0x08,ReadByType-Req,,18 00 1E 00 03 28,6,0x18
hci_snoop_2025_11_26_14_52_44.cfa,414,2025-11-26T14:53:02.324Z,recv,f4:db:00:00:00:d9,0x09,ReadByType-Rsp,,07 19 00 02 1A 00 29 2A 1B 00 02 1C 00 2A 2A 1D 00 02 1E 00 50 2A,22,0x07
hci_snoop_2025_11_26_14_52_44.cfa,415,2025-11-26T14:53:02.325Z,sent,f4:db:00:00:00:d9,0x08,ReadByType-Req,,1E 00 1E 00 03 28,6,0x1E
hci_snoop_2025_11_26_14_52_44.cfa,417,2025-11-26T14:53:02.339Z,recv,f4:db:00:00:00:d9,0x01,ErrorRsp,,08 1E 00 0A,4,0x08
hci_snoop_2025_11_26_14_52_44.cfa,418,2025-11-26T14:53:02.339Z,sent,f4:db:00:00:00:d9,0x08,ReadByType-Req,,1F 00 FF FF 02 28,6,0x1F
hci_snoop_2025_11_26_14_52_44.cfa,422,2025-11-26T14:53:02.377Z,recv,f4:db:00:00:00:d9,0x01,ErrorRsp,,08 1F 00 0A,4,0x08
hci_snoop_2025_11_26_14_52_44.cfa,423,2025-11-26T14:53:02.377Z,sent,f4:db:00:00:00:d9,0x08,ReadByType-Req,,1F 00 FF FF 03 28,6,0x1F
hci_snoop_2025_11_26_14_52_44.cfa,425,2025-11-26T14:53:02.392Z,recv,f4:db:00:00:00:d9,0x09,ReadByType-Rsp,,07 20 00 08 21 00 F5 FF 23 00 10 24 00 F3 FF,15,0x07
hci_snoop_2025_11_26_14_52_44.cfa,426,2025-11-26T14:53:02.392Z,sent,f4:db:00:00:00:d9,0x08,ReadByType-Req,,24 00 FF FF 03 28,6,0x24
hci_snoop_2025_11_26_14_52_44.cfa,428,2025-11-26T14:53:02.406Z,recv,f4:db:00:00:00:d9,0x01,ErrorRsp,,08 24 00 0A,4,0x08
hci_snoop_2025_11_26_14_52_44.cfa,429,2025-11-26T14:53:02.407Z,sent,f4:db:00:00:00:d9,0x04,FindInfo-Req,,22 00 22 00,4,0x22
hci_snoop_2025_11_26_14_52_44.cfa,431,2025-11-26T14:53:02.421Z,recv,f4:db:00:00:00:d9,0x05,FindInfo-Rsp,,01 22 00 01 29,5,0x01
hci_snoop_2025_11_26_14_52_44.cfa,432,2025-11-26T14:53:02.422Z,sent,f4:db:00:00:00:d9,0x04,FindInfo-Req,,25 00 FF FF,4,0x25
hci_snoop_2025_11_26_14_52_44.cfa,435,2025-11-26T14:53:02.436Z,recv,f4:db:00:00:00:d9,0x05,FindInfo-Rsp,,01 25 00 02 29 26 00 01 29,9,0x01
hci_snoop_2025_11_26_14_52_44.cfa,436,2025-11-26T14:53:02.437Z,sent,f4:db:00:00:00:d9,0x04,FindInfo-Req,,27 00 FF FF,4,0x27
hci_snoop_2025_11_26_14_52_44.cfa,438,2025-11-26T14:53:02.451Z,recv,f4:db:00:00:00:d9,0x01,ErrorRsp,,04 27 00 0A,4,0x04
hci_snoop_2025_11_26_14_52_44.cfa,441,2025-11-26T14:53:02.472Z,sent,f4:db:00:00:00:d9,0x12,Write-Req,0x0025,01 00,2,0x01
hci_snoop_2025_11_26_14_52_44.cfa,445,2025-11-26T14:53:02.489Z,recv,f4:db:00:00:00:d9,0x13,Write-Rsp,,,0,
hci_snoop_2025_11_26_14_52_44.cfa,446,2025-11-26T14:53:02.503Z,sent,f4:db:00:00:00:d9,0x12,Write-Req,0x0021,1A,1,0x1A
hci_snoop_2025_11_26_14_52_44.cfa,448,2025-11-26T14:53:02.519Z,recv,f4:db:00:00:00:d9,0x1B,Notify,0x0024,1A 01 00 01 00 00 00 00 00 00 00 00 00 00 00 00 00 00 00 00,20,0x1A
hci_snoop_2025_11_26_14_52_44.cfa,449,2025-11-26T14:53:02.520Z,recv,f4:db:00:00:00:d9,0x13,Write-Rsp,,,0,
hci_snoop_2025_11_26_14_52_44.cfa,614,2025-11-26T14:53:30.650Z,sent,f4:db:00:00:00:d9,0x10,ReadByGrp-Req,,01 00 FF FF 00 28,6,0x01
hci_snoop_2025_11_26_14_52_44.cfa,617,2025-11-26T14:53:30.735Z,recv,f4:db:00:00:00:d9,0x11,ReadByGrp-Rsp,,06 01 00 07 00 00 18 08 00 0B 00 01 18 0C 00 1E 00 0A 18,19,0x06
hci_snoop_2025_11_26_14_52_44.cfa,618,2025-11-26T14:53:30.736Z,sent,f4:db:00:00:00:d9,0x10,ReadByGrp-Req,,1F 00 FF FF 00 28,6,0x1F
hci_snoop_2025_11_26_14_52_44.cfa,620,2025-11-26T14:53:30.825Z,recv,f4:db:00:00:00:d9,0x11,ReadByGrp-Rsp,,06 1F 00 FF FF E0 FF,7,0x06
hci_snoop_2025_11_26_14_52_44.cfa,621,2025-11-26T14:53:30.825Z,sent,f4:db:00:00:00:d9,0x08,ReadByType-Req,,01 00 07 00 02 28,6,0x01
hci_snoop_2025_11_26_14_52_44.cfa,623,2025-11-26T14:53:30.916Z,recv,f4:db:00:00:00:d9,0x01,ErrorRsp,,08 01 00 0A,4,0x08
hci_snoop_2025_11_26_14_52_44.cfa,624,2025-11-26T14:53:30.917Z,sent,f4:db:00:00:00:d9,0x08,ReadByType-Req,,01 00 07 00 03 28,6,0x01
hci_snoop_2025_11_26_14_52_44.cfa,626,2025-11-26T14:53:31.005Z,recv,f4:db:00:00:00:d9,0x09,ReadByType-Rsp,,07 02 00 02 03 00 00 2A 04 00 02 05 00 01 2A 06 00 02 07 00 04 2A,22,0x07
hci_snoop_2025_11_26_14_52_44.cfa,627,2025-11-26T14:53:31.006Z,sent,f4:db:00:00:00:d9,0x08,ReadByType-Req,,07 00 07 00 03 28,6,0x07
hci_snoop_2025_11_26_14_52_44.cfa,629,2025-11-26T14:53:31.096Z,recv,f4:db:00:00:00:d9,0x01,ErrorRsp,,08 07 00 0A,4,0x08
hci_snoop_2025_11_26_14_52_44.cfa,630,2025-11-26T14:53:31.097Z,sent,f4:db:00:00:00:d9,0x08,ReadByType-Req,,08 00 0B 00 02 28,6,0x08
hci_snoop_2025_11_26_14_52_44.cfa,634,2025-11-26T14:53:31.109Z,recv,f4:db:00:00:00:d9,0x01,ErrorRsp,,08 08 00 0A,4,0x08
hci_snoop_2025_11_26_14_52_44.cfa,635,2025-11-26T14:53:31.109Z,sent,f4:db:00:00:00:d9,0x08,ReadByType-Req,,08 00 0B 00 03 28,6,0x08
hci_snoop_2025_11_26_14_52_44.cfa,637,2025-11-26T14:53:31.124Z,recv,f4:db:00:00:00:d9,0x09,ReadByType-Rsp,,07 09 00 20 0A 00 05 2A,8,0x07
hci_snoop_2025_11_26_14_52_44.cfa,638,2025-11-26T14:53:31.125Z,sent,f4:db:00:00:00:d9,0x08,ReadByType-Req,,0A 00 0B 00 03 28,6,0x0A
hci_snoop_2025_11_26_14_52_44.cfa,640,2025-11-26T14:53:31.139Z,recv,f4:db:00:00:00:d9,0x01,ErrorRsp,,08 0A 00 0A,4,0x08
hci_snoop_2025_11_26_14_52_44.cfa,641,2025-11-26T14:53:31.140Z,sent,f4:db:00:00:00:d9,0x04,FindInfo-Req,,0B 00 0B 00,4,0x0B
hci_snoop_2025_11_26_14_52_44.cfa,643,2025-11-26T14:53:31.154Z,recv,f4:db:00:00:00:d9,0x05,FindInfo-Rsp,,01 0B 00 02 29,5,0x01
hci_snoop_2025_11_26_14_52_44.cfa,644,2025-11-26T14:53:31.155Z,sent,f4:db:00:00:00:d9,0x08,ReadByType-Req,,0C 00 1E 00 02 28,6,0x0C
hci_snoop_2025_11_26_14_52_44.cfa,646,2025-11-26T14:53:31.168Z,recv,f4:db:00:00:00:d9,0x01,ErrorRsp,,08 0C 00 0A,4,0x08
hci_snoop_2025_11_26_14_52_44.cfa,647,2025-11-26T14:53:31.169Z,sent,f4:db:00:00:00:d9,0x08,ReadByType-Req,,0C 00 1E 00 03 28,6,0x0C
hci_snoop_2025_11_26_14_52_44.cfa,649,2025-11-26T14:53:31.184Z,recv,f4:db:00:00:00:d9,0x09,ReadByType-Rsp,,07 0D 00 02 0E 00 23 2A 0F 00 02 10 00 24 2A 11 00 02 12 00 25 2A,22,0x07
hci_snoop_2025_11_26_14_52_44.cfa,650,2025-11-26T14:53:31.185Z,sent,f4:db:00:00:00:d9,0x08,ReadByType-Req,,12 00 1E 00 03 28,6,0x12
hci_snoop_2025_11_26_14_52_44.cfa,652,2025-11-26T14:53:31.199Z,recv,f4:db:00:00:00:d9,0x09,ReadByType-Rsp,,07 13 00 02 14 00 26 2A 15 00 02 16 00 27 2A 17 00 02 18 00 28 2A,22,0x07
hci_snoop_2025_11_26_14_52_44.cfa,653,2025-11-26T14:53:31.200Z,sent,f4:db:00:00:00:d9,0x08,ReadByType-Req,,18 00 1E 00 03 28,6,0x18
hci_snoop_2025_11_26_14_52_44.cfa,655,2025-11-26T14:53:31.216Z,recv,f4:db:00:00:00:d9,0x09,ReadByType-Rsp,,07 19 00 02 1A 00 29 2A 1B 00 02 1C 00 2A 2A 1D 00 02 1E 00 50 2A,22,0x07
hci_snoop_2025_11_26_14_52_44.cfa,656,2025-11-26T14:53:31.217Z,sent,f4:db:00:00:00:d9,0x08,ReadByType-Req,,1E 00 1E 00 03 28,6,0x1E
hci_snoop_2025_11_26_14_52_44.cfa,658,2025-11-26T14:53:31.230Z,recv,f4:db:00:00:00:d9,0x01,ErrorRsp,,08 1E 00 0A,4,0x08
hci_snoop_2025_11_26_14_52_44.cfa,659,2025-11-26T14:53:31.231Z,sent,f4:db:00:00:00:d9,0x08,ReadByType-Req,,1F 00 FF FF 02 28,6,0x1F
hci_snoop_2025_11_26_14_52_44.cfa,661,2025-11-26T14:53:31.244Z,recv,f4:db:00:00:00:d9,0x01,ErrorRsp,,08 1F 00 0A,4,0x08
hci_snoop_2025_11_26_14_52_44.cfa,662,2025-11-26T14:53:31.245Z,sent,f4:db:00:00:00:d9,0x08,ReadByType-Req,,1F 00 FF FF 03 28,6,0x1F
hci_snoop_2025_11_26_14_52_44.cfa,664,2025-11-26T14:53:31.259Z,recv,f4:db:00:00:00:d9,0x09,ReadByType-Rsp,,07 20 00 08 21 00 F5 FF 23 00 10 24 00 F3 FF,15,0x07
hci_snoop_2025_11_26_14_52_44.cfa,665,2025-11-26T14:53:31.259Z,sent,f4:db:00:00:00:d9,0x08,ReadByType-Req,,24 00 FF FF 03 28,6,0x24
hci_snoop_2025_11_26_14_52_44.cfa,667,2025-11-26T14:53:31.274Z,recv,f4:db:00:00:00:d9,0x01,ErrorRsp,,08 24 00 0A,4,0x08
hci_snoop_2025_11_26_14_52_44.cfa,668,2025-11-26T14:53:31.275Z,sent,f4:db:00:00:00:d9,0x04,FindInfo-Req,,22 00 22 00,4,0x22
hci_snoop_2025_11_26_14_52_44.cfa,670,2025-11-26T14:53:31.289Z,recv,f4:db:00:00:00:d9,0x05,FindInfo-Rsp,,01 22 00 01 29,5,0x01
hci_snoop_2025_11_26_14_52_44.cfa,671,2025-11-26T14:53:31.289Z,sent,f4:db:00:00:00:d9,0x04,FindInfo-Req,,25 00 FF FF,4,0x25
hci_snoop_2025_11_26_14_52_44.cfa,673,2025-11-26T14:53:31.311Z,recv,f4:db:00:00:00:d9,0x05,FindInfo-Rsp,,01 25 00 02 29 26 00 01 29,9,0x01
hci_snoop_2025_11_26_14_52_44.cfa,674,2025-11-26T14:53:31.313Z,sent,f4:db:00:00:00:d9,0x04,FindInfo-Req,,27 00 FF FF,4,0x27
hci_snoop_2025_11_26_14_52_44.cfa,676,2025-11-26T14:53:31.326Z,recv,f4:db:00:00:00:d9,0x01,ErrorRsp,,04 27 00 0A,4,0x04
hci_snoop_2025_11_26_14_52_44.cfa,679,2025-11-26T14:53:31.351Z,sent,f4:db:00:00:00:d9,0x12,Write-Req,0x0025,01 00,2,0x01
hci_snoop_2025_11_26_14_52_44.cfa,681,2025-11-26T14:53:31.364Z,recv,f4:db:00:00:00:d9,0x13,Write-Rsp,,,0,
hci_snoop_2025_11_26_14_52_44.cfa,682,2025-11-26T14:53:31.381Z,sent,f4:db:00:00:00:d9,0x12,Write-Req,0x0021,01,1,0x01
hci_snoop_2025_11_26_14_52_44.cfa,684,2025-11-26T14:53:31.393Z,recv,f4:db:00:00:00:d9,0x1B,Notify,0x0024,01 2F 06 00 00 00 00 00 00 00 00 00 00 00 00 00 00 00 00 00,20,0x01
hci_snoop_2025_11_26_14_52_44.cfa,685,2025-11-26T14:53:31.395Z,recv,f4:db:00:00:00:d9,0x13,Write-Rsp,,,0,
hci_snoop_2025_11_26_14_52_44.cfa,687,2025-11-26T14:53:31.431Z,sent,f4:db:00:00:00:d9,0x12,Write-Req,0x0021,07 00 00 00 00 03,6,0x07
hci_snoop_2025_11_26_14_52_44.cfa,689,2025-11-26T14:53:31.501Z,recv,f4:db:00:00:00:d9,0x1B,Notify,0x0024,07 00 00 00 00 03 81 01 7B 01 79 01 B4 03 BC 03 CB 03 00 00,20,0x07
hci_snoop_2025_11_26_14_52_44.cfa,690,2025-11-26T14:53:31.589Z,recv,f4:db:00:00:00:d9,0x13,Write-Rsp,,,0,
hci_snoop_2025_11_26_14_52_44.cfa,691,2025-11-26T14:53:31.617Z,sent,f4:db:00:00:00:d9,0x12,Write-Req,0x0021,07 03 00 00 00 03,6,0x07
hci_snoop_2025_11_26_14_52_44.cfa,693,2025-11-26T14:53:31.724Z,recv,f4:db:00:00:00:d9,0x1B,Notify,0x0024,07 03 00 00 00 03 74 01 67 01 5A 01 C0 03 CE 03 EF 03 00 00,20,0x07
hci_snoop_2025_11_26_14_52_44.cfa,694,2025-11-26T14:53:31.769Z,recv,f4:db:00:00:00:d9,0x13,Write-Rsp,,,0,
hci_snoop_2025_11_26_14_52_44.cfa,695,2025-11-26T14:53:31.796Z,sent,f4:db:00:00:00:d9,0x12,Write-Req,0x0021,07 06 00 00 00 03,6,0x07
hci_snoop_2025_11_26_14_52_44.cfa,697,2025-11-26T14:53:31.859Z,recv,f4:db:00:00:00:d9,0x1B,Notify,0x0024,07 06 00 00 00 03 53 01 77 01 5C 01 04 04 BD 03 F4 03 00 00,20,0x07
hci_snoop_2025_11_26_14_52_44.cfa,698,2025-11-26T14:53:31.949Z,recv,f4:db:00:00:00:d9,0x13,Write-Rsp,,,0,
hci_snoop_2025_11_26_14_52_44.cfa,699,2025-11-26T14:53:31.984Z,sent,f4:db:00:00:00:d9,0x12,Write-Req,0x0021,07 09 00 00 00 03,6,0x07
hci_snoop_2025_11_26_14_52_44.cfa,701,2025-11-26T14:53:32.040Z,recv,f4:db:00:00:00:d9,0x1B,Notify,0x0024,07 09 00 00 00 03 62 01 65 01 69 01 F0 03 E9 03 E4 03 00 00,20,0x07
hci_snoop_2025_11_26_14_52_44.cfa,702,2025-11-26T14:53:32.130Z,recv,f4:db:00:00:00:d9,0x13,Write-Rsp,,,0,
hci_snoop_2025_11_26_14_52_44.cfa,703,2025-11-26T14:53:32.164Z,sent,f4:db:00:00:00:d9,0x12,Write-Req,0x0021,07 0C 00 00 00 03,6,0x07
hci_snoop_2025_11_26_14_52_44.cfa,705,2025-11-26T14:53:32.220Z,recv,f4:db:00:00:00:d9,0x1B,Notify,0x0024,07 0C 00 00 00 03 6B 01 6E 01 6F 01 DE 03 D9 03 DC 03 00 00,20,0x07
hci_snoop_2025_11_26_14_52_44.cfa,706,2025-11-26T14:53:32.309Z,recv,f4:db:00:00:00:d9,0x13,Write-Rsp,,,0,
hci_snoop_2025_11_26_14_52_44.cfa,707,2025-11-26T14:53:32.361Z,sent,f4:db:00:00:00:d9,0x12,Write-Req,0x0021,07 0F 00 00 00 03,6,0x07
hci_snoop_2025_11_26_14_52_44.cfa,709,2025-11-26T14:53:32.445Z,recv,f4:db:00:00:00:d9,0x1B,Notify,0x0024,07 0F 00 00 00 03 71 01 72 01 6C 01 D3 03 CF 03 D5 03 00 00,20,0x07
hci_snoop_2025_11_26_14_52_44.cfa,710,2025-11-26T14:53:32.535Z,recv,f4:db:00:00:00:d9,0x13,Write-Rsp,,,0,
hci_snoop_2025_11_26_14_52_44.cfa,711,2025-11-26T14:53:32.567Z,sent,f4:db:00:00:00:d9,0x12,Write-Req,0x0021,07 12 00 00 00 03,6,0x07
hci_snoop_2025_11_26_14_52_44.cfa,713,2025-11-26T14:53:32.625Z,recv,f4:db:00:00:00:d9,0x1B,Notify,0x0024,07 12 00 00 00 03 67 01 63 01 60 01 E1 03 E9 03 F1 03 00 00,20,0x07
hci_snoop_2025_11_26_14_52_44.cfa,714,2025-11-26T14:53:32.715Z,recv,f4:db:00:00:00:d9,0x13,Write-Rsp,,,0,
hci_snoop_2025_11_26_14_52_44.cfa,715,2025-11-26T14:53:32.749Z,sent,f4:db:00:00:00:d9,0x12,Write-Req,0x0021,07 15 00 00 00 03,6,0x07
hci_snoop_2025_11_26_14_52_44.cfa,717,2025-11-26T14:53:32.850Z,recv,f4:db:00:00:00:d9,0x1B,Notify,0x0024,07 15 00 00 00 03 5D 01 5A 01 58 01 F9 03 00 04 06 04 00 00,20,0x07
hci_snoop_2025_11_26_14_52_44.cfa,718,2025-11-26T14:53:32.894Z,recv,f4:db:00:00:00:d9,0x13,Write-Rsp,,,0,
hci_snoop_2025_11_26_14_52_44.cfa,719,2025-11-26T14:53:32.916Z,sent,f4:db:00:00:00:d9,0x12,Write-Req,0x0021,07 18 00 00 00 03,6,0x07
hci_snoop_2025_11_26_14_52_44.cfa,721,2025-11-26T14:53:32.986Z,recv,f4:db:00:00:00:d9,0x1B,Notify,0x0024,07 18 00 00 00 03 56 01 54 01 53 01 0B 04 0E 04 11 04 00 00,20,0x07
hci_snoop_2025_11_26_14_52_44.cfa,722,2025-11-26T14:53:33.075Z,recv,f4:db:00:00:00:d9,0x13,Write-Rsp,,,0,
hci_snoop_2025_11_26_14_52_44.cfa,723,2025-11-26T14:53:33.099Z,sent,f4:db:00:00:00:d9,0x12,Write-Req,0x0021,07 1B 00 00 00 03,6,0x07
hci_snoop_2025_11_26_14_52_44.cfa,725,2025-11-26T14:53:33.166Z,recv,f4:db:00:00:00:d9,0x1B,Notify,0x0024,07 1B 00 00 00 03 52 01 51 01 50 01 13 04 15 04 18 04 00 00,20,0x07
hci_snoop_2025_11_26_14_52_44.cfa,726,2025-11-26T14:53:33.254Z,recv,f4:db:00:00:00:d9,0x13,Write-Rsp,,,0,
hci_snoop_2025_11_26_14_52_44.cfa,727,2025-11-26T14:53:33.281Z,sent,f4:db:00:00:00:d9,0x12,Write-Req,0x0021,07 1E 00 00 00 03,6,0x07
hci_snoop_2025_11_26_14_52_44.cfa,729,2025-11-26T14:53:33.345Z,recv,f4:db:00:00:00:d9,0x1B,Notify,0x0024,07 1E 00 00 00 03 4F 01 4F 01 4E 01 19 04 1B 04 1D 04 00 00,20,0x07
hci_snoop_2025_11_26_14_52_44.cfa,730,2025-11-26T14:53:33.434Z,recv,f4:db:00:00:00:d9,0x13,Write-Rsp,,,0,
hci_snoop_2025_11_26_14_52_44.cfa,731,2025-11-26T14:53:33.464Z,sent,f4:db:00:00:00:d9,0x12,Write-Req,0x0021,07 21 00 00 00 03,6,0x07
hci_snoop_2025_11_26_14_52_44.cfa,733,2025-11-26T14:53:33.525Z,recv,f4:db:00:00:00:d9,0x1B,Notify,0x0024,07 21 00 00 00 03 4D 01 4C 01 4C 01 1F 04 20 04 21 04 00 00,20,0x07
hci_snoop_2025_11_26_14_52_44.cfa,734,2025-11-26T14:53:33.615Z,recv,f4:db:00:00:00:d9,0x13,Write-Rsp,,,0,
hci_snoop_2025_11_26_14_52_44.cfa,735,2025-11-26T14:53:33.651Z,sent,f4:db:00:00:00:d9,0x12,Write-Req,0x0021,07 24 00 00 00 03,6,0x07
hci_snoop_2025_11_26_14_52_44.cfa,737,2025-11-26T14:53:33.705Z,recv,f4:db:00:00:00:d9,0x1B,Notify,0x0024,07 24 00 00 00 03 4B 01 4B 01 4B 01 22 04 24 04 25 04 00 00,20,0x07
hci_snoop_2025_11_26_14_52_44.cfa,738,2025-11-26T14:53:33.794Z,recv,f4:db:00:00:00:d9,0x13,Write-Rsp,,,0,
hci_snoop_2025_11_26_14_52_44.cfa,739,2025-11-26T14:53:33.833Z,sent,f4:db:00:00:00:d9,0x12,Write-Req,0x0021,07 27 00 00 00 03,6,0x07
hci_snoop_2025_11_26_14_52_44.cfa,741,2025-11-26T14:53:33.885Z,recv,f4:db:00:00:00:d9,0x1B,Notify,0x0024,07 27 00 00 00 03 4A 01 49 01 49 01 26 04 27 04 28 04 00 00,20,0x07
hci_snoop_2025_11_26_14_52_44.cfa,742,2025-11-26T14:53:33.974Z,recv,f4:db:00:00:00:d9,0x13,Write-Rsp,,,0,
hci_snoop_2025_11_26_14_52_44.cfa,743,2025-11-26T14:53:33.998Z,sent,f4:db:00:00:00:d9,0x12,Write-Req,0x0021,07 2A 00 00 00 03,6,0x07
hci_snoop_2025_11_26_14_52_44.cfa,745,2025-11-26T14:53:34.065Z,recv,f4:db:00:00:00:d9,0x1B,Notify,0x0024,07 2A 00 00 00 03 49 01 48 01 48 01 28 04 28 04 29 04 00 00,20,0x07
hci_snoop_2025_11_26_14_52_44.cfa,746,2025-11-26T14:53:34.155Z,recv,f4:db:00:00:00:d9,0x13,Write-Rsp,,,0,
hci_snoop_2025_11_26_14_52_44.cfa,747,2025-11-26T14:53:34.182Z,sent,f4:db:00:00:00:d9,0x12,Write-Req,0x0021,07 2D 00 00 00 03,6,0x07
hci_snoop_2025_11_26_14_52_44.cfa,749,2025-11-26T14:53:34.245Z,recv,f4:db:00:00:00:d9,0x1B,Notify,0x0024,07 2D 00 00 00 03 47 01 47 01 47 01 29 04 29 04 2A 04 00 00,20,0x07
hci_snoop_2025_11_26_14_52_44.cfa,750,2025-11-26T14:53:34.336Z,recv,f4:db:00:00:00:d9,0x13,Write-Rsp,,,0,
hci_snoop_2025_11_26_14_52_44.cfa,751,2025-11-26T14:53:34.397Z,sent,f4:db:00:00:00:d9,0x12,Write-Req,0x0021,07 30 00 00 00 03,6,0x07
hci_snoop_2025_11_26_14_52_44.cfa,753,2025-11-26T14:53:34.469Z,recv,f4:db:00:00:00:d9,0x1B,Notify,0x0024,07 30 00 00 00 03 46 01 46 01 46 01 2B 04 2B 04 2C 04 00 00,20,0x07
hci_snoop_2025_11_26_14_52_44.cfa,754,2025-11-26T14:53:34.559Z,recv,f4:db:00:00:00:d9,0x13,Write-Rsp,,,0,
hci_snoop_2025_11_26_14_52_44.cfa,755,2025-11-26T14:53:34.582Z,sent,f4:db:00:00:00:d9,0x12,Write-Req,0x0021,07 33 00 00 00 03,6,0x07
hci_snoop_2025_11_26_14_52_44.cfa,757,2025-11-26T14:53:34.650Z,recv,f4:db:00:00:00:d9,0x1B,Notify,0x0024,07 33 00 00 00 03 46 01 46 01 45 01 2D 04 2D 04 2E 04 00 00,20,0x07
hci_snoop_2025_11_26_14_52_44.cfa,758,2025-11-26T14:53:34.739Z,recv,f4:db:00:00:00:d9,0x13,Write-Rsp,,,0,
hci_snoop_2025_11_26_14_52_44.cfa,759,2025-11-26T14:53:34.766Z,sent,f4:db:00:00:00:d9,0x12,Write-Req,0x0021,07 36 00 00 00 03,6,0x07
hci_snoop_2025_11_26_14_52_44.cfa,761,2025-11-26T14:53:34.831Z,recv,f4:db:00:00:00:d9,0x1B,Notify,0x0024,07 36 00 00 00 03 45 01 45 01 45 01 30 04 31 04 32 04 00 00,20,0x07
hci_snoop_2025_11_26_14_52_44.cfa,762,2025-11-26T14:53:34.919Z,recv,f4:db:00:00:00:d9,0x13,Write-Rsp,,,0,
hci_snoop_2025_11_26_14_52_44.cfa,763,2025-11-26T14:53:34.948Z,sent,f4:db:00:00:00:d9,0x12,Write-Req,0x0021,07 39 00 00 00 03,6,0x07
hci_snoop_2025_11_26_14_52_44.cfa,765,2025-11-26T14:53:35.009Z,recv,f4:db:00:00:00:d9,0x1B,Notify,0x0024,07 39 00 00 00 03 44 01 44 01 45 01 33 04 35 04 3D 04 00 00,20,0x07
hci_snoop_2025_11_26_14_52_44.cfa,766,2025-11-26T14:53:35.099Z,recv,f4:db:00:00:00:d9,0x13,Write-Rsp,,,0,
hci_snoop_2025_11_26_14_52_44.cfa,767,2025-11-26T14:53:35.135Z,sent,f4:db:00:00:00:d9,0x12,Write-Req,0x0021,07 3C 00 00 00 03,6,0x07
hci_snoop_2025_11_26_14_52_44.cfa,769,2025-11-26T14:53:35.190Z,recv,f4:db:00:00:00:d9,0x1B,Notify,0x0024,07 3C 00 00 00 03 44 01 44 01 43 01 3F 04 40 04 41 04 00 00,20,0x07
hci_snoop_2025_11_26_14_52_44.cfa,770,2025-11-26T14:53:35.280Z,recv,f4:db:00:00:00:d9,0x13,Write-Rsp,,,0,
hci_snoop_2025_11_26_14_52_44.cfa,771,2025-11-26T14:53:35.316Z,sent,f4:db:00:00:00:d9,0x12,Write-Req,0x0021,07 3F 00 00 00 03,6,0x07
hci_snoop_2025_11_26_14_52_44.cfa,773,2025-11-26T14:53:35.369Z,recv,f4:db:00:00:00:d9,0x1B,Notify,0x0024,07 3F 00 00 00 03 43 01 43 01 43 01 42 04 44 04 45 04 00 00,20,0x07
hci_snoop_2025_11_26_14_52_44.cfa,774,2025-11-26T14:53:35.459Z,recv,f4:db:00:00:00:d9,0x13,Write-Rsp,,,0,
hci_snoop_2025_11_26_14_52_44.cfa,775,2025-11-26T14:53:35.484Z,sent,f4:db:00:00:00:d9,0x12,Write-Req,0x0021,07 42 00 00 00 03,6,0x07
hci_snoop_2025_11_26_14_52_44.cfa,777,2025-11-26T14:53:35.550Z,recv,f4:db:00:00:00:d9,0x1B,Notify,0x0024,07 42 00 00 00 03 43 01 43 01 43 01 47 04 48 04 4A 04 00 00,20,0x07
hci_snoop_2025_11_26_14_52_44.cfa,778,2025-11-26T14:53:35.639Z,recv,f4:db:00:00:00:d9,0x13,Write-Rsp,,,0,
hci_snoop_2025_11_26_14_52_44.cfa,779,2025-11-26T14:53:35.666Z,sent,f4:db:00:00:00:d9,0x12,Write-Req,0x0021,07 45 00 00 00 03,6,0x07
hci_snoop_2025_11_26_14_52_44.cfa,781,2025-11-26T14:53:35.731Z,recv,f4:db:00:00:00:d9,0x1B,Notify,0x0024,07 45 00 00 00 03 42 01 42 01 42 01 4B 04 4C 04 4C 04 00 00,20,0x07
hci_snoop_2025_11_26_14_52_44.cfa,782,2025-11-26T14:53:35.819Z,recv,f4:db:00:00:00:d9,0x13,Write-Rsp,,,0,
hci_snoop_2025_11_26_14_52_44.cfa,783,2025-11-26T14:53:35.850Z,sent,f4:db:00:00:00:d9,0x12,Write-Req,0x0021,07 48 00 00 00 03,6,0x07
hci_snoop_2025_11_26_14_52_44.cfa,785,2025-11-26T14:53:35.909Z,recv,f4:db:00:00:00:d9,0x1B,Notify,0x0024,07 48 00 00 00 03 42 01 42 01 42 01 4E 04 4F 04 50 04 00 00,20,0x07
hci_snoop_2025_11_26_14_52_44.cfa,786,2025-11-26T14:53:35.999Z,recv,f4:db:00:00:00:d9,0x13,Write-Rsp,,,0,
hci_snoop_2025_11_26_14_52_44.cfa,787,2025-11-26T14:53:36.035Z,sent,f4:db:00:00:00:d9,0x12,Write-Req,0x0021,07 4B 00 00 00 03,6,0x07
hci_snoop_2025_11_26_14_52_44.cfa,789,2025-11-26T14:53:36.089Z,recv,f4:db:00:00:00:d9,0x1B,Notify,0x0024,07 4B 00 00 00 03 42 01 42 01 42 01 52 04 53 04 54 04 00 00,20,0x07
hci_snoop_2025_11_26_14_52_44.cfa,790,2025-11-26T14:53:36.181Z,recv,f4:db:00:00:00:d9,0x13,Write-Rsp,,,0,
hci_snoop_2025_11_26_14_52_44.cfa,791,2025-11-26T14:53:36.216Z,sent,f4:db:00:00:00:d9,0x12,Write-Req,0x0021,07 4E 00 00 00 03,6,0x07
hci_snoop_2025_11_26_14_52_44.cfa,793,2025-11-26T14:53:36.269Z,recv,f4:db:00:00:00:d9,0x1B,Notify,0x0024,07 4E 00 00 00 03 42 01 42 01 41 01 54 04 55 04 56 04 00 00,20,0x07
hci_snoop_2025_11_26_14_52_44.cfa,794,2025-11-26T14:53:36.360Z,recv,f4:db:00:00:00:d9,0x13,Write-Rsp,,,0,
hci_snoop_2025_11_26_14_52_44.cfa,795,2025-11-26T14:53:36.383Z,sent,f4:db:00:00:00:d9,0x12,Write-Req,0x0021,07 51 00 00 00 03,6,0x07
hci_snoop_2025_11_26_14_52_44.cfa,797,2025-11-26T14:53:36.449Z,recv,f4:db:00:00:00:d9,0x1B,Notify,0x0024,07 51 00 00 00 03 42 01 41 01 41 01 57 04 58 04 58 04 00 00,20,0x07
hci_snoop_2025_11_26_14_52_44.cfa,798,2025-11-26T14:53:36.539Z,recv,f4:db:00:00:00:d9,0x13,Write-Rsp,,,0,
hci_snoop_2025_11_26_14_52_44.cfa,803,2025-11-26T14:53:36.564Z,sent,f4:db:00:00:00:d9,0x12,Write-Req,0x0021,07 54 00 00 00 03,6,0x07
hci_snoop_2025_11_26_14_52_44.cfa,805,2025-11-26T14:53:36.632Z,recv,f4:db:00:00:00:d9,0x1B,Notify,0x0024,07 54 00 00 00 03 41 01 41 01 41 01 5A 04 5A 04 5B 04 00 00,20,0x07
hci_snoop_2025_11_26_14_52_44.cfa,806,2025-11-26T14:53:36.719Z,recv,f4:db:00:00:00:d9,0x13,Write-Rsp,,,0,
hci_snoop_2025_11_26_14_52_44.cfa,807,2025-11-26T14:53:36.749Z,sent,f4:db:00:00:00:d9,0x12,Write-Req,0x0021,07 57 00 00 00 03,6,0x07
hci_snoop_2025_11_26_14_52_44.cfa,809,2025-11-26T14:53:36.809Z,recv,f4:db:00:00:00:d9,0x1B,Notify,0x0024,07 57 00 00 00 03 41 01 41 01 41 01 5C 04 5D 04 5E 04 00 00,20,0x07
hci_snoop_2025_11_26_14_52_44.cfa,810,2025-11-26T14:53:36.901Z,recv,f4:db:00:00:00:d9,0x13,Write-Rsp,,,0,
hci_snoop_2025_11_26_14_52_44.cfa,811,2025-11-26T14:53:36.935Z,sent,f4:db:00:00:00:d9,0x12,Write-Req,0x0021,07 5A 00 00 00 03,6,0x07
hci_snoop_2025_11_26_14_52_44.cfa,813,2025-11-26T14:53:36.990Z,recv,f4:db:00:00:00:d9,0x1B,Notify,0x0024,07 5A 00 00 00 03 41 01 41 01 41 01 5F 04 5F 04 5F 04 00 00,20,0x07
hci_snoop_2025_11_26_14_52_44.cfa,815,2025-11-26T14:53:37.080Z,recv,f4:db:00:00:00:d9,0x13,Write-Rsp,,,0,
hci_snoop_2025_11_26_14_52_44.cfa,816,2025-11-26T14:53:37.117Z,sent,f4:db:00:00:00:d9,0x12,Write-Req,0x0021,07 5D 00 00 00 03,6,0x07
hci_snoop_2025_11_26_14_52_44.cfa,819,2025-11-26T14:53:37.260Z,recv,f4:db:00:00:00:d9,0x1B,Notify,0x0024,07 5D 00 00 00 03 41 01 41 01 41 01 60 04 61 04 61 04 00 00,20,0x07
hci_snoop_2025_11_26_14_52_44.cfa,820,2025-11-26T14:53:37.350Z,recv,f4:db:00:00:00:d9,0x13,Write-Rsp,,,0,
hci_snoop_2025_11_26_14_52_44.cfa,821,2025-11-26T14:53:37.382Z,sent,f4:db:00:00:00:d9,0x12,Write-Req,0x0021,07 60 00 00 00 03,6,0x07
hci_snoop_2025_11_26_14_52_44.cfa,823,2025-11-26T14:53:37.530Z,recv,f4:db:00:00:00:d9,0x1B,Notify,0x0024,07 60 00 00 00 03 41 01 41 01 40 01 62 04 62 04 63 04 00 00,20,0x07
hci_snoop_2025_11_26_14_52_44.cfa,824,2025-11-26T14:53:37.621Z,recv,f4:db:00:00:00:d9,0x13,Write-Rsp,,,0,
hci_snoop_2025_11_26_14_52_44.cfa,825,2025-11-26T14:53:37.649Z,sent,f4:db:00:00:00:d9,0x12,Write-Req,0x0021,07 63 00 00 00 03,6,0x07
hci_snoop_2025_11_26_14_52_44.cfa,827,2025-11-26T14:53:37.800Z,recv,f4:db:00:00:00:d9,0x1B,Notify,0x0024,07 63 00 00 00 03 40 01 41 01 40 01 63 04 64 04 65 04 00 00,20,0x07
hci_snoop_2025_11_26_14_52_44.cfa,828,2025-11-26T14:53:37.890Z,recv,f4:db:00:00:00:d9,0x13,Write-Rsp,,,0,
hci_snoop_2025_11_26_14_52_44.cfa,829,2025-11-26T14:53:37.915Z,sent,f4:db:00:00:00:d9,0x12,Write-Req,0x0021,07 66 00 00 00 03,6,0x07
hci_snoop_2025_11_26_14_52_44.cfa,831,2025-11-26T14:53:38.071Z,recv,f4:db:00:00:00:d9,0x1B,Notify,0x0024,07 66 00 00 00 03 40 01 40 01 40 01 65 04 66 04 66 04 00 00,20,0x07
hci_snoop_2025_11_26_14_52_44.cfa,832,2025-11-26T14:53:38.159Z,recv,f4:db:00:00:00:d9,0x13,Write-Rsp,,,0,
hci_snoop_2025_11_26_14_52_44.cfa,833,2025-11-26T14:53:38.182Z,sent,f4:db:00:00:00:d9,0x12,Write-Req,0x0021,07 69 00 00 00 03,6,0x07
hci_snoop_2025_11_26_14_52_44.cfa,835,2025-11-26T14:53:38.341Z,recv,f4:db:00:00:00:d9,0x1B,Notify,0x0024,07 69 00 00 00 03 40 01 40 01 40 01 67 04 67 04 68 04 00 00,20,0x07
hci_snoop_2025_11_26_14_52_44.cfa,836,2025-11-26T14:53:38.432Z,recv,f4:db:00:00:00:d9,0x13,Write-Rsp,,,0,
hci_snoop_2025_11_26_14_52_44.cfa,837,2025-11-26T14:53:38.465Z,sent,f4:db:00:00:00:d9,0x12,Write-Req,0x0021,07 6C 00 00 00 03,6,0x07
hci_snoop_2025_11_26_14_52_44.cfa,839,2025-11-26T14:53:38.609Z,recv,f4:db:00:00:00:d9,0x1B,Notify,0x0024,07 6C 00 00 00 03 40 01 40 01 40 01 68 04 68 04 69 04 00 00,20,0x07
hci_snoop_2025_11_26_14_52_44.cfa,840,2025-11-26T14:53:38.701Z,recv,f4:db:00:00:00:d9,0x13,Write-Rsp,,,0,
hci_snoop_2025_11_26_14_52_44.cfa,841,2025-11-26T14:53:38.735Z,sent,f4:db:00:00:00:d9,0x12,Write-Req,0x0021,07 6F 00 00 00 03,6,0x07
hci_snoop_2025_11_26_14_52_44.cfa,843,2025-11-26T14:53:38.881Z,recv,f4:db:00:00:00:d9,0x1B,Notify,0x0024,07 6F 00 00 00 03 40 01 40 01 40 01 6A 04 69 04 6A 04 00 00,20,0x07
hci_snoop_2025_11_26_14_52_44.cfa,844,2025-11-26T14:53:38.970Z,recv,f4:db:00:00:00:d9,0x13,Write-Rsp,,,0,
hci_snoop_2025_11_26_14_52_44.cfa,845,2025-11-26T14:53:38.998Z,sent,f4:db:00:00:00:d9,0x12,Write-Req,0x0021,07 72 00 00 00 03,6,0x07
hci_snoop_2025_11_26_14_52_44.cfa,847,2025-11-26T14:53:39.150Z,recv,f4:db:00:00:00:d9,0x1B,Notify,0x0024,07 72 00 00 00 03 40 01 40 01 40 01 6B 04 6C 04 6C 04 00 00,20,0x07
hci_snoop_2025_11_26_14_52_44.cfa,848,2025-11-26T14:53:39.239Z,recv,f4:db:00:00:00:d9,0x13,Write-Rsp,,,0,
hci_snoop_2025_11_26_14_52_44.cfa,849,2025-11-26T14:53:39.264Z,sent,f4:db:00:00:00:d9,0x12,Write-Req,0x0021,07 75 00 00 00 03,6,0x07
hci_snoop_2025_11_26_14_52_44.cfa,851,2025-11-26T14:53:39.420Z,recv,f4:db:00:00:00:d9,0x1B,Notify,0x0024,07 75 00 00 00 03 40 01 40 01 40 01 6E 04 6E 04 6F 04 00 00,20,0x07
hci_snoop_2025_11_26_14_52_44.cfa,852,2025-11-26T14:53:39.509Z,recv,f4:db:00:00:00:d9,0x13,Write-Rsp,,,0,
hci_snoop_2025_11_26_14_52_44.cfa,853,2025-11-26T14:53:39.532Z,sent,f4:db:00:00:00:d9,0x12,Write-Req,0x0021,07 78 00 00 00 03,6,0x07
hci_snoop_2025_11_26_14_52_44.cfa,855,2025-11-26T14:53:39.689Z,recv,f4:db:00:00:00:d9,0x1B,Notify,0x0024,07 78 00 00 00 03 40 01 40 01 40 01 6E 04 6F 04 6F 04 00 00,20,0x07
hci_snoop_2025_11_26_14_52_44.cfa,856,2025-11-26T14:53:39.782Z,recv,f4:db:00:00:00:d9,0x13,Write-Rsp,,,0,
hci_snoop_2025_11_26_14_52_44.cfa,857,2025-11-26T14:53:39.816Z,sent,f4:db:00:00:00:d9,0x12,Write-Req,0x0021,07 7B 00 00 00 03,6,0x07
hci_snoop_2025_11_26_14_52_44.cfa,859,2025-11-26T14:53:39.960Z,recv,f4:db:00:00:00:d9,0x1B,Notify,0x0024,07 7B 00 00 00 03 40 01 40 01 3B 01 6F 04 6F 04 F2 03 00 00,20,0x07
hci_snoop_2025_11_26_14_52_44.cfa,860,2025-11-26T14:53:40.053Z,recv,f4:db:00:00:00:d9,0x13,Write-Rsp,,,0,
hci_snoop_2025_11_26_14_52_44.cfa,861,2025-11-26T14:53:40.082Z,sent,f4:db:00:00:00:d9,0x12,Write-Req,0x0021,07 7E 00 00 00 03,6,0x07
hci_snoop_2025_11_26_14_52_44.cfa,863,2025-11-26T14:53:40.231Z,recv,f4:db:00:00:00:d9,0x1B,Notify,0x0024,07 7E 00 00 00 03 3A 01 3B 01 3C 01 0A 04 28 04 2E 04 00 00,20,0x07
hci_snoop_2025_11_26_14_52_44.cfa,864,2025-11-26T14:53:40.319Z,recv,f4:db:00:00:00:d9,0x13,Write-Rsp,,,0,
hci_snoop_2025_11_26_14_52_44.cfa,865,2025-11-26T14:53:40.349Z,sent,f4:db:00:00:00:d9,0x12,Write-Req,0x0021,07 81 00 00 00 03,6,0x07
hci_snoop_2025_11_26_14_52_44.cfa,867,2025-11-26T14:53:40.500Z,recv,f4:db:00:00:00:d9,0x1B,Notify,0x0024,07 81 00 00 00 03 3C 01 3C 01 3D 01 35 04 3B 04 3F 04 00 00,20,0x07
hci_snoop_2025_11_26_14_52_44.cfa,868,2025-11-26T14:53:40.589Z,recv,f4:db:00:00:00:d9,0x13,Write-Rsp,,,0,
hci_snoop_2025_11_26_14_52_44.cfa,869,2025-11-26T14:53:40.618Z,sent,f4:db:00:00:00:d9,0x12,Write-Req,0x0021,07 84 00 00 00 03,6,0x07
hci_snoop_2025_11_26_14_52_44.cfa,871,2025-11-26T14:53:40.770Z,recv,f4:db:00:00:00:d9,0x1B,Notify,0x0024,07 84 00 00 00 03 3F 01 3F 01 39 01 48 04 48 04 62 04 00 00,20,0x07
hci_snoop_2025_11_26_14_52_44.cfa,872,2025-11-26T14:53:40.859Z,recv,f4:db:00:00:00:d9,0x13,Write-Rsp,,,0,
hci_snoop_2025_11_26_14_52_44.cfa,873,2025-11-26T14:53:40.882Z,sent,f4:db:00:00:00:d9,0x12,Write-Req,0x0021,07 87 00 00 00 03,6,0x07
hci_snoop_2025_11_26_14_52_44.cfa,875,2025-11-26T14:53:41.041Z,recv,f4:db:00:00:00:d9,0x1B,Notify,0x0024,07 87 00 00 00 03 36 01 37 01 38 01 76 04 7C 04 80 04 00 00,20,0x07
hci_snoop_2025_11_26_14_52_44.cfa,876,2025-11-26T14:53:41.129Z,recv,f4:db:00:00:00:d9,0x13,Write-Rsp,,,0,
hci_snoop_2025_11_26_14_52_44.cfa,877,2025-11-26T14:53:41.167Z,sent,f4:db:00:00:00:d9,0x12,Write-Req,0x0021,07 8A 00 00 00 03,6,0x07
hci_snoop_2025_11_26_14_52_44.cfa,879,2025-11-26T14:53:41.310Z,recv,f4:db:00:00:00:d9,0x1B,Notify,0x0024,07 8A 00 00 00 03 3A 01 3C 01 3F 01 81 04 85 04 81 04 00 00,20,0x07
hci_snoop_2025_11_26_14_52_44.cfa,880,2025-11-26T14:53:41.399Z,recv,f4:db:00:00:00:d9,0x13,Write-Rsp,,,0,
hci_snoop_2025_11_26_14_52_44.cfa,881,2025-11-26T14:53:41.434Z,sent,f4:db:00:00:00:d9,0x12,Write-Req,0x0021,07 8D 00 00 00 03,6,0x07
hci_snoop_2025_11_26_14_52_44.cfa,883,2025-11-26T14:53:41.582Z,recv,f4:db:00:00:00:d9,0x1B,Notify,0x0024,07 8D 00 00 00 03 40 01 41 01 46 01 7F 04 83 04 7A 04 00 00,20,0x07
hci_snoop_2025_11_26_14_52_44.cfa,884,2025-11-26T14:53:41.670Z,recv,f4:db:00:00:00:d9,0x13,Write-Rsp,,,0,
hci_snoop_2025_11_26_14_52_44.cfa,885,2025-11-26T14:53:41.700Z,sent,f4:db:00:00:00:d9,0x12,Write-Req,0x0021,07 90 00 00 00 03,6,0x07
hci_snoop_2025_11_26_14_52_44.cfa,887,2025-11-26T14:53:41.851Z,recv,f4:db:00:00:00:d9,0x1B,Notify,0x0024,07 90 00 00 00 03 4B 01 4D 01 4D 01 72 04 65 04 5E 04 00 00,20,0x07
hci_snoop_2025_11_26_14_52_44.cfa,888,2025-11-26T14:53:41.939Z,recv,f4:db:00:00:00:d9,0x13,Write-Rsp,,,0,
hci_snoop_2025_11_26_14_52_44.cfa,889,2025-11-26T14:53:41.968Z,sent,f4:db:00:00:00:d9,0x12,Write-Req,0x0021,07 93 00 00 00 03,6,0x07
hci_snoop_2025_11_26_14_52_44.cfa,891,2025-11-26T14:53:42.120Z,recv,f4:db:00:00:00:d9,0x1B,Notify,0x0024,07 93 00 00 00 03 4D 01 4D 01 4C 01 59 04 58 04 58 04 00 00,20,0x07
hci_snoop_2025_11_26_14_52_44.cfa,892,2025-11-26T14:53:42.209Z,recv,f4:db:00:00:00:d9,0x13,Write-Rsp,,,0,
hci_snoop_2025_11_26_14_52_44.cfa,893,2025-11-26T14:53:42.235Z,sent,f4:db:00:00:00:d9,0x12,Write-Req,0x0021,07 96 00 00 00 03,6,0x07
hci_snoop_2025_11_26_14_52_44.cfa,895,2025-11-26T14:53:42.390Z,recv,f4:db:00:00:00:d9,0x1B,Notify,0x0024,07 96 00 00 00 03 4C 01 4C 01 4B 01 57 04 56 04 57 04 00 00,20,0x07
hci_snoop_2025_11_26_14_52_44.cfa,896,2025-11-26T14:53:42.480Z,recv,f4:db:00:00:00:d9,0x13,Write-Rsp,,,0,
hci_snoop_2025_11_26_14_52_44.cfa,897,2025-11-26T14:53:42.516Z,sent,f4:db:00:00:00:d9,0x12,Write-Req,0x0021,07 99 00 00 00 03,6,0x07
hci_snoop_2025_11_26_14_52_44.cfa,899,2025-11-26T14:53:42.660Z,recv,f4:db:00:00:00:d9,0x1B,Notify,0x0024,07 99 00 00 00 03 4A 01 4A 01 49 01 5A 04 5A 04 5B 04 00 00,20,0x07
hci_snoop_2025_11_26_14_52_44.cfa,900,2025-11-26T14:53:42.751Z,recv,f4:db:00:00:00:d9,0x13,Write-Rsp,,,0,
hci_snoop_2025_11_26_14_52_44.cfa,901,2025-11-26T14:53:42.782Z,sent,f4:db:00:00:00:d9,0x12,Write-Req,0x0021,07 9C 00 00 00 03,6,0x07
hci_snoop_2025_11_26_14_52_44.cfa,903,2025-11-26T14:53:42.931Z,recv,f4:db:00:00:00:d9,0x1B,Notify,0x0024,07 9C 00 00 00 03 48 01 48 01 47 01 5C 04 5D 04 5C 04 00 00,20,0x07
hci_snoop_2025_11_26_14_52_44.cfa,904,2025-11-26T14:53:43.019Z,recv,f4:db:00:00:00:d9,0x13,Write-Rsp,,,0,
hci_snoop_2025_11_26_14_52_44.cfa,905,2025-11-26T14:53:43.052Z,sent,f4:db:00:00:00:d9,0x12,Write-Req,0x0021,07 9F 00 00 00 03,6,0x07
hci_snoop_2025_11_26_14_52_44.cfa,907,2025-11-26T14:53:43.200Z,recv,f4:db:00:00:00:d9,0x1B,Notify,0x0024,07 9F 00 00 00 03 47 01 46 01 46 01 5C 04 5C 04 59 04 00 00,20,0x07
hci_snoop_2025_11_26_14_52_44.cfa,908,2025-11-26T14:53:43.289Z,recv,f4:db:00:00:00:d9,0x13,Write-Rsp,,,0,
hci_snoop_2025_11_26_14_52_44.cfa,909,2025-11-26T14:53:43.315Z,sent,f4:db:00:00:00:d9,0x12,Write-Req,0x0021,07 A2 00 00 00 03,6,0x07
hci_snoop_2025_11_26_14_52_44.cfa,911,2025-11-26T14:53:43.470Z,recv,f4:db:00:00:00:d9,0x1B,Notify,0x0024,07 A2 00 00 00 03 45 01 44 01 43 01 4D 04 3F 04 36 04 00 00,20,0x07
hci_snoop_2025_11_26_14_52_44.cfa,912,2025-11-26T14:53:43.560Z,recv,f4:db:00:00:00:d9,0x13,Write-Rsp,,,0,
hci_snoop_2025_11_26_14_52_44.cfa,913,2025-11-26T14:53:43.583Z,sent,f4:db:00:00:00:d9,0x12,Write-Req,0x0021,07 A5 00 00 00 03,6,0x07
hci_snoop_2025_11_26_14_52_44.cfa,915,2025-11-26T14:53:43.740Z,recv,f4:db:00:00:00:d9,0x1B,Notify,0x0024,07 A5 00 00 00 03 43 01 42 01 41 01 2A 04 29 04 23 04 00 00,20,0x07
hci_snoop_2025_11_26_14_52_44.cfa,916,2025-11-26T14:53:43.829Z,recv,f4:db:00:00:00:d9,0x13,Write-Rsp,,,0,
hci_snoop_2025_11_26_14_52_44.cfa,917,2025-11-26T14:53:43.866Z,sent,f4:db:00:00:00:d9,0x12,Write-Req,0x0021,07 A8 00 00 00 03,6,0x07
hci_snoop_2025_11_26_14_52_44.cfa,919,2025-11-26T14:53:44.009Z,recv,f4:db:00:00:00:d9,0x1B,Notify,0x0024,07 A8 00 00 00 03 41 01 40 01 40 01 21 04 18 04 11 04 00 00,20,0x07
hci_snoop_2025_11_26_14_52_44.cfa,920,2025-11-26T14:53:44.100Z,recv,f4:db:00:00:00:d9,0x13,Write-Rsp,,,0,
hci_snoop_2025_11_26_14_52_44.cfa,921,2025-11-26T14:53:44.133Z,sent,f4:db:00:00:00:d9,0x12,Write-Req,0x0021,07 AB 00 00 00 03,6,0x07
hci_snoop_2025_11_26_14_52_44.cfa,923,2025-11-26T14:53:44.281Z,recv,f4:db:00:00:00:d9,0x1B,Notify,0x0024,07 AB 00 00 00 03 3F 01 3F 01 3E 01 0B 04 01 04 F9 03 00 00,20,0x07
hci_snoop_2025_11_26_14_52_44.cfa,924,2025-11-26T14:53:44.371Z,recv,f4:db:00:00:00:d9,0x13,Write-Rsp,,,0,
hci_snoop_2025_11_26_14_52_44.cfa,926,2025-11-26T14:53:44.400Z,sent,f4:db:00:00:00:d9,0x12,Write-Req,0x0021,07 AE 00 00 00 03,6,0x07
hci_snoop_2025_11_26_14_52_44.cfa,928,2025-11-26T14:53:44.549Z,recv,f4:db:00:00:00:d9,0x1B,Notify,0x0024,07 AE 00 00 00 03 3D 01 3D 01 3C 01 F9 03 F0 03 F0 03 00 00,20,0x07
hci_snoop_2025_11_26_14_52_44.cfa,929,2025-11-26T14:53:44.640Z,recv,f4:db:00:00:00:d9,0x13,Write-Rsp,,,0,
hci_snoop_2025_11_26_14_52_44.cfa,930,2025-11-26T14:53:44.666Z,sent,f4:db:00:00:00:d9,0x12,Write-Req,0x0021,07 B1 00 00 00 03,6,0x07
hci_snoop_2025_11_26_14_52_44.cfa,932,2025-11-26T14:53:44.819Z,recv,f4:db:00:00:00:d9,0x1B,Notify,0x0024,07 B1 00 00 00 03 3C 01 3B 01 3B 01 E2 03 D6 03 CF 03 00 00,20,0x07
hci_snoop_2025_11_26_14_52_44.cfa,933,2025-11-26T14:53:44.909Z,recv,f4:db:00:00:00:d9,0x13,Write-Rsp,,,0,
hci_snoop_2025_11_26_14_52_44.cfa,934,2025-11-26T14:53:44.939Z,sent,f4:db:00:00:00:d9,0x12,Write-Req,0x0021,07 B4 00 00 00 03,6,0x07
hci_snoop_2025_11_26_14_52_44.cfa,936,2025-11-26T14:53:45.089Z,recv,f4:db:00:00:00:d9,0x1B,Notify,0x0024,07 B4 00 00 00 03 3A 01 3A 01 3A 01 E4 03 ED 03 F3 03 00 00,20,0x07
hci_snoop_2025_11_26_14_52_44.cfa,937,2025-11-26T14:53:45.181Z,recv,f4:db:00:00:00:d9,0x13,Write-Rsp,,,0,
hci_snoop_2025_11_26_14_52_44.cfa,938,2025-11-26T14:53:45.220Z,sent,f4:db:00:00:00:d9,0x12,Write-Req,0x0021,07 B7 00 00 00 03,6,0x07
hci_snoop_2025_11_26_14_52_44.cfa,940,2025-11-26T14:53:45.360Z,recv,f4:db:00:00:00:d9,0x1B,Notify,0x0024,07 B7 00 00 00 03 3A 01 3A 01 39 01 FA 03 01 04 07 04 00 00,20,0x07
hci_snoop_2025_11_26_14_52_44.cfa,941,2025-11-26T14:53:45.453Z,recv,f4:db:00:00:00:d9,0x13,Write-Rsp,,,0,
hci_snoop_2025_11_26_14_52_44.cfa,942,2025-11-26T14:53:45.483Z,sent,f4:db:00:00:00:d9,0x12,Write-Req,0x0021,07 BA 00 00 00 03,6,0x07
hci_snoop_2025_11_26_14_52_44.cfa,944,2025-11-26T14:53:45.631Z,recv,f4:db:00:00:00:d9,0x1B,Notify,0x0024,07 BA 00 00 00 03 39 01 39 01 39 01 0D 04 11 04 13 04 00 00,20,0x07
hci_snoop_2025_11_26_14_52_44.cfa,945,2025-11-26T14:53:45.720Z,recv,f4:db:00:00:00:d9,0x13,Write-Rsp,,,0,
hci_snoop_2025_11_26_14_52_44.cfa,946,2025-11-26T14:53:45.751Z,sent,f4:db:00:00:00:d9,0x12,Write-Req,0x0021,07 BD 00 00 00 03,6,0x07
hci_snoop_2025_11_26_14_52_44.cfa,948,2025-11-26T14:53:45.901Z,recv,f4:db:00:00:00:d9,0x1B,Notify,0x0024,07 BD 00 00 00 03 39 01 3A 01 39 01 17 04 1D 04 22 04 00 00,20,0x07
hci_snoop_2025_11_26_14_52_44.cfa,949,2025-11-26T14:53:45.989Z,recv,f4:db:00:00:00:d9,0x13,Write-Rsp,,,0,
hci_snoop_2025_11_26_14_52_44.cfa,950,2025-11-26T14:53:46.019Z,sent,f4:db:00:00:00:d9,0x12,Write-Req,0x0021,07 C0 00 00 00 03,6,0x07
hci_snoop_2025_11_26_14_52_44.cfa,952,2025-11-26T14:53:46.171Z,recv,f4:db:00:00:00:d9,0x1B,Notify,0x0024,07 C0 00 00 00 03 3A 01 39 01 3A 01 26 04 2A 04 2D 04 00 00,20,0x07
hci_snoop_2025_11_26_14_52_44.cfa,953,2025-11-26T14:53:46.260Z,recv,f4:db:00:00:00:d9,0x13,Write-Rsp,,,0,
hci_snoop_2025_11_26_14_52_44.cfa,954,2025-11-26T14:53:46.286Z,sent,f4:db:00:00:00:d9,0x12,Write-Req,0x0021,07 C3 00 00 00 03,6,0x07
hci_snoop_2025_11_26_14_52_44.cfa,956,2025-11-26T14:53:46.441Z,recv,f4:db:00:00:00:d9,0x1B,Notify,0x0024,07 C3 00 00 00 03 3A 01 3A 01 3A 01 31 04 34 04 37 04 00 00,20,0x07
hci_snoop_2025_11_26_14_52_44.cfa,957,2025-11-26T14:53:46.530Z,recv,f4:db:00:00:00:d9,0x13,Write-Rsp,,,0,
hci_snoop_2025_11_26_14_52_44.cfa,958,2025-11-26T14:53:46.567Z,sent,f4:db:00:00:00:d9,0x12,Write-Req,0x0021,07 C6 00 00 00 03,6,0x07
hci_snoop_2025_11_26_14_52_44.cfa,960,2025-11-26T14:53:46.709Z,recv,f4:db:00:00:00:d9,0x1B,Notify,0x0024,07 C6 00 00 00 03 3A 01 3A 01 3A 01 3A 04 3D 04 3F 04 00 00,20,0x07
hci_snoop_2025_11_26_14_52_44.cfa,961,2025-11-26T14:53:46.800Z,recv,f4:db:00:00:00:d9,0x13,Write-Rsp,,,0,
hci_snoop_2025_11_26_14_52_44.cfa,962,2025-11-26T14:53:46.835Z,sent,f4:db:00:00:00:d9,0x12,Write-Req,0x0021,07 C9 00 00 00 03,6,0x07
hci_snoop_2025_11_26_14_52_44.cfa,964,2025-11-26T14:53:46.980Z,recv,f4:db:00:00:00:d9,0x1B,Notify,0x0024,07 C9 00 00 00 03 3A 01 3A 01 3A 01 42 04 44 04 47 04 00 00,20,0x07
hci_snoop_2025_11_26_14_52_44.cfa,965,2025-11-26T14:53:47.069Z,recv,f4:db:00:00:00:d9,0x13,Write-Rsp,,,0,
hci_snoop_2025_11_26_14_52_44.cfa,966,2025-11-26T14:53:47.099Z,sent,f4:db:00:00:00:d9,0x12,Write-Req,0x0021,07 CC 00 00 00 03,6,0x07
hci_snoop_2025_11_26_14_52_44.cfa,968,2025-11-26T14:53:47.340Z,recv,f4:db:00:00:00:d9,0x1B,Notify,0x0024,07 CC 00 00 00 03 3A 01 3A 01 3A 01 49 04 4B 04 4D 04 00 00,20,0x07
hci_snoop_2025_11_26_14_52_44.cfa,969,2025-11-26T14:53:47.340Z,recv,f4:db:00:00:00:d9,0x13,Write-Rsp,,,0,
hci_snoop_2025_11_26_14_52_44.cfa,970,2025-11-26T14:53:47.383Z,sent,f4:db:00:00:00:d9,0x12,Write-Req,0x0021,07 CF 00 00 00 03,6,0x07
hci_snoop_2025_11_26_14_52_44.cfa,972,2025-11-26T14:53:47.520Z,recv,f4:db:00:00:00:d9,0x1B,Notify,0x0024,07 CF 00 00 00 03 3A 01 3A 01 3A 01 4E 04 4F 04 51 04 00 00,20,0x07
hci_snoop_2025_11_26_14_52_44.cfa,973,2025-11-26T14:53:47.609Z,recv,f4:db:00:00:00:d9,0x13,Write-Rsp,,,0,
hci_snoop_2025_11_26_14_52_44.cfa,974,2025-11-26T14:53:47.637Z,sent,f4:db:00:00:00:d9,0x12,Write-Req,0x0021,07 D2 00 00 00 03,6,0x07
hci_snoop_2025_11_26_14_52_44.cfa,976,2025-11-26T14:53:47.790Z,recv,f4:db:00:00:00:d9,0x1B,Notify,0x0024,07 D2 00 00 00 03 3B 01 3B 01 3B 01 53 04 55 04 56 04 00 00,20,0x07
hci_snoop_2025_11_26_14_52_44.cfa,977,2025-11-26T14:53:47.879Z,recv,f4:db:00:00:00:d9,0x13,Write-Rsp,,,0,
hci_snoop_2025_11_26_14_52_44.cfa,978,2025-11-26T14:53:47.918Z,sent,f4:db:00:00:00:d9,0x12,Write-Req,0x0021,07 D5 00 00 00 03,6,0x07
hci_snoop_2025_11_26_14_52_44.cfa,980,2025-11-26T14:53:48.060Z,recv,f4:db:00:00:00:d9,0x1B,Notify,0x0024,07 D5 00 00 00 03 3B 01 3B 01 3B 01 57 04 58 04 59 04 00 00,20,0x07
hci_snoop_2025_11_26_14_52_44.cfa,981,2025-11-26T14:53:48.151Z,recv,f4:db:00:00:00:d9,0x13,Write-Rsp,,,0,
hci_snoop_2025_11_26_14_52_44.cfa,982,2025-11-26T14:53:48.185Z,sent,f4:db:00:00:00:d9,0x12,Write-Req,0x0021,07 D8 00 00 00 03,6,0x07
hci_snoop_2025_11_26_14_52_44.cfa,984,2025-11-26T14:53:48.329Z,recv,f4:db:00:00:00:d9,0x1B,Notify,0x0024,07 D8 00 00 00 03 3B 01 3B 01 3B 01 5A 04 5B 04 5C 04 00 00,20,0x07
hci_snoop_2025_11_26_14_52_44.cfa,985,2025-11-26T14:53:48.419Z,recv,f4:db:00:00:00:d9,0x13,Write-Rsp,,,0,
hci_snoop_2025_11_26_14_52_44.cfa,986,2025-11-26T14:53:48.451Z,sent,f4:db:00:00:00:d9,0x12,Write-Req,0x0021,07 DB 00 00 00 03,6,0x07
hci_snoop_2025_11_26_14_52_44.cfa,988,2025-11-26T14:53:48.599Z,recv,f4:db:00:00:00:d9,0x1B,Notify,0x0024,07 DB 00 00 00 03 3B 01 3B 01 3B 01 5D 04 5E 04 5F 04 00 00,20,0x07
hci_snoop_2025_11_26_14_52_44.cfa,989,2025-11-26T14:53:48.690Z,recv,f4:db:00:00:00:d9,0x13,Write-Rsp,,,0,
hci_snoop_2025_11_26_14_52_44.cfa,990,2025-11-26T14:53:48.718Z,sent,f4:db:00:00:00:d9,0x12,Write-Req,0x0021,07 DE 00 00 00 03,6,0x07
hci_snoop_2025_11_26_14_52_44.cfa,992,2025-11-26T14:53:48.870Z,recv,f4:db:00:00:00:d9,0x1B,Notify,0x0024,07 DE 00 00 00 03 3B 01 3B 01 3B 01 60 04 61 04 61 04 00 00,20,0x07
hci_snoop_2025_11_26_14_52_44.cfa,993,2025-11-26T14:53:48.959Z,recv,f4:db:00:00:00:d9,0x13,Write-Rsp,,,0,
hci_snoop_2025_11_26_14_52_44.cfa,994,2025-11-26T14:53:48.985Z,sent,f4:db:00:00:00:d9,0x12,Write-Req,0x0021,07 E1 00 00 00 03,6,0x07
hci_snoop_2025_11_26_14_52_44.cfa,996,2025-11-26T14:53:49.139Z,recv,f4:db:00:00:00:d9,0x1B,Notify,0x0024,07 E1 00 00 00 03 3B 01 3B 01 3B 01 63 04 63 04 64 04 00 00,20,0x07
hci_snoop_2025_11_26_14_52_44.cfa,997,2025-11-26T14:53:49.229Z,recv,f4:db:00:00:00:d9,0x13,Write-Rsp,,,0,
hci_snoop_2025_11_26_14_52_44.cfa,998,2025-11-26T14:53:49.268Z,sent,f4:db:00:00:00:d9,0x12,Write-Req,0x0021,07 E4 00 00 00 03,6,0x07
hci_snoop_2025_11_26_14_52_44.cfa,1000,2025-11-26T14:53:49.410Z,recv,f4:db:00:00:00:d9,0x1B,Notify,0x0024,07 E4 00 00 00 03 3B 01 3B 01 3B 01 65 04 66 04 66 04 00 00,20,0x07
hci_snoop_2025_11_26_14_52_44.cfa,1001,2025-11-26T14:53:49.499Z,recv,f4:db:00:00:00:d9,0x13,Write-Rsp,,,0,
hci_snoop_2025_11_26_14_52_44.cfa,1002,2025-11-26T14:53:49.533Z,sent,f4:db:00:00:00:d9,0x12,Write-Req,0x0021,07 E7 00 00 00 03,6,0x07
hci_snoop_2025_11_26_14_52_44.cfa,1004,2025-11-26T14:53:49.680Z,recv,f4:db:00:00:00:d9,0x1B,Notify,0x0024,07 E7 00 00 00 03 3B 01 3B 01 3A 01 67 04 68 04 69 04 00 00,20,0x07
hci_snoop_2025_11_26_14_52_44.cfa,1005,2025-11-26T14:53:49.774Z,recv,f4:db:00:00:00:d9,0x13,Write-Rsp,,,0,
hci_snoop_2025_11_26_14_52_44.cfa,1006,2025-11-26T14:53:49.800Z,sent,f4:db:00:00:00:d9,0x12,Write-Req,0x0021,07 EA 00 00 00 03,6,0x07
hci_snoop_2025_11_26_14_52_44.cfa,1008,2025-11-26T14:53:49.952Z,recv,f4:db:00:00:00:d9,0x1B,Notify,0x0024,07 EA 00 00 00 03 3A 01 3B 01 3A 01 6A 04 6B 04 6A 04 00 00,20,0x07
hci_snoop_2025_11_26_14_52_44.cfa,1009,2025-11-26T14:53:50.039Z,recv,f4:db:00:00:00:d9,0x13,Write-Rsp,,,0,
hci_snoop_2025_11_26_14_52_44.cfa,1010,2025-11-26T14:53:50.068Z,sent,f4:db:00:00:00:d9,0x12,Write-Req,0x0021,07 ED 00 00 00 03,6,0x07
hci_snoop_2025_11_26_14_52_44.cfa,1012,2025-11-26T14:53:50.219Z,recv,f4:db:00:00:00:d9,0x1B,Notify,0x0024,07 ED 00 00 00 03 3A 01 3B 01 3C 01 6A 04 6C 04 6B 04 00 00,20,0x07
hci_snoop_2025_11_26_14_52_44.cfa,1013,2025-11-26T14:53:50.310Z,recv,f4:db:00:00:00:d9,0x13,Write-Rsp,,,0,
hci_snoop_2025_11_26_14_52_44.cfa,1014,2025-11-26T14:53:50.339Z,sent,f4:db:00:00:00:d9,0x12,Write-Req,0x0021,07 F0 00 00 00 03,6,0x07
hci_snoop_2025_11_26_14_52_44.cfa,1016,2025-11-26T14:53:50.490Z,recv,f4:db:00:00:00:d9,0x1B,Notify,0x0024,07 F0 00 00 00 03 3E 01 40 01 41 01 68 04 64 04 5F 04 00 00,20,0x07
hci_snoop_2025_11_26_14_52_44.cfa,1017,2025-11-26T14:53:50.580Z,recv,f4:db:00:00:00:d9,0x13,Write-Rsp,,,0,
hci_snoop_2025_11_26_14_52_44.cfa,1018,2025-11-26T14:53:50.620Z,sent,f4:db:00:00:00:d9,0x12,Write-Req,0x0021,07 F3 00 00 00 03,6,0x07
hci_snoop_2025_11_26_14_52_44.cfa,1020,2025-11-26T14:53:50.760Z,recv,f4:db:00:00:00:d9,0x1B,Notify,0x0024,07 F3 00 00 00 03 43 01 44 01 45 01 5C 04 58 04 56 04 00 00,20,0x07
hci_snoop_2025_11_26_14_52_44.cfa,1021,2025-11-26T14:53:50.855Z,recv,f4:db:00:00:00:d9,0x13,Write-Rsp,,,0,
hci_snoop_2025_11_26_14_52_44.cfa,1022,2025-11-26T14:53:50.883Z,sent,f4:db:00:00:00:d9,0x12,Write-Req,0x0021,07 F6 00 00 00 03,6,0x07
hci_snoop_2025_11_26_14_52_44.cfa,1024,2025-11-26T14:53:51.029Z,recv,f4:db:00:00:00:d9,0x1B,Notify,0x0024,07 F6 00 00 00 03 47 01 48 01 4A 01 56 04 53 04 4D 04 00 00,20,0x07
hci_snoop_2025_11_26_14_52_44.cfa,1025,2025-11-26T14:53:51.119Z,recv,f4:db:00:00:00:d9,0x13,Write-Rsp,,,0,
hci_snoop_2025_11_26_14_52_44.cfa,1026,2025-11-26T14:53:51.152Z,sent,f4:db:00:00:00:d9,0x12,Write-Req,0x0021,07 F9 00 00 00 03,6,0x07
hci_snoop_2025_11_26_14_52_44.cfa,1028,2025-11-26T14:53:51.302Z,recv,f4:db:00:00:00:d9,0x1B,Notify,0x0024,07 F9 00 00 00 03 4C 01 51 01 4F 01 48 04 3D 04 41 04 00 00,20,0x07
hci_snoop_2025_11_26_14_52_44.cfa,1029,2025-11-26T14:53:51.389Z,recv,f4:db:00:00:00:d9,0x13,Write-Rsp,,,0,
hci_snoop_2025_11_26_14_52_44.cfa,1030,2025-11-26T14:53:51.418Z,sent,f4:db:00:00:00:d9,0x12,Write-Req,0x0021,07 FC 00 00 00 03,6,0x07
hci_snoop_2025_11_26_14_52_44.cfa,1032,2025-11-26T14:53:51.571Z,recv,f4:db:00:00:00:d9,0x1B,Notify,0x0024,07 FC 00 00 00 03 4F 01 4F 01 4F 01 41 04 3F 04 3F 04 00 00,20,0x07
hci_snoop_2025_11_26_14_52_44.cfa,1033,2025-11-26T14:53:51.660Z,recv,f4:db:00:00:00:d9,0x13,Write-Rsp,,,0,
hci_snoop_2025_11_26_14_52_44.cfa,1034,2025-11-26T14:53:51.683Z,sent,f4:db:00:00:00:d9,0x12,Write-Req,0x0021,07 FF 00 00 00 03,6,0x07
hci_snoop_2025_11_26_14_52_44.cfa,1036,2025-11-26T14:53:51.840Z,recv,f4:db:00:00:00:d9,0x1B,Notify,0x0024,07 FF 00 00 00 03 50 01 50 01 50 01 3F 04 3D 04 3C 04 00 00,20,0x07
hci_snoop_2025_11_26_14_52_44.cfa,1037,2025-11-26T14:53:51.929Z,recv,f4:db:00:00:00:d9,0x13,Write-Rsp,,,0,
hci_snoop_2025_11_26_14_52_44.cfa,1038,2025-11-26T14:53:51.968Z,sent,f4:db:00:00:00:d9,0x12,Write-Req,0x0021,07 02 01 00 00 03,6,0x07
hci_snoop_2025_11_26_14_52_44.cfa,1040,2025-11-26T14:53:52.110Z,recv,f4:db:00:00:00:d9,0x1B,Notify,0x0024,07 02 01 00 00 03 51 01 52 01 53 01 3C 04 3F 04 37 04 00 00,20,0x07
hci_snoop_2025_11_26_14_52_44.cfa,1041,2025-11-26T14:53:52.200Z,recv,f4:db:00:00:00:d9,0x13,Write-Rsp,,,0,
hci_snoop_2025_11_26_14_52_44.cfa,1042,2025-11-26T14:53:52.235Z,sent,f4:db:00:00:00:d9,0x12,Write-Req,0x0021,07 05 01 00 00 03,6,0x07
hci_snoop_2025_11_26_14_52_44.cfa,1044,2025-11-26T14:53:52.379Z,recv,f4:db:00:00:00:d9,0x1B,Notify,0x0024,07 05 01 00 00 03 54 01 54 01 55 01 36 04 31 04 31 04 00 00,20,0x07
hci_snoop_2025_11_26_14_52_44.cfa,1045,2025-11-26T14:53:52.469Z,recv,f4:db:00:00:00:d9,0x13,Write-Rsp,,,0,
hci_snoop_2025_11_26_14_52_44.cfa,1046,2025-11-26T14:53:52.502Z,sent,f4:db:00:00:00:d9,0x12,Write-Req,0x0021,07 08 01 00 00 03,6,0x07
hci_snoop_2025_11_26_14_52_44.cfa,1048,2025-11-26T14:53:52.652Z,recv,f4:db:00:00:00:d9,0x1B,Notify,0x0024,07 08 01 00 00 03 55 01 4A 01 4E 01 2F 04 65 03 A9 03 00 00,20,0x07
hci_snoop_2025_11_26_14_52_44.cfa,1049,2025-11-26T14:53:52.739Z,recv,f4:db:00:00:00:d9,0x13,Write-Rsp,,,0,
hci_snoop_2025_11_26_14_52_44.cfa,1050,2025-11-26T14:53:52.768Z,sent,f4:db:00:00:00:d9,0x12,Write-Req,0x0021,07 0B 01 00 00 03,6,0x07
hci_snoop_2025_11_26_14_52_44.cfa,1052,2025-11-26T14:53:52.920Z,recv,f4:db:00:00:00:d9,0x1B,Notify,0x0024,07 0B 01 00 00 03 51 01 53 01 55 01 B9 03 C2 03 CF 03 00 00,20,0x07
hci_snoop_2025_11_26_14_52_44.cfa,1053,2025-11-26T14:53:53.009Z,recv,f4:db:00:00:00:d9,0x13,Write-Rsp,,,0,
hci_snoop_2025_11_26_14_52_44.cfa,1054,2025-11-26T14:53:53.040Z,sent,f4:db:00:00:00:d9,0x12,Write-Req,0x0021,07 0E 01 00 00 03,6,0x07
hci_snoop_2025_11_26_14_52_44.cfa,1056,2025-11-26T14:53:53.190Z,recv,f4:db:00:00:00:d9,0x1B,Notify,0x0024,07 0E 01 00 00 03 54 01 52 01 52 01 D3 03 D9 03 E3 03 00 00,20,0x07
hci_snoop_2025_11_26_14_52_44.cfa,1057,2025-11-26T14:53:53.279Z,recv,f4:db:00:00:00:d9,0x13,Write-Rsp,,,0,
hci_snoop_2025_11_26_14_52_44.cfa,1058,2025-11-26T14:53:53.318Z,sent,f4:db:00:00:00:d9,0x12,Write-Req,0x0021,07 11 01 00 00 03,6,0x07
hci_snoop_2025_11_26_14_52_44.cfa,1060,2025-11-26T14:53:53.460Z,recv,f4:db:00:00:00:d9,0x1B,Notify,0x0024,07 11 01 00 00 03 52 01 50 01 50 01 E6 03 EC 03 F0 03 00 00,20,0x07
hci_snoop_2025_11_26_14_52_44.cfa,1061,2025-11-26T14:53:53.551Z,recv,f4:db:00:00:00:d9,0x13,Write-Rsp,,,0,
hci_snoop_2025_11_26_14_52_44.cfa,1062,2025-11-26T14:53:53.584Z,sent,f4:db:00:00:00:d9,0x12,Write-Req,0x0021,07 14 01 00 00 03,6,0x07
hci_snoop_2025_11_26_14_52_44.cfa,1064,2025-11-26T14:53:53.732Z,recv,f4:db:00:00:00:d9,0x1B,Notify,0x0024,07 14 01 00 00 03 4F 01 51 01 53 01 F6 03 F5 03 F6 03 00 00,20,0x07
hci_snoop_2025_11_26_14_52_44.cfa,1066,2025-11-26T14:53:53.820Z,recv,f4:db:00:00:00:d9,0x13,Write-Rsp,,,0,
hci_snoop_2025_11_26_14_52_44.cfa,1067,2025-11-26T14:53:53.853Z,sent,f4:db:00:00:00:d9,0x12,Write-Req,0x0021,07 17 01 00 00 03,6,0x07
hci_snoop_2025_11_26_14_52_44.cfa,1069,2025-11-26T14:53:53.999Z,recv,f4:db:00:00:00:d9,0x1B,Notify,0x0024,07 17 01 00 00 03 54 01 56 01 57 01 F3 03 ED 03 ED 03 00 00,20,0x07
hci_snoop_2025_11_26_14_52_44.cfa,1088,2025-11-26T14:53:54.089Z,recv,f4:db:00:00:00:d9,0x13,Write-Rsp,,,0,
hci_snoop_2025_11_26_14_52_44.cfa,1089,2025-11-26T14:53:54.109Z,sent,f4:db:00:00:00:d9,0x12,Write-Req,0x0021,07 1A 01 00 00 03,6,0x07
hci_snoop_2025_11_26_14_52_44.cfa,1091,2025-11-26T14:53:54.270Z,recv,f4:db:00:00:00:d9,0x1B,Notify,0x0024,07 1A 01 00 00 03 58 01 59 01 57 01 EB 03 E8 03 EE 03 00 00,20,0x07
hci_snoop_2025_11_26_14_52_44.cfa,1092,2025-11-26T14:53:54.359Z,recv,f4:db:00:00:00:d9,0x13,Write-Rsp,,,0,
hci_snoop_2025_11_26_14_52_44.cfa,1093,2025-11-26T14:53:54.367Z,sent,f4:db:00:00:00:d9,0x12,Write-Req,0x0021,07 1D 01 00 00 03,6,0x07
hci_snoop_2025_11_26_14_52_44.cfa,1095,2025-11-26T14:53:54.540Z,recv,f4:db:00:00:00:d9,0x1B,Notify,0x0024,07 1D 01 00 00 03 5A 01 5C 01 5C 01 E6 03 DC 03 D9 03 00 00,20,0x07
hci_snoop_2025_11_26_14_52_44.cfa,1096,2025-11-26T14:53:54.630Z,recv,f4:db:00:00:00:d9,0x13,Write-Rsp,,,0,
hci_snoop_2025_11_26_15_00_04.cfa,379,2025-11-26T15:00:21.272Z,sent,f4:db:00:00:00:d9,0x10,ReadByGrp-Req,,01 00 FF FF 00 28,6,0x01
hci_snoop_2025_11_26_15_00_04.cfa,385,2025-11-26T15:00:21.357Z,recv,f4:db:00:00:00:d9,0x11,ReadByGrp-Rsp,,06 01 00 07 00 00 18 08 00 0B 00 01 18 0C 00 1E 00 0A 18,19,0x06
hci_snoop_2025_11_26_15_00_04.cfa,386,2025-11-26T15:00:21.358Z,sent,f4:db:00:00:00:d9,0x10,ReadByGrp-Req,,1F 00 FF FF 00 28,6,0x1F
hci_snoop_2025_11_26_15_00_04.cfa,390,2025-11-26T15:00:21.448Z,recv,f4:db:00:00:00:d9,0x11,ReadByGrp-Rsp,,06 1F 00 FF FF E0 FF,7,0x06
hci_snoop_2025_11_26_15_00_04.cfa,391,2025-11-26T15:00:21.448Z,sent,f4:db:00:00:00:d9,0x08,ReadByType-Req,,01 00 07 00 02 28,6,0x01
hci_snoop_2025_11_26_15_00_04.cfa,396,2025-11-26T15:00:21.539Z,recv,f4:db:00:00:00:d9,0x01,ErrorRsp,,08 01 00 0A,4,0x08
hci_snoop_2025_11_26_15_00_04.cfa,397,2025-11-26T15:00:21.540Z,sent,f4:db:00:00:00:d9,0x08,ReadByType-Req,,01 00 07 00 03 28,6,0x01
hci_snoop_2025_11_26_15_00_04.cfa,400,2025-11-26T15:00:21.628Z,recv,f4:db:00:00:00:d9,0x09,ReadByType-Rsp,,07 02 00 02 03 00 00 2A 04 00 02 05 00 01 2A 06 00 02 07 00 04 2A,22,0x07
hci_snoop_2025_11_26_15_00_04.cfa,401,2025-11-26T15:00:21.629Z,sent,f4:db:00:00:00:d9,0x08,ReadByType-Req,,07 00 07 00 03 28,6,0x07
hci_snoop_2025_11_26_15_00_04.cfa,406,2025-11-26T15:00:21.719Z,recv,f4:db:00:00:00:d9,0x01,ErrorRsp,,08 07 00 0A,4,0x08
hci_snoop_2025_11_26_15_00_04.cfa,407,2025-11-26T15:00:21.720Z,sent,f4:db:00:00:00:d9,0x08,ReadByType-Req,,08 00 0B 00 02 28,6,0x08
hci_snoop_2025_11_26_15_00_04.cfa,413,2025-11-26T15:00:21.733Z,recv,f4:db:00:00:00:d9,0x01,ErrorRsp,,08 08 00 0A,4,0x08
hci_snoop_2025_11_26_15_00_04.cfa,414,2025-11-26T15:00:21.735Z,sent,f4:db:00:00:00:d9,0x08,ReadByType-Req,,08 00 0B 00 03 28,6,0x08
hci_snoop_2025_11_26_15_00_04.cfa,416,2025-11-26T15:00:21.747Z,recv,f4:db:00:00:00:d9,0x09,ReadByType-Rsp,,07 09 00 20 0A 00 05 2A,8,0x07
hci_snoop_2025_11_26_15_00_04.cfa,417,2025-11-26T15:00:21.747Z,sent,f4:db:00:00:00:d9,0x08,ReadByType-Req,,0A 00 0B 00 03 28,6,0x0A
hci_snoop_2025_11_26_15_00_04.cfa,419,2025-11-26T15:00:21.762Z,recv,f4:db:00:00:00:d9,0x01,ErrorRsp,,08 0A 00 0A,4,0x08
hci_snoop_2025_11_26_15_00_04.cfa,420,2025-11-26T15:00:21.763Z,sent,f4:db:00:00:00:d9,0x04,FindInfo-Req,,0B 00 0B 00,4,0x0B
hci_snoop_2025_11_26_15_00_04.cfa,422,2025-11-26T15:00:21.778Z,recv,f4:db:00:00:00:d9,0x05,FindInfo-Rsp,,01 0B 00 02 29,5,0x01
hci_snoop_2025_11_26_15_00_04.cfa,423,2025-11-26T15:00:21.779Z,sent,f4:db:00:00:00:d9,0x08,ReadByType-Req,,0C 00 1E 00 02 28,6,0x0C
hci_snoop_2025_11_26_15_00_04.cfa,425,2025-11-26T15:00:21.792Z,recv,f4:db:00:00:00:d9,0x01,ErrorRsp,,08 0C 00 0A,4,0x08
hci_snoop_2025_11_26_15_00_04.cfa,426,2025-11-26T15:00:21.793Z,sent,f4:db:00:00:00:d9,0x08,ReadByType-Req,,0C 00 1E 00 03 28,6,0x0C
hci_snoop_2025_11_26_15_00_04.cfa,428,2025-11-26T15:00:21.808Z,recv,f4:db:00:00:00:d9,0x09,ReadByType-Rsp,,07 0D 00 02 0E 00 23 2A 0F 00 02 10 00 24 2A 11 00 02 12 00 25 2A,22,0x07
hci_snoop_2025_11_26_15_00_04.cfa,429,2025-11-26T15:00:21.809Z,sent,f4:db:00:00:00:d9,0x08,ReadByType-Req,,12 00 1E 00 03 28,6,0x12
hci_snoop_2025_11_26_15_00_04.cfa,431,2025-11-26T15:00:21.823Z,recv,f4:db:00:00:00:d9,0x09,ReadByType-Rsp,,07 13 00 02 14 00 26 2A 15 00 02 16 00 27 2A 17 00 02 18 00 28 2A,22,0x07
hci_snoop_2025_11_26_15_00_04.cfa,432,2025-11-26T15:00:21.824Z,sent,f4:db:00:00:00:d9,0x08,ReadByType-Req,,18 00 1E 00 03 28,6,0x18
hci_snoop_2025_11_26_15_00_04.cfa,434,2025-11-26T15:00:21.838Z,recv,f4:db:00:00:00:d9,0x09,ReadByType-Rsp,,07 19 00 02 1A 00 29 2A 1B 00 02 1C 00 2A 2A 1D 00 02 1E 00 50 2A,22,0x07
hci_snoop_2025_11_26_15_00_04.cfa,435,2025-11-26T15:00:21.839Z,sent,f4:db:00:00:00:d9,0x08,ReadByType-Req,,1E 00 1E 00 03 28,6,0x1E
hci_snoop_2025_11_26_15_00_04.cfa,437,2025-11-26T15:00:21.852Z,recv,f4:db:00:00:00:d9,0x01,ErrorRsp,,08 1E 00 0A,4,0x08
hci_snoop_2025_11_26_15_00_04.cfa,438,2025-11-26T15:00:21.853Z,sent,f4:db:00:00:00:d9,0x08,ReadByType-Req,,1F 00 FF FF 02 28,6,0x1F
hci_snoop_2025_11_26_15_00_04.cfa,440,2025-11-26T15:00:21.867Z,recv,f4:db:00:00:00:d9,0x01,ErrorRsp,,08 1F 00 0A,4,0x08
hci_snoop_2025_11_26_15_00_04.cfa,441,2025-11-26T15:00:21.868Z,sent,f4:db:00:00:00:d9,0x08,ReadByType-Req,,1F 00 FF FF 03 28,6,0x1F
hci_snoop_2025_11_26_15_00_04.cfa,444,2025-11-26T15:00:21.883Z,recv,f4:db:00:00:00:d9,0x09,ReadByType-Rsp,,07 20 00 08 21 00 F5 FF 23 00 10 24 00 F3 FF,15,0x07
hci_snoop_2025_11_26_15_00_04.cfa,445,2025-11-26T15:00:21.883Z,sent,f4:db:00:00:00:d9,0x08,ReadByType-Req,,24 00 FF FF 03 28,6,0x24
hci_snoop_2025_11_26_15_00_04.cfa,447,2025-11-26T15:00:21.897Z,recv,f4:db:00:00:00:d9,0x01,ErrorRsp,,08 24 00 0A,4,0x08
hci_snoop_2025_11_26_15_00_04.cfa,448,2025-11-26T15:00:21.897Z,sent,f4:db:00:00:00:d9,0x04,FindInfo-Req,,22 00 22 00,4,0x22
hci_snoop_2025_11_26_15_00_04.cfa,450,2025-11-26T15:00:21.912Z,recv,f4:db:00:00:00:d9,0x05,FindInfo-Rsp,,01 22 00 01 29,5,0x01
hci_snoop_2025_11_26_15_00_04.cfa,451,2025-11-26T15:00:21.913Z,sent,f4:db:00:00:00:d9,0x04,FindInfo-Req,,25 00 FF FF,4,0x25
hci_snoop_2025_11_26_15_00_04.cfa,453,2025-11-26T15:00:21.927Z,recv,f4:db:00:00:00:d9,0x05,FindInfo-Rsp,,01 25 00 02 29 26 00 01 29,9,0x01
hci_snoop_2025_11_26_15_00_04.cfa,454,2025-11-26T15:00:21.928Z,sent,f4:db:00:00:00:d9,0x04,FindInfo-Req,,27 00 FF FF,4,0x27
hci_snoop_2025_11_26_15_00_04.cfa,456,2025-11-26T15:00:21.943Z,recv,f4:db:00:00:00:d9,0x01,ErrorRsp,,04 27 00 0A,4,0x04
hci_snoop_2025_11_26_15_00_04.cfa,459,2025-11-26T15:00:21.961Z,sent,f4:db:00:00:00:d9,0x12,Write-Req,0x0025,01 00,2,0x01
hci_snoop_2025_11_26_15_00_04.cfa,461,2025-11-26T15:00:21.972Z,recv,f4:db:00:00:00:d9,0x13,Write-Rsp,,,0,
hci_snoop_2025_11_26_15_00_04.cfa,462,2025-11-26T15:00:21.988Z,sent,f4:db:00:00:00:d9,0x12,Write-Req,0x0021,1A,1,0x1A
hci_snoop_2025_11_26_15_00_04.cfa,464,2025-11-26T15:00:22.003Z,recv,f4:db:00:00:00:d9,0x1B,Notify,0x0024,1A 01 00 01 00 00 00 00 00 00 00 00 00 00 00 00 00 00 00 00,20,0x1A
hci_snoop_2025_11_26_15_00_04.cfa,465,2025-11-26T15:00:22.005Z,recv,f4:db:00:00:00:d9,0x13,Write-Rsp,,,0,
hci_snoop_2025_11_26_15_00_04.cfa,583,2025-11-26T15:00:37.426Z,sent,f4:db:00:00:00:d9,0x10,ReadByGrp-Req,,01 00 FF FF 00 28,6,0x01
hci_snoop_2025_11_26_15_00_04.cfa,586,2025-11-26T15:00:37.514Z,recv,f4:db:00:00:00:d9,0x11,ReadByGrp-Rsp,,06 01 00 07 00 00 18 08 00 0B 00 01 18 0C 00 1E 00 0A 18,19,0x06
hci_snoop_2025_11_26_15_00_04.cfa,587,2025-11-26T15:00:37.515Z,sent,f4:db:00:00:00:d9,0x10,ReadByGrp-Req,,1F 00 FF FF 00 28,6,0x1F
hci_snoop_2025_11_26_15_00_04.cfa,589,2025-11-26T15:00:37.604Z,recv,f4:db:00:00:00:d9,0x11,ReadByGrp-Rsp,,06 1F 00 FF FF E0 FF,7,0x06
hci_snoop_2025_11_26_15_00_04.cfa,590,2025-11-26T15:00:37.605Z,sent,f4:db:00:00:00:d9,0x08,ReadByType-Req,,01 00 07 00 02 28,6,0x01
hci_snoop_2025_11_26_15_00_04.cfa,592,2025-11-26T15:00:37.693Z,recv,f4:db:00:00:00:d9,0x01,ErrorRsp,,08 01 00 0A,4,0x08
hci_snoop_2025_11_26_15_00_04.cfa,593,2025-11-26T15:00:37.694Z,sent,f4:db:00:00:00:d9,0x08,ReadByType-Req,,01 00 07 00 03 28,6,0x01
hci_snoop_2025_11_26_15_00_04.cfa,595,2025-11-26T15:00:37.784Z,recv,f4:db:00:00:00:d9,0x09,ReadByType-Rsp,,07 02 00 02 03 00 00 2A 04 00 02 05 00 01 2A 06 00 02 07 00 04 2A,22,0x07
hci_snoop_2025_11_26_15_00_04.cfa,596,2025-11-26T15:00:37.785Z,sent,f4:db:00:00:00:d9,0x08,ReadByType-Req,,07 00 07 00 03 28,6,0x07
hci_snoop_2025_11_26_15_00_04.cfa,598,2025-11-26T15:00:37.874Z,recv,f4:db:00:00:00:d9,0x01,ErrorRsp,,08 07 00 0A,4,0x08
hci_snoop_2025_11_26_15_00_04.cfa,599,2025-11-26T15:00:37.874Z,sent,f4:db:00:00:00:d9,0x08,ReadByType-Req,,08 00 0B 00 02 28,6,0x08
hci_snoop_2025_11_26_15_00_04.cfa,603,2025-11-26T15:00:37.887Z,recv,f4:db:00:00:00:d9,0x01,ErrorRsp,,08 08 00 0A,4,0x08
hci_snoop_2025_11_26_15_00_04.cfa,604,2025-11-26T15:00:37.888Z,sent,f4:db:00:00:00:d9,0x08,ReadByType-Req,,08 00 0B 00 03 28,6,0x08
hci_snoop_2025_11_26_15_00_04.cfa,606,2025-11-26T15:00:37.903Z,recv,f4:db:00:00:00:d9,0x09,ReadByType-Rsp,,07 09 00 20 0A 00 05 2A,8,0x07
hci_snoop_2025_11_26_15_00_04.cfa,607,2025-11-26T15:00:37.904Z,sent,f4:db:00:00:00:d9,0x08,ReadByType-Req,,0A 00 0B 00 03 28,6,0x0A
hci_snoop_2025_11_26_15_00_04.cfa,609,2025-11-26T15:00:37.918Z,recv,f4:db:00:00:00:d9,0x01,ErrorRsp,,08 0A 00 0A,4,0x08
hci_snoop_2025_11_26_15_00_04.cfa,610,2025-11-26T15:00:37.918Z,sent,f4:db:00:00:00:d9,0x04,FindInfo-Req,,0B 00 0B 00,4,0x0B
hci_snoop_2025_11_26_15_00_04.cfa,612,2025-11-26T15:00:37.932Z,recv,f4:db:00:00:00:d9,0x05,FindInfo-Rsp,,01 0B 00 02 29,5,0x01
hci_snoop_2025_11_26_15_00_04.cfa,613,2025-11-26T15:00:37.933Z,sent,f4:db:00:00:00:d9,0x08,ReadByType-Req,,0C 00 1E 00 02 28,6,0x0C
hci_snoop_2025_11_26_15_00_04.cfa,615,2025-11-26T15:00:37.947Z,recv,f4:db:00:00:00:d9,0x01,ErrorRsp,,08 0C 00 0A,4,0x08
hci_snoop_2025_11_26_15_00_04.cfa,616,2025-11-26T15:00:37.947Z,sent,f4:db:00:00:00:d9,0x08,ReadByType-Req,,0C 00 1E 00 03 28,6,0x0C
hci_snoop_2025_11_26_15_00_04.cfa,618,2025-11-26T15:00:37.962Z,recv,f4:db:00:00:00:d9,0x09,ReadByType-Rsp,,07 0D 00 02 0E 00 23 2A 0F 00 02 10 00 24 2A 11 00 02 12 00 25 2A,22,0x07
hci_snoop_2025_11_26_15_00_04.cfa,619,2025-11-26T15:00:37.963Z,sent,f4:db:00:00:00:d9,0x08,ReadByType-Req,,12 00 1E 00 03 28,6,0x12
hci_snoop_2025_11_26_15_00_04.cfa,621,2025-11-26T15:00:37.978Z,recv,f4:db:00:00:00:d9,0x09,ReadByType-Rsp,,07 13 00 02 14 00 26 2A 15 00 02 16 00 27 2A 17 00 02 18 00 28 2A,22,0x07
hci_snoop_2025_11_26_15_00_04.cfa,622,2025-11-26T15:00:37.978Z,sent,f4:db:00:00:00:d9,0x08,ReadByType-Req,,18 00 1E 00 03 28,6,0x18
hci_snoop_2025_11_26_15_00_04.cfa,624,2025-11-26T15:00:37.993Z,recv,f4:db:00:00:00:d9,0x09,ReadByType-Rsp,,07 19 00 02 1A 00 29 2A 1B 00 02 1C 00 2A 2A 1D 00 02 1E 00 50 2A,22,0x07
hci_snoop_2025_11_26_15_00_04.cfa,625,2025-11-26T15:00:37.993Z,sent,f4:db:00:00:00:d9,0x08,ReadByType-Req,,1E 00 1E 00 03 28,6,0x1E
hci_snoop_2025_11_26_15_00_04.cfa,627,2025-11-26T15:00:38.008Z,recv,f4:db:00:00:00:d9,0x01,ErrorRsp,,08 1E 00 0A,4,0x08
hci_snoop_2025_11_26_15_00_04.cfa,628,2025-11-26T15:00:38.009Z,sent,f4:db:00:00:00:d9,0x08,ReadByType-Req,,1F 00 FF FF 02 28,6,0x1F
hci_snoop_2025_11_26_15_00_04.cfa,630,2025-11-26T15:00:38.023Z,recv,f4:db:00:00:00:d9,0x01,ErrorRsp,,08 1F 00 0A,4,0x08
hci_snoop_2025_11_26_15_00_04.cfa,631,2025-11-26T15:00:38.024Z,sent,f4:db:00:00:00:d9,0x08,ReadByType-Req,,1F 00 FF FF 03 28,6,0x1F
hci_snoop_2025_11_26_15_00_04.cfa,633,2025-11-26T15:00:38.038Z,recv,f4:db:00:00:00:d9,0x09,ReadByType-Rsp,,07 20 00 08 21 00 F5 FF 23 00 10 24 00 F3 FF,15,0x07
hci_snoop_2025_11_26_15_00_04.cfa,634,2025-11-26T15:00:38.038Z,sent,f4:db:00:00:00:d9,0x08,ReadByType-Req,,24 00 FF FF 03 28,6,0x24
hci_snoop_2025_11_26_15_00_04.cfa,636,2025-11-26T15:00:38.052Z,recv,f4:db:00:00:00:d9,0x01,ErrorRsp,,08 24 00 0A,4,0x08
hci_snoop_2025_11_26_15_00_04.cfa,637,2025-11-26T15:00:38.053Z,sent,f4:db:00:00:00:d9,0x04,FindInfo-Req,,22 00 22 00,4,0x22
hci_snoop_2025_11_26_15_00_04.cfa,639,2025-11-26T15:00:38.067Z,recv,f4:db:00:00:00:d9,0x05,FindInfo-Rsp,,01 22 00 01 29,5,0x01
hci_snoop_2025_11_26_15_00_04.cfa,640,2025-11-26T15:00:38.068Z,sent,f4:db:00:00:00:d9,0x04,FindInfo-Req,,25 00 FF FF,4,0x25
hci_snoop_2025_11_26_15_00_04.cfa,642,2025-11-26T15:00:38.082Z,recv,f4:db:00:00:00:d9,0x05,FindInfo-Rsp,,01 25 00 02 29 26 00 01 29,9,0x01
hci_snoop_2025_11_26_15_00_04.cfa,643,2025-11-26T15:00:38.083Z,sent,f4:db:00:00:00:d9,0x04,FindInfo-Req,,27 00 FF FF,4,0x27
hci_snoop_2025_11_26_15_00_04.cfa,645,2025-11-26T15:00:38.097Z,recv,f4:db:00:00:00:d9,0x01,ErrorRsp,,04 27 00 0A,4,0x04
hci_snoop_2025_11_26_15_00_04.cfa,648,2025-11-26T15:00:38.123Z,sent,f4:db:00:00:00:d9,0x12,Write-Req,0x0025,01 00,2,0x01
hci_snoop_2025_11_26_15_00_04.cfa,650,2025-11-26T15:00:38.134Z,recv,f4:db:00:00:00:d9,0x13,Write-Rsp,,,0,
hci_snoop_2025_11_26_15_00_04.cfa,651,2025-11-26T15:00:38.154Z,sent,f4:db:00:00:00:d9,0x12,Write-Req,0x0021,01,1,0x01
hci_snoop_2025_11_26_15_00_04.cfa,653,2025-11-26T15:00:38.164Z,recv,f4:db:00:00:00:d9,0x1B,Notify,0x0024,01 30 06 00 00 00 00 00 00 00 00 00 00 00 00 00 00 00 00 00,20,0x01
hci_snoop_2025_11_26_15_00_04.cfa,654,2025-11-26T15:00:38.171Z,recv,f4:db:00:00:00:d9,0x13,Write-Rsp,,,0,
hci_snoop_2025_11_26_15_00_04.cfa,656,2025-11-26T15:00:38.201Z,sent,f4:db:00:00:00:d9,0x12,Write-Req,0x0021,07 00 00 00 00 03,6,0x07
hci_snoop_2025_11_26_15_00_04.cfa,658,2025-11-26T15:00:38.278Z,recv,f4:db:00:00:00:d9,0x1B,Notify,0x0024,07 00 00 00 00 03 81 01 7B 01 79 01 B4 03 BC 03 CB 03 00 00,20,0x07
hci_snoop_2025_11_26_15_00_04.cfa,659,2025-11-26T15:00:38.368Z,recv,f4:db:00:00:00:d9,0x13,Write-Rsp,,,0,
hci_snoop_2025_11_26_15_00_04.cfa,660,2025-11-26T15:00:38.405Z,sent,f4:db:00:00:00:d9,0x12,Write-Req,0x0021,07 03 00 00 00 03,6,0x07
hci_snoop_2025_11_26_15_00_04.cfa,662,2025-11-26T15:00:38.458Z,recv,f4:db:00:00:00:d9,0x1B,Notify,0x0024,07 03 00 00 00 03 74 01 67 01 5A 01 C0 03 CE 03 EF 03 00 00,20,0x07
hci_snoop_2025_11_26_15_00_04.cfa,663,2025-11-26T15:00:38.548Z,recv,f4:db:00:00:00:d9,0x13,Write-Rsp,,,0,
hci_snoop_2025_11_26_15_00_04.cfa,664,2025-11-26T15:00:38.588Z,sent,f4:db:00:00:00:d9,0x12,Write-Req,0x0021,07 06 00 00 00 03,6,0x07
hci_snoop_2025_11_26_15_00_04.cfa,666,2025-11-26T15:00:38.637Z,recv,f4:db:00:00:00:d9,0x1B,Notify,0x0024,07 06 00 00 00 03 53 01 77 01 5C 01 04 04 BD 03 F4 03 00 00,20,0x07
hci_snoop_2025_11_26_15_00_04.cfa,667,2025-11-26T15:00:38.728Z,recv,f4:db:00:00:00:d9,0x13,Write-Rsp,,,0,
hci_snoop_2025_11_26_15_00_04.cfa,668,2025-11-26T15:00:38.753Z,sent,f4:db:00:00:00:d9,0x12,Write-Req,0x0021,07 09 00 00 00 03,6,0x07
hci_snoop_2025_11_26_15_00_04.cfa,670,2025-11-26T15:00:38.821Z,recv,f4:db:00:00:00:d9,0x1B,Notify,0x0024,07 09 00 00 00 03 62 01 65 01 69 01 F0 03 E9 03 E4 03 00 00,20,0x07
hci_snoop_2025_11_26_15_00_04.cfa,671,2025-11-26T15:00:38.909Z,recv,f4:db:00:00:00:d9,0x13,Write-Rsp,,,0,
hci_snoop_2025_11_26_15_00_04.cfa,672,2025-11-26T15:00:38.935Z,sent,f4:db:00:00:00:d9,0x12,Write-Req,0x0021,07 0C 00 00 00 03,6,0x07
hci_snoop_2025_11_26_15_00_04.cfa,674,2025-11-26T15:00:38.998Z,recv,f4:db:00:00:00:d9,0x1B,Notify,0x0024,07 0C 00 00 00 03 6B 01 6E 01 6F 01 DE 03 D9 03 DC 03 00 00,20,0x07
hci_snoop_2025_11_26_15_00_04.cfa,675,2025-11-26T15:00:39.089Z,recv,f4:db:00:00:00:d9,0x13,Write-Rsp,,,0,
hci_snoop_2025_11_26_15_00_04.cfa,676,2025-11-26T15:00:39.120Z,sent,f4:db:00:00:00:d9,0x12,Write-Req,0x0021,07 0F 00 00 00 03,6,0x07
hci_snoop_2025_11_26_15_00_04.cfa,678,2025-11-26T15:00:39.178Z,recv,f4:db:00:00:00:d9,0x1B,Notify,0x0024,07 0F 00 00 00 03 71 01 72 01 6C 01 D3 03 CF 03 D5 03 00 00,20,0x07
hci_snoop_2025_11_26_15_00_04.cfa,679,2025-11-26T15:00:39.270Z,recv,f4:db:00:00:00:d9,0x13,Write-Rsp,,,0,
hci_snoop_2025_11_26_15_00_04.cfa,680,2025-11-26T15:00:39.302Z,sent,f4:db:00:00:00:d9,0x12,Write-Req,0x0021,07 12 00 00 00 03,6,0x07
hci_snoop_2025_11_26_15_00_04.cfa,682,2025-11-26T15:00:39.357Z,recv,f4:db:00:00:00:d9,0x1B,Notify,0x0024,07 12 00 00 00 03 67 01 63 01 60 01 E1 03 E9 03 F1 03 00 00,20,0x07
hci_snoop_2025_11_26_15_00_04.cfa,683,2025-11-26T15:00:39.448Z,recv,f4:db:00:00:00:d9,0x13,Write-Rsp,,,0,
hci_snoop_2025_11_26_15_00_04.cfa,684,2025-11-26T15:00:39.485Z,sent,f4:db:00:00:00:d9,0x12,Write-Req,0x0021,07 15 00 00 00 03,6,0x07
hci_snoop_2025_11_26_15_00_04.cfa,686,2025-11-26T15:00:39.538Z,recv,f4:db:00:00:00:d9,0x1B,Notify,0x0024,07 15 00 00 00 03 5D 01 5A 01 58 01 F9 03 00 04 06 04 00 00,20,0x07
hci_snoop_2025_11_26_15_00_04.cfa,687,2025-11-26T15:00:39.628Z,recv,f4:db:00:00:00:d9,0x13,Write-Rsp,,,0,
hci_snoop_2025_11_26_15_00_04.cfa,688,2025-11-26T15:00:39.653Z,sent,f4:db:00:00:00:d9,0x12,Write-Req,0x0021,07 18 00 00 00 03,6,0x07
hci_snoop_2025_11_26_15_00_04.cfa,690,2025-11-26T15:00:39.722Z,recv,f4:db:00:00:00:d9,0x1B,Notify,0x0024,07 18 00 00 00 03 56 01 54 01 53 01 0B 04 0E 04 11 04 00 00,20,0x07
hci_snoop_2025_11_26_15_00_04.cfa,691,2025-11-26T15:00:39.808Z,recv,f4:db:00:00:00:d9,0x13,Write-Rsp,,,0,
hci_snoop_2025_11_26_15_00_04.cfa,692,2025-11-26T15:00:39.838Z,sent,f4:db:00:00:00:d9,0x12,Write-Req,0x0021,07 1B 00 00 00 03,6,0x07
hci_snoop_2025_11_26_15_00_04.cfa,694,2025-11-26T15:00:39.898Z,recv,f4:db:00:00:00:d9,0x1B,Notify,0x0024,07 1B 00 00 00 03 52 01 51 01 50 01 13 04 15 04 18 04 00 00,20,0x07
hci_snoop_2025_11_26_15_00_04.cfa,695,2025-11-26T15:00:39.989Z,recv,f4:db:00:00:00:d9,0x13,Write-Rsp,,,0,
hci_snoop_2025_11_26_15_00_04.cfa,696,2025-11-26T15:00:40.020Z,sent,f4:db:00:00:00:d9,0x12,Write-Req,0x0021,07 1E 00 00 00 03,6,0x07
hci_snoop_2025_11_26_15_00_04.cfa,698,2025-11-26T15:00:40.078Z,recv,f4:db:00:00:00:d9,0x1B,Notify,0x0024,07 1E 00 00 00 03 4F 01 4F 01 4E 01 19 04 1B 04 1D 04 00 00,20,0x07
hci_snoop_2025_11_26_15_00_04.cfa,699,2025-11-26T15:00:40.168Z,recv,f4:db:00:00:00:d9,0x13,Write-Rsp,,,0,
hci_snoop_2025_11_26_15_00_04.cfa,700,2025-11-26T15:00:40.204Z,sent,f4:db:00:00:00:d9,0x12,Write-Req,0x0021,07 21 00 00 00 03,6,0x07
hci_snoop_2025_11_26_15_00_04.cfa,702,2025-11-26T15:00:40.258Z,recv,f4:db:00:00:00:d9,0x1B,Notify,0x0024,07 21 00 00 00 03 4D 01 4C 01 4C 01 1F 04 20 04 21 04 00 00,20,0x07
hci_snoop_2025_11_26_15_00_04.cfa,703,2025-11-26T15:00:40.348Z,recv,f4:db:00:00:00:d9,0x13,Write-Rsp,,,0,
hci_snoop_2025_11_26_15_00_04.cfa,704,2025-11-26T15:00:40.372Z,sent,f4:db:00:00:00:d9,0x12,Write-Req,0x0021,07 24 00 00 00 03,6,0x07
hci_snoop_2025_11_26_15_00_04.cfa,706,2025-11-26T15:00:40.438Z,recv,f4:db:00:00:00:d9,0x1B,Notify,0x0024,07 24 00 00 00 03 4B 01 4B 01 4B 01 22 04 24 04 25 04 00 00,20,0x07
hci_snoop_2025_11_26_15_00_04.cfa,707,2025-11-26T15:00:40.528Z,recv,f4:db:00:00:00:d9,0x13,Write-Rsp,,,0,
hci_snoop_2025_11_26_15_00_04.cfa,708,2025-11-26T15:00:40.552Z,sent,f4:db:00:00:00:d9,0x12,Write-Req,0x0021,07 27 00 00 00 03,6,0x07
hci_snoop_2025_11_26_15_00_04.cfa,710,2025-11-26T15:00:40.619Z,recv,f4:db:00:00:00:d9,0x1B,Notify,0x0024,07 27 00 00 00 03 4A 01 49 01 49 01 26 04 27 04 28 04 00 00,20,0x07
hci_snoop_2025_11_26_15_00_04.cfa,711,2025-11-26T15:00:40.709Z,recv,f4:db:00:00:00:d9,0x13,Write-Rsp,,,0,
hci_snoop_2025_11_26_15_00_04.cfa,712,2025-11-26T15:00:40.738Z,sent,f4:db:00:00:00:d9,0x12,Write-Req,0x0021,07 2A 00 00 00 03,6,0x07
hci_snoop_2025_11_26_15_00_04.cfa,714,2025-11-26T15:00:40.798Z,recv,f4:db:00:00:00:d9,0x1B,Notify,0x0024,07 2A 00 00 00 03 49 01 48 01 48 01 28 04 28 04 29 04 00 00,20,0x07
hci_snoop_2025_11_26_15_00_04.cfa,715,2025-11-26T15:00:40.888Z,recv,f4:db:00:00:00:d9,0x13,Write-Rsp,,,0,
hci_snoop_2025_11_26_15_00_04.cfa,716,2025-11-26T15:00:40.920Z,sent,f4:db:00:00:00:d9,0x12,Write-Req,0x0021,07 2D 00 00 00 03,6,0x07
hci_snoop_2025_11_26_15_00_04.cfa,718,2025-11-26T15:00:40.978Z,recv,f4:db:00:00:00:d9,0x1B,Notify,0x0024,07 2D 00 00 00 03 47 01 47 01 47 01 29 04 29 04 2A 04 00 00,20,0x07
hci_snoop_2025_11_26_15_00_04.cfa,719,2025-11-26T15:00:41.068Z,recv,f4:db:00:00:00:d9,0x13,Write-Rsp,,,0,
hci_snoop_2025_11_26_15_00_04.cfa,720,2025-11-26T15:00:41.105Z,sent,f4:db:00:00:00:d9,0x12,Write-Req,0x0021,07 30 00 00 00 03,6,0x07
hci_snoop_2025_11_26_15_00_04.cfa,722,2025-11-26T15:00:41.158Z,recv,f4:db:00:00:00:d9,0x1B,Notify,0x0024,07 30 00 00 00 03 46 01 46 01 46 01 2B 04 2B 04 2C 04 00 00,20,0x07
hci_snoop_2025_11_26_15_00_04.cfa,723,2025-11-26T15:00:41.248Z,recv,f4:db:00:00:00:d9,0x13,Write-Rsp,,,0,
hci_snoop_2025_11_26_15_00_04.cfa,724,2025-11-26T15:00:41.286Z,sent,f4:db:00:00:00:d9,0x12,Write-Req,0x0021,07 33 00 00 00 03,6,0x07
hci_snoop_2025_11_26_15_00_04.cfa,726,2025-11-26T15:00:41.385Z,recv,f4:db:00:00:00:d9,0x1B,Notify,0x0024,07 33 00 00 00 03 46 01 46 01 45 01 2D 04 2D 04 2E 04 00 00,20,0x07
hci_snoop_2025_11_26_15_00_04.cfa,727,2025-11-26T15:00:41.474Z,recv,f4:db:00:00:00:d9,0x13,Write-Rsp,,,0,
hci_snoop_2025_11_26_15_00_04.cfa,728,2025-11-26T15:00:41.502Z,sent,f4:db:00:00:00:d9,0x12,Write-Req,0x0021,07 36 00 00 00 03,6,0x07
hci_snoop_2025_11_26_15_00_04.cfa,730,2025-11-26T15:00:41.563Z,recv,f4:db:00:00:00:d9,0x1B,Notify,0x0024,07 36 00 00 00 03 45 01 45 01 45 01 30 04 31 04 32 04 00 00,20,0x07
hci_snoop_2025_11_26_15_00_04.cfa,731,2025-11-26T15:00:41.654Z,recv,f4:db:00:00:00:d9,0x13,Write-Rsp,,,0,
hci_snoop_2025_11_26_15_00_04.cfa,732,2025-11-26T15:00:41.688Z,sent,f4:db:00:00:00:d9,0x12,Write-Req,0x0021,07 39 00 00 00 03,6,0x07
hci_snoop_2025_11_26_15_00_04.cfa,734,2025-11-26T15:00:41.743Z,recv,f4:db:00:00:00:d9,0x1B,Notify,0x0024,07 39 00 00 00 03 44 01 44 01 45 01 33 04 35 04 3D 04 00 00,20,0x07
hci_snoop_2025_11_26_15_00_04.cfa,735,2025-11-26T15:00:41.833Z,recv,f4:db:00:00:00:d9,0x13,Write-Rsp,,,0,
hci_snoop_2025_11_26_15_00_04.cfa,736,2025-11-26T15:00:41.872Z,sent,f4:db:00:00:00:d9,0x12,Write-Req,0x0021,07 3C 00 00 00 03,6,0x07
hci_snoop_2025_11_26_15_00_04.cfa,738,2025-11-26T15:00:41.927Z,recv,f4:db:00:00:00:d9,0x1B,Notify,0x0024,07 3C 00 00 00 03 44 01 44 01 43 01 3F 04 40 04 41 04 00 00,20,0x07
hci_snoop_2025_11_26_15_00_04.cfa,739,2025-11-26T15:00:42.013Z,recv,f4:db:00:00:00:d9,0x13,Write-Rsp,,,0,
hci_snoop_2025_11_26_15_00_04.cfa,740,2025-11-26T15:00:42.038Z,sent,f4:db:00:00:00:d9,0x12,Write-Req,0x0021,07 3F 00 00 00 03,6,0x07
hci_snoop_2025_11_26_15_00_04.cfa,742,2025-11-26T15:00:42.103Z,recv,f4:db:00:00:00:d9,0x1B,Notify,0x0024,07 3F 00 00 00 03 43 01 43 01 43 01 42 04 44 04 45 04 00 00,20,0x07
hci_snoop_2025_11_26_15_00_04.cfa,743,2025-11-26T15:00:42.193Z,recv,f4:db:00:00:00:d9,0x13,Write-Rsp,,,0,
hci_snoop_2025_11_26_15_00_04.cfa,744,2025-11-26T15:00:42.222Z,sent,f4:db:00:00:00:d9,0x12,Write-Req,0x0021,07 42 00 00 00 03,6,0x07
hci_snoop_2025_11_26_15_00_04.cfa,746,2025-11-26T15:00:42.283Z,recv,f4:db:00:00:00:d9,0x1B,Notify,0x0024,07 42 00 00 00 03 43 01 43 01 43 01 47 04 48 04 4A 04 00 00,20,0x07
hci_snoop_2025_11_26_15_00_04.cfa,747,2025-11-26T15:00:42.373Z,recv,f4:db:00:00:00:d9,0x13,Write-Rsp,,,0,
hci_snoop_2025_11_26_15_00_04.cfa,748,2025-11-26T15:00:42.405Z,sent,f4:db:00:00:00:d9,0x12,Write-Req,0x0021,07 45 00 00 00 03,6,0x07
hci_snoop_2025_11_26_15_00_04.cfa,750,2025-11-26T15:00:42.464Z,recv,f4:db:00:00:00:d9,0x1B,Notify,0x0024,07 45 00 00 00 03 42 01 42 01 42 01 4B 04 4C 04 4C 04 00 00,20,0x07
hci_snoop_2025_11_26_15_00_04.cfa,751,2025-11-26T15:00:42.553Z,recv,f4:db:00:00:00:d9,0x13,Write-Rsp,,,0,
hci_snoop_2025_11_26_15_00_04.cfa,752,2025-11-26T15:00:42.590Z,sent,f4:db:00:00:00:d9,0x12,Write-Req,0x0021,07 48 00 00 00 03,6,0x07
hci_snoop_2025_11_26_15_00_04.cfa,754,2025-11-26T15:00:42.643Z,recv,f4:db:00:00:00:d9,0x1B,Notify,0x0024,07 48 00 00 00 03 42 01 42 01 42 01 4E 04 4F 04 50 04 00 00,20,0x07
hci_snoop_2025_11_26_15_00_04.cfa,755,2025-11-26T15:00:42.734Z,recv,f4:db:00:00:00:d9,0x13,Write-Rsp,,,0,
hci_snoop_2025_11_26_15_00_04.cfa,756,2025-11-26T15:00:42.770Z,sent,f4:db:00:00:00:d9,0x12,Write-Req,0x0021,07 4B 00 00 00 03,6,0x07
hci_snoop_2025_11_26_15_00_04.cfa,758,2025-11-26T15:00:42.827Z,recv,f4:db:00:00:00:d9,0x1B,Notify,0x0024,07 4B 00 00 00 03 42 01 42 01 42 01 52 04 53 04 54 04 00 00,20,0x07
hci_snoop_2025_11_26_15_00_04.cfa,759,2025-11-26T15:00:42.913Z,recv,f4:db:00:00:00:d9,0x13,Write-Rsp,,,0,
hci_snoop_2025_11_26_15_00_04.cfa,760,2025-11-26T15:00:42.937Z,sent,f4:db:00:00:00:d9,0x12,Write-Req,0x0021,07 4E 00 00 00 03,6,0x07
hci_snoop_2025_11_26_15_00_04.cfa,762,2025-11-26T15:00:43.004Z,recv,f4:db:00:00:00:d9,0x1B,Notify,0x0024,07 4E 00 00 00 03 42 01 42 01 41 01 54 04 55 04 56 04 00 00,20,0x07
hci_snoop_2025_11_26_15_00_04.cfa,763,2025-11-26T15:00:43.093Z,recv,f4:db:00:00:00:d9,0x13,Write-Rsp,,,0,
hci_snoop_2025_11_26_15_00_04.cfa,764,2025-11-26T15:00:43.122Z,sent,f4:db:00:00:00:d9,0x12,Write-Req,0x0021,07 51 00 00 00 03,6,0x07
hci_snoop_2025_11_26_15_00_04.cfa,766,2025-11-26T15:00:43.184Z,recv,f4:db:00:00:00:d9,0x1B,Notify,0x0024,07 51 00 00 00 03 42 01 41 01 41 01 57 04 58 04 58 04 00 00,20,0x07
hci_snoop_2025_11_26_15_00_04.cfa,767,2025-11-26T15:00:43.273Z,recv,f4:db:00:00:00:d9,0x13,Write-Rsp,,,0,
hci_snoop_2025_11_26_15_00_04.cfa,772,2025-11-26T15:00:43.304Z,sent,f4:db:00:00:00:d9,0x12,Write-Req,0x0021,07 54 00 00 00 03,6,0x07
hci_snoop_2025_11_26_15_00_04.cfa,774,2025-11-26T15:00:43.364Z,recv,f4:db:00:00:00:d9,0x1B,Notify,0x0024,07 54 00 00 00 03 41 01 41 01 41 01 5A 04 5A 04 5B 04 00 00,20,0x07
hci_snoop_2025_11_26_15_00_04.cfa,775,2025-11-26T15:00:43.453Z,recv,f4:db:00:00:00:d9,0x13,Write-Rsp,,,0,
hci_snoop_2025_11_26_15_00_04.cfa,776,2025-11-26T15:00:43.489Z,sent,f4:db:00:00:00:d9,0x12,Write-Req,0x0021,07 57 00 00 00 03,6,0x07
hci_snoop_2025_11_26_15_00_04.cfa,778,2025-11-26T15:00:43.543Z,recv,f4:db:00:00:00:d9,0x1B,Notify,0x0024,07 57 00 00 00 03 41 01 41 01 41 01 5C 04 5D 04 5E 04 00 00,20,0x07
hci_snoop_2025_11_26_15_00_04.cfa,779,2025-11-26T15:00:43.634Z,recv,f4:db:00:00:00:d9,0x13,Write-Rsp,,,0,
hci_snoop_2025_11_26_15_00_04.cfa,780,2025-11-26T15:00:43.669Z,sent,f4:db:00:00:00:d9,0x12,Write-Req,0x0021,07 5A 00 00 00 03,6,0x07
hci_snoop_2025_11_26_15_00_04.cfa,782,2025-11-26T15:00:43.725Z,recv,f4:db:00:00:00:d9,0x1B,Notify,0x0024,07 5A 00 00 00 03 41 01 41 01 41 01 5F 04 5F 04 5F 04 00 00,20,0x07
hci_snoop_2025_11_26_15_00_04.cfa,784,2025-11-26T15:00:43.812Z,recv,f4:db:00:00:00:d9,0x13,Write-Rsp,,,0,
hci_snoop_2025_11_26_15_00_04.cfa,785,2025-11-26T15:00:43.836Z,sent,f4:db:00:00:00:d9,0x12,Write-Req,0x0021,07 5D 00 00 00 03,6,0x07
hci_snoop_2025_11_26_15_00_04.cfa,787,2025-11-26T15:00:43.993Z,recv,f4:db:00:00:00:d9,0x1B,Notify,0x0024,07 5D 00 00 00 03 41 01 41 01 41 01 60 04 61 04 61 04 00 00,20,0x07
hci_snoop_2025_11_26_15_00_04.cfa,788,2025-11-26T15:00:44.086Z,recv,f4:db:00:00:00:d9,0x13,Write-Rsp,,,0,
hci_snoop_2025_11_26_15_00_04.cfa,789,2025-11-26T15:00:44.121Z,sent,f4:db:00:00:00:d9,0x12,Write-Req,0x0021,07 60 00 00 00 03,6,0x07
hci_snoop_2025_11_26_15_00_04.cfa,791,2025-11-26T15:00:44.263Z,recv,f4:db:00:00:00:d9,0x1B,Notify,0x0024,07 60 00 00 00 03 41 01 41 01 40 01 62 04 62 04 63 04 00 00,20,0x07
hci_snoop_2025_11_26_15_00_04.cfa,792,2025-11-26T15:00:44.353Z,recv,f4:db:00:00:00:d9,0x13,Write-Rsp,,,0,
hci_snoop_2025_11_26_15_00_04.cfa,793,2025-11-26T15:00:44.388Z,sent,f4:db:00:00:00:d9,0x12,Write-Req,0x0021,07 63 00 00 00 03,6,0x07
hci_snoop_2025_11_26_15_00_04.cfa,795,2025-11-26T15:00:44.533Z,recv,f4:db:00:00:00:d9,0x1B,Notify,0x0024,07 63 00 00 00 03 40 01 41 01 40 01 63 04 64 04 65 04 00 00,20,0x07
hci_snoop_2025_11_26_15_00_04.cfa,796,2025-11-26T15:00:44.628Z,recv,f4:db:00:00:00:d9,0x13,Write-Rsp,,,0,
hci_snoop_2025_11_26_15_00_04.cfa,797,2025-11-26T15:00:44.653Z,sent,f4:db:00:00:00:d9,0x12,Write-Req,0x0021,07 66 00 00 00 03,6,0x07
hci_snoop_2025_11_26_15_00_04.cfa,799,2025-11-26T15:00:44.805Z,recv,f4:db:00:00:00:d9,0x1B,Notify,0x0024,07 66 00 00 00 03 40 01 40 01 40 01 65 04 66 04 66 04 00 00,20,0x07
hci_snoop_2025_11_26_15_00_04.cfa,800,2025-11-26T15:00:44.893Z,recv,f4:db:00:00:00:d9,0x13,Write-Rsp,,,0,
hci_snoop_2025_11_26_15_00_04.cfa,801,2025-11-26T15:00:44.922Z,sent,f4:db:00:00:00:d9,0x12,Write-Req,0x0021,07 69 00 00 00 03,6,0x07
hci_snoop_2025_11_26_15_00_04.cfa,803,2025-11-26T15:00:45.163Z,recv,f4:db:00:00:00:d9,0x1B,Notify,0x0024,07 69 00 00 00 03 40 01 40 01 40 01 67 04 67 04 68 04 00 00,20,0x07
hci_snoop_2025_11_26_15_00_04.cfa,804,2025-11-26T15:00:45.253Z,recv,f4:db:00:00:00:d9,0x13,Write-Rsp,,,0,
hci_snoop_2025_11_26_15_00_04.cfa,805,2025-11-26T15:00:45.287Z,sent,f4:db:00:00:00:d9,0x12,Write-Req,0x0021,07 6C 00 00 00 03,6,0x07
hci_snoop_2025_11_26_15_00_04.cfa,807,2025-11-26T15:00:45.434Z,recv,f4:db:00:00:00:d9,0x1B,Notify,0x0024,07 6C 00 00 00 03 40 01 40 01 40 01 68 04 68 04 69 04 00 00,20,0x07
hci_snoop_2025_11_26_15_00_04.cfa,808,2025-11-26T15:00:45.523Z,recv,f4:db:00:00:00:d9,0x13,Write-Rsp,,,0,
hci_snoop_2025_11_26_15_00_04.cfa,809,2025-11-26T15:00:45.554Z,sent,f4:db:00:00:00:d9,0x12,Write-Req,0x0021,07 6F 00 00 00 03,6,0x07
hci_snoop_2025_11_26_15_00_04.cfa,811,2025-11-26T15:00:45.704Z,recv,f4:db:00:00:00:d9,0x1B,Notify,0x0024,07 6F 00 00 00 03 40 01 40 01 40 01 6A 04 69 04 6A 04 00 00,20,0x07
hci_snoop_2025_11_26_15_00_04.cfa,812,2025-11-26T15:00:45.793Z,recv,f4:db:00:00:00:d9,0x13,Write-Rsp,,,0,
hci_snoop_2025_11_26_15_00_04.cfa,813,2025-11-26T15:00:45.820Z,sent,f4:db:00:00:00:d9,0x12,Write-Req,0x0021,07 72 00 00 00 03,6,0x07
hci_snoop_2025_11_26_15_00_04.cfa,815,2025-11-26T15:00:45.974Z,recv,f4:db:00:00:00:d9,0x1B,Notify,0x0024,07 72 00 00 00 03 40 01 40 01 40 01 6B 04 6C 04 6C 04 00 00,20,0x07
hci_snoop_2025_11_26_15_00_04.cfa,816,2025-11-26T15:00:46.064Z,recv,f4:db:00:00:00:d9,0x13,Write-Rsp,,,0,
hci_snoop_2025_11_26_15_00_04.cfa,817,2025-11-26T15:00:46.088Z,sent,f4:db:00:00:00:d9,0x12,Write-Req,0x0021,07 75 00 00 00 03,6,0x07
hci_snoop_2025_11_26_15_00_04.cfa,819,2025-11-26T15:00:46.244Z,recv,f4:db:00:00:00:d9,0x1B,Notify,0x0024,07 75 00 00 00 03 40 01 40 01 40 01 6E 04 6E 04 6F 04 00 00,20,0x07
hci_snoop_2025_11_26_15_00_04.cfa,820,2025-11-26T15:00:46.333Z,recv,f4:db:00:00:00:d9,0x13,Write-Rsp,,,0,
hci_snoop_2025_11_26_15_00_04.cfa,821,2025-11-26T15:00:46.371Z,sent,f4:db:00:00:00:d9,0x12,Write-Req,0x0021,07 78 00 00 00 03,6,0x07
hci_snoop_2025_11_26_15_00_04.cfa,823,2025-11-26T15:00:46.514Z,recv,f4:db:00:00:00:d9,0x1B,Notify,0x0024,07 78 00 00 00 03 40 01 40 01 40 01 6E 04 6F 04 6F 04 00 00,20,0x07
hci_snoop_2025_11_26_15_00_04.cfa,824,2025-11-26T15:00:46.604Z,recv,f4:db:00:00:00:d9,0x13,Write-Rsp,,,0,
hci_snoop_2025_11_26_15_00_04.cfa,825,2025-11-26T15:00:46.636Z,sent,f4:db:00:00:00:d9,0x12,Write-Req,0x0021,07 7B 00 00 00 03,6,0x07
hci_snoop_2025_11_26_15_00_04.cfa,827,2025-11-26T15:00:46.783Z,recv,f4:db:00:00:00:d9,0x1B,Notify,0x0024,07 7B 00 00 00 03 40 01 40 01 3B 01 6F 04 6F 04 F2 03 00 00,20,0x07
hci_snoop_2025_11_26_15_00_04.cfa,828,2025-11-26T15:00:46.878Z,recv,f4:db:00:00:00:d9,0x13,Write-Rsp,,,0,
hci_snoop_2025_11_26_15_00_04.cfa,829,2025-11-26T15:00:46.906Z,sent,f4:db:00:00:00:d9,0x12,Write-Req,0x0021,07 7E 00 00 00 03,6,0x07
hci_snoop_2025_11_26_15_00_04.cfa,831,2025-11-26T15:00:47.055Z,recv,f4:db:00:00:00:d9,0x1B,Notify,0x0024,07 7E 00 00 00 03 3A 01 3B 01 3C 01 0A 04 28 04 2E 04 00 00,20,0x07
hci_snoop_2025_11_26_15_00_04.cfa,832,2025-11-26T15:00:47.233Z,recv,f4:db:00:00:00:d9,0x13,Write-Rsp,,,0,
hci_snoop_2025_11_26_15_00_04.cfa,833,2025-11-26T15:00:47.270Z,sent,f4:db:00:00:00:d9,0x12,Write-Req,0x0021,07 81 00 00 00 03,6,0x07
hci_snoop_2025_11_26_15_00_04.cfa,835,2025-11-26T15:00:47.414Z,recv,f4:db:00:00:00:d9,0x1B,Notify,0x0024,07 81 00 00 00 03 3C 01 3C 01 3D 01 35 04 3B 04 3F 04 00 00,20,0x07
hci_snoop_2025_11_26_15_00_04.cfa,836,2025-11-26T15:00:47.503Z,recv,f4:db:00:00:00:d9,0x13,Write-Rsp,,,0,
hci_snoop_2025_11_26_15_00_04.cfa,837,2025-11-26T15:00:47.539Z,sent,f4:db:00:00:00:d9,0x12,Write-Req,0x0021,07 84 00 00 00 03,6,0x07
hci_snoop_2025_11_26_15_00_04.cfa,839,2025-11-26T15:00:47.684Z,recv,f4:db:00:00:00:d9,0x1B,Notify,0x0024,07 84 00 00 00 03 3F 01 3F 01 39 01 48 04 48 04 62 04 00 00,20,0x07
hci_snoop_2025_11_26_15_00_04.cfa,840,2025-11-26T15:00:47.773Z,recv,f4:db:00:00:00:d9,0x13,Write-Rsp,,,0,
hci_snoop_2025_11_26_15_00_04.cfa,841,2025-11-26T15:00:47.811Z,sent,f4:db:00:00:00:d9,0x12,Write-Req,0x0021,07 87 00 00 00 03,6,0x07
hci_snoop_2025_11_26_15_00_04.cfa,843,2025-11-26T15:00:47.954Z,recv,f4:db:00:00:00:d9,0x1B,Notify,0x0024,07 87 00 00 00 03 36 01 37 01 38 01 76 04 7C 04 80 04 00 00,20,0x07
hci_snoop_2025_11_26_15_00_04.cfa,844,2025-11-26T15:00:48.043Z,recv,f4:db:00:00:00:d9,0x13,Write-Rsp,,,0,
hci_snoop_2025_11_26_15_00_04.cfa,845,2025-11-26T15:00:48.071Z,sent,f4:db:00:00:00:d9,0x12,Write-Req,0x0021,07 8A 00 00 00 03,6,0x07
hci_snoop_2025_11_26_15_00_04.cfa,847,2025-11-26T15:00:48.224Z,recv,f4:db:00:00:00:d9,0x1B,Notify,0x0024,07 8A 00 00 00 03 3A 01 3C 01 3F 01 81 04 85 04 81 04 00 00,20,0x07
hci_snoop_2025_11_26_15_00_04.cfa,848,2025-11-26T15:00:48.314Z,recv,f4:db:00:00:00:d9,0x13,Write-Rsp,,,0,
hci_snoop_2025_11_26_15_00_04.cfa,849,2025-11-26T15:00:48.341Z,sent,f4:db:00:00:00:d9,0x12,Write-Req,0x0021,07 8D 00 00 00 03,6,0x07
hci_snoop_2025_11_26_15_00_04.cfa,851,2025-11-26T15:00:48.492Z,recv,f4:db:00:00:00:d9,0x1B,Notify,0x0024,07 8D 00 00 00 03 40 01 41 01 46 01 7F 04 83 04 7A 04 00 00,20,0x07
hci_snoop_2025_11_26_15_00_04.cfa,852,2025-11-26T15:00:48.582Z,recv,f4:db:00:00:00:d9,0x13,Write-Rsp,,,0,
hci_snoop_2025_11_26_15_00_04.cfa,853,2025-11-26T15:00:48.620Z,sent,f4:db:00:00:00:d9,0x12,Write-Req,0x0021,07 90 00 00 00 03,6,0x07
hci_snoop_2025_11_26_15_00_04.cfa,855,2025-11-26T15:00:48.944Z,recv,f4:db:00:00:00:d9,0x1B,Notify,0x0024,07 90 00 00 00 03 4B 01 4D 01 4D 01 72 04 65 04 5E 04 00 00,20,0x07
hci_snoop_2025_11_26_15_00_04.cfa,856,2025-11-26T15:00:48.945Z,recv,f4:db:00:00:00:d9,0x13,Write-Rsp,,,0,
hci_snoop_2025_11_26_15_00_04.cfa,857,2025-11-26T15:00:48.969Z,sent,f4:db:00:00:00:d9,0x12,Write-Req,0x0021,07 93 00 00 00 03,6,0x07
hci_snoop_2025_11_26_15_00_04.cfa,860,2025-11-26T15:00:49.125Z,recv,f4:db:00:00:00:d9,0x1B,Notify,0x0024,07 93 00 00 00 03 4D 01 4D 01 4C 01 59 04 58 04 58 04 00 00,20,0x07
hci_snoop_2025_11_26_15_00_04.cfa,861,2025-11-26T15:00:49.213Z,recv,f4:db:00:00:00:d9,0x13,Write-Rsp,,,0,
hci_snoop_2025_11_26_15_00_04.cfa,862,2025-11-26T15:00:49.240Z,sent,f4:db:00:00:00:d9,0x12,Write-Req,0x0021,07 96 00 00 00 03,6,0x07
hci_snoop_2025_11_26_15_00_04.cfa,864,2025-11-26T15:00:49.393Z,recv,f4:db:00:00:00:d9,0x1B,Notify,0x0024,07 96 00 00 00 03 4C 01 4C 01 4B 01 57 04 56 04 57 04 00 00,20,0x07
hci_snoop_2025_11_26_15_00_04.cfa,865,2025-11-26T15:00:49.483Z,recv,f4:db:00:00:00:d9,0x13,Write-Rsp,,,0,
hci_snoop_2025_11_26_15_00_04.cfa,866,2025-11-26T15:00:49.505Z,sent,f4:db:00:00:00:d9,0x12,Write-Req,0x0021,07 99 00 00 00 03,6,0x07
hci_snoop_2025_11_26_15_00_04.cfa,868,2025-11-26T15:00:49.664Z,recv,f4:db:00:00:00:d9,0x1B,Notify,0x0024,07 99 00 00 00 03 4A 01 4A 01 49 01 5A 04 5A 04 5B 04 00 00,20,0x07
hci_snoop_2025_11_26_15_00_04.cfa,869,2025-11-26T15:00:49.754Z,recv,f4:db:00:00:00:d9,0x13,Write-Rsp,,,0,
hci_snoop_2025_11_26_15_00_04.cfa,870,2025-11-26T15:00:49.787Z,sent,f4:db:00:00:00:d9,0x12,Write-Req,0x0021,07 9C 00 00 00 03,6,0x07
hci_snoop_2025_11_26_15_00_04.cfa,872,2025-11-26T15:00:49.934Z,recv,f4:db:00:00:00:d9,0x1B,Notify,0x0024,07 9C 00 00 00 03 48 01 48 01 47 01 5C 04 5D 04 5C 04 00 00,20,0x07
hci_snoop_2025_11_26_15_00_04.cfa,873,2025-11-26T15:00:50.022Z,recv,f4:db:00:00:00:d9,0x13,Write-Rsp,,,0,
hci_snoop_2025_11_26_15_00_04.cfa,874,2025-11-26T15:00:50.056Z,sent,f4:db:00:00:00:d9,0x12,Write-Req,0x0021,07 9F 00 00 00 03,6,0x07
hci_snoop_2025_11_26_15_00_04.cfa,876,2025-11-26T15:00:50.204Z,recv,f4:db:00:00:00:d9,0x1B,Notify,0x0024,07 9F 00 00 00 03 47 01 46 01 46 01 5C 04 5C 04 59 04 00 00,20,0x07
hci_snoop_2025_11_26_15_00_04.cfa,877,2025-11-26T15:00:50.293Z,recv,f4:db:00:00:00:d9,0x13,Write-Rsp,,,0,
hci_snoop_2025_11_26_15_00_04.cfa,878,2025-11-26T15:00:50.322Z,sent,f4:db:00:00:00:d9,0x12,Write-Req,0x0021,07 A2 00 00 00 03,6,0x07
hci_snoop_2025_11_26_15_00_04.cfa,880,2025-11-26T15:00:50.473Z,recv,f4:db:00:00:00:d9,0x1B,Notify,0x0024,07 A2 00 00 00 03 45 01 44 01 43 01 4D 04 3F 04 36 04 00 00,20,0x07
hci_snoop_2025_11_26_15_00_04.cfa,881,2025-11-26T15:00:50.564Z,recv,f4:db:00:00:00:d9,0x13,Write-Rsp,,,0,
hci_snoop_2025_11_26_15_00_04.cfa,882,2025-11-26T15:00:50.588Z,sent,f4:db:00:00:00:d9,0x12,Write-Req,0x0021,07 A5 00 00 00 03,6,0x07
hci_snoop_2025_11_26_15_00_04.cfa,884,2025-11-26T15:00:50.746Z,recv,f4:db:00:00:00:d9,0x1B,Notify,0x0024,07 A5 00 00 00 03 43 01 42 01 41 01 2A 04 29 04 23 04 00 00,20,0x07
hci_snoop_2025_11_26_15_00_04.cfa,885,2025-11-26T15:00:50.834Z,recv,f4:db:00:00:00:d9,0x13,Write-Rsp,,,0,
hci_snoop_2025_11_26_15_00_04.cfa,886,2025-11-26T15:00:50.871Z,sent,f4:db:00:00:00:d9,0x12,Write-Req,0x0021,07 A8 00 00 00 03,6,0x07
hci_snoop_2025_11_26_15_00_04.cfa,888,2025-11-26T15:00:51.014Z,recv,f4:db:00:00:00:d9,0x1B,Notify,0x0024,07 A8 00 00 00 03 41 01 40 01 40 01 21 04 18 04 11 04 00 00,20,0x07
hci_snoop_2025_11_26_15_00_04.cfa,889,2025-11-26T15:00:51.104Z,recv,f4:db:00:00:00:d9,0x13,Write-Rsp,,,0,
hci_snoop_2025_11_26_15_00_04.cfa,890,2025-11-26T15:00:51.137Z,sent,f4:db:00:00:00:d9,0x12,Write-Req,0x0021,07 AB 00 00 00 03,6,0x07
hci_snoop_2025_11_26_15_00_04.cfa,892,2025-11-26T15:00:51.284Z,recv,f4:db:00:00:00:d9,0x1B,Notify,0x0024,07 AB 00 00 00 03 3F 01 3F 01 3E 01 0B 04 01 04 F9 03 00 00,20,0x07
hci_snoop_2025_11_26_15_00_04.cfa,893,2025-11-26T15:00:51.373Z,recv,f4:db:00:00:00:d9,0x13,Write-Rsp,,,0,
hci_snoop_2025_11_26_15_00_04.cfa,894,2025-11-26T15:00:51.403Z,sent,f4:db:00:00:00:d9,0x12,Write-Req,0x0021,07 AE 00 00 00 03,6,0x07
hci_snoop_2025_11_26_15_00_04.cfa,896,2025-11-26T15:00:51.554Z,recv,f4:db:00:00:00:d9,0x1B,Notify,0x0024,07 AE 00 00 00 03 3D 01 3D 01 3C 01 F9 03 F0 03 F0 03 00 00,20,0x07
hci_snoop_2025_11_26_15_00_04.cfa,897,2025-11-26T15:00:51.643Z,recv,f4:db:00:00:00:d9,0x13,Write-Rsp,,,0,
hci_snoop_2025_11_26_15_00_04.cfa,898,2025-11-26T15:00:51.670Z,sent,f4:db:00:00:00:d9,0x12,Write-Req,0x0021,07 B1 00 00 00 03,6,0x07
hci_snoop_2025_11_26_15_00_04.cfa,900,2025-11-26T15:00:51.823Z,recv,f4:db:00:00:00:d9,0x1B,Notify,0x0024,07 B1 00 00 00 03 3C 01 3B 01 3B 01 E2 03 D6 03 CF 03 00 00,20,0x07
hci_snoop_2025_11_26_15_00_04.cfa,901,2025-11-26T15:00:51.913Z,recv,f4:db:00:00:00:d9,0x13,Write-Rsp,,,0,
hci_snoop_2025_11_26_15_00_04.cfa,902,2025-11-26T15:00:51.939Z,sent,f4:db:00:00:00:d9,0x12,Write-Req,0x0021,07 B4 00 00 00 03,6,0x07
hci_snoop_2025_11_26_15_00_04.cfa,904,2025-11-26T15:00:52.093Z,recv,f4:db:00:00:00:d9,0x1B,Notify,0x0024,07 B4 00 00 00 03 3A 01 3A 01 3A 01 E4 03 ED 03 F3 03 00 00,20,0x07
hci_snoop_2025_11_26_15_00_04.cfa,905,2025-11-26T15:00:52.183Z,recv,f4:db:00:00:00:d9,0x13,Write-Rsp,,,0,
hci_snoop_2025_11_26_15_00_04.cfa,906,2025-11-26T15:00:52.223Z,sent,f4:db:00:00:00:d9,0x12,Write-Req,0x0021,07 B7 00 00 00 03,6,0x07
hci_snoop_2025_11_26_15_00_04.cfa,908,2025-11-26T15:00:52.363Z,recv,f4:db:00:00:00:d9,0x1B,Notify,0x0024,07 B7 00 00 00 03 3A 01 3A 01 39 01 FA 03 01 04 07 04 00 00,20,0x07
hci_snoop_2025_11_26_15_00_04.cfa,909,2025-11-26T15:00:52.453Z,recv,f4:db:00:00:00:d9,0x13,Write-Rsp,,,0,
hci_snoop_2025_11_26_15_00_04.cfa,910,2025-11-26T15:00:52.487Z,sent,f4:db:00:00:00:d9,0x12,Write-Req,0x0021,07 BA 00 00 00 03,6,0x07
hci_snoop_2025_11_26_15_00_04.cfa,912,2025-11-26T15:00:52.633Z,recv,f4:db:00:00:00:d9,0x1B,Notify,0x0024,07 BA 00 00 00 03 39 01 39 01 39 01 0D 04 11 04 13 04 00 00,20,0x07
hci_snoop_2025_11_26_15_00_04.cfa,913,2025-11-26T15:00:52.725Z,recv,f4:db:00:00:00:d9,0x13,Write-Rsp,,,0,
hci_snoop_2025_11_26_15_00_04.cfa,914,2025-11-26T15:00:52.753Z,sent,f4:db:00:00:00:d9,0x12,Write-Req,0x0021,07 BD 00 00 00 03,6,0x07
hci_snoop_2025_11_26_15_00_04.cfa,916,2025-11-26T15:00:52.905Z,recv,f4:db:00:00:00:d9,0x1B,Notify,0x0024,07 BD 00 00 00 03 39 01 3A 01 39 01 17 04 1D 04 22 04 00 00,20,0x07
hci_snoop_2025_11_26_15_00_04.cfa,917,2025-11-26T15:00:52.993Z,recv,f4:db:00:00:00:d9,0x13,Write-Rsp,,,0,
hci_snoop_2025_11_26_15_00_04.cfa,918,2025-11-26T15:00:53.023Z,sent,f4:db:00:00:00:d9,0x12,Write-Req,0x0021,07 C0 00 00 00 03,6,0x07
hci_snoop_2025_11_26_15_00_04.cfa,920,2025-11-26T15:00:53.173Z,recv,f4:db:00:00:00:d9,0x1B,Notify,0x0024,07 C0 00 00 00 03 3A 01 39 01 3A 01 26 04 2A 04 2D 04 00 00,20,0x07
hci_snoop_2025_11_26_15_00_04.cfa,921,2025-11-26T15:00:53.263Z,recv,f4:db:00:00:00:d9,0x13,Write-Rsp,,,0,
hci_snoop_2025_11_26_15_00_04.cfa,922,2025-11-26T15:00:53.287Z,sent,f4:db:00:00:00:d9,0x12,Write-Req,0x0021,07 C3 00 00 00 03,6,0x07
hci_snoop_2025_11_26_15_00_04.cfa,924,2025-11-26T15:00:53.443Z,recv,f4:db:00:00:00:d9,0x1B,Notify,0x0024,07 C3 00 00 00 03 3A 01 3A 01 3A 01 31 04 34 04 37 04 00 00,20,0x07
hci_snoop_2025_11_26_15_00_04.cfa,925,2025-11-26T15:00:53.533Z,recv,f4:db:00:00:00:d9,0x13,Write-Rsp,,,0,
hci_snoop_2025_11_26_15_00_04.cfa,926,2025-11-26T15:00:53.573Z,sent,f4:db:00:00:00:d9,0x12,Write-Req,0x0021,07 C6 00 00 00 03,6,0x07
hci_snoop_2025_11_26_15_00_04.cfa,928,2025-11-26T15:00:53.713Z,recv,f4:db:00:00:00:d9,0x1B,Notify,0x0024,07 C6 00 00 00 03 3A 01 3A 01 3A 01 3A 04 3D 04 3F 04 00 00,20,0x07
hci_snoop_2025_11_26_15_00_04.cfa,929,2025-11-26T15:00:53.807Z,recv,f4:db:00:00:00:d9,0x13,Write-Rsp,,,0,
hci_snoop_2025_11_26_15_00_04.cfa,930,2025-11-26T15:00:53.837Z,sent,f4:db:00:00:00:d9,0x12,Write-Req,0x0021,07 C9 00 00 00 03,6,0x07
hci_snoop_2025_11_26_15_00_04.cfa,932,2025-11-26T15:00:53.983Z,recv,f4:db:00:00:00:d9,0x1B,Notify,0x0024,07 C9 00 00 00 03 3A 01 3A 01 3A 01 42 04 44 04 47 04 00 00,20,0x07
hci_snoop_2025_11_26_15_00_04.cfa,933,2025-11-26T15:00:54.073Z,recv,f4:db:00:00:00:d9,0x13,Write-Rsp,,,0,
hci_snoop_2025_11_26_15_00_04.cfa,934,2025-11-26T15:00:54.104Z,sent,f4:db:00:00:00:d9,0x12,Write-Req,0x0021,07 CC 00 00 00 03,6,0x07
hci_snoop_2025_11_26_15_00_04.cfa,936,2025-11-26T15:00:54.254Z,recv,f4:db:00:00:00:d9,0x1B,Notify,0x0024,07 CC 00 00 00 03 3A 01 3A 01 3A 01 49 04 4B 04 4D 04 00 00,20,0x07
hci_snoop_2025_11_26_15_00_04.cfa,937,2025-11-26T15:00:54.343Z,recv,f4:db:00:00:00:d9,0x13,Write-Rsp,,,0,
hci_snoop_2025_11_26_15_00_04.cfa,938,2025-11-26T15:00:54.371Z,sent,f4:db:00:00:00:d9,0x12,Write-Req,0x0021,07 CF 00 00 00 03,6,0x07
hci_snoop_2025_11_26_15_00_04.cfa,940,2025-11-26T15:00:54.525Z,recv,f4:db:00:00:00:d9,0x1B,Notify,0x0024,07 CF 00 00 00 03 3A 01 3A 01 3A 01 4E 04 4F 04 51 04 00 00,20,0x07
hci_snoop_2025_11_26_15_00_04.cfa,941,2025-11-26T15:00:54.613Z,recv,f4:db:00:00:00:d9,0x13,Write-Rsp,,,0,
hci_snoop_2025_11_26_15_00_04.cfa,942,2025-11-26T15:00:54.639Z,sent,f4:db:00:00:00:d9,0x12,Write-Req,0x0021,07 D2 00 00 00 03,6,0x07
hci_snoop_2025_11_26_15_00_04.cfa,944,2025-11-26T15:00:54.793Z,recv,f4:db:00:00:00:d9,0x1B,Notify,0x0024,07 D2 00 00 00 03 3B 01 3B 01 3B 01 53 04 55 04 56 04 00 00,20,0x07
hci_snoop_2025_11_26_15_00_04.cfa,945,2025-11-26T15:00:54.883Z,recv,f4:db:00:00:00:d9,0x13,Write-Rsp,,,0,
hci_snoop_2025_11_26_15_00_04.cfa,946,2025-11-26T15:00:54.919Z,sent,f4:db:00:00:00:d9,0x12,Write-Req,0x0021,07 D5 00 00 00 03,6,0x07
hci_snoop_2025_11_26_15_00_04.cfa,948,2025-11-26T15:00:55.063Z,recv,f4:db:00:00:00:d9,0x1B,Notify,0x0024,07 D5 00 00 00 03 3B 01 3B 01 3B 01 57 04 58 04 59 04 00 00,20,0x07
hci_snoop_2025_11_26_15_00_04.cfa,949,2025-11-26T15:00:55.154Z,recv,f4:db:00:00:00:d9,0x13,Write-Rsp,,,0,
hci_snoop_2025_11_26_15_00_04.cfa,950,2025-11-26T15:00:55.188Z,sent,f4:db:00:00:00:d9,0x12,Write-Req,0x0021,07 D8 00 00 00 03,6,0x07
hci_snoop_2025_11_26_15_00_04.cfa,952,2025-11-26T15:00:55.333Z,recv,f4:db:00:00:00:d9,0x1B,Notify,0x0024,07 D8 00 00 00 03 3B 01 3B 01 3B 01 5A 04 5B 04 5C 04 00 00,20,0x07
hci_snoop_2025_11_26_15_00_04.cfa,953,2025-11-26T15:00:55.423Z,recv,f4:db:00:00:00:d9,0x13,Write-Rsp,,,0,
hci_snoop_2025_11_26_15_00_04.cfa,954,2025-11-26T15:00:55.457Z,sent,f4:db:00:00:00:d9,0x12,Write-Req,0x0021,07 DB 00 00 00 03,6,0x07
hci_snoop_2025_11_26_15_00_04.cfa,956,2025-11-26T15:00:55.603Z,recv,f4:db:00:00:00:d9,0x1B,Notify,0x0024,07 DB 00 00 00 03 3B 01 3B 01 3B 01 5D 04 5E 04 5F 04 00 00,20,0x07
hci_snoop_2025_11_26_15_00_04.cfa,957,2025-11-26T15:00:55.695Z,recv,f4:db:00:00:00:d9,0x13,Write-Rsp,,,0,
hci_snoop_2025_11_26_15_00_04.cfa,959,2025-11-26T15:00:55.727Z,sent,f4:db:00:00:00:d9,0x12,Write-Req,0x0021,07 DE 00 00 00 03,6,0x07
hci_snoop_2025_11_26_15_00_04.cfa,961,2025-11-26T15:00:55.874Z,recv,f4:db:00:00:00:d9,0x1B,Notify,0x0024,07 DE 00 00 00 03 3B 01 3B 01 3B 01 60 04 61 04 61 04 00 00,20,0x07
hci_snoop_2025_11_26_15_00_04.cfa,962,2025-11-26T15:00:55.963Z,recv,f4:db:00:00:00:d9,0x13,Write-Rsp,,,0,
hci_snoop_2025_11_26_15_00_04.cfa,963,2025-11-26T15:00:55.987Z,sent,f4:db:00:00:00:d9,0x12,Write-Req,0x0021,07 E1 00 00 00 03,6,0x07
hci_snoop_2025_11_26_15_00_04.cfa,965,2025-11-26T15:00:56.144Z,recv,f4:db:00:00:00:d9,0x1B,Notify,0x0024,07 E1 00 00 00 03 3B 01 3B 01 3B 01 63 04 63 04 64 04 00 00,20,0x07
hci_snoop_2025_11_26_15_00_04.cfa,966,2025-11-26T15:00:56.233Z,recv,f4:db:00:00:00:d9,0x13,Write-Rsp,,,0,
hci_snoop_2025_11_26_15_00_04.cfa,967,2025-11-26T15:00:56.272Z,sent,f4:db:00:00:00:d9,0x12,Write-Req,0x0021,07 E4 00 00 00 03,6,0x07
hci_snoop_2025_11_26_15_00_04.cfa,969,2025-11-26T15:00:56.414Z,recv,f4:db:00:00:00:d9,0x1B,Notify,0x0024,07 E4 00 00 00 03 3B 01 3B 01 3B 01 65 04 66 04 66 04 00 00,20,0x07
hci_snoop_2025_11_26_15_00_04.cfa,970,2025-11-26T15:00:56.503Z,recv,f4:db:00:00:00:d9,0x13,Write-Rsp,,,0,
hci_snoop_2025_11_26_15_00_04.cfa,971,2025-11-26T15:00:56.539Z,sent,f4:db:00:00:00:d9,0x12,Write-Req,0x0021,07 E7 00 00 00 03,6,0x07
hci_snoop_2025_11_26_15_00_04.cfa,973,2025-11-26T15:00:56.683Z,recv,f4:db:00:00:00:d9,0x1B,Notify,0x0024,07 E7 00 00 00 03 3B 01 3B 01 3A 01 67 04 68 04 69 04 00 00,20,0x07
hci_snoop_2025_11_26_15_00_04.cfa,974,2025-11-26T15:00:56.773Z,recv,f4:db:00:00:00:d9,0x13,Write-Rsp,,,0,
hci_snoop_2025_11_26_15_00_04.cfa,975,2025-11-26T15:00:56.807Z,sent,f4:db:00:00:00:d9,0x12,Write-Req,0x0021,07 EA 00 00 00 03,6,0x07
hci_snoop_2025_11_26_15_00_04.cfa,977,2025-11-26T15:00:56.954Z,recv,f4:db:00:00:00:d9,0x1B,Notify,0x0024,07 EA 00 00 00 03 3A 01 3B 01 3A 01 6A 04 6B 04 6A 04 00 00,20,0x07
hci_snoop_2025_11_26_15_00_04.cfa,978,2025-11-26T15:00:57.043Z,recv,f4:db:00:00:00:d9,0x13,Write-Rsp,,,0,
hci_snoop_2025_11_26_15_00_04.cfa,979,2025-11-26T15:00:57.073Z,sent,f4:db:00:00:00:d9,0x12,Write-Req,0x0021,07 ED 00 00 00 03,6,0x07
hci_snoop_2025_11_26_15_00_04.cfa,981,2025-11-26T15:00:57.224Z,recv,f4:db:00:00:00:d9,0x1B,Notify,0x0024,07 ED 00 00 00 03 3A 01 3B 01 3C 01 6A 04 6C 04 6B 04 00 00,20,0x07
hci_snoop_2025_11_26_15_00_04.cfa,982,2025-11-26T15:00:57.313Z,recv,f4:db:00:00:00:d9,0x13,Write-Rsp,,,0,
hci_snoop_2025_11_26_15_00_04.cfa,983,2025-11-26T15:00:57.337Z,sent,f4:db:00:00:00:d9,0x12,Write-Req,0x0021,07 F0 00 00 00 03,6,0x07
hci_snoop_2025_11_26_15_00_04.cfa,985,2025-11-26T15:00:57.493Z,recv,f4:db:00:00:00:d9,0x1B,Notify,0x0024,07 F0 00 00 00 03 3E 01 40 01 41 01 68 04 64 04 5F 04 00 00,20,0x07
hci_snoop_2025_11_26_15_00_04.cfa,986,2025-11-26T15:00:57.583Z,recv,f4:db:00:00:00:d9,0x13,Write-Rsp,,,0,
hci_snoop_2025_11_26_15_00_04.cfa,987,2025-11-26T15:00:57.624Z,sent,f4:db:00:00:00:d9,0x12,Write-Req,0x0021,07 F3 00 00 00 03,6,0x07
hci_snoop_2025_11_26_15_00_04.cfa,989,2025-11-26T15:00:57.765Z,recv,f4:db:00:00:00:d9,0x1B,Notify,0x0024,07 F3 00 00 00 03 43 01 44 01 45 01 5C 04 58 04 56 04 00 00,20,0x07
hci_snoop_2025_11_26_15_00_04.cfa,990,2025-11-26T15:00:57.853Z,recv,f4:db:00:00:00:d9,0x13,Write-Rsp,,,0,
hci_snoop_2025_11_26_15_00_04.cfa,991,2025-11-26T15:00:57.891Z,sent,f4:db:00:00:00:d9,0x12,Write-Req,0x0021,07 F6 00 00 00 03,6,0x07
hci_snoop_2025_11_26_15_00_04.cfa,993,2025-11-26T15:00:58.034Z,recv,f4:db:00:00:00:d9,0x1B,Notify,0x0024,07 F6 00 00 00 03 47 01 48 01 4A 01 56 04 53 04 4D 04 00 00,20,0x07
hci_snoop_2025_11_26_15_00_04.cfa,994,2025-11-26T15:00:58.124Z,recv,f4:db:00:00:00:d9,0x13,Write-Rsp,,,0,
hci_snoop_2025_11_26_15_00_04.cfa,995,2025-11-26T15:00:58.155Z,sent,f4:db:00:00:00:d9,0x12,Write-Req,0x0021,07 F9 00 00 00 03,6,0x07
hci_snoop_2025_11_26_15_00_04.cfa,997,2025-11-26T15:00:58.304Z,recv,f4:db:00:00:00:d9,0x1B,Notify,0x0024,07 F9 00 00 00 03 4C 01 51 01 4F 01 48 04 3D 04 41 04 00 00,20,0x07
hci_snoop_2025_11_26_15_00_04.cfa,998,2025-11-26T15:00:58.393Z,recv,f4:db:00:00:00:d9,0x13,Write-Rsp,,,0,
hci_snoop_2025_11_26_15_00_04.cfa,999,2025-11-26T15:00:58.423Z,sent,f4:db:00:00:00:d9,0x12,Write-Req,0x0021,07 FC 00 00 00 03,6,0x07
hci_snoop_2025_11_26_15_00_04.cfa,1001,2025-11-26T15:00:58.574Z,recv,f4:db:00:00:00:d9,0x1B,Notify,0x0024,07 FC 00 00 00 03 4F 01 4F 01 4F 01 41 04 3F 04 3F 04 00 00,20,0x07
hci_snoop_2025_11_26_15_00_04.cfa,1002,2025-11-26T15:00:58.663Z,recv,f4:db:00:00:00:d9,0x13,Write-Rsp,,,0,
hci_snoop_2025_11_26_15_00_04.cfa,1003,2025-11-26T15:00:58.690Z,sent,f4:db:00:00:00:d9,0x12,Write-Req,0x0021,07 FF 00 00 00 03,6,0x07
hci_snoop_2025_11_26_15_00_04.cfa,1005,2025-11-26T15:00:58.843Z,recv,f4:db:00:00:00:d9,0x1B,Notify,0x0024,07 FF 00 00 00 03 50 01 50 01 50 01 3F 04 3D 04 3C 04 00 00,20,0x07
hci_snoop_2025_11_26_15_00_04.cfa,1006,2025-11-26T15:00:58.933Z,recv,f4:db:00:00:00:d9,0x13,Write-Rsp,,,0,
hci_snoop_2025_11_26_15_00_04.cfa,1007,2025-11-26T15:00:58.970Z,sent,f4:db:00:00:00:d9,0x12,Write-Req,0x0021,07 02 01 00 00 03,6,0x07
hci_snoop_2025_11_26_15_00_04.cfa,1009,2025-11-26T15:00:59.114Z,recv,f4:db:00:00:00:d9,0x1B,Notify,0x0024,07 02 01 00 00 03 51 01 52 01 53 01 3C 04 3F 04 37 04 00 00,20,0x07
hci_snoop_2025_11_26_15_00_04.cfa,1010,2025-11-26T15:00:59.203Z,recv,f4:db:00:00:00:d9,0x13,Write-Rsp,,,0,
hci_snoop_2025_11_26_15_00_04.cfa,1011,2025-11-26T15:00:59.236Z,sent,f4:db:00:00:00:d9,0x12,Write-Req,0x0021,07 05 01 00 00 03,6,0x07
hci_snoop_2025_11_26_15_00_04.cfa,1013,2025-11-26T15:00:59.383Z,recv,f4:db:00:00:00:d9,0x1B,Notify,0x0024,07 05 01 00 00 03 54 01 54 01 55 01 36 04 31 04 31 04 00 00,20,0x07
hci_snoop_2025_11_26_15_00_04.cfa,1014,2025-11-26T15:00:59.472Z,recv,f4:db:00:00:00:d9,0x13,Write-Rsp,,,0,
hci_snoop_2025_11_26_15_00_04.cfa,1015,2025-11-26T15:00:59.504Z,sent,f4:db:00:00:00:d9,0x12,Write-Req,0x0021,07 08 01 00 00 03,6,0x07
hci_snoop_2025_11_26_15_00_04.cfa,1017,2025-11-26T15:00:59.653Z,recv,f4:db:00:00:00:d9,0x1B,Notify,0x0024,07 08 01 00 00 03 55 01 4A 01 4E 01 2F 04 65 03 A9 03 00 00,20,0x07
hci_snoop_2025_11_26_15_00_04.cfa,1018,2025-11-26T15:00:59.742Z,recv,f4:db:00:00:00:d9,0x13,Write-Rsp,,,0,
hci_snoop_2025_11_26_15_00_04.cfa,1019,2025-11-26T15:00:59.771Z,sent,f4:db:00:00:00:d9,0x12,Write-Req,0x0021,07 0B 01 00 00 03,6,0x07
hci_snoop_2025_11_26_15_00_04.cfa,1021,2025-11-26T15:00:59.923Z,recv,f4:db:00:00:00:d9,0x1B,Notify,0x0024,07 0B 01 00 00 03 51 01 53 01 55 01 B9 03 C2 03 CF 03 00 00,20,0x07
hci_snoop_2025_11_26_15_00_04.cfa,1022,2025-11-26T15:01:00.013Z,recv,f4:db:00:00:00:d9,0x13,Write-Rsp,,,0,
hci_snoop_2025_11_26_15_00_04.cfa,1023,2025-11-26T15:01:00.036Z,sent,f4:db:00:00:00:d9,0x12,Write-Req,0x0021,07 0E 01 00 00 03,6,0x07
hci_snoop_2025_11_26_15_00_04.cfa,1025,2025-11-26T15:01:00.193Z,recv,f4:db:00:00:00:d9,0x1B,Notify,0x0024,07 0E 01 00 00 03 54 01 52 01 52 01 D3 03 D9 03 E3 03 00 00,20,0x07
hci_snoop_2025_11_26_15_00_04.cfa,1026,2025-11-26T15:01:00.283Z,recv,f4:db:00:00:00:d9,0x13,Write-Rsp,,,0,
hci_snoop_2025_11_26_15_00_04.cfa,1027,2025-11-26T15:01:00.321Z,sent,f4:db:00:00:00:d9,0x12,Write-Req,0x0021,07 11 01 00 00 03,6,0x07
hci_snoop_2025_11_26_15_00_04.cfa,1029,2025-11-26T15:01:00.463Z,recv,f4:db:00:00:00:d9,0x1B,Notify,0x0024,07 11 01 00 00 03 52 01 50 01 50 01 E6 03 EC 03 F0 03 00 00,20,0x07
hci_snoop_2025_11_26_15_00_04.cfa,1030,2025-11-26T15:01:00.553Z,recv,f4:db:00:00:00:d9,0x13,Write-Rsp,,,0,
hci_snoop_2025_11_26_15_00_04.cfa,1031,2025-11-26T15:01:00.587Z,sent,f4:db:00:00:00:d9,0x12,Write-Req,0x0021,07 14 01 00 00 03,6,0x07
hci_snoop_2025_11_26_15_00_04.cfa,1033,2025-11-26T15:01:00.733Z,recv,f4:db:00:00:00:d9,0x1B,Notify,0x0024,07 14 01 00 00 03 4F 01 51 01 53 01 F6 03 F5 03 F6 03 00 00,20,0x07
hci_snoop_2025_11_26_15_00_04.cfa,1034,2025-11-26T15:01:00.822Z,recv,f4:db:00:00:00:d9,0x13,Write-Rsp,,,0,
hci_snoop_2025_11_26_15_00_04.cfa,1035,2025-11-26T15:01:00.855Z,sent,f4:db:00:00:00:d9,0x12,Write-Req,0x0021,07 17 01 00 00 03,6,0x07
hci_snoop_2025_11_26_15_00_04.cfa,1037,2025-11-26T15:01:01.003Z,recv,f4:db:00:00:00:d9,0x1B,Notify,0x0024,07 17 01 00 00 03 54 01 56 01 57 01 F3 03 ED 03 ED 03 00 00,20,0x07
hci_snoop_2025_11_26_15_00_04.cfa,1038,2025-11-26T15:01:01.092Z,recv,f4:db:00:00:00:d9,0x13,Write-Rsp,,,0,
hci_snoop_2025_11_26_15_00_04.cfa,1039,2025-11-26T15:01:01.122Z,sent,f4:db:00:00:00:d9,0x12,Write-Req,0x0021,07 1A 01 00 00 03,6,0x07
hci_snoop_2025_11_26_15_00_04.cfa,1041,2025-11-26T15:01:01.273Z,recv,f4:db:00:00:00:d9,0x1B,Notify,0x0024,07 1A 01 00 00 03 58 01 59 01 57 01 EB 03 E8 03 EE 03 00 00,20,0x07
hci_snoop_2025_11_26_15_00_04.cfa,1042,2025-11-26T15:01:01.362Z,recv,f4:db:00:00:00:d9,0x13,Write-Rsp,,,0,
hci_snoop_2025_11_26_15_00_04.cfa,1043,2025-11-26T15:01:01.388Z,sent,f4:db:00:00:00:d9,0x12,Write-Req,0x0021,07 1D 01 00 00 03,6,0x07
hci_snoop_2025_11_26_15_00_04.cfa,1045,2025-11-26T15:01:01.544Z,recv,f4:db:00:00:00:d9,0x1B,Notify,0x0024,07 1D 01 00 00 03 5A 01 5C 01 5C 01 E6 03 DC 03 D9 03 00 00,20,0x07
hci_snoop_2025_11_26_15_00_04.cfa,1046,2025-11-26T15:01:01.633Z,recv,f4:db:00:00:00:d9,0x13,Write-Rsp,,,0,
hci_snoop_2025_11_26_15_00_04.cfa,1047,2025-11-26T15:01:01.673Z,sent,f4:db:00:00:00:d9,0x12,Write-Req,0x0021,07 20 01 00 00 03,6,0x07
hci_snoop_2025_11_26_15_00_04.cfa,1049,2025-11-26T15:01:01.813Z,recv,f4:db:00:00:00:d9,0x1B,Notify,0x0024,07 20 01 00 00 03 5C 01 5B 01 59 01 DC 03 DB 03 DF 03 00 00,20,0x07
hci_snoop_2025_11_26_15_00_04.cfa,1050,2025-11-26T15:01:01.903Z,recv,f4:db:00:00:00:d9,0x13,Write-Rsp,,,0,
hci_snoop_2025_11_26_15_00_04.cfa,1051,2025-11-26T15:01:01.937Z,sent,f4:db:00:00:00:d9,0x12,Write-Req,0x0021,07 23 01 00 00 03,6,0x07
hci_snoop_2025_11_26_15_00_04.cfa,1053,2025-11-26T15:01:02.083Z,recv,f4:db:00:00:00:d9,0x1B,Notify,0x0024,07 23 01 00 00 03 59 01 59 01 59 01 E1 03 E2 03 E0 03 00 00,20,0x07
hci_snoop_2025_11_26_15_00_04.cfa,1054,2025-11-26T15:01:02.172Z,recv,f4:db:00:00:00:d9,0x13,Write-Rsp,,,0,
hci_snoop_2025_11_26_15_00_04.cfa,1055,2025-11-26T15:01:02.205Z,sent,f4:db:00:00:00:d9,0x12,Write-Req,0x0021,07 26 01 00 00 03,6,0x07
hci_snoop_2025_11_26_15_00_04.cfa,1058,2025-11-26T15:01:02.354Z,recv,f4:db:00:00:00:d9,0x1B,Notify,0x0024,07 26 01 00 00 03 59 01 58 01 57 01 E0 03 E7 03 E8 03 00 00,20,0x07
hci_snoop_2025_11_26_15_00_04.cfa,1059,2025-11-26T15:01:02.443Z,recv,f4:db:00:00:00:d9,0x13,Write-Rsp,,,0,
hci_snoop_2025_11_26_15_00_04.cfa,1060,2025-11-26T15:01:02.470Z,sent,f4:db:00:00:00:d9,0x12,Write-Req,0x0021,07 29 01 00 00 03,6,0x07
hci_snoop_2025_11_26_15_00_04.cfa,1062,2025-11-26T15:01:02.624Z,recv,f4:db:00:00:00:d9,0x1B,Notify,0x0024,07 29 01 00 00 03 54 01 51 01 4E 01 EF 03 F7 03 FF 03 00 00,20,0x07
hci_snoop_2025_11_26_15_00_04.cfa,1063,2025-11-26T15:01:02.713Z,recv,f4:db:00:00:00:d9,0x13,Write-Rsp,,,0,
hci_snoop_2025_11_26_15_00_04.cfa,1064,2025-11-26T15:01:02.738Z,sent,f4:db:00:00:00:d9,0x12,Write-Req,0x0021,07 2C 01 00 00 03,6,0x07
hci_snoop_2025_11_26_15_00_04.cfa,1066,2025-11-26T15:01:02.893Z,recv,f4:db:00:00:00:d9,0x1B,Notify,0x0024,07 2C 01 00 00 03 4C 01 4A 01 48 01 04 04 0A 04 0E 04 00 00,20,0x07
hci_snoop_2025_11_26_15_00_04.cfa,1067,2025-11-26T15:01:02.983Z,recv,f4:db:00:00:00:d9,0x13,Write-Rsp,,,0,
hci_snoop_2025_11_26_15_00_04.cfa,1068,2025-11-26T15:01:03.024Z,sent,f4:db:00:00:00:d9,0x12,Write-Req,0x0021,07 2F 01 00 00 03,6,0x07
hci_snoop_2025_11_26_15_00_04.cfa,1070,2025-11-26T15:01:03.163Z,recv,f4:db:00:00:00:d9,0x1B,Notify,0x0024,07 2F 01 00 00 03 46 01 45 01 44 01 12 04 16 04 1A 04 00 00,20,0x07
hci_snoop_2025_11_26_15_00_04.cfa,1071,2025-11-26T15:01:03.253Z,recv,f4:db:00:00:00:d9,0x13,Write-Rsp,,,0,
hci_snoop_2025_11_26_15_00_04.cfa,1072,2025-11-26T15:01:03.287Z,sent,f4:db:00:00:00:d9,0x12,Write-Req,0x0021,07 32 01 00 00 03,6,0x07
hci_snoop_2025_11_26_15_00_04.cfa,1074,2025-11-26T15:01:03.433Z,recv,f4:db:00:00:00:d9,0x1B,Notify,0x0024,07 32 01 00 00 03 42 01 42 01 41 01 1D 04 20 04 21 04 00 00,20,0x07
hci_snoop_2025_11_26_15_00_04.cfa,1075,2025-11-26T15:01:03.527Z,recv,f4:db:00:00:00:d9,0x13,Write-Rsp,,,0,
hci_snoop_2025_11_26_15_00_04.cfa,1076,2025-11-26T15:01:03.554Z,sent,f4:db:00:00:00:d9,0x12,Write-Req,0x0021,07 35 01 00 00 03,6,0x07
hci_snoop_2025_11_26_15_00_04.cfa,1078,2025-11-26T15:01:03.794Z,recv,f4:db:00:00:00:d9,0x1B,Notify,0x0024,07 35 01 00 00 03 40 01 3F 01 3F 01 23 04 24 04 27 04 00 00,20,0x07
hci_snoop_2025_11_26_15_00_04.cfa,1079,2025-11-26T15:01:03.882Z,recv,f4:db:00:00:00:d9,0x13,Write-Rsp,,,0,
hci_snoop_2025_11_26_15_00_04.cfa,1080,2025-11-26T15:01:03.903Z,sent,f4:db:00:00:00:d9,0x12,Write-Req,0x0021,07 38 01 00 00 03,6,0x07
hci_snoop_2025_11_26_15_00_04.cfa,1082,2025-11-26T15:01:04.063Z,recv,f4:db:00:00:00:d9,0x1B,Notify,0x0024,07 38 01 00 00 03 3E 01 3D 01 3D 01 2A 04 2B 04 2E 04 00 00,20,0x07
hci_snoop_2025_11_26_15_00_04.cfa,1083,2025-11-26T15:01:04.154Z,recv,f4:db:00:00:00:d9,0x13,Write-Rsp,,,0,
hci_snoop_2025_11_26_15_00_04.cfa,1084,2025-11-26T15:01:04.186Z,sent,f4:db:00:00:00:d9,0x12,Write-Req,0x0021,07 3B 01 00 00 03,6,0x07
hci_snoop_2025_11_26_15_00_04.cfa,1086,2025-11-26T15:01:04.333Z,recv,f4:db:00:00:00:d9,0x1B,Notify,0x0024,07 3B 01 00 00 03 3D 01 42 01 46 01 31 04 2C 04 24 04 00 00,20,0x07
hci_snoop_2025_11_26_15_00_04.cfa,1087,2025-11-26T15:01:04.423Z,recv,f4:db:00:00:00:d9,0x13,Write-Rsp,,,0,
hci_snoop_2025_11_26_15_00_04.cfa,1088,2025-11-26T15:01:04.453Z,sent,f4:db:00:00:00:d9,0x12,Write-Req,0x0021,07 3E 01 00 00 03,6,0x07
hci_snoop_2025_11_26_15_00_04.cfa,1090,2025-11-26T15:01:04.603Z,recv,f4:db:00:00:00:d9,0x1B,Notify,0x0024,07 3E 01 00 00 03 45 01 45 01 45 01 23 04 23 04 21 04 00 00,20,0x07
hci_snoop_2025_11_26_15_00_04.cfa,1091,2025-11-26T15:01:04.693Z,recv,f4:db:00:00:00:d9,0x13,Write-Rsp,,,0,
hci_snoop_2025_11_26_15_00_04.cfa,1092,2025-11-26T15:01:04.722Z,sent,f4:db:00:00:00:d9,0x12,Write-Req,0x0021,07 41 01 00 00 03,6,0x07
hci_snoop_2025_11_26_15_00_04.cfa,1094,2025-11-26T15:01:04.873Z,recv,f4:db:00:00:00:d9,0x1B,Notify,0x0024,07 41 01 00 00 03 46 01 56 01 54 01 1E 04 02 04 00 04 00 00,20,0x07
hci_snoop_2025_11_26_15_00_04.cfa,1095,2025-11-26T15:01:04.963Z,recv,f4:db:00:00:00:d9,0x13,Write-Rsp,,,0,
hci_snoop_2025_11_26_15_00_04.cfa,1096,2025-11-26T15:01:04.987Z,sent,f4:db:00:00:00:d9,0x12,Write-Req,0x0021,07 44 01 00 00 03,6,0x07
hci_snoop_2025_11_26_15_00_04.cfa,1098,2025-11-26T15:01:05.144Z,recv,f4:db:00:00:00:d9,0x1B,Notify,0x0024,07 44 01 00 00 03 53 01 50 01 4C 01 01 04 03 04 0D 04 00 00,20,0x07
hci_snoop_2025_11_26_15_00_04.cfa,1099,2025-11-26T15:01:05.233Z,recv,f4:db:00:00:00:d9,0x13,Write-Rsp,,,0,
hci_snoop_2025_11_26_15_00_04.cfa,1100,2025-11-26T15:01:05.255Z,sent,f4:db:00:00:00:d9,0x12,Write-Req,0x0021,07 47 01 00 00 03,6,0x07
hci_snoop_2025_11_26_15_00_04.cfa,1102,2025-11-26T15:01:05.413Z,recv,f4:db:00:00:00:d9,0x1B,Notify,0x0024,07 47 01 00 00 03 4A 01 48 01 46 01 12 04 16 04 19 04 00 00,20,0x07
hci_snoop_2025_11_26_15_00_04.cfa,1103,2025-11-26T15:01:05.504Z,recv,f4:db:00:00:00:d9,0x13,Write-Rsp,,,0,
hci_snoop_2025_11_26_15_00_04.cfa,1104,2025-11-26T15:01:05.537Z,sent,f4:db:00:00:00:d9,0x12,Write-Req,0x0021,07 4A 01 00 00 03,6,0x07
hci_snoop_2025_11_26_15_00_04.cfa,1106,2025-11-26T15:01:05.683Z,recv,f4:db:00:00:00:d9,0x1B,Notify,0x0024,07 4A 01 00 00 03 45 01 43 01 42 01 1D 04 20 04 23 04 00 00,20,0x07
hci_snoop_2025_11_26_15_00_04.cfa,1107,2025-11-26T15:01:05.772Z,recv,f4:db:00:00:00:d9,0x13,Write-Rsp,,,0,
hci_snoop_2025_11_26_15_00_04.cfa,1108,2025-11-26T15:01:05.804Z,sent,f4:db:00:00:00:d9,0x12,Write-Req,0x0021,07 4D 01 00 00 03,6,0x07
hci_snoop_2025_11_26_15_00_04.cfa,1110,2025-11-26T15:01:05.954Z,recv,f4:db:00:00:00:d9,0x1B,Notify,0x0024,07 4D 01 00 00 03 41 01 40 01 3F 01 26 04 29 04 2C 04 00 00,20,0x07
hci_snoop_2025_11_26_15_00_04.cfa,1111,2025-11-26T15:01:06.043Z,recv,f4:db:00:00:00:d9,0x13,Write-Rsp,,,0,
hci_snoop_2025_11_26_15_00_04.cfa,1112,2025-11-26T15:01:06.070Z,sent,f4:db:00:00:00:d9,0x12,Write-Req,0x0021,07 50 01 00 00 03,6,0x07
hci_snoop_2025_11_26_15_00_04.cfa,1114,2025-11-26T15:01:06.224Z,recv,f4:db:00:00:00:d9,0x1B,Notify,0x0024,07 50 01 00 00 03 3D 01 3D 01 3C 01 2F 04 32 04 34 04 00 00,20,0x07
hci_snoop_2025_11_26_15_00_04.cfa,1115,2025-11-26T15:01:06.313Z,recv,f4:db:00:00:00:d9,0x13,Write-Rsp,,,0,
hci_snoop_2025_11_26_15_00_04.cfa,1116,2025-11-26T15:01:06.340Z,sent,f4:db:00:00:00:d9,0x12,Write-Req,0x0021,07 53 01 00 00 03,6,0x07
hci_snoop_2025_11_26_15_00_04.cfa,1118,2025-11-26T15:01:06.493Z,recv,f4:db:00:00:00:d9,0x1B,Notify,0x0024,07 53 01 00 00 03 3C 01 3B 01 3A 01 37 04 3A 04 3D 04 00 00,20,0x07
hci_snoop_2025_11_26_15_00_04.cfa,1119,2025-11-26T15:01:06.583Z,recv,f4:db:00:00:00:d9,0x13,Write-Rsp,,,0,
hci_snoop_2025_11_26_15_00_04.cfa,1120,2025-11-26T15:01:06.623Z,sent,f4:db:00:00:00:d9,0x12,Write-Req,0x0021,07 56 01 00 00 03,6,0x07
hci_snoop_2025_11_26_15_00_04.cfa,1122,2025-11-26T15:01:06.763Z,recv,f4:db:00:00:00:d9,0x1B,Notify,0x0024,07 56 01 00 00 03 3A 01 39 01 39 01 40 04 42 04 44 04 00 00,20,0x07
hci_snoop_2025_11_26_15_00_04.cfa,1123,2025-11-26T15:01:06.854Z,recv,f4:db:00:00:00:d9,0x13,Write-Rsp,,,0,
hci_snoop_2025_11_26_15_00_04.cfa,1124,2025-11-26T15:01:06.888Z,sent,f4:db:00:00:00:d9,0x12,Write-Req,0x0021,07 59 01 00 00 03,6,0x07
hci_snoop_2025_11_26_15_00_04.cfa,1126,2025-11-26T15:01:07.033Z,recv,f4:db:00:00:00:d9,0x1B,Notify,0x0024,07 59 01 00 00 03 39 01 38 01 38 01 46 04 48 04 49 04 00 00,20,0x07
hci_snoop_2025_11_26_15_00_04.cfa,1127,2025-11-26T15:01:07.124Z,recv,f4:db:00:00:00:d9,0x13,Write-Rsp,,,0,
hci_snoop_2025_11_26_15_00_04.cfa,1128,2025-11-26T15:01:07.158Z,sent,f4:db:00:00:00:d9,0x12,Write-Req,0x0021,07 5C 01 00 00 03,6,0x07
hci_snoop_2025_11_26_15_00_04.cfa,1130,2025-11-26T15:01:07.304Z,recv,f4:db:00:00:00:d9,0x1B,Notify,0x0024,07 5C 01 00 00 03 37 01 37 01 37 01 4A 04 4B 04 4B 04 00 00,20,0x07
hci_snoop_2025_11_26_15_00_04.cfa,1131,2025-11-26T15:01:07.392Z,recv,f4:db:00:00:00:d9,0x13,Write-Rsp,,,0,
hci_snoop_2025_11_26_15_00_04.cfa,1132,2025-11-26T15:01:07.422Z,sent,f4:db:00:00:00:d9,0x12,Write-Req,0x0021,07 5F 01 00 00 03,6,0x07
hci_snoop_2025_11_26_15_00_04.cfa,1134,2025-11-26T15:01:07.575Z,recv,f4:db:00:00:00:d9,0x1B,Notify,0x0024,07 5F 01 00 00 03 37 01 36 01 36 01 4C 04 4D 04 4E 04 00 00,20,0x07
hci_snoop_2025_11_26_15_00_04.cfa,1135,2025-11-26T15:01:07.663Z,recv,f4:db:00:00:00:d9,0x13,Write-Rsp,,,0,
hci_snoop_2025_11_26_15_00_04.cfa,1136,2025-11-26T15:01:07.687Z,sent,f4:db:00:00:00:d9,0x12,Write-Req,0x0021,07 62 01 00 00 03,6,0x07
hci_snoop_2025_11_26_15_00_04.cfa,1138,2025-11-26T15:01:07.843Z,recv,f4:db:00:00:00:d9,0x1B,Notify,0x0024,07 62 01 00 00 03 36 01 36 01 35 01 4F 04 50 04 51 04 00 00,20,0x07
hci_snoop_2025_11_26_15_00_04.cfa,1139,2025-11-26T15:01:07.933Z,recv,f4:db:00:00:00:d9,0x13,Write-Rsp,,,0,
hci_snoop_2025_11_26_15_00_04.cfa,1140,2025-11-26T15:01:07.956Z,sent,f4:db:00:00:00:d9,0x12,Write-Req,0x0021,07 65 01 00 00 03,6,0x07
hci_snoop_2025_11_26_15_00_04.cfa,1142,2025-11-26T15:01:08.113Z,recv,f4:db:00:00:00:d9,0x1B,Notify,0x0024,07 65 01 00 00 03 35 01 35 01 35 01 53 04 55 04 55 04 00 00,20,0x07
hci_snoop_2025_11_26_15_00_04.cfa,1143,2025-11-26T15:01:08.203Z,recv,f4:db:00:00:00:d9,0x13,Write-Rsp,,,0,
hci_snoop_2025_11_26_15_00_04.cfa,1144,2025-11-26T15:01:08.238Z,sent,f4:db:00:00:00:d9,0x12,Write-Req,0x0021,07 68 01 00 00 03,6,0x07
hci_snoop_2025_11_26_15_00_04.cfa,1146,2025-11-26T15:01:08.383Z,recv,f4:db:00:00:00:d9,0x1B,Notify,0x0024,07 68 01 00 00 03 34 01 34 01 34 01 55 04 57 04 58 04 00 00,20,0x07
hci_snoop_2025_11_26_15_00_04.cfa,1147,2025-11-26T15:01:08.473Z,recv,f4:db:00:00:00:d9,0x13,Write-Rsp,,,0,
hci_snoop_2025_11_26_15_00_04.cfa,1148,2025-11-26T15:01:08.505Z,sent,f4:db:00:00:00:d9,0x12,Write-Req,0x0021,07 6B 01 00 00 03,6,0x07
hci_snoop_2025_11_26_15_00_04.cfa,1150,2025-11-26T15:01:08.653Z,recv,f4:db:00:00:00:d9,0x1B,Notify,0x0024,07 6B 01 00 00 03 34 01 34 01 33 01 59 04 5A 04 5A 04 00 00,20,0x07
hci_snoop_2025_11_26_15_00_04.cfa,1151,2025-11-26T15:01:08.744Z,recv,f4:db:00:00:00:d9,0x13,Write-Rsp,,,0,
hci_snoop_2025_11_26_15_00_04.cfa,1152,2025-11-26T15:01:08.770Z,sent,f4:db:00:00:00:d9,0x12,Write-Req,0x0021,07 6E 01 00 00 03,6,0x07
hci_snoop_2025_11_26_15_00_04.cfa,1154,2025-11-26T15:01:08.924Z,recv,f4:db:00:00:00:d9,0x1B,Notify,0x0024,07 6E 01 00 00 03 33 01 33 01 33 01 5A 04 5B 04 5B 04 00 00,20,0x07
hci_snoop_2025_11_26_15_00_04.cfa,1155,2025-11-26T15:01:09.013Z,recv,f4:db:00:00:00:d9,0x13,Write-Rsp,,,0,
hci_snoop_2025_11_26_15_00_04.cfa,1156,2025-11-26T15:01:09.036Z,sent,f4:db:00:00:00:d9,0x12,Write-Req,0x0021,07 71 01 00 00 03,6,0x07
hci_snoop_2025_11_26_15_00_04.cfa,1158,2025-11-26T15:01:09.283Z,recv,f4:db:00:00:00:d9,0x1B,Notify,0x0024,07 71 01 00 00 03 33 01 33 01 32 01 5C 04 5B 04 5C 04 00 00,20,0x07
hci_snoop_2025_11_26_15_00_04.cfa,1159,2025-11-26T15:01:09.284Z,recv,f4:db:00:00:00:d9,0x13,Write-Rsp,,,0,
hci_snoop_2025_11_26_15_00_04.cfa,1160,2025-11-26T15:01:09.319Z,sent,f4:db:00:00:00:d9,0x12,Write-Req,0x0021,07 74 01 00 00 03,6,0x07
hci_snoop_2025_11_26_15_00_04.cfa,1162,2025-11-26T15:01:09.465Z,recv,f4:db:00:00:00:d9,0x1B,Notify,0x0024,07 74 01 00 00 03 32 01 32 01 32 01 5C 04 5C 04 5C 04 00 00,20,0x07
hci_snoop_2025_11_26_15_00_04.cfa,1163,2025-11-26T15:01:09.557Z,recv,f4:db:00:00:00:d9,0x13,Write-Rsp,,,0,
hci_snoop_2025_11_26_15_00_04.cfa,1164,2025-11-26T15:01:09.588Z,sent,f4:db:00:00:00:d9,0x12,Write-Req,0x0021,07 77 01 00 00 03,6,0x07
hci_snoop_2025_11_26_15_00_04.cfa,1166,2025-11-26T15:01:09.733Z,recv,f4:db:00:00:00:d9,0x1B,Notify,0x0024,07 77 01 00 00 03 31 01 31 01 31 01 5D 04 5D 04 60 04 00 00,20,0x07
hci_snoop_2025_11_26_15_00_04.cfa,1167,2025-11-26T15:01:09.825Z,recv,f4:db:00:00:00:d9,0x13,Write-Rsp,,,0,
hci_snoop_2025_11_26_15_00_04.cfa,1168,2025-11-26T15:01:09.853Z,sent,f4:db:00:00:00:d9,0x12,Write-Req,0x0021,07 7A 01 00 00 03,6,0x07
hci_snoop_2025_11_26_15_00_04.cfa,1170,2025-11-26T15:01:10.004Z,recv,f4:db:00:00:00:d9,0x1B,Notify,0x0024,07 7A 01 00 00 03 31 01 31 01 31 01 61 04 60 04 5F 04 00 00,20,0x07
hci_snoop_2025_11_26_15_00_04.cfa,1171,2025-11-26T15:01:10.092Z,recv,f4:db:00:00:00:d9,0x13,Write-Rsp,,,0,
hci_snoop_2025_11_26_15_00_04.cfa,1172,2025-11-26T15:01:10.122Z,sent,f4:db:00:00:00:d9,0x12,Write-Req,0x0021,07 7D 01 00 00 03,6,0x07
hci_snoop_2025_11_26_15_00_04.cfa,1174,2025-11-26T15:01:10.274Z,recv,f4:db:00:00:00:d9,0x1B,Notify,0x0024,07 7D 01 00 00 03 31 01 31 01 31 01 5F 04 5F 04 5F 04 00 00,20,0x07
hci_snoop_2025_11_26_15_00_04.cfa,1175,2025-11-26T15:01:10.363Z,recv,f4:db:00:00:00:d9,0x13,Write-Rsp,,,0,
hci_snoop_2025_11_26_15_00_04.cfa,1176,2025-11-26T15:01:10.388Z,sent,f4:db:00:00:00:d9,0x12,Write-Req,0x0021,07 80 01 00 00 03,6,0x07
hci_snoop_2025_11_26_15_00_04.cfa,1178,2025-11-26T15:01:10.548Z,recv,f4:db:00:00:00:d9,0x1B,Notify,0x0024,07 80 01 00 00 03 30 01 30 01 30 01 5F 04 5E 04 5E 04 00 00,20,0x07
hci_snoop_2025_11_26_15_00_04.cfa,1179,2025-11-26T15:01:10.633Z,recv,f4:db:00:00:00:d9,0x13,Write-Rsp,,,0,
hci_snoop_2025_11_26_15_00_04.cfa,1180,2025-11-26T15:01:10.670Z,sent,f4:db:00:00:00:d9,0x12,Write-Req,0x0021,07 83 01 00 00 03,6,0x07
hci_snoop_2025_11_26_15_00_04.cfa,1182,2025-11-26T15:01:10.813Z,recv,f4:db:00:00:00:d9,0x1B,Notify,0x0024,07 83 01 00 00 03 30 01 30 01 2F 01 5E 04 5D 04 5D 04 00 00,20,0x07
hci_snoop_2025_11_26_15_00_04.cfa,1183,2025-11-26T15:01:10.903Z,recv,f4:db:00:00:00:d9,0x13,Write-Rsp,,,0,
hci_snoop_2025_11_26_15_00_04.cfa,1184,2025-11-26T15:01:10.939Z,sent,f4:db:00:00:00:d9,0x12,Write-Req,0x0021,07 86 01 00 00 03,6,0x07
hci_snoop_2025_11_26_15_00_04.cfa,1186,2025-11-26T15:01:11.083Z,recv,f4:db:00:00:00:d9,0x1B,Notify,0x0024,07 86 01 00 00 03 2F 01 2F 01 2F 01 5D 04 5C 04 5C 04 00 00,20,0x07
hci_snoop_2025_11_26_15_00_04.cfa,1187,2025-11-26T15:01:11.173Z,recv,f4:db:00:00:00:d9,0x13,Write-Rsp,,,0,
hci_snoop_2025_11_26_15_00_04.cfa,1188,2025-11-26T15:01:11.206Z,sent,f4:db:00:00:00:d9,0x12,Write-Req,0x0021,07 89 01 00 00 03,6,0x07
hci_snoop_2025_11_26_15_00_04.cfa,1190,2025-11-26T15:01:11.354Z,recv,f4:db:00:00:00:d9,0x1B,Notify,0x0024,07 89 01 00 00 03 30 01 30 01 31 01 5B 04 59 04 57 04 00 00,20,0x07
hci_snoop_2025_11_26_15_00_04.cfa,1191,2025-11-26T15:01:11.442Z,recv,f4:db:00:00:00:d9,0x13,Write-Rsp,,,0,
hci_snoop_2025_11_26_15_00_04.cfa,1192,2025-11-26T15:01:11.471Z,sent,f4:db:00:00:00:d9,0x12,Write-Req,0x0021,07 8C 01 00 00 03,6,0x07
hci_snoop_2025_11_26_15_00_04.cfa,1194,2025-11-26T15:01:11.714Z,recv,f4:db:00:00:00:d9,0x1B,Notify,0x0024,07 8C 01 00 00 03 30 01 31 01 3B 01 57 04 57 04 45 04 00 00,20,0x07
hci_snoop_2025_11_26_15_00_04.cfa,1196,2025-11-26T15:01:11.715Z,recv,f4:db:00:00:00:d9,0x13,Write-Rsp,,,0,
hci_snoop_2025_11_26_15_00_04.cfa,1197,2025-11-26T15:01:11.753Z,sent,f4:db:00:00:00:d9,0x12,Write-Req,0x0021,07 8F 01 00 00 03,6,0x07
hci_snoop_2025_11_26_15_00_04.cfa,1199,2025-11-26T15:01:11.893Z,recv,f4:db:00:00:00:d9,0x1B,Notify,0x0024,07 8F 01 00 00 03 3D 01 3D 01 3A 01 3A 04 32 04 39 04 00 00,20,0x07
hci_snoop_2025_11_26_15_00_04.cfa,1200,2025-11-26T15:01:11.982Z,recv,f4:db:00:00:00:d9,0x13,Write-Rsp,,,0,
hci_snoop_2025_11_26_15_00_04.cfa,1201,2025-11-26T15:01:12.021Z,sent,f4:db:00:00:00:d9,0x12,Write-Req,0x0021,07 92 01 00 00 03,6,0x07
hci_snoop_2025_11_26_15_00_04.cfa,1203,2025-11-26T15:01:12.163Z,recv,f4:db:00:00:00:d9,0x1B,Notify,0x0024,07 92 01 00 00 03 40 01 3F 01 3B 01 36 04 29 04 33 04 00 00,20,0x07
hci_snoop_2025_11_26_15_00_04.cfa,1204,2025-11-26T15:01:12.253Z,recv,f4:db:00:00:00:d9,0x13,Write-Rsp,,,0,
hci_snoop_2025_11_26_15_00_04.cfa,1205,2025-11-26T15:01:12.287Z,sent,f4:db:00:00:00:d9,0x12,Write-Req,0x0021,07 95 01 00 00 03,6,0x07
hci_snoop_2025_11_26_15_00_04.cfa,1207,2025-11-26T15:01:12.433Z,recv,f4:db:00:00:00:d9,0x1B,Notify,0x0024,07 95 01 00 00 03 38 01 37 01 35 01 39 04 3C 04 3F 04 00 00,20,0x07
hci_snoop_2025_11_26_15_00_04.cfa,1208,2025-11-26T15:01:12.523Z,recv,f4:db:00:00:00:d9,0x13,Write-Rsp,,,0,
hci_snoop_2025_11_26_15_00_04.cfa,1209,2025-11-26T15:01:12.555Z,sent,f4:db:00:00:00:d9,0x12,Write-Req,0x0021,07 98 01 00 00 03,6,0x07
hci_snoop_2025_11_26_15_00_04.cfa,1211,2025-11-26T15:01:12.793Z,recv,f4:db:00:00:00:d9,0x1B,Notify,0x0024,07 98 01 00 00 03 34 01 33 01 33 01 42 04 44 04 45 04 00 00,20,0x07
hci_snoop_2025_11_26_15_00_04.cfa,1212,2025-11-26T15:01:12.794Z,recv,f4:db:00:00:00:d9,0x13,Write-Rsp,,,0,
hci_snoop_2025_11_26_15_00_04.cfa,1213,2025-11-26T15:01:12.819Z,sent,f4:db:00:00:00:d9,0x12,Write-Req,0x0021,07 9B 01 00 00 03,6,0x07
hci_snoop_2025_11_26_15_00_04.cfa,1215,2025-11-26T15:01:12.974Z,recv,f4:db:00:00:00:d9,0x1B,Notify,0x0024,07 9B 01 00 00 03 32 01 32 01 32 01 46 04 47 04 48 04 00 00,20,0x07
hci_snoop_2025_11_26_15_00_04.cfa,1216,2025-11-26T15:01:13.063Z,recv,f4:db:00:00:00:d9,0x13,Write-Rsp,,,0,
hci_snoop_2025_11_26_15_00_04.cfa,1217,2025-11-26T15:01:13.086Z,sent,f4:db:00:00:00:d9,0x12,Write-Req,0x0021,07 9E 01 00 00 03,6,0x07
hci_snoop_2025_11_26_15_00_04.cfa,1219,2025-11-26T15:01:13.248Z,recv,f4:db:00:00:00:d9,0x1B,Notify,0x0024,07 9E 01 00 00 03 31 01 31 01 30 01 49 04 4A 04 4B 04 00 00,20,0x07
hci_snoop_2025_11_26_15_00_04.cfa,1220,2025-11-26T15:01:13.333Z,recv,f4:db:00:00:00:d9,0x13,Write-Rsp,,,0,
hci_snoop_2025_11_26_15_00_04.cfa,1221,2025-11-26T15:01:13.372Z,sent,f4:db:00:00:00:d9,0x12,Write-Req,0x0021,07 A1 01 00 00 03,6,0x07
hci_snoop_2025_11_26_15_00_04.cfa,1223,2025-11-26T15:01:13.513Z,recv,f4:db:00:00:00:d9,0x1B,Notify,0x0024,07 A1 01 00 00 03 30 01 30 01 2F 01 4B 04 4C 04 4D 04 00 00,20,0x07
hci_snoop_2025_11_26_15_00_04.cfa,1224,2025-11-26T15:01:13.604Z,recv,f4:db:00:00:00:d9,0x13,Write-Rsp,,,0,
hci_snoop_2025_11_26_15_00_04.cfa,1225,2025-11-26T15:01:13.638Z,sent,f4:db:00:00:00:d9,0x12,Write-Req,0x0021,07 A4 01 00 00 03,6,0x07
hci_snoop_2025_11_26_15_00_04.cfa,1227,2025-11-26T15:01:13.783Z,recv,f4:db:00:00:00:d9,0x1B,Notify,0x0024,07 A4 01 00 00 03 2F 01 2F 01 2F 01 4E 04 4E 04 4E 04 00 00,20,0x07
hci_snoop_2025_11_26_15_00_04.cfa,1228,2025-11-26T15:01:13.873Z,recv,f4:db:00:00:00:d9,0x13,Write-Rsp,,,0,
hci_snoop_2025_11_26_15_00_04.cfa,1229,2025-11-26T15:01:13.908Z,sent,f4:db:00:00:00:d9,0x12,Write-Req,0x0021,07 A7 01 00 00 03,6,0x07
hci_snoop_2025_11_26_15_00_04.cfa,1231,2025-11-26T15:01:14.053Z,recv,f4:db:00:00:00:d9,0x1B,Notify,0x0024,07 A7 01 00 00 03 2F 01 2F 01 2E 01 4E 04 4E 04 4F 04 00 00,20,0x07
hci_snoop_2025_11_26_15_00_04.cfa,1232,2025-11-26T15:01:14.145Z,recv,f4:db:00:00:00:d9,0x13,Write-Rsp,,,0,
hci_snoop_2025_11_26_15_00_04.cfa,1233,2025-11-26T15:01:14.173Z,sent,f4:db:00:00:00:d9,0x12,Write-Req,0x0021,07 AA 01 00 00 03,6,0x07
hci_snoop_2025_11_26_15_00_04.cfa,1235,2025-11-26T15:01:14.323Z,recv,f4:db:00:00:00:d9,0x1B,Notify,0x0024,07 AA 01 00 00 03 2E 01 2E 01 2E 01 4F 04 4F 04 50 04 00 00,20,0x07
hci_snoop_2025_11_26_15_00_04.cfa,1236,2025-11-26T15:01:14.412Z,recv,f4:db:00:00:00:d9,0x13,Write-Rsp,,,0,
hci_snoop_2025_11_26_15_00_04.cfa,1237,2025-11-26T15:01:14.438Z,sent,f4:db:00:00:00:d9,0x12,Write-Req,0x0021,07 AD 01 00 00 03,6,0x07
hci_snoop_2025_11_26_15_00_04.cfa,1239,2025-11-26T15:01:14.594Z,recv,f4:db:00:00:00:d9,0x1B,Notify,0x0024,07 AD 01 00 00 03 2D 01 2D 01 2D 01 50 04 51 04 52 04 00 00,20,0x07
hci_snoop_2025_11_26_15_00_04.cfa,1240,2025-11-26T15:01:14.683Z,recv,f4:db:00:00:00:d9,0x13,Write-Rsp,,,0,
hci_snoop_2025_11_26_15_00_04.cfa,1241,2025-11-26T15:01:14.722Z,sent,f4:db:00:00:00:d9,0x12,Write-Req,0x0021,07 B0 01 00 00 03,6,0x07
hci_snoop_2025_11_26_15_00_04.cfa,1243,2025-11-26T15:01:14.863Z,recv,f4:db:00:00:00:d9,0x1B,Notify,0x0024,07 B0 01 00 00 03 2D 01 2D 01 2C 01 52 04 52 04 52 04 00 00,20,0x07
hci_snoop_2025_11_26_15_00_04.cfa,1244,2025-11-26T15:01:14.953Z,recv,f4:db:00:00:00:d9,0x13,Write-Rsp,,,0,
hci_snoop_2025_11_26_15_00_04.cfa,1245,2025-11-26T15:01:14.987Z,sent,f4:db:00:00:00:d9,0x12,Write-Req,0x0021,07 B3 01 00 00 03,6,0x07
hci_snoop_2025_11_26_15_00_04.cfa,1247,2025-11-26T15:01:15.134Z,recv,f4:db:00:00:00:d9,0x1B,Notify,0x0024,07 B3 01 00 00 03 2C 01 2C 01 2C 01 52 04 52 04 52 04 00 00,20,0x07
hci_snoop_2025_11_26_15_00_04.cfa,1248,2025-11-26T15:01:15.223Z,recv,f4:db:00:00:00:d9,0x13,Write-Rsp,,,0,
hci_snoop_2025_11_26_15_00_04.cfa,1249,2025-11-26T15:01:15.257Z,sent,f4:db:00:00:00:d9,0x12,Write-Req,0x0021,07 B6 01 00 00 03,6,0x07
hci_snoop_2025_11_26_15_00_04.cfa,1251,2025-11-26T15:01:15.404Z,recv,f4:db:00:00:00:d9,0x1B,Notify,0x0024,07 B6 01 00 00 03 2C 01 2B 01 2B 01 53 04 53 04 53 04 00 00,20,0x07
hci_snoop_2025_11_26_15_00_04.cfa,1252,2025-11-26T15:01:15.492Z,recv,f4:db:00:00:00:d9,0x13,Write-Rsp,,,0,
hci_snoop_2025_11_26_15_00_04.cfa,1253,2025-11-26T15:01:15.520Z,sent,f4:db:00:00:00:d9,0x12,Write-Req,0x0021,07 B9 01 00 00 03,6,0x07
hci_snoop_2025_11_26_15_00_04.cfa,1255,2025-11-26T15:01:15.673Z,recv,f4:db:00:00:00:d9,0x1B,Notify,0x0024,07 B9 01 00 00 03 2B 01 2B 01 2C 01 54 04 54 04 53 04 00 00,20,0x07
hci_snoop_2025_11_26_15_00_04.cfa,1256,2025-11-26T15:01:15.762Z,recv,f4:db:00:00:00:d9,0x13,Write-Rsp,,,0,
hci_snoop_2025_11_26_15_00_04.cfa,1257,2025-11-26T15:01:15.787Z,sent,f4:db:00:00:00:d9,0x12,Write-Req,0x0021,07 BC 01 00 00 03,6,0x07
hci_snoop_2025_11_26_15_00_04.cfa,1259,2025-11-26T15:01:15.943Z,recv,f4:db:00:00:00:d9,0x1B,Notify,0x0024,07 BC 01 00 00 03 2B 01 2B 01 2B 01 55 04 55 04 55 04 00 00,20,0x07
hci_snoop_2025_11_26_15_00_04.cfa,1260,2025-11-26T15:01:16.033Z,recv,f4:db:00:00:00:d9,0x13,Write-Rsp,,,0,
hci_snoop_2025_11_26_15_00_04.cfa,1261,2025-11-26T15:01:16.056Z,sent,f4:db:00:00:00:d9,0x12,Write-Req,0x0021,07 BF 01 00 00 03,6,0x07
hci_snoop_2025_11_26_15_00_04.cfa,1263,2025-11-26T15:01:16.213Z,recv,f4:db:00:00:00:d9,0x1B,Notify,0x0024,07 BF 01 00 00 03 2B 01 2B 01 2B 01 55 04 55 04 55 04 00 00,20,0x07
hci_snoop_2025_11_26_15_00_04.cfa,1264,2025-11-26T15:01:16.304Z,recv,f4:db:00:00:00:d9,0x13,Write-Rsp,,,0,
hci_snoop_2025_11_26_15_00_04.cfa,1265,2025-11-26T15:01:16.336Z,sent,f4:db:00:00:00:d9,0x12,Write-Req,0x0021,07 C2 01 00 00 03,6,0x07
hci_snoop_2025_11_26_15_00_04.cfa,1267,2025-11-26T15:01:16.483Z,recv,f4:db:00:00:00:d9,0x1B,Notify,0x0024,07 C2 01 00 00 03 2B 01 2C 01 2B 01 55 04 55 04 21 04 00 00,20,0x07
hci_snoop_2025_11_26_15_00_04.cfa,1268,2025-11-26T15:01:16.575Z,recv,f4:db:00:00:00:d9,0x13,Write-Rsp,,,0,
hci_snoop_2025_11_26_15_00_04.cfa,1270,2025-11-26T15:01:16.605Z,sent,f4:db:00:00:00:d9,0x12,Write-Req,0x0021,07 C5 01 00 00 03,6,0x07
hci_snoop_2025_11_26_15_00_04.cfa,1272,2025-11-26T15:01:16.754Z,recv,f4:db:00:00:00:d9,0x1B,Notify,0x0024,07 C5 01 00 00 03 2C 01 2D 01 2E 01 2D 04 32 04 36 04 00 00,20,0x07
hci_snoop_2025_11_26_15_00_04.cfa,1273,2025-11-26T15:01:16.843Z,recv,f4:db:00:00:00:d9,0x13,Write-Rsp,,,0,
hci_snoop_2025_11_26_15_00_04.cfa,1274,2025-11-26T15:01:16.871Z,sent,f4:db:00:00:00:d9,0x12,Write-Req,0x0021,07 C8 01 00 00 03,6,0x07
hci_snoop_2025_11_26_15_00_04.cfa,1276,2025-11-26T15:01:17.023Z,recv,f4:db:00:00:00:d9,0x1B,Notify,0x0024,07 C8 01 00 00 03 2F 01 30 01 31 01 39 04 3D 04 3A 04 00 00,20,0x07
hci_snoop_2025_11_26_15_00_04.cfa,1277,2025-11-26T15:01:17.113Z,recv,f4:db:00:00:00:d9,0x13,Write-Rsp,,,0,
hci_snoop_2025_11_26_15_00_04.cfa,1278,2025-11-26T15:01:17.138Z,sent,f4:db:00:00:00:d9,0x12,Write-Req,0x0021,07 CB 01 00 00 03,6,0x07
hci_snoop_2025_11_26_15_00_04.cfa,1280,2025-11-26T15:01:17.293Z,recv,f4:db:00:00:00:d9,0x1B,Notify,0x0024,07 CB 01 00 00 03 32 01 33 01 35 01 3B 04 3C 04 3C 04 00 00,20,0x07
hci_snoop_2025_11_26_15_00_04.cfa,1281,2025-11-26T15:01:17.383Z,recv,f4:db:00:00:00:d9,0x13,Write-Rsp,,,0,
hci_snoop_2025_11_26_15_00_04.cfa,1282,2025-11-26T15:01:17.421Z,sent,f4:db:00:00:00:d9,0x12,Write-Req,0x0021,07 CE 01 00 00 03,6,0x07
hci_snoop_2025_11_26_15_00_04.cfa,1284,2025-11-26T15:01:17.564Z,recv,f4:db:00:00:00:d9,0x1B,Notify,0x0024,07 CE 01 00 00 03 36 01 3F 01 43 01 3E 04 34 04 30 04 00 00,20,0x07
hci_snoop_2025_11_26_15_00_04.cfa,1285,2025-11-26T15:01:17.654Z,recv,f4:db:00:00:00:d9,0x13,Write-Rsp,,,0,
hci_snoop_2025_11_26_15_00_04.cfa,1286,2025-11-26T15:01:17.695Z,sent,f4:db:00:00:00:d9,0x12,Write-Req,0x0021,07 D1 01 00 00 03,6,0x07
hci_snoop_2025_11_26_15_00_04.cfa,1288,2025-11-26T15:01:17.834Z,recv,f4:db:00:00:00:d9,0x1B,Notify,0x0024,07 D1 01 00 00 03 46 01 48 01 4B 01 2E 04 2A 04 28 04 00 00,20,0x07
hci_snoop_2025_11_26_15_00_04.cfa,1289,2025-11-26T15:01:17.926Z,recv,f4:db:00:00:00:d9,0x13,Write-Rsp,,,0,
hci_snoop_2025_11_26_15_00_04.cfa,1290,2025-11-26T15:01:17.955Z,sent,f4:db:00:00:00:d9,0x12,Write-Req,0x0021,07 D4 01 00 00 03,6,0x07
hci_snoop_2025_11_26_15_00_04.cfa,1292,2025-11-26T15:01:18.103Z,recv,f4:db:00:00:00:d9,0x1B,Notify,0x0024,07 D4 01 00 00 03 4D 01 4F 01 50 01 26 04 24 04 23 04 00 00,20,0x07
hci_snoop_2025_11_26_15_00_04.cfa,1293,2025-11-26T15:01:18.192Z,recv,f4:db:00:00:00:d9,0x13,Write-Rsp,,,0,
hci_snoop_2025_11_26_15_00_04.cfa,1294,2025-11-26T15:01:18.222Z,sent,f4:db:00:00:00:d9,0x12,Write-Req,0x0021,07 D7 01 00 00 03,6,0x07
hci_snoop_2025_11_26_15_00_04.cfa,1296,2025-11-26T15:01:18.374Z,recv,f4:db:00:00:00:d9,0x1B,Notify,0x0024,07 D7 01 00 00 03 51 01 52 01 51 01 25 04 23 04 1D 04 00 00,20,0x07
hci_snoop_2025_11_26_15_00_04.cfa,1297,2025-11-26T15:01:18.463Z,recv,f4:db:00:00:00:d9,0x13,Write-Rsp,,,0,
hci_snoop_2025_11_26_15_00_04.cfa,1298,2025-11-26T15:01:18.485Z,sent,f4:db:00:00:00:d9,0x12,Write-Req,0x0021,07 DA 01 00 00 03,6,0x07
hci_snoop_2025_11_26_15_00_04.cfa,1300,2025-11-26T15:01:18.643Z,recv,f4:db:00:00:00:d9,0x1B,Notify,0x0024,07 DA 01 00 00 03 4E 01 4D 01 4B 01 23 04 25 04 27 04 00 00,20,0x07
hci_snoop_2025_11_26_15_00_04.cfa,1301,2025-11-26T15:01:18.732Z,recv,f4:db:00:00:00:d9,0x13,Write-Rsp,,,0,
hci_snoop_2025_11_26_15_00_04.cfa,1302,2025-11-26T15:01:18.754Z,sent,f4:db:00:00:00:d9,0x12,Write-Req,0x0021,07 DD 01 00 00 03,6,0x07
hci_snoop_2025_11_26_15_00_04.cfa,1304,2025-11-26T15:01:18.914Z,recv,f4:db:00:00:00:d9,0x1B,Notify,0x0024,07 DD 01 00 00 03 4B 01 4A 01 49 01 29 04 2A 04 2C 04 00 00,20,0x07
hci_snoop_2025_11_26_15_00_04.cfa,1305,2025-11-26T15:01:19.004Z,recv,f4:db:00:00:00:d9,0x13,Write-Rsp,,,0,
hci_snoop_2025_11_26_15_00_04.cfa,1306,2025-11-26T15:01:19.040Z,sent,f4:db:00:00:00:d9,0x12,Write-Req,0x0021,07 E0 01 00 00 03,6,0x07
hci_snoop_2025_11_26_15_00_04.cfa,1308,2025-11-26T15:01:19.183Z,recv,f4:db:00:00:00:d9,0x1B,Notify,0x0024,07 E0 01 00 00 03 49 01 49 01 49 01 2D 04 2E 04 30 04 00 00,20,0x07
hci_snoop_2025_11_26_15_00_04.cfa,1309,2025-11-26T15:01:19.274Z,recv,f4:db:00:00:00:d9,0x13,Write-Rsp,,,0,
hci_snoop_2025_11_26_15_00_04.cfa,1310,2025-11-26T15:01:19.303Z,sent,f4:db:00:00:00:d9,0x12,Write-Req,0x0021,07 E3 01 00 00 03,6,0x07
hci_snoop_2025_11_26_15_00_04.cfa,1312,2025-11-26T15:01:19.454Z,recv,f4:db:00:00:00:d9,0x1B,Notify,0x0024,07 E3 01 00 00 03 49 01 49 01 49 01 31 04 32 04 32 04 00 00,20,0x07
hci_snoop_2025_11_26_15_00_04.cfa,1313,2025-11-26T15:01:19.543Z,recv,f4:db:00:00:00:d9,0x13,Write-Rsp,,,0,
hci_snoop_2025_11_26_15_00_04.cfa,1314,2025-11-26T15:01:19.572Z,sent,f4:db:00:00:00:d9,0x12,Write-Req,0x0021,07 E6 01 00 00 03,6,0x07
hci_snoop_2025_11_26_15_00_04.cfa,1316,2025-11-26T15:01:19.724Z,recv,f4:db:00:00:00:d9,0x1B,Notify,0x0024,07 E6 01 00 00 03 4A 01 4A 01 4A 01 33 04 33 04 33 04 00 00,20,0x07
hci_snoop_2025_11_26_15_00_04.cfa,1317,2025-11-26T15:01:19.813Z,recv,f4:db:00:00:00:d9,0x13,Write-Rsp,,,0,
hci_snoop_2025_11_26_15_00_04.cfa,1318,2025-11-26T15:01:19.838Z,sent,f4:db:00:00:00:d9,0x12,Write-Req,0x0021,07 E9 01 00 00 03,6,0x07
hci_snoop_2025_11_26_15_00_04.cfa,1320,2025-11-26T15:01:19.993Z,recv,f4:db:00:00:00:d9,0x1B,Notify,0x0024,07 E9 01 00 00 03 4B 01 4B 01 4B 01 33 04 33 04 33 04 00 00,20,0x07
hci_snoop_2025_11_26_15_00_04.cfa,1321,2025-11-26T15:01:20.083Z,recv,f4:db:00:00:00:d9,0x13,Write-Rsp,,,0,
hci_snoop_2025_11_26_15_00_04.cfa,1322,2025-11-26T15:01:20.123Z,sent,f4:db:00:00:00:d9,0x12,Write-Req,0x0021,07 EC 01 00 00 03,6,0x07
hci_snoop_2025_11_26_15_00_04.cfa,1324,2025-11-26T15:01:20.263Z,recv,f4:db:00:00:00:d9,0x1B,Notify,0x0024,07 EC 01 00 00 03 4B 01 4C 01 4C 01 32 04 32 04 32 04 00 00,20,0x07
hci_snoop_2025_11_26_15_00_04.cfa,1325,2025-11-26T15:01:20.353Z,recv,f4:db:00:00:00:d9,0x13,Write-Rsp,,,0,
hci_snoop_2025_11_26_15_00_04.cfa,1326,2025-11-26T15:01:20.387Z,sent,f4:db:00:00:00:d9,0x12,Write-Req,0x0021,07 EF 01 00 00 03,6,0x07
hci_snoop_2025_11_26_15_00_04.cfa,1328,2025-11-26T15:01:20.532Z,recv,f4:db:00:00:00:d9,0x1B,Notify,0x0024,07 EF 01 00 00 03 4C 01 4D 01 4D 01 31 04 31 04 31 04 00 00,20,0x07
hci_snoop_2025_11_26_15_00_04.cfa,1329,2025-11-26T15:01:20.623Z,recv,f4:db:00:00:00:d9,0x13,Write-Rsp,,,0,
hci_snoop_2025_11_26_15_00_04.cfa,1330,2025-11-26T15:01:20.654Z,sent,f4:db:00:00:00:d9,0x12,Write-Req,0x0021,07 F2 01 00 00 03,6,0x07
hci_snoop_2025_11_26_15_00_04.cfa,1332,2025-11-26T15:01:20.804Z,recv,f4:db:00:00:00:d9,0x1B,Notify,0x0024,07 F2 01 00 00 03 4E 01 4E 01 4E 01 30 04 2F 04 2F 04 00 00,20,0x07
hci_snoop_2025_11_26_15_00_04.cfa,1333,2025-11-26T15:01:20.893Z,recv,f4:db:00:00:00:d9,0x13,Write-Rsp,,,0,
hci_snoop_2025_11_26_15_00_04.cfa,1334,2025-11-26T15:01:20.921Z,sent,f4:db:00:00:00:d9,0x12,Write-Req,0x0021,07 F5 01 00 00 03,6,0x07
hci_snoop_2025_11_26_15_00_04.cfa,1336,2025-11-26T15:01:21.073Z,recv,f4:db:00:00:00:d9,0x1B,Notify,0x0024,07 F5 01 00 00 03 4E 01 4E 01 4E 01 2F 04 2E 04 2E 04 00 00,20,0x07
hci_snoop_2025_11_26_15_00_04.cfa,1337,2025-11-26T15:01:21.162Z,recv,f4:db:00:00:00:d9,0x13,Write-Rsp,,,0,
hci_snoop_2025_11_26_15_00_04.cfa,1338,2025-11-26T15:01:21.186Z,sent,f4:db:00:00:00:d9,0x12,Write-Req,0x0021,07 F8 01 00 00 03,6,0x07
hci_snoop_2025_11_26_15_00_04.cfa,1340,2025-11-26T15:01:21.344Z,recv,f4:db:00:00:00:d9,0x1B,Notify,0x0024,07 F8 01 00 00 03 4E 01 4E 01 4E 01 2E 04 2F 04 2F 04 00 00,20,0x07
hci_snoop_2025_11_26_15_00_04.cfa,1341,2025-11-26T15:01:21.433Z,recv,f4:db:00:00:00:d9,0x13,Write-Rsp,,,0,
hci_snoop_2025_11_26_15_00_04.cfa,1342,2025-11-26T15:01:21.472Z,sent,f4:db:00:00:00:d9,0x12,Write-Req,0x0021,07 FB 01 00 00 03,6,0x07
hci_snoop_2025_11_26_15_00_04.cfa,1344,2025-11-26T15:01:21.613Z,recv,f4:db:00:00:00:d9,0x1B,Notify,0x0024,07 FB 01 00 00 03 4E 01 4E 01 4D 01 2F 04 2F 04 2F 04 00 00,20,0x07
hci_snoop_2025_11_26_15_00_04.cfa,1345,2025-11-26T15:01:21.703Z,recv,f4:db:00:00:00:d9,0x13,Write-Rsp,,,0,
hci_snoop_2025_11_26_15_00_04.cfa,1346,2025-11-26T15:01:21.737Z,sent,f4:db:00:00:00:d9,0x12,Write-Req,0x0021,07 FE 01 00 00 03,6,0x07
hci_snoop_2025_11_26_15_00_04.cfa,1348,2025-11-26T15:01:21.883Z,recv,f4:db:00:00:00:d9,0x1B,Notify,0x0024,07 FE 01 00 00 03 4D 01 4D 01 4C 01 2F 04 2F 04 2F 04 00 00,20,0x07
hci_snoop_2025_11_26_15_00_04.cfa,1349,2025-11-26T15:01:21.973Z,recv,f4:db:00:00:00:d9,0x13,Write-Rsp,,,0,
hci_snoop_2025_11_26_15_00_04.cfa,1350,2025-11-26T15:01:22.005Z,sent,f4:db:00:00:00:d9,0x12,Write-Req,0x0021,07 01 02 00 00 03,6,0x07
hci_snoop_2025_11_26_15_00_04.cfa,1352,2025-11-26T15:01:22.152Z,recv,f4:db:00:00:00:d9,0x1B,Notify,0x0024,07 01 02 00 00 03 4C 01 4C 01 4C 01 30 04 30 04 30 04 00 00,20,0x07
hci_snoop_2025_11_26_15_00_04.cfa,1353,2025-11-26T15:01:22.243Z,recv,f4:db:00:00:00:d9,0x13,Write-Rsp,,,0,
hci_snoop_2025_11_26_15_00_04.cfa,1354,2025-11-26T15:01:22.272Z,sent,f4:db:00:00:00:d9,0x12,Write-Req,0x0021,07 04 02 00 00 03,6,0x07
hci_snoop_2025_11_26_15_00_04.cfa,1356,2025-11-26T15:01:22.423Z,recv,f4:db:00:00:00:d9,0x1B,Notify,0x0024,07 04 02 00 00 03 4C 01 4C 01 4C 01 30 04 30 04 30 04 00 00,20,0x07
hci_snoop_2025_11_26_15_00_04.cfa,1357,2025-11-26T15:01:22.513Z,recv,f4:db:00:00:00:d9,0x13,Write-Rsp,,,0,
hci_snoop_2025_11_26_15_00_04.cfa,1358,2025-11-26T15:01:22.536Z,sent,f4:db:00:00:00:d9,0x12,Write-Req,0x0021,07 07 02 00 00 03,6,0x07
hci_snoop_2025_11_26_15_00_04.cfa,1360,2025-11-26T15:01:22.693Z,recv,f4:db:00:00:00:d9,0x1B,Notify,0x0024,07 07 02 00 00 03 4C 01 4C 01 4C 01 30 04 30 04 30 04 00 00,20,0x07
hci_snoop_2025_11_26_15_00_04.cfa,1361,2025-11-26T15:01:22.783Z,recv,f4:db:00:00:00:d9,0x13,Write-Rsp,,,0,
hci_snoop_2025_11_26_15_00_04.cfa,1362,2025-11-26T15:01:22.819Z,sent,f4:db:00:00:00:d9,0x12,Write-Req,0x0021,07 0A 02 00 00 03,6,0x07
hci_snoop_2025_11_26_15_00_04.cfa,1364,2025-11-26T15:01:22.963Z,recv,f4:db:00:00:00:d9,0x1B,Notify,0x0024,07 0A 02 00 00 03 4B 01 4C 01 4B 01 30 04 31 04 31 04 00 00,20,0x07
hci_snoop_2025_11_26_15_00_04.cfa,1365,2025-11-26T15:01:23.053Z,recv,f4:db:00:00:00:d9,0x13,Write-Rsp,,,0,
hci_snoop_2025_11_26_15_00_04.cfa,1366,2025-11-26T15:01:23.086Z,sent,f4:db:00:00:00:d9,0x12,Write-Req,0x0021,07 0D 02 00 00 03,6,0x07
hci_snoop_2025_11_26_15_00_04.cfa,1368,2025-11-26T15:01:23.233Z,recv,f4:db:00:00:00:d9,0x1B,Notify,0x0024,07 0D 02 00 00 03 4C 01 4C 01 4C 01 31 04 31 04 31 04 00 00,20,0x07
hci_snoop_2025_11_26_15_00_04.cfa,1369,2025-11-26T15:01:23.323Z,recv,f4:db:00:00:00:d9,0x13,Write-Rsp,,,0,
hci_snoop_2025_11_26_15_00_04.cfa,1370,2025-11-26T15:01:23.355Z,sent,f4:db:00:00:00:d9,0x12,Write-Req,0x0021,07 10 02 00 00 03,6,0x07
hci_snoop_2025_11_26_15_00_04.cfa,1372,2025-11-26T15:01:23.504Z,recv,f4:db:00:00:00:d9,0x1B,Notify,0x0024,07 10 02 00 00 03 4C 01 4C 01 4C 01 31 04 30 04 2F 04 00 00,20,0x07
hci_snoop_2025_11_26_15_00_04.cfa,1373,2025-11-26T15:01:23.593Z,recv,f4:db:00:00:00:d9,0x13,Write-Rsp,,,0,
hci_snoop_2025_11_26_15_00_04.cfa,1374,2025-11-26T15:01:23.621Z,sent,f4:db:00:00:00:d9,0x12,Write-Req,0x0021,07 13 02 00 00 03,6,0x07
hci_snoop_2025_11_26_15_00_04.cfa,1376,2025-11-26T15:01:23.773Z,recv,f4:db:00:00:00:d9,0x1B,Notify,0x0024,07 13 02 00 00 03 4C 01 4D 01 4F 01 2F 04 31 04 2A 04 00 00,20,0x07
hci_snoop_2025_11_26_15_00_04.cfa,1377,2025-11-26T15:01:23.862Z,recv,f4:db:00:00:00:d9,0x13,Write-Rsp,,,0,
hci_snoop_2025_11_26_15_00_04.cfa,1378,2025-11-26T15:01:23.888Z,sent,f4:db:00:00:00:d9,0x12,Write-Req,0x0021,07 16 02 00 00 03,6,0x07
hci_snoop_2025_11_26_15_00_04.cfa,1380,2025-11-26T15:01:24.043Z,recv,f4:db:00:00:00:d9,0x1B,Notify,0x0024,07 16 02 00 00 03 3A 01 42 01 46 01 5A 03 85 03 A0 03 00 00,20,0x07
hci_snoop_2025_11_26_15_00_04.cfa,1381,2025-11-26T15:01:24.133Z,recv,f4:db:00:00:00:d9,0x13,Write-Rsp,,,0,
hci_snoop_2025_11_26_15_00_04.cfa,1382,2025-11-26T15:01:24.171Z,sent,f4:db:00:00:00:d9,0x12,Write-Req,0x0021,07 19 02 00 00 03,6,0x07
hci_snoop_2025_11_26_15_00_04.cfa,1384,2025-11-26T15:01:24.312Z,recv,f4:db:00:00:00:d9,0x1B,Notify,0x0024,07 19 02 00 00 03 4A 01 4C 01 4D 01 AE 03 B7 03 BD 03 00 00,20,0x07
hci_snoop_2025_11_26_15_00_04.cfa,1385,2025-11-26T15:01:24.404Z,recv,f4:db:00:00:00:d9,0x13,Write-Rsp,,,0,
hci_snoop_2025_11_26_15_00_04.cfa,1386,2025-11-26T15:01:24.437Z,sent,f4:db:00:00:00:d9,0x12,Write-Req,0x0021,07 1C 02 00 00 03,6,0x07
hci_snoop_2025_11_26_15_00_04.cfa,1388,2025-11-26T15:01:24.583Z,recv,f4:db:00:00:00:d9,0x1B,Notify,0x0024,07 1C 02 00 00 03 4E 01 50 01 54 01 C2 03 C5 03 C9 03 00 00,20,0x07
hci_snoop_2025_11_26_15_00_04.cfa,1389,2025-11-26T15:01:24.672Z,recv,f4:db:00:00:00:d9,0x13,Write-Rsp,,,0,
hci_snoop_2025_11_26_15_00_04.cfa,1390,2025-11-26T15:01:24.707Z,sent,f4:db:00:00:00:d9,0x12,Write-Req,0x0021,07 1F 02 00 00 03,6,0x07
hci_snoop_2025_11_26_15_00_04.cfa,1392,2025-11-26T15:01:24.853Z,recv,f4:db:00:00:00:d9,0x1B,Notify,0x0024,07 1F 02 00 00 03 58 01 5A 01 5D 01 CF 03 D1 03 D2 03 00 00,20,0x07
hci_snoop_2025_11_26_15_00_04.cfa,1393,2025-11-26T15:01:24.943Z,recv,f4:db:00:00:00:d9,0x13,Write-Rsp,,,0,
hci_snoop_2025_11_26_15_00_04.cfa,1394,2025-11-26T15:01:24.969Z,sent,f4:db:00:00:00:d9,0x12,Write-Req,0x0021,07 22 02 00 00 03,6,0x07
hci_snoop_2025_11_26_15_00_04.cfa,1396,2025-11-26T15:01:25.123Z,recv,f4:db:00:00:00:d9,0x1B,Notify,0x0024,07 22 02 00 00 03 5C 01 5C 01 5D 01 C6 03 C6 03 C9 03 00 00,20,0x07
hci_snoop_2025_11_26_15_00_04.cfa,1397,2025-11-26T15:01:25.213Z,recv,f4:db:00:00:00:d9,0x13,Write-Rsp,,,0,
hci_snoop_2025_11_26_15_00_04.cfa,1398,2025-11-26T15:01:25.238Z,sent,f4:db:00:00:00:d9,0x12,Write-Req,0x0021,07 25 02 00 00 03,6,0x07
hci_snoop_2025_11_26_15_00_04.cfa,1400,2025-11-26T15:01:25.393Z,recv,f4:db:00:00:00:d9,0x1B,Notify,0x0024,07 25 02 00 00 03 5C 01 5E 01 5E 01 CB 03 D3 03 D5 03 00 00,20,0x07
hci_snoop_2025_11_26_15_00_04.cfa,1401,2025-11-26T15:01:25.483Z,recv,f4:db:00:00:00:d9,0x13,Write-Rsp,,,0,
hci_snoop_2025_11_26_15_00_04.cfa,1402,2025-11-26T15:01:25.522Z,sent,f4:db:00:00:00:d9,0x12,Write-Req,0x0021,07 28 02 00 00 03,6,0x07
hci_snoop_2025_11_26_15_00_04.cfa,1404,2025-11-26T15:01:25.663Z,recv,f4:db:00:00:00:d9,0x1B,Notify,0x0024,07 28 02 00 00 03 62 01 65 01 67 01 D7 03 CF 03 CD 03 00 00,20,0x07
hci_snoop_2025_11_26_15_00_04.cfa,1405,2025-11-26T15:01:25.753Z,recv,f4:db:00:00:00:d9,0x13,Write-Rsp,,,0,
hci_snoop_2025_11_26_15_00_04.cfa,1406,2025-11-26T15:01:25.789Z,sent,f4:db:00:00:00:d9,0x12,Write-Req,0x0021,07 2B 02 00 00 03,6,0x07
hci_snoop_2025_11_26_15_00_04.cfa,1408,2025-11-26T15:01:25.933Z,recv,f4:db:00:00:00:d9,0x1B,Notify,0x0024,07 2B 02 00 00 03 66 01 67 01 67 01 D1 03 D0 03 D2 03 00 00,20,0x07
hci_snoop_2025_11_26_15_00_04.cfa,1409,2025-11-26T15:01:26.023Z,recv,f4:db:00:00:00:d9,0x13,Write-Rsp,,,0,
hci_snoop_2025_11_26_15_00_04.cfa,1410,2025-11-26T15:01:26.052Z,sent,f4:db:00:00:00:d9,0x12,Write-Req,0x0021,07 2E 02 00 00 03,6,0x07
hci_snoop_2025_11_26_15_00_04.cfa,1412,2025-11-26T15:01:26.203Z,recv,f4:db:00:00:00:d9,0x1B,Notify,0x0024,07 2E 02 00 00 03 63 01 60 01 5E 01 DA 03 E3 03 EB 03 00 00,20,0x07
hci_snoop_2025_11_26_15_00_04.cfa,1413,2025-11-26T15:01:26.293Z,recv,f4:db:00:00:00:d9,0x13,Write-Rsp,,,0,
hci_snoop_2025_11_26_15_00_04.cfa,1414,2025-11-26T15:01:26.322Z,sent,f4:db:00:00:00:d9,0x12,Write-Req,0x0021,07 31 02 00 00 03,6,0x07
hci_snoop_2025_11_26_15_00_04.cfa,1416,2025-11-26T15:01:26.473Z,recv,f4:db:00:00:00:d9,0x1B,Notify,0x0024,07 31 02 00 00 03 5D 01 5D 01 5E 01 F1 03 F5 03 FA 03 00 00,20,0x07
hci_snoop_2025_11_26_15_00_04.cfa,1417,2025-11-26T15:01:26.562Z,recv,f4:db:00:00:00:d9,0x13,Write-Rsp,,,0,
hci_snoop_2025_11_26_15_00_04.cfa,1418,2025-11-26T15:01:26.588Z,sent,f4:db:00:00:00:d9,0x12,Write-Req,0x0021,07 34 02 00 00 03,6,0x07
hci_snoop_2025_11_26_15_00_04.cfa,1420,2025-11-26T15:01:26.743Z,recv,f4:db:00:00:00:d9,0x1B,Notify,0x0024,07 34 02 00 00 03 5D 01 5B 01 5C 01 F9 03 5B 03 90 03 00 00,20,0x07
hci_snoop_2025_11_26_15_00_04.cfa,1421,2025-11-26T15:01:26.834Z,recv,f4:db:00:00:00:d9,0x13,Write-Rsp,,,0,
hci_snoop_2025_11_26_15_00_04.cfa,1422,2025-11-26T15:01:26.871Z,sent,f4:db:00:00:00:d9,0x12,Write-Req,0x0021,07 37 02 00 00 03,6,0x07
hci_snoop_2025_11_26_15_00_04.cfa,1424,2025-11-26T15:01:27.013Z,recv,f4:db:00:00:00:d9,0x1B,Notify,0x0024,07 37 02 00 00 03 5E 01 5F 01 5F 01 A6 03 AD 03 BA 03 00 00,20,0x07
hci_snoop_2025_11_26_15_00_04.cfa,1425,2025-11-26T15:01:27.104Z,recv,f4:db:00:00:00:d9,0x13,Write-Rsp,,,0,
hci_snoop_2025_11_26_15_00_04.cfa,1426,2025-11-26T15:01:27.137Z,sent,f4:db:00:00:00:d9,0x12,Write-Req,0x0021,07 3A 02 00 00 03,6,0x07
hci_snoop_2025_11_26_15_00_04.cfa,1428,2025-11-26T15:01:27.283Z,recv,f4:db:00:00:00:d9,0x1B,Notify,0x0024,07 3A 02 00 00 03 61 01 63 01 64 01 BC 03 BE 03 C1 03 00 00,20,0x07
hci_snoop_2025_11_26_15_00_04.cfa,1429,2025-11-26T15:01:27.463Z,recv,f4:db:00:00:00:d9,0x13,Write-Rsp,,,0,
hci_snoop_2025_11_26_15_00_04.cfa,1430,2025-11-26T15:01:27.487Z,sent,f4:db:00:00:00:d9,0x12,Write-Req,0x0021,07 3D 02 00 00 03,6,0x07
hci_snoop_2025_11_26_15_00_04.cfa,1432,2025-11-26T15:01:27.643Z,recv,f4:db:00:00:00:d9,0x1B,Notify,0x0024,07 3D 02 00 00 03 66 01 68 01 68 01 C1 03 C2 03 C3 03 00 00,20,0x07
hci_snoop_2025_11_26_15_00_04.cfa,1433,2025-11-26T15:01:27.733Z,recv,f4:db:00:00:00:d9,0x13,Write-Rsp,,,0,
hci_snoop_2025_11_26_15_00_04.cfa,1434,2025-11-26T15:01:27.753Z,sent,f4:db:00:00:00:d9,0x12,Write-Req,0x0021,07 40 02 00 00 03,6,0x07
hci_snoop_2025_11_26_15_00_04.cfa,1436,2025-11-26T15:01:27.913Z,recv,f4:db:00:00:00:d9,0x1B,Notify,0x0024,07 40 02 00 00 03 69 01 69 01 68 01 C6 03 C7 03 C6 03 00 00,20,0x07
hci_snoop_2025_11_26_15_00_04.cfa,1437,2025-11-26T15:01:28.004Z,recv,f4:db:00:00:00:d9,0x13,Write-Rsp,,,0,
hci_snoop_2025_11_26_15_00_04.cfa,1438,2025-11-26T15:01:28.035Z,sent,f4:db:00:00:00:d9,0x12,Write-Req,0x0021,07 43 02 00 00 03,6,0x07
hci_snoop_2025_11_26_15_00_04.cfa,1440,2025-11-26T15:01:28.183Z,recv,f4:db:00:00:00:d9,0x1B,Notify,0x0024,07 43 02 00 00 03 65 01 65 01 65 01 9D 03 B2 03 BC 03 00 00,20,0x07
hci_snoop_2025_11_26_15_00_04.cfa,1441,2025-11-26T15:01:28.272Z,recv,f4:db:00:00:00:d9,0x13,Write-Rsp,,,0,
hci_snoop_2025_11_26_15_00_04.cfa,1442,2025-11-26T15:01:28.307Z,sent,f4:db:00:00:00:d9,0x12,Write-Req,0x0021,07 46 02 00 00 03,6,0x07
hci_snoop_2025_11_26_15_00_04.cfa,1444,2025-11-26T15:01:28.455Z,recv,f4:db:00:00:00:d9,0x1B,Notify,0x0024,07 46 02 00 00 03 65 01 63 01 60 01 C1 03 C7 03 CF 03 00 00,20,0x07
hci_snoop_2025_11_26_15_00_04.cfa,1445,2025-11-26T15:01:28.545Z,recv,f4:db:00:00:00:d9,0x13,Write-Rsp,,,0,
hci_snoop_2025_11_26_15_00_04.cfa,1447,2025-11-26T15:01:28.569Z,sent,f4:db:00:00:00:d9,0x12,Write-Req,0x0021,07 49 02 00 00 03,6,0x07
hci_snoop_2025_11_26_15_00_04.cfa,1449,2025-11-26T15:01:28.723Z,recv,f4:db:00:00:00:d9,0x1B,Notify,0x0024,07 49 02 00 00 03 5E 01 5A 01 59 01 D7 03 D3 03 D7 03 00 00,20,0x07
hci_snoop_2025_11_26_15_00_04.cfa,1450,2025-11-26T15:01:28.813Z,recv,f4:db:00:00:00:d9,0x13,Write-Rsp,,,0,
hci_snoop_2025_11_26_15_00_04.cfa,1451,2025-11-26T15:01:28.838Z,sent,f4:db:00:00:00:d9,0x12,Write-Req,0x0021,07 4C 02 00 00 03,6,0x07
hci_snoop_2025_11_26_15_00_04.cfa,1453,2025-11-26T15:01:28.993Z,recv,f4:db:00:00:00:d9,0x1B,Notify,0x0024,07 4C 02 00 00 03 57 01 55 01 54 01 DD 03 E3 03 E9 03 00 00,20,0x07
hci_snoop_2025_11_26_15_00_04.cfa,1454,2025-11-26T15:01:29.083Z,recv,f4:db:00:00:00:d9,0x13,Write-Rsp,,,0,
hci_snoop_2025_11_26_15_00_04.cfa,1455,2025-11-26T15:01:29.120Z,sent,f4:db:00:00:00:d9,0x12,Write-Req,0x0021,07 4F 02 00 00 03,6,0x07
hci_snoop_2025_11_26_15_00_04.cfa,1457,2025-11-26T15:01:29.263Z,recv,f4:db:00:00:00:d9,0x1B,Notify,0x0024,07 4F 02 00 00 03 52 01 51 01 50 01 EF 03 F4 03 F8 03 00 00,20,0x07
hci_snoop_2025_11_26_15_00_04.cfa,1458,2025-11-26T15:01:29.353Z,recv,f4:db:00:00:00:d9,0x13,Write-Rsp,,,0,
hci_snoop_2025_11_26_15_00_04.cfa,1459,2025-11-26T15:01:29.387Z,sent,f4:db:00:00:00:d9,0x12,Write-Req,0x0021,07 52 02 00 00 03,6,0x07
hci_snoop_2025_11_26_15_00_04.cfa,1461,2025-11-26T15:01:29.533Z,recv,f4:db:00:00:00:d9,0x1B,Notify,0x0024,07 52 02 00 00 03 4F 01 4F 01 4E 01 FD 03 01 04 04 04 00 00,20,0x07
hci_snoop_2025_11_26_15_00_04.cfa,1462,2025-11-26T15:01:29.623Z,recv,f4:db:00:00:00:d9,0x13,Write-Rsp,,,0,
hci_snoop_2025_11_26_15_00_04.cfa,1463,2025-11-26T15:01:29.652Z,sent,f4:db:00:00:00:d9,0x12,Write-Req,0x0021,07 55 02 00 00 03,6,0x07
hci_snoop_2025_11_26_15_00_04.cfa,1465,2025-11-26T15:01:29.803Z,recv,f4:db:00:00:00:d9,0x1B,Notify,0x0024,07 55 02 00 00 03 4E 01 4D 01 4D 01 07 04 0B 04 0E 04 00 00,20,0x07
hci_snoop_2025_11_26_15_00_04.cfa,1466,2025-11-26T15:01:29.892Z,recv,f4:db:00:00:00:d9,0x13,Write-Rsp,,,0,
hci_snoop_2025_11_26_15_00_04.cfa,1467,2025-11-26T15:01:29.921Z,sent,f4:db:00:00:00:d9,0x12,Write-Req,0x0021,07 58 02 00 00 03,6,0x07
hci_snoop_2025_11_26_15_00_04.cfa,1469,2025-11-26T15:01:30.073Z,recv,f4:db:00:00:00:d9,0x1B,Notify,0x0024,07 58 02 00 00 03 4C 01 4C 01 4C 01 11 04 15 04 18 04 00 00,20,0x07
hci_snoop_2025_11_26_15_00_04.cfa,1470,2025-11-26T15:01:30.163Z,recv,f4:db:00:00:00:d9,0x13,Write-Rsp,,,0,
hci_snoop_2025_11_26_15_00_04.cfa,1471,2025-11-26T15:01:30.188Z,sent,f4:db:00:00:00:d9,0x12,Write-Req,0x0021,07 5B 02 00 00 03,6,0x07
hci_snoop_2025_11_26_15_00_04.cfa,1473,2025-11-26T15:01:30.347Z,recv,f4:db:00:00:00:d9,0x1B,Notify,0x0024,07 5B 02 00 00 03 4C 01 4C 01 4D 01 1B 04 1E 04 23 04 00 00,20,0x07
hci_snoop_2025_11_26_15_00_04.cfa,1474,2025-11-26T15:01:30.433Z,recv,f4:db:00:00:00:d9,0x13,Write-Rsp,,,0,
hci_snoop_2025_11_26_15_00_04.cfa,1475,2025-11-26T15:01:30.470Z,sent,f4:db:00:00:00:d9,0x12,Write-Req,0x0021,07 5E 02 00 00 03,6,0x07
hci_snoop_2025_11_26_15_00_04.cfa,1477,2025-11-26T15:01:30.613Z,recv,f4:db:00:00:00:d9,0x1B,Notify,0x0024,07 5E 02 00 00 03 50 01 54 01 58 01 23 04 1D 04 1A 04 00 00,20,0x07
hci_snoop_2025_11_26_15_00_04.cfa,1478,2025-11-26T15:01:30.705Z,recv,f4:db:00:00:00:d9,0x13,Write-Rsp,,,0,
hci_snoop_2025_11_26_15_00_04.cfa,1479,2025-11-26T15:01:30.739Z,sent,f4:db:00:00:00:d9,0x12,Write-Req,0x0021,07 61 02 00 00 03,6,0x07
hci_snoop_2025_11_26_15_00_04.cfa,1481,2025-11-26T15:01:30.883Z,recv,f4:db:00:00:00:d9,0x1B,Notify,0x0024,07 61 02 00 00 03 5D 01 61 01 67 01 13 04 0B 04 0B 04 00 00,20,0x07
hci_snoop_2025_11_26_15_00_04.cfa,1482,2025-11-26T15:01:30.973Z,recv,f4:db:00:00:00:d9,0x13,Write-Rsp,,,0,
hci_snoop_2025_11_26_15_00_04.cfa,1483,2025-11-26T15:01:31.009Z,sent,f4:db:00:00:00:d9,0x12,Write-Req,0x0021,07 64 02 00 00 03,6,0x07
hci_snoop_2025_11_26_15_00_04.cfa,1485,2025-11-26T15:01:31.154Z,recv,f4:db:00:00:00:d9,0x1B,Notify,0x0024,07 64 02 00 00 03 6B 01 6D 01 6F 01 FD 03 F6 03 F2 03 00 00,20,0x07
hci_snoop_2025_11_26_15_00_04.cfa,1486,2025-11-26T15:01:31.242Z,recv,f4:db:00:00:00:d9,0x13,Write-Rsp,,,0,
hci_snoop_2025_11_26_15_00_04.cfa,1487,2025-11-26T15:01:31.272Z,sent,f4:db:00:00:00:d9,0x12,Write-Req,0x0021,07 67 02 00 00 03,6,0x07
hci_snoop_2025_11_26_15_00_04.cfa,1489,2025-11-26T15:01:31.423Z,recv,f4:db:00:00:00:d9,0x1B,Notify,0x0024,07 67 02 00 00 03 72 01 73 01 73 01 F3 03 ED 03 ED 03 00 00,20,0x07
hci_snoop_2025_11_26_15_00_04.cfa,1490,2025-11-26T15:01:31.513Z,recv,f4:db:00:00:00:d9,0x13,Write-Rsp,,,0,
hci_snoop_2025_11_26_15_00_04.cfa,1491,2025-11-26T15:01:31.535Z,sent,f4:db:00:00:00:d9,0x12,Write-Req,0x0021,07 6A 02 00 00 03,6,0x07
hci_snoop_2025_11_26_15_00_04.cfa,1493,2025-11-26T15:01:31.698Z,recv,f4:db:00:00:00:d9,0x1B,Notify,0x0024,07 6A 02 00 00 03 71 01 6D 01 69 01 EE 03 F0 03 F5 03 00 00,20,0x07
hci_snoop_2025_11_26_15_00_04.cfa,1494,2025-11-26T15:01:31.783Z,recv,f4:db:00:00:00:d9,0x13,Write-Rsp,,,0,
hci_snoop_2025_11_26_15_00_04.cfa,1495,2025-11-26T15:01:31.820Z,sent,f4:db:00:00:00:d9,0x12,Write-Req,0x0021,07 6D 02 00 00 03,6,0x07
hci_snoop_2025_11_26_15_00_04.cfa,1497,2025-11-26T15:01:31.963Z,recv,f4:db:00:00:00:d9,0x1B,Notify,0x0024,07 6D 02 00 00 03 67 01 64 01 62 01 FA 03 FF 03 04 04 00 00,20,0x07
hci_snoop_2025_11_26_15_00_04.cfa,1498,2025-11-26T15:01:32.053Z,recv,f4:db:00:00:00:d9,0x13,Write-Rsp,,,0,
hci_snoop_2025_11_26_15_00_04.cfa,1499,2025-11-26T15:01:32.086Z,sent,f4:db:00:00:00:d9,0x12,Write-Req,0x0021,07 70 02 00 00 03,6,0x07
hci_snoop_2025_11_26_15_00_04.cfa,1501,2025-11-26T15:01:32.233Z,recv,f4:db:00:00:00:d9,0x1B,Notify,0x0024,07 70 02 00 00 03 60 01 5E 01 5D 01 08 04 0C 04 10 04 00 00,20,0x07
hci_snoop_2025_11_26_15_00_04.cfa,1502,2025-11-26T15:01:32.325Z,recv,f4:db:00:00:00:d9,0x13,Write-Rsp,,,0,
hci_snoop_2025_11_26_15_00_04.cfa,1503,2025-11-26T15:01:32.355Z,sent,f4:db:00:00:00:d9,0x12,Write-Req,0x0021,07 73 02 00 00 03,6,0x07
hci_snoop_2025_11_26_15_00_04.cfa,1505,2025-11-26T15:01:32.503Z,recv,f4:db:00:00:00:d9,0x1B,Notify,0x0024,07 73 02 00 00 03 5B 01 5A 01 59 01 14 04 16 04 1A 04 00 00,20,0x07
hci_snoop_2025_11_26_15_00_04.cfa,1506,2025-11-26T15:01:32.593Z,recv,f4:db:00:00:00:d9,0x13,Write-Rsp,,,0,
hci_snoop_2025_11_26_15_00_04.cfa,1507,2025-11-26T15:01:32.620Z,sent,f4:db:00:00:00:d9,0x12,Write-Req,0x0021,07 76 02 00 00 03,6,0x07
hci_snoop_2025_11_26_15_00_04.cfa,1510,2025-11-26T15:01:32.773Z,recv,f4:db:00:00:00:d9,0x1B,Notify,0x0024,07 76 02 00 00 03 58 01 57 01 56 01 1D 04 1F 04 22 04 00 00,20,0x07
hci_snoop_2025_11_26_15_00_04.cfa,1511,2025-11-26T15:01:32.863Z,recv,f4:db:00:00:00:d9,0x13,Write-Rsp,,,0,
hci_snoop_2025_11_26_15_00_04.cfa,1512,2025-11-26T15:01:32.886Z,sent,f4:db:00:00:00:d9,0x12,Write-Req,0x0021,07 79 02 00 00 03,6,0x07
hci_snoop_2025_11_26_15_00_04.cfa,1514,2025-11-26T15:01:33.048Z,recv,f4:db:00:00:00:d9,0x1B,Notify,0x0024,07 79 02 00 00 03 55 01 54 01 54 01 24 04 26 04 29 04 00 00,20,0x07
hci_snoop_2025_11_26_15_00_04.cfa,1515,2025-11-26T15:01:33.133Z,recv,f4:db:00:00:00:d9,0x13,Write-Rsp,,,0,
hci_snoop_2025_11_26_15_00_04.cfa,1516,2025-11-26T15:01:33.171Z,sent,f4:db:00:00:00:d9,0x12,Write-Req,0x0021,07 7C 02 00 00 03,6,0x07
hci_snoop_2025_11_26_15_00_04.cfa,1518,2025-11-26T15:01:33.313Z,recv,f4:db:00:00:00:d9,0x1B,Notify,0x0024,07 7C 02 00 00 03 53 01 52 01 52 01 2B 04 2C 04 2F 04 00 00,20,0x07
hci_snoop_2025_11_26_15_00_04.cfa,1519,2025-11-26T15:01:33.403Z,recv,f4:db:00:00:00:d9,0x13,Write-Rsp,,,0,
hci_snoop_2025_11_26_15_00_04.cfa,1520,2025-11-26T15:01:33.437Z,sent,f4:db:00:00:00:d9,0x12,Write-Req,0x0021,07 7F 02 00 00 03,6,0x07
hci_snoop_2025_11_26_15_00_04.cfa,1522,2025-11-26T15:01:33.583Z,recv,f4:db:00:00:00:d9,0x1B,Notify,0x0024,07 7F 02 00 00 03 51 01 51 01 50 01 30 04 32 04 34 04 00 00,20,0x07
hci_snoop_2025_11_26_15_00_04.cfa,1523,2025-11-26T15:01:33.673Z,recv,f4:db:00:00:00:d9,0x13,Write-Rsp,,,0,
hci_snoop_2025_11_26_15_00_04.cfa,1524,2025-11-26T15:01:33.705Z,sent,f4:db:00:00:00:d9,0x12,Write-Req,0x0021,07 82 02 00 00 03,6,0x07
hci_snoop_2025_11_26_15_00_04.cfa,1526,2025-11-26T15:01:33.854Z,recv,f4:db:00:00:00:d9,0x1B,Notify,0x0024,07 82 02 00 00 03 50 01 50 01 4F 01 35 04 37 04 38 04 00 00,20,0x07
hci_snoop_2025_11_26_15_00_04.cfa,1527,2025-11-26T15:01:33.942Z,recv,f4:db:00:00:00:d9,0x13,Write-Rsp,,,0,
hci_snoop_2025_11_26_15_00_04.cfa,1528,2025-11-26T15:01:33.971Z,sent,f4:db:00:00:00:d9,0x12,Write-Req,0x0021,07 85 02 00 00 03,6,0x07
hci_snoop_2025_11_26_15_00_04.cfa,1530,2025-11-26T15:01:34.213Z,recv,f4:db:00:00:00:d9,0x1B,Notify,0x0024,07 85 02 00 00 03 4F 01 4F 01 4E 01 3A 04 3C 04 3C 04 00 00,20,0x07
hci_snoop_2025_11_26_15_00_04.cfa,1531,2025-11-26T15:01:34.214Z,recv,f4:db:00:00:00:d9,0x13,Write-Rsp,,,0,
hci_snoop_2025_11_26_15_00_04.cfa,1532,2025-11-26T15:01:34.254Z,sent,f4:db:00:00:00:d9,0x12,Write-Req,0x0021,07 88 02 00 00 03,6,0x07
hci_snoop_2025_11_26_15_00_04.cfa,1534,2025-11-26T15:01:34.394Z,recv,f4:db:00:00:00:d9,0x1B,Notify,0x0024,07 88 02 00 00 03 4E 01 4E 01 4E 01 3D 04 3F 04 3F 04 00 00,20,0x07
hci_snoop_2025_11_26_15_00_04.cfa,1535,2025-11-26T15:01:34.482Z,recv,f4:db:00:00:00:d9,0x13,Write-Rsp,,,0,
hci_snoop_2025_11_26_15_00_04.cfa,1536,2025-11-26T15:01:34.503Z,sent,f4:db:00:00:00:d9,0x12,Write-Req,0x0021,07 8B 02 00 00 03,6,0x07
hci_snoop_2025_11_26_15_00_04.cfa,1538,2025-11-26T15:01:34.663Z,recv,f4:db:00:00:00:d9,0x1B,Notify,0x0024,07 8B 02 00 00 03 4E 01 4E 01 4E 01 41 04 41 04 43 04 00 00,20,0x07
hci_snoop_2025_11_26_15_00_04.cfa,1539,2025-11-26T15:01:34.754Z,recv,f4:db:00:00:00:d9,0x13,Write-Rsp,,,0,
hci_snoop_2025_11_26_15_00_04.cfa,1540,2025-11-26T15:01:34.786Z,sent,f4:db:00:00:00:d9,0x12,Write-Req,0x0021,07 8E 02 00 00 03,6,0x07
hci_snoop_2025_11_26_15_00_04.cfa,1542,2025-11-26T15:01:34.933Z,recv,f4:db:00:00:00:d9,0x1B,Notify,0x0024,07 8E 02 00 00 03 4E 01 4E 01 4E 01 43 04 44 04 44 04 00 00,20,0x07
hci_snoop_2025_11_26_15_00_04.cfa,1543,2025-11-26T15:01:35.026Z,recv,f4:db:00:00:00:d9,0x13,Write-Rsp,,,0,
hci_snoop_2025_11_26_15_00_04.cfa,1544,2025-11-26T15:01:35.038Z,sent,f4:db:00:00:00:d9,0x12,Write-Req,0x0021,07 91 02 00 00 03,6,0x07
hci_snoop_2025_11_26_15_00_04.cfa,1546,2025-11-26T15:01:35.202Z,recv,f4:db:00:00:00:d9,0x1B,Notify,0x0024,07 91 02 00 00 03 4E 01 4E 01 4F 01 44 04 44 04 44 04 00 00,20,0x07
hci_snoop_2025_11_26_15_00_04.cfa,1547,2025-11-26T15:01:35.292Z,recv,f4:db:00:00:00:d9,0x13,Write-Rsp,,,0,
hci_snoop_2025_11_26_15_00_04.cfa,1548,2025-11-26T15:01:35.294Z,sent,f4:db:00:00:00:d9,0x12,Write-Req,0x0021,07 94 02 00 00 03,6,0x07
hci_snoop_2025_11_26_15_00_04.cfa,1550,2025-11-26T15:01:35.472Z,recv,f4:db:00:00:00:d9,0x1B,Notify,0x0024,07 94 02 00 00 03 4F 01 4F 01 50 01 44 04 44 04 44 04 00 00,20,0x07
hci_snoop_2025_11_26_15_00_04.cfa,1551,2025-11-26T15:01:35.563Z,recv,f4:db:00:00:00:d9,0x13,Write-Rsp,,,0,
hci_snoop_2025_11_26_15_00_04.cfa,1552,2025-11-26T15:01:35.565Z,sent,f4:db:00:00:00:d9,0x12,Write-Req,0x0021,07 97 02 00 00 03,6,0x07
hci_snoop_2025_11_26_15_00_04.cfa,1554,2025-11-26T15:01:35.742Z,recv,f4:db:00:00:00:d9,0x1B,Notify,0x0024,07 97 02 00 00 03 50 01 50 01 50 01 44 04 43 04 43 04 00 00,20,0x07
hci_snoop_2025_11_26_15_00_04.cfa,1555,2025-11-26T15:01:35.834Z,recv,f4:db:00:00:00:d9,0x13,Write-Rsp,,,0,
hci_snoop_2025_11_26_15_00_04.cfa,1556,2025-11-26T15:01:35.840Z,sent,f4:db:00:00:00:d9,0x12,Write-Req,0x0021,07 9A 02 00 00 03,6,0x07
hci_snoop_2025_11_26_15_00_04.cfa,1558,2025-11-26T15:01:36.014Z,recv,f4:db:00:00:00:d9,0x1B,Notify,0x0024,07 9A 02 00 00 03 51 01 51 01 51 01 43 04 43 04 43 04 00 00,20,0x07
hci_snoop_2025_11_26_15_00_04.cfa,1559,2025-11-26T15:01:36.194Z,recv,f4:db:00:00:00:d9,0x13,Write-Rsp,,,0,
hci_snoop_2025_11_26_15_00_04.cfa,1560,2025-11-26T15:01:36.200Z,sent,f4:db:00:00:00:d9,0x12,Write-Req,0x0021,07 9D 02 00 00 03,6,0x07
hci_snoop_2025_11_26_15_00_04.cfa,1562,2025-11-26T15:01:36.375Z,recv,f4:db:00:00:00:d9,0x1B,Notify,0x0024,07 9D 02 00 00 03 51 01 51 01 51 01 43 04 42 04 41 04 00 00,20,0x07
hci_snoop_2025_11_26_15_00_04.cfa,1563,2025-11-26T15:01:36.463Z,recv,f4:db:00:00:00:d9,0x13,Write-Rsp,,,0,
hci_snoop_2025_11_26_15_00_04.cfa,1564,2025-11-26T15:01:36.466Z,sent,f4:db:00:00:00:d9,0x12,Write-Req,0x0021,07 A0 02 00 00 03,6,0x07
hci_snoop_2025_11_26_15_00_04.cfa,1566,2025-11-26T15:01:36.735Z,recv,f4:db:00:00:00:d9,0x1B,Notify,0x0024,07 A0 02 00 00 03 51 01 51 01 51 01 41 04 41 04 40 04 00 00,20,0x07
hci_snoop_2025_11_26_15_00_04.cfa,1567,2025-11-26T15:01:36.823Z,recv,f4:db:00:00:00:d9,0x13,Write-Rsp,,,0,
hci_snoop_2025_11_26_15_00_04.cfa,1568,2025-11-26T15:01:36.827Z,sent,f4:db:00:00:00:d9,0x12,Write-Req,0x0021,07 A3 02 00 00 03,6,0x07
hci_snoop_2025_11_26_15_00_04.cfa,1570,2025-11-26T15:01:37.005Z,recv,f4:db:00:00:00:d9,0x1B,Notify,0x0024,07 A3 02 00 00 03 51 01 51 01 51 01 40 04 40 04 40 04 00 00,20,0x07
hci_snoop_2025_11_26_15_00_04.cfa,1571,2025-11-26T15:01:37.094Z,recv,f4:db:00:00:00:d9,0x13,Write-Rsp,,,0,
hci_snoop_2025_11_26_15_00_04.cfa,1572,2025-11-26T15:01:37.101Z,sent,f4:db:00:00:00:d9,0x12,Write-Req,0x0021,07 A6 02 00 00 03,6,0x07
hci_snoop_2025_11_26_15_00_04.cfa,1574,2025-11-26T15:01:37.274Z,recv,f4:db:00:00:00:d9,0x1B,Notify,0x0024,07 A6 02 00 00 03 50 01 50 01 50 01 40 04 40 04 40 04 00 00,20,0x07
hci_snoop_2025_11_26_15_00_04.cfa,1575,2025-11-26T15:01:37.362Z,recv,f4:db:00:00:00:d9,0x13,Write-Rsp,,,0,
hci_snoop_2025_11_26_15_00_04.cfa,1576,2025-11-26T15:01:37.365Z,sent,f4:db:00:00:00:d9,0x12,Write-Req,0x0021,07 A9 02 00 00 03,6,0x07
hci_snoop_2025_11_26_15_00_04.cfa,1585,2025-11-26T15:01:37.542Z,recv,f4:db:00:00:00:d9,0x1B,Notify,0x0024,07 A9 02 00 00 03 50 01 50 01 4F 01 41 04 41 04 41 04 00 00,20,0x07
hci_snoop_2025_11_26_15_00_04.cfa,1587,2025-11-26T15:01:37.634Z,recv,f4:db:00:00:00:d9,0x13,Write-Rsp,,,0,
hci_snoop_2025_11_26_15_00_04.cfa,1591,2025-11-26T15:01:37.644Z,sent,f4:db:00:00:00:d9,0x12,Write-Req,0x0021,07 AC 02 00 00 03,6,0x07
hci_snoop_2025_11_26_15_00_04.cfa,1597,2025-11-26T15:01:37.812Z,recv,f4:db:00:00:00:d9,0x1B,Notify,0x0024,07 AC 02 00 00 03 4F 01 4F 01 4F 01 41 04 41 04 41 04 00 00,20,0x07
hci_snoop_2025_11_26_15_00_04.cfa,1598,2025-11-26T15:01:37.903Z,recv,f4:db:00:00:00:d9,0x13,Write-Rsp,,,0,
hci_snoop_2025_11_26_15_00_04.cfa,1599,2025-11-26T15:01:37.908Z,sent,f4:db:00:00:00:d9,0x12,Write-Req,0x0021,07 AF 02 00 00 03,6,0x07
hci_snoop_2025_11_26_15_00_04.cfa,1601,2025-11-26T15:01:38.085Z,recv,f4:db:00:00:00:d9,0x1B,Notify,0x0024,07 AF 02 00 00 03 4F 01 4F 01 4F 01 41 04 41 04 41 04 00 00,20,0x07
hci_snoop_2025_11_26_15_00_04.cfa,1602,2025-11-26T15:01:38.173Z,recv,f4:db:00:00:00:d9,0x13,Write-Rsp,,,0,
hci_snoop_2025_11_26_15_00_04.cfa,1603,2025-11-26T15:01:38.177Z,sent,f4:db:00:00:00:d9,0x12,Write-Req,0x0021,07 B2 02 00 00 03,6,0x07
hci_snoop_2025_11_26_15_00_04.cfa,1605,2025-11-26T15:01:38.354Z,recv,f4:db:00:00:00:d9,0x1B,Notify,0x0024,07 B2 02 00 00 03 4E 01 4E 01 4E 01 41 04 40 04 40 04 00 00,20,0x07
hci_snoop_2025_11_26_15_00_04.cfa,1606,2025-11-26T15:01:38.443Z,recv,f4:db:00:00:00:d9,0x13,Write-Rsp,,,0,
hci_snoop_2025_11_26_15_00_04.cfa,1607,2025-11-26T15:01:38.448Z,sent,f4:db:00:00:00:d9,0x12,Write-Req,0x0021,07 B5 02 00 00 03,6,0x07
hci_snoop_2025_11_26_15_00_04.cfa,1609,2025-11-26T15:01:38.624Z,recv,f4:db:00:00:00:d9,0x1B,Notify,0x0024,07 B5 02 00 00 03 4E 01 4E 01 4E 01 40 04 3F 04 3F 04 00 00,20,0x07
hci_snoop_2025_11_26_15_00_04.cfa,1610,2025-11-26T15:01:38.714Z,recv,f4:db:00:00:00:d9,0x13,Write-Rsp,,,0,
hci_snoop_2025_11_26_15_00_04.cfa,1611,2025-11-26T15:01:38.721Z,sent,f4:db:00:00:00:d9,0x12,Write-Req,0x0021,07 B8 02 00 00 03,6,0x07
hci_snoop_2025_11_26_15_00_04.cfa,1613,2025-11-26T15:01:38.894Z,recv,f4:db:00:00:00:d9,0x1B,Notify,0x0024,07 B8 02 00 00 03 4F 01 4F 01 4F 01 3F 04 3E 04 3D 04 00 00,20,0x07
hci_snoop_2025_11_26_15_00_04.cfa,1614,2025-11-26T15:01:38.983Z,recv,f4:db:00:00:00:d9,0x13,Write-Rsp,,,0,
hci_snoop_2025_11_26_15_00_04.cfa,1615,2025-11-26T15:01:38.990Z,sent,f4:db:00:00:00:d9,0x12,Write-Req,0x0021,07 BB 02 00 00 03,6,0x07
hci_snoop_2025_11_26_15_00_04.cfa,1617,2025-11-26T15:01:39.164Z,recv,f4:db:00:00:00:d9,0x1B,Notify,0x0024,07 BB 02 00 00 03 4F 01 4F 01 50 01 3D 04 3D 04 3C 04 00 00,20,0x07
hci_snoop_2025_11_26_15_00_04.cfa,1618,2025-11-26T15:01:39.253Z,recv,f4:db:00:00:00:d9,0x13,Write-Rsp,,,0,
hci_snoop_2025_11_26_15_00_04.cfa,1619,2025-11-26T15:01:39.259Z,sent,f4:db:00:00:00:d9,0x12,Write-Req,0x0021,07 BE 02 00 00 03,6,0x07
hci_snoop_2025_11_26_15_00_04.cfa,1621,2025-11-26T15:01:39.434Z,recv,f4:db:00:00:00:d9,0x1B,Notify,0x0024,07 BE 02 00 00 03 4F 01 50 01 50 01 3C 04 3B 04 3B 04 00 00,20,0x07
hci_snoop_2025_11_26_15_00_04.cfa,1622,2025-11-26T15:01:39.524Z,recv,f4:db:00:00:00:d9,0x13,Write-Rsp,,,0,
hci_snoop_2025_11_26_15_00_04.cfa,1623,2025-11-26T15:01:39.530Z,sent,f4:db:00:00:00:d9,0x12,Write-Req,0x0021,07 C1 02 00 00 03,6,0x07
hci_snoop_2025_11_26_15_00_04.cfa,1625,2025-11-26T15:01:39.704Z,recv,f4:db:00:00:00:d9,0x1B,Notify,0x0024,07 C1 02 00 00 03 50 01 50 01 50 01 3A 04 3A 04 3A 04 00 00,20,0x07
hci_snoop_2025_11_26_15_00_04.cfa,1626,2025-11-26T15:01:39.794Z,recv,f4:db:00:00:00:d9,0x13,Write-Rsp,,,0,
hci_snoop_2025_11_26_15_00_04.cfa,1627,2025-11-26T15:01:39.800Z,sent,f4:db:00:00:00:d9,0x12,Write-Req,0x0021,07 C4 02 00 00 03,6,0x07
hci_snoop_2025_11_26_15_00_04.cfa,1629,2025-11-26T15:01:39.974Z,recv,f4:db:00:00:00:d9,0x1B,Notify,0x0024,07 C4 02 00 00 03 50 01 50 01 50 01 39 04 39 04 39 04 00 00,20,0x07
hci_snoop_2025_11_26_15_00_04.cfa,1630,2025-11-26T15:01:40.062Z,recv,f4:db:00:00:00:d9,0x13,Write-Rsp,,,0,
hci_snoop_2025_11_26_15_00_04.cfa,1631,2025-11-26T15:01:40.066Z,sent,f4:db:00:00:00:d9,0x12,Write-Req,0x0021,07 C7 02 00 00 03,6,0x07
hci_snoop_2025_11_26_15_00_04.cfa,1633,2025-11-26T15:01:40.244Z,recv,f4:db:00:00:00:d9,0x1B,Notify,0x0024,07 C7 02 00 00 03 50 01 50 01 50 01 38 04 38 04 38 04 00 00,20,0x07
hci_snoop_2025_11_26_15_00_04.cfa,1634,2025-11-26T15:01:40.333Z,recv,f4:db:00:00:00:d9,0x13,Write-Rsp,,,0,
hci_snoop_2025_11_26_15_00_04.cfa,1635,2025-11-26T15:01:40.338Z,sent,f4:db:00:00:00:d9,0x12,Write-Req,0x0021,07 CA 02 00 00 03,6,0x07
hci_snoop_2025_11_26_15_00_04.cfa,1637,2025-11-26T15:01:40.514Z,recv,f4:db:00:00:00:d9,0x1B,Notify,0x0024,07 CA 02 00 00 03 50 01 50 01 4F 01 38 04 38 04 38 04 00 00,20,0x07
hci_snoop_2025_11_26_15_00_04.cfa,1638,2025-11-26T15:01:40.604Z,recv,f4:db:00:00:00:d9,0x13,Write-Rsp,,,0,
hci_snoop_2025_11_26_15_00_04.cfa,1639,2025-11-26T15:01:40.610Z,sent,f4:db:00:00:00:d9,0x12,Write-Req,0x0021,07 CD 02 00 00 03,6,0x07
hci_snoop_2025_11_26_15_00_04.cfa,1641,2025-11-26T15:01:40.786Z,recv,f4:db:00:00:00:d9,0x1B,Notify,0x0024,07 CD 02 00 00 03 4F 01 4F 01 4F 01 39 04 39 04 39 04 00 00,20,0x07
hci_snoop_2025_11_26_15_00_04.cfa,1642,2025-11-26T15:01:40.874Z,recv,f4:db:00:00:00:d9,0x13,Write-Rsp,,,0,
hci_snoop_2025_11_26_15_00_04.cfa,1643,2025-11-26T15:01:40.880Z,sent,f4:db:00:00:00:d9,0x12,Write-Req,0x0021,07 D0 02 00 00 03,6,0x07
hci_snoop_2025_11_26_15_00_04.cfa,1645,2025-11-26T15:01:41.053Z,recv,f4:db:00:00:00:d9,0x1B,Notify,0x0024,07 D0 02 00 00 03 4F 01 4E 01 4E 01 3A 04 3A 04 3A 04 00 00,20,0x07
hci_snoop_2025_11_26_15_00_04.cfa,1646,2025-11-26T15:01:41.142Z,recv,f4:db:00:00:00:d9,0x13,Write-Rsp,,,0,
hci_snoop_2025_11_26_15_00_04.cfa,1647,2025-11-26T15:01:41.145Z,sent,f4:db:00:00:00:d9,0x12,Write-Req,0x0021,07 D3 02 00 00 03,6,0x07
hci_snoop_2025_11_26_15_00_04.cfa,1649,2025-11-26T15:01:41.323Z,recv,f4:db:00:00:00:d9,0x1B,Notify,0x0024,07 D3 02 00 00 03 4E 01 4D 01 4E 01 3A 04 3B 04 3B 04 00 00,20,0x07
hci_snoop_2025_11_26_15_00_04.cfa,1650,2025-11-26T15:01:41.413Z,recv,f4:db:00:00:00:d9,0x13,Write-Rsp,,,0,
hci_snoop_2025_11_26_15_00_04.cfa,1651,2025-11-26T15:01:41.417Z,sent,f4:db:00:00:00:d9,0x12,Write-Req,0x0021,07 D6 02 00 00 03,6,0x07
hci_snoop_2025_11_26_15_00_04.cfa,1653,2025-11-26T15:01:41.593Z,recv,f4:db:00:00:00:d9,0x1B,Notify,0x0024,07 D6 02 00 00 03 4D 01 4D 01 4D 01 3B 04 3C 04 3C 04 00 00,20,0x07
hci_snoop_2025_11_26_15_00_04.cfa,1654,2025-11-26T15:01:41.682Z,recv,f4:db:00:00:00:d9,0x13,Write-Rsp,,,0,
hci_snoop_2025_11_26_15_00_04.cfa,1655,2025-11-26T15:01:41.684Z,sent,f4:db:00:00:00:d9,0x12,Write-Req,0x0021,07 D9 02 00 00 03,6,0x07
hci_snoop_2025_11_26_15_00_04.cfa,1657,2025-11-26T15:01:41.863Z,recv,f4:db:00:00:00:d9,0x1B,Notify,0x0024,07 D9 02 00 00 03 4D 01 4D 01 4D 01 3C 04 3C 04 3C 04 00 00,20,0x07
hci_snoop_2025_11_26_15_00_04.cfa,1658,2025-11-26T15:01:41.953Z,recv,f4:db:00:00:00:d9,0x13,Write-Rsp,,,0,
hci_snoop_2025_11_26_15_00_04.cfa,1659,2025-11-26T15:01:41.961Z,sent,f4:db:00:00:00:d9,0x12,Write-Req,0x0021,07 DC 02 00 00 03,6,0x07
hci_snoop_2025_11_26_15_00_04.cfa,1661,2025-11-26T15:01:42.135Z,recv,f4:db:00:00:00:d9,0x1B,Notify,0x0024,07 DC 02 00 00 03 4D 01 4D 01 4D 01 3C 04 3C 04 3B 04 00 00,20,0x07
hci_snoop_2025_11_26_15_00_04.cfa,1662,2025-11-26T15:01:42.223Z,recv,f4:db:00:00:00:d9,0x13,Write-Rsp,,,0,
hci_snoop_2025_11_26_15_00_04.cfa,1663,2025-11-26T15:01:42.226Z,sent,f4:db:00:00:00:d9,0x12,Write-Req,0x0021,07 DF 02 00 00 03,6,0x07
hci_snoop_2025_11_26_15_00_04.cfa,1665,2025-11-26T15:01:42.403Z,recv,f4:db:00:00:00:d9,0x1B,Notify,0x0024,07 DF 02 00 00 03 4D 01 4D 01 4D 01 3B 04 3A 04 3A 04 00 00,20,0x07
hci_snoop_2025_11_26_15_00_04.cfa,1666,2025-11-26T15:01:42.492Z,recv,f4:db:00:00:00:d9,0x13,Write-Rsp,,,0,
hci_snoop_2025_11_26_15_00_04.cfa,1667,2025-11-26T15:01:42.495Z,sent,f4:db:00:00:00:d9,0x12,Write-Req,0x0021,07 E2 02 00 00 03,6,0x07
hci_snoop_2025_11_26_15_00_04.cfa,1669,2025-11-26T15:01:42.672Z,recv,f4:db:00:00:00:d9,0x1B,Notify,0x0024,07 E2 02 00 00 03 4D 01 4C 01 4C 01 3A 04 C7 03 F4 03 00 00,20,0x07
hci_snoop_2025_11_26_15_00_04.cfa,1670,2025-11-26T15:01:42.762Z,recv,f4:db:00:00:00:d9,0x13,Write-Rsp,,,0,
hci_snoop_2025_11_26_15_00_04.cfa,1671,2025-11-26T15:01:42.766Z,sent,f4:db:00:00:00:d9,0x12,Write-Req,0x0021,07 E5 02 00 00 03,6,0x07
hci_snoop_2025_11_26_15_00_04.cfa,1673,2025-11-26T15:01:42.943Z,recv,f4:db:00:00:00:d9,0x1B,Notify,0x0024,07 E5 02 00 00 03 4C 01 4B 01 4C 01 FE 03 D0 03 DF 03 00 00,20,0x07
hci_snoop_2025_11_26_15_00_04.cfa,1674,2025-11-26T15:01:43.032Z,recv,f4:db:00:00:00:d9,0x13,Write-Rsp,,,0,
hci_snoop_2025_11_26_15_00_04.cfa,1675,2025-11-26T15:01:43.035Z,sent,f4:db:00:00:00:d9,0x12,Write-Req,0x0021,07 E8 02 00 00 03,6,0x07
hci_snoop_2025_11_26_15_00_04.cfa,1677,2025-11-26T15:01:43.213Z,recv,f4:db:00:00:00:d9,0x1B,Notify,0x0024,07 E8 02 00 00 03 4C 01 4D 01 4D 01 EA 03 F4 03 FD 03 00 00,20,0x07
hci_snoop_2025_11_26_15_00_04.cfa,1678,2025-11-26T15:01:43.303Z,recv,f4:db:00:00:00:d9,0x13,Write-Rsp,,,0,
hci_snoop_2025_11_26_15_00_04.cfa,1679,2025-11-26T15:01:43.308Z,sent,f4:db:00:00:00:d9,0x12,Write-Req,0x0021,07 EB 02 00 00 03,6,0x07
hci_snoop_2025_11_26_15_00_04.cfa,1681,2025-11-26T15:01:43.485Z,recv,f4:db:00:00:00:d9,0x1B,Notify,0x0024,07 EB 02 00 00 03 4E 01 4F 01 4F 01 0B 04 16 04 1D 04 00 00,20,0x07
hci_snoop_2025_11_26_15_00_04.cfa,1682,2025-11-26T15:01:43.573Z,recv,f4:db:00:00:00:d9,0x13,Write-Rsp,,,0,
hci_snoop_2025_11_26_15_00_04.cfa,1683,2025-11-26T15:01:43.578Z,sent,f4:db:00:00:00:d9,0x12,Write-Req,0x0021,07 EE 02 00 00 03,6,0x07
hci_snoop_2025_11_26_15_00_04.cfa,1685,2025-11-26T15:01:43.753Z,recv,f4:db:00:00:00:d9,0x1B,Notify,0x0024,07 EE 02 00 00 03 50 01 51 01 52 01 1F 04 23 04 25 04 00 00,20,0x07
hci_snoop_2025_11_26_15_00_04.cfa,1686,2025-11-26T15:01:43.843Z,recv,f4:db:00:00:00:d9,0x13,Write-Rsp,,,0,
hci_snoop_2025_11_26_15_00_04.cfa,1687,2025-11-26T15:01:43.846Z,sent,f4:db:00:00:00:d9,0x12,Write-Req,0x0021,07 F1 02 00 00 03,6,0x07
hci_snoop_2025_11_26_15_00_04.cfa,1689,2025-11-26T15:01:44.112Z,recv,f4:db:00:00:00:d9,0x1B,Notify,0x0024,07 F1 02 00 00 03 52 01 52 01 53 01 26 04 26 04 26 04 00 00,20,0x07
hci_snoop_2025_11_26_15_00_04.cfa,1690,2025-11-26T15:01:44.113Z,recv,f4:db:00:00:00:d9,0x13,Write-Rsp,,,0,
hci_snoop_2025_11_26_15_00_04.cfa,1691,2025-11-26T15:01:44.122Z,sent,f4:db:00:00:00:d9,0x12,Write-Req,0x0021,07 F4 02 00 00 03,6,0x07
hci_snoop_2025_11_26_15_00_04.cfa,1693,2025-11-26T15:01:44.293Z,recv,f4:db:00:00:00:d9,0x1B,Notify,0x0024,07 F4 02 00 00 03 53 01 53 01 54 01 28 04 2A 04 2B 04 00 00,20,0x07
hci_snoop_2025_11_26_15_00_04.cfa,1694,2025-11-26T15:01:44.384Z,recv,f4:db:00:00:00:d9,0x13,Write-Rsp,,,0,
hci_snoop_2025_11_26_15_00_04.cfa,1695,2025-11-26T15:01:44.389Z,sent,f4:db:00:00:00:d9,0x12,Write-Req,0x0021,07 F7 02 00 00 03,6,0x07
hci_snoop_2025_11_26_15_00_04.cfa,1697,2025-11-26T15:01:44.563Z,recv,f4:db:00:00:00:d9,0x1B,Notify,0x0024,07 F7 02 00 00 03 54 01 54 01 54 01 2C 04 2E 04 2F 04 00 00,20,0x07
hci_snoop_2025_11_26_15_00_04.cfa,1698,2025-11-26T15:01:44.654Z,recv,f4:db:00:00:00:d9,0x13,Write-Rsp,,,0,
hci_snoop_2025_11_26_15_00_04.cfa,1699,2025-11-26T15:01:44.661Z,sent,f4:db:00:00:00:d9,0x12,Write-Req,0x0021,07 FA 02 00 00 03,6,0x07
hci_snoop_2025_11_26_15_00_04.cfa,1701,2025-11-26T15:01:44.834Z,recv,f4:db:00:00:00:d9,0x1B,Notify,0x0024,07 FA 02 00 00 03 54 01 54 01 54 01 30 04 31 04 33 04 00 00,20,0x07
hci_snoop_2025_11_26_15_00_04.cfa,1702,2025-11-26T15:01:44.923Z,recv,f4:db:00:00:00:d9,0x13,Write-Rsp,,,0,
hci_snoop_2025_11_26_15_00_04.cfa,1703,2025-11-26T15:01:44.930Z,sent,f4:db:00:00:00:d9,0x12,Write-Req,0x0021,07 FD 02 00 00 03,6,0x07
hci_snoop_2025_11_26_15_00_04.cfa,1705,2025-11-26T15:01:45.104Z,recv,f4:db:00:00:00:d9,0x1B,Notify,0x0024,07 FD 02 00 00 03 54 01 54 01 54 01 34 04 36 04 36 04 00 00,20,0x07
hci_snoop_2025_11_26_15_00_04.cfa,1706,2025-11-26T15:01:45.193Z,recv,f4:db:00:00:00:d9,0x13,Write-Rsp,,,0,
hci_snoop_2025_11_26_15_00_04.cfa,1707,2025-11-26T15:01:45.198Z,sent,f4:db:00:00:00:d9,0x12,Write-Req,0x0021,07 00 03 00 00 03,6,0x07
hci_snoop_2025_11_26_15_00_04.cfa,1709,2025-11-26T15:01:45.374Z,recv,f4:db:00:00:00:d9,0x1B,Notify,0x0024,07 00 03 00 00 03 54 01 54 01 54 01 38 04 38 04 3A 04 00 00,20,0x07
hci_snoop_2025_11_26_15_00_04.cfa,1710,2025-11-26T15:01:45.463Z,recv,f4:db:00:00:00:d9,0x13,Write-Rsp,,,0,
hci_snoop_2025_11_26_15_00_04.cfa,1711,2025-11-26T15:01:45.471Z,sent,f4:db:00:00:00:d9,0x12,Write-Req,0x0021,07 03 03 00 00 03,6,0x07
hci_snoop_2025_11_26_15_00_04.cfa,1713,2025-11-26T15:01:45.644Z,recv,f4:db:00:00:00:d9,0x1B,Notify,0x0024,07 03 03 00 00 03 54 01 54 01 54 01 3A 04 3B 04 3B 04 00 00,20,0x07
hci_snoop_2025_11_26_15_00_04.cfa,1714,2025-11-26T15:01:45.734Z,recv,f4:db:00:00:00:d9,0x13,Write-Rsp,,,0,
hci_snoop_2025_11_26_15_00_04.cfa,1715,2025-11-26T15:01:45.741Z,sent,f4:db:00:00:00:d9,0x12,Write-Req,0x0021,07 06 03 00 00 03,6,0x07
hci_snoop_2025_11_26_15_00_04.cfa,1717,2025-11-26T15:01:45.914Z,recv,f4:db:00:00:00:d9,0x1B,Notify,0x0024,07 06 03 00 00 03 54 01 54 01 53 01 3C 04 3D 04 3F 04 00 00,20,0x07
hci_snoop_2025_11_26_15_00_04.cfa,1718,2025-11-26T15:01:46.004Z,recv,f4:db:00:00:00:d9,0x13,Write-Rsp,,,0,
hci_snoop_2025_11_26_15_00_04.cfa,1719,2025-11-26T15:01:46.010Z,sent,f4:db:00:00:00:d9,0x12,Write-Req,0x0021,07 09 03 00 00 03,6,0x07
hci_snoop_2025_11_26_15_00_04.cfa,1721,2025-11-26T15:01:46.186Z,recv,f4:db:00:00:00:d9,0x1B,Notify,0x0024,07 09 03 00 00 03 53 01 53 01 53 01 42 04 44 04 46 04 00 00,20,0x07
hci_snoop_2025_11_26_15_00_04.cfa,1722,2025-11-26T15:01:46.272Z,recv,f4:db:00:00:00:d9,0x13,Write-Rsp,,,0,
hci_snoop_2025_11_26_15_00_04.cfa,1723,2025-11-26T15:01:46.276Z,sent,f4:db:00:00:00:d9,0x12,Write-Req,0x0021,07 0C 03 00 00 03,6,0x07
hci_snoop_2025_11_26_15_00_04.cfa,1725,2025-11-26T15:01:46.452Z,recv,f4:db:00:00:00:d9,0x1B,Notify,0x0024,07 0C 03 00 00 03 53 01 53 01 53 01 49 04 4B 04 4D 04 00 00,20,0x07
hci_snoop_2025_11_26_15_00_04.cfa,1726,2025-11-26T15:01:46.542Z,recv,f4:db:00:00:00:d9,0x13,Write-Rsp,,,0,
hci_snoop_2025_11_26_15_00_04.cfa,1727,2025-11-26T15:01:46.545Z,sent,f4:db:00:00:00:d9,0x12,Write-Req,0x0021,07 0F 03 00 00 03,6,0x07
hci_snoop_2025_11_26_15_00_04.cfa,1729,2025-11-26T15:01:46.723Z,recv,f4:db:00:00:00:d9,0x1B,Notify,0x0024,07 0F 03 00 00 03 53 01 53 01 52 01 50 04 53 04 56 04 00 00,20,0x07
hci_snoop_2025_11_26_15_00_04.cfa,1730,2025-11-26T15:01:46.813Z,recv,f4:db:00:00:00:d9,0x13,Write-Rsp,,,0,
hci_snoop_2025_11_26_15_00_04.cfa,1731,2025-11-26T15:01:46.818Z,sent,f4:db:00:00:00:d9,0x12,Write-Req,0x0021,07 12 03 00 00 03,6,0x07
hci_snoop_2025_11_26_15_00_04.cfa,1733,2025-11-26T15:01:46.992Z,recv,f4:db:00:00:00:d9,0x1B,Notify,0x0024,07 12 03 00 00 03 52 01 52 01 52 01 58 04 5A 04 5D 04 00 00,20,0x07
hci_snoop_2025_11_26_15_00_04.cfa,1734,2025-11-26T15:01:47.084Z,recv,f4:db:00:00:00:d9,0x13,Write-Rsp,,,0,
hci_snoop_2025_11_26_15_00_04.cfa,1735,2025-11-26T15:01:47.089Z,sent,f4:db:00:00:00:d9,0x12,Write-Req,0x0021,07 15 03 00 00 03,6,0x07
hci_snoop_2025_11_26_15_00_04.cfa,1737,2025-11-26T15:01:47.263Z,recv,f4:db:00:00:00:d9,0x1B,Notify,0x0024,07 15 03 00 00 03 52 01 52 01 52 01 5F 04 61 04 62 04 00 00,20,0x07
hci_snoop_2025_11_26_15_00_04.cfa,1738,2025-11-26T15:01:47.353Z,recv,f4:db:00:00:00:d9,0x13,Write-Rsp,,,0,
hci_snoop_2025_11_26_15_00_04.cfa,1739,2025-11-26T15:01:47.355Z,sent,f4:db:00:00:00:d9,0x12,Write-Req,0x0021,07 18 03 00 00 03,6,0x07
hci_snoop_2025_11_26_15_00_04.cfa,1741,2025-11-26T15:01:47.533Z,recv,f4:db:00:00:00:d9,0x1B,Notify,0x0024,07 18 03 00 00 03 52 01 52 01 51 01 65 04 66 04 69 04 00 00,20,0x07
hci_snoop_2025_11_26_15_00_04.cfa,1742,2025-11-26T15:01:47.622Z,recv,f4:db:00:00:00:d9,0x13,Write-Rsp,,,0,
hci_snoop_2025_11_26_15_00_04.cfa,1743,2025-11-26T15:01:47.625Z,sent,f4:db:00:00:00:d9,0x12,Write-Req,0x0021,07 1B 03 00 00 03,6,0x07
hci_snoop_2025_11_26_15_00_04.cfa,1745,2025-11-26T15:01:47.803Z,recv,f4:db:00:00:00:d9,0x1B,Notify,0x0024,07 1B 03 00 00 03 51 01 51 01 51 01 6B 04 6C 04 6E 04 00 00,20,0x07
hci_snoop_2025_11_26_15_00_04.cfa,1746,2025-11-26T15:01:47.892Z,recv,f4:db:00:00:00:d9,0x13,Write-Rsp,,,0,
hci_snoop_2025_11_26_15_00_04.cfa,1747,2025-11-26T15:01:47.896Z,sent,f4:db:00:00:00:d9,0x12,Write-Req,0x0021,07 1E 03 00 00 03,6,0x07
hci_snoop_2025_11_26_15_00_04.cfa,1749,2025-11-26T15:01:48.074Z,recv,f4:db:00:00:00:d9,0x1B,Notify,0x0024,07 1E 03 00 00 03 51 01 50 01 50 01 70 04 71 04 72 04 00 00,20,0x07
hci_snoop_2025_11_26_15_00_04.cfa,1750,2025-11-26T15:01:48.163Z,recv,f4:db:00:00:00:d9,0x13,Write-Rsp,,,0,
hci_snoop_2025_11_26_15_00_04.cfa,1751,2025-11-26T15:01:48.172Z,sent,f4:db:00:00:00:d9,0x12,Write-Req,0x0021,07 21 03 00 00 03,6,0x07
hci_snoop_2025_11_26_15_00_04.cfa,1753,2025-11-26T15:01:48.343Z,recv,f4:db:00:00:00:d9,0x1B,Notify,0x0024,07 21 03 00 00 03 50 01 50 01 50 01 73 04 74 04 75 04 00 00,20,0x07
hci_snoop_2025_11_26_15_00_04.cfa,1754,2025-11-26T15:01:48.434Z,recv,f4:db:00:00:00:d9,0x13,Write-Rsp,,,0,
hci_snoop_2025_11_26_15_00_04.cfa,1755,2025-11-26T15:01:48.439Z,sent,f4:db:00:00:00:d9,0x12,Write-Req,0x0021,07 24 03 00 00 03,6,0x07
hci_snoop_2025_11_26_15_00_04.cfa,1757,2025-11-26T15:01:48.613Z,recv,f4:db:00:00:00:d9,0x1B,Notify,0x0024,07 24 03 00 00 03 50 01 50 01 4F 01 76 04 78 04 79 04 00 00,20,0x07
hci_snoop_2025_11_26_15_00_04.cfa,1758,2025-11-26T15:01:48.703Z,recv,f4:db:00:00:00:d9,0x13,Write-Rsp,,,0,
hci_snoop_2025_11_26_15_00_04.cfa,1759,2025-11-26T15:01:48.710Z,sent,f4:db:00:00:00:d9,0x12,Write-Req,0x0021,07 27 03 00 00 03,6,0x07
hci_snoop_2025_11_26_15_00_04.cfa,1761,2025-11-26T15:01:48.884Z,recv,f4:db:00:00:00:d9,0x1B,Notify,0x0024,07 27 03 00 00 03 4F 01 4F 01 4F 01 7A 04 7C 04 7C 04 00 00,20,0x07
hci_snoop_2025_11_26_15_00_04.cfa,1762,2025-11-26T15:01:48.977Z,recv,f4:db:00:00:00:d9,0x13,Write-Rsp,,,0,
hci_snoop_2025_11_26_15_00_04.cfa,1764,2025-11-26T15:01:48.981Z,sent,f4:db:00:00:00:d9,0x12,Write-Req,0x0021,07 2A 03 00 00 03,6,0x07
hci_snoop_2025_11_26_15_00_04.cfa,1766,2025-11-26T15:01:49.155Z,recv,f4:db:00:00:00:d9,0x1B,Notify,0x0024,07 2A 03 00 00 03 4F 01 4E 01 4E 01 7A 04 7A 04 7A 04 00 00,20,0x07
hci_snoop_2025_11_26_15_00_04.cfa,1767,2025-11-26T15:01:49.243Z,recv,f4:db:00:00:00:d9,0x13,Write-Rsp,,,0,
hci_snoop_2025_11_26_15_00_04.cfa,1768,2025-11-26T15:01:49.247Z,sent,f4:db:00:00:00:d9,0x12,Write-Req,0x0021,07 2D 03 00 00 03,6,0x07
hci_snoop_2025_11_26_15_00_04.cfa,1770,2025-11-26T15:01:49.423Z,recv,f4:db:00:00:00:d9,0x1B,Notify,0x0024,07 2D 03 00 00 03 4E 01 4E 01 4E 01 7A 04 7A 04 7B 04 00 00,20,0x07
hci_snoop_2025_11_26_15_00_04.cfa,1771,2025-11-26T15:01:49.513Z,recv,f4:db:00:00:00:d9,0x13,Write-Rsp,,,0,
hci_snoop_2025_11_26_15_00_04.cfa,1772,2025-11-26T15:01:49.516Z,sent,f4:db:00:00:00:d9,0x12,Write-Req,0x0021,07 30 03 00 00 03,6,0x07
hci_snoop_2025_11_26_15_00_04.cfa,1774,2025-11-26T15:01:49.693Z,recv,f4:db:00:00:00:d9,0x1B,Notify,0x0024,07 30 03 00 00 03 4F 01 51 01 52 01 7D 04 78 04 76 04 00 00,20,0x07
hci_snoop_2025_11_26_15_00_04.cfa,1775,2025-11-26T15:01:49.783Z,recv,f4:db:00:00:00:d9,0x13,Write-Rsp,,,0,
hci_snoop_2025_11_26_15_00_04.cfa,1776,2025-11-26T15:01:49.788Z,sent,f4:db:00:00:00:d9,0x12,Write-Req,0x0021,07 33 03 00 00 03,6,0x07
hci_snoop_2025_11_26_15_00_04.cfa,1778,2025-11-26T15:01:49.963Z,recv,f4:db:00:00:00:d9,0x1B,Notify,0x0024,07 33 03 00 00 03 3A 01 46 01 4A 01 3A 03 6E 03 A5 03 00 00,20,0x07
hci_snoop_2025_11_26_15_00_04.cfa,1779,2025-11-26T15:01:50.053Z,recv,f4:db:00:00:00:d9,0x13,Write-Rsp,,,0,
hci_snoop_2025_11_26_15_00_04.cfa,1780,2025-11-26T15:01:50.057Z,sent,f4:db:00:00:00:d9,0x12,Write-Req,0x0021,07 36 03 00 00 03,6,0x07
hci_snoop_2025_11_26_15_00_04.cfa,1782,2025-11-26T15:01:50.233Z,recv,f4:db:00:00:00:d9,0x1B,Notify,0x0024,07 36 03 00 00 03 4B 01 52 01 58 01 A4 03 C9 03 CC 03 00 00,20,0x07
hci_snoop_2025_11_26_15_00_04.cfa,1783,2025-11-26T15:01:50.323Z,recv,f4:db:00:00:00:d9,0x13,Write-Rsp,,,0,
hci_snoop_2025_11_26_15_00_04.cfa,1784,2025-11-26T15:01:50.327Z,sent,f4:db:00:00:00:d9,0x12,Write-Req,0x0021,07 39 03 00 00 03,6,0x07
hci_snoop_2025_11_26_15_00_04.cfa,1786,2025-11-26T15:01:50.503Z,recv,f4:db:00:00:00:d9,0x1B,Notify,0x0024,07 39 03 00 00 03 5A 01 63 01 69 01 CE 03 C6 03 BD 03 00 00,20,0x07
hci_snoop_2025_11_26_15_00_04.cfa,1787,2025-11-26T15:01:50.592Z,recv,f4:db:00:00:00:d9,0x13,Write-Rsp,,,0,
hci_snoop_2025_11_26_15_00_04.cfa,1788,2025-11-26T15:01:50.596Z,sent,f4:db:00:00:00:d9,0x12,Write-Req,0x0021,07 3C 03 00 00 03,6,0x07
hci_snoop_2025_11_26_15_00_04.cfa,1790,2025-11-26T15:01:50.773Z,recv,f4:db:00:00:00:d9,0x1B,Notify,0x0024,07 3C 03 00 00 03 66 01 60 01 5F 01 CD 03 E6 03 F4 03 00 00,20,0x07
hci_snoop_2025_11_26_15_00_04.cfa,1791,2025-11-26T15:01:50.864Z,recv,f4:db:00:00:00:d9,0x13,Write-Rsp,,,0,
hci_snoop_2025_11_26_15_00_04.cfa,1792,2025-11-26T15:01:50.870Z,sent,f4:db:00:00:00:d9,0x12,Write-Req,0x0021,07 3F 03 00 00 03,6,0x07
hci_snoop_2025_11_26_15_00_04.cfa,1794,2025-11-26T15:01:51.047Z,recv,f4:db:00:00:00:d9,0x1B,Notify,0x0024,07 3F 03 00 00 03 62 01 66 01 64 01 F9 03 FA 03 02 04 00 00,20,0x07
hci_snoop_2025_11_26_15_00_04.cfa,1795,2025-11-26T15:01:51.134Z,recv,f4:db:00:00:00:d9,0x13,Write-Rsp,,,0,
hci_snoop_2025_11_26_15_00_04.cfa,1796,2025-11-26T15:01:51.138Z,sent,f4:db:00:00:00:d9,0x12,Write-Req,0x0021,07 42 03 00 00 03,6,0x07
hci_snoop_2025_11_26_15_00_04.cfa,1798,2025-11-26T15:01:51.312Z,recv,f4:db:00:00:00:d9,0x1B,Notify,0x0024,07 42 03 00 00 03 64 01 64 01 64 01 0A 04 0F 04 12 04 00 00,20,0x07
hci_snoop_2025_11_26_15_00_04.cfa,1799,2025-11-26T15:01:51.402Z,recv,f4:db:00:00:00:d9,0x13,Write-Rsp,,,0,
hci_snoop_2025_11_26_15_00_04.cfa,1800,2025-11-26T15:01:51.404Z,sent,f4:db:00:00:00:d9,0x12,Write-Req,0x0021,07 45 03 00 00 03,6,0x07
hci_snoop_2025_11_26_15_00_04.cfa,1802,2025-11-26T15:01:51.583Z,recv,f4:db:00:00:00:d9,0x1B,Notify,0x0024,07 45 03 00 00 03 64 01 64 01 64 01 F9 03 02 04 0A 04 00 00,20,0x07
hci_snoop_2025_11_26_15_00_04.cfa,1803,2025-11-26T15:01:51.673Z,recv,f4:db:00:00:00:d9,0x13,Write-Rsp,,,0,
hci_snoop_2025_11_26_15_00_04.cfa,1804,2025-11-26T15:01:51.677Z,sent,f4:db:00:00:00:d9,0x12,Write-Req,0x0021,07 48 03 00 00 03,6,0x07
hci_snoop_2025_11_26_15_00_04.cfa,1806,2025-11-26T15:01:51.854Z,recv,f4:db:00:00:00:d9,0x1B,Notify,0x0024,07 48 03 00 00 03 65 01 66 01 67 01 0F 04 12 04 16 04 00 00,20,0x07
hci_snoop_2025_11_26_15_00_04.cfa,1807,2025-11-26T15:01:51.943Z,recv,f4:db:00:00:00:d9,0x13,Write-Rsp,,,0,
hci_snoop_2025_11_26_15_00_04.cfa,1808,2025-11-26T15:01:51.947Z,sent,f4:db:00:00:00:d9,0x12,Write-Req,0x0021,07 4B 03 00 00 03,6,0x07
hci_snoop_2025_11_26_15_00_04.cfa,1810,2025-11-26T15:01:52.123Z,recv,f4:db:00:00:00:d9,0x1B,Notify,0x0024,07 4B 03 00 00 03 68 01 68 01 69 01 19 04 1B 04 1D 04 00 00,20,0x07
hci_snoop_2025_11_26_15_00_04.cfa,1811,2025-11-26T15:01:52.212Z,recv,f4:db:00:00:00:d9,0x13,Write-Rsp,,,0,
hci_snoop_2025_11_26_15_00_04.cfa,1812,2025-11-26T15:01:52.214Z,sent,f4:db:00:00:00:d9,0x12,Write-Req,0x0021,07 4E 03 00 00 03,6,0x07
hci_snoop_2025_11_26_15_00_04.cfa,1814,2025-11-26T15:01:52.393Z,recv,f4:db:00:00:00:d9,0x1B,Notify,0x0024,07 4E 03 00 00 03 68 01 68 01 67 01 1D 04 1F 04 1D 04 00 00,20,0x07
hci_snoop_2025_11_26_15_00_04.cfa,1815,2025-11-26T15:01:52.482Z,recv,f4:db:00:00:00:d9,0x13,Write-Rsp,,,0,
hci_snoop_2025_11_26_15_00_04.cfa,1816,2025-11-26T15:01:52.484Z,sent,f4:db:00:00:00:d9,0x12,Write-Req,0x0021,07 51 03 00 00 03,6,0x07
hci_snoop_2025_11_26_15_00_04.cfa,1818,2025-11-26T15:01:52.663Z,recv,f4:db:00:00:00:d9,0x1B,Notify,0x0024,07 51 03 00 00 03 5C 01 5F 01 61 01 2E 03 79 03 95 03 00 00,20,0x07
hci_snoop_2025_11_26_15_00_04.cfa,1819,2025-11-26T15:01:52.754Z,recv,f4:db:00:00:00:d9,0x13,Write-Rsp,,,0,
hci_snoop_2025_11_26_15_00_04.cfa,1820,2025-11-26T15:01:52.758Z,sent,f4:db:00:00:00:d9,0x12,Write-Req,0x0021,07 54 03 00 00 03,6,0x07
hci_snoop_2025_11_26_15_00_04.cfa,1822,2025-11-26T15:01:52.934Z,recv,f4:db:00:00:00:d9,0x1B,Notify,0x0024,07 54 03 00 00 03 64 01 64 01 65 01 A5 03 B2 03 C1 03 00 00,20,0x07
hci_snoop_2025_11_26_15_00_04.cfa,1823,2025-11-26T15:01:53.022Z,recv,f4:db:00:00:00:d9,0x13,Write-Rsp,,,0,
hci_snoop_2025_11_26_15_00_04.cfa,1824,2025-11-26T15:01:53.025Z,sent,f4:db:00:00:00:d9,0x12,Write-Req,0x0021,07 57 03 00 00 03,6,0x07
hci_snoop_2025_11_26_15_00_04.cfa,1826,2025-11-26T15:01:53.206Z,recv,f4:db:00:00:00:d9,0x1B,Notify,0x0024,07 57 03 00 00 03 67 01 68 01 69 01 CD 03 D5 03 DC 03 00 00,20,0x07
hci_snoop_2025_11_26_15_00_04.cfa,1827,2025-11-26T15:01:53.294Z,recv,f4:db:00:00:00:d9,0x13,Write-Rsp,,,0,
hci_snoop_2025_11_26_15_00_04.cfa,1828,2025-11-26T15:01:53.297Z,sent,f4:db:00:00:00:d9,0x12,Write-Req,0x0021,07 5A 03 00 00 03,6,0x07
hci_snoop_2025_11_26_15_00_04.cfa,1830,2025-11-26T15:01:53.473Z,recv,f4:db:00:00:00:d9,0x1B,Notify,0x0024,07 5A 03 00 00 03 69 01 69 01 6A 01 E2 03 E8 03 EC 03 00 00,20,0x07
hci_snoop_2025_11_26_15_00_04.cfa,1831,2025-11-26T15:01:53.563Z,recv,f4:db:00:00:00:d9,0x13,Write-Rsp,,,0,
hci_snoop_2025_11_26_15_00_04.cfa,1832,2025-11-26T15:01:53.568Z,sent,f4:db:00:00:00:d9,0x12,Write-Req,0x0021,07 5D 03 00 00 03,6,0x07
hci_snoop_2025_11_26_15_00_04.cfa,1834,2025-11-26T15:01:53.743Z,recv,f4:db:00:00:00:d9,0x1B,Notify,0x0024,07 5D 03 00 00 03 6A 01 6A 01 69 01 F1 03 F6 03 FA 03 00 00,20,0x07
hci_snoop_2025_11_26_15_00_04.cfa,1835,2025-11-26T15:01:53.833Z,recv,f4:db:00:00:00:d9,0x13,Write-Rsp,,,0,
hci_snoop_2025_11_26_15_00_04.cfa,1836,2025-11-26T15:01:53.837Z,sent,f4:db:00:00:00:d9,0x12,Write-Req,0x0021,07 60 03 00 00 03,6,0x07
hci_snoop_2025_11_26_15_00_04.cfa,1838,2025-11-26T15:01:54.013Z,recv,f4:db:00:00:00:d9,0x1B,Notify,0x0024,07 60 03 00 00 03 69 01 67 01 66 01 FB 03 FD 03 01 04 00 00,20,0x07
hci_snoop_2025_11_26_15_00_04.cfa,1839,2025-11-26T15:01:54.103Z,recv,f4:db:00:00:00:d9,0x13,Write-Rsp,,,0,
hci_snoop_2025_11_26_15_00_04.cfa,1840,2025-11-26T15:01:54.110Z,sent,f4:db:00:00:00:d9,0x12,Write-Req,0x0021,07 63 03 00 00 03,6,0x07
hci_snoop_2025_11_26_15_00_04.cfa,1842,2025-11-26T15:01:54.282Z,recv,f4:db:00:00:00:d9,0x1B,Notify,0x0024,07 63 03 00 00 03 64 01 63 01 62 01 04 04 08 04 0B 04 00 00,20,0x07
hci_snoop_2025_11_26_15_00_04.cfa,1843,2025-11-26T15:01:54.372Z,recv,f4:db:00:00:00:d9,0x13,Write-Rsp,,,0,
hci_snoop_2025_11_26_15_00_04.cfa,1844,2025-11-26T15:01:54.374Z,sent,f4:db:00:00:00:d9,0x12,Write-Req,0x0021,07 66 03 00 00 03,6,0x07
hci_snoop_2025_11_26_15_00_04.cfa,1846,2025-11-26T15:01:54.554Z,recv,f4:db:00:00:00:d9,0x1B,Notify,0x0024,07 66 03 00 00 03 61 01 60 01 5F 01 0E 04 11 04 14 04 00 00,20,0x07
hci_snoop_2025_11_26_15_00_04.cfa,1847,2025-11-26T15:01:54.643Z,recv,f4:db:00:00:00:d9,0x13,Write-Rsp,,,0,
hci_snoop_2025_11_26_15_00_04.cfa,1848,2025-11-26T15:01:54.650Z,sent,f4:db:00:00:00:d9,0x12,Write-Req,0x0021,07 69 03 00 00 03,6,0x07
hci_snoop_2025_11_26_15_00_04.cfa,1850,2025-11-26T15:01:54.824Z,recv,f4:db:00:00:00:d9,0x1B,Notify,0x0024,07 69 03 00 00 03 5E 01 5D 01 5C 01 16 04 18 04 1A 04 00 00,20,0x07
hci_snoop_2025_11_26_15_00_04.cfa,1851,2025-11-26T15:01:54.913Z,recv,f4:db:00:00:00:d9,0x13,Write-Rsp,,,0,
hci_snoop_2025_11_26_15_00_04.cfa,1852,2025-11-26T15:01:54.920Z,sent,f4:db:00:00:00:d9,0x12,Write-Req,0x0021,07 6C 03 00 00 03,6,0x07
hci_snoop_2025_11_26_15_00_04.cfa,1854,2025-11-26T15:01:55.093Z,recv,f4:db:00:00:00:d9,0x1B,Notify,0x0024,07 6C 03 00 00 03 5C 01 5B 01 5A 01 1C 04 1D 04 1E 04 00 00,20,0x07
hci_snoop_2025_11_26_15_00_04.cfa,1855,2025-11-26T15:01:55.183Z,recv,f4:db:00:00:00:d9,0x13,Write-Rsp,,,0,
hci_snoop_2025_11_26_15_00_04.cfa,1856,2025-11-26T15:01:55.187Z,sent,f4:db:00:00:00:d9,0x12,Write-Req,0x0021,07 6F 03 00 00 03,6,0x07
hci_snoop_2025_11_26_15_00_04.cfa,1858,2025-11-26T15:01:55.363Z,recv,f4:db:00:00:00:d9,0x1B,Notify,0x0024,07 6F 03 00 00 03 5A 01 59 01 59 01 1F 04 21 04 23 04 00 00,20,0x07
hci_snoop_2025_11_26_15_00_04.cfa,1859,2025-11-26T15:01:55.452Z,recv,f4:db:00:00:00:d9,0x13,Write-Rsp,,,0,
hci_snoop_2025_11_26_15_00_04.cfa,1860,2025-11-26T15:01:55.457Z,sent,f4:db:00:00:00:d9,0x12,Write-Req,0x0021,07 72 03 00 00 03,6,0x07
hci_snoop_2025_11_26_15_00_04.cfa,1862,2025-11-26T15:01:55.634Z,recv,f4:db:00:00:00:d9,0x1B,Notify,0x0024,07 72 03 00 00 03 58 01 58 01 58 01 24 04 25 04 26 04 00 00,20,0x07
hci_snoop_2025_11_26_15_00_04.cfa,1863,2025-11-26T15:01:55.724Z,recv,f4:db:00:00:00:d9,0x13,Write-Rsp,,,0,
hci_snoop_2025_11_26_15_00_04.cfa,1864,2025-11-26T15:01:55.730Z,sent,f4:db:00:00:00:d9,0x12,Write-Req,0x0021,07 75 03 00 00 03,6,0x07
hci_snoop_2025_11_26_15_00_04.cfa,1866,2025-11-26T15:01:55.903Z,recv,f4:db:00:00:00:d9,0x1B,Notify,0x0024,07 75 03 00 00 03 57 01 57 01 56 01 27 04 28 04 29 04 00 00,20,0x07
hci_snoop_2025_11_26_15_00_04.cfa,1867,2025-11-26T15:01:55.993Z,recv,f4:db:00:00:00:d9,0x13,Write-Rsp,,,0,
hci_snoop_2025_11_26_15_00_04.cfa,1868,2025-11-26T15:01:55.997Z,sent,f4:db:00:00:00:d9,0x12,Write-Req,0x0021,07 78 03 00 00 03,6,0x07
hci_snoop_2025_11_26_15_00_04.cfa,1870,2025-11-26T15:01:56.174Z,recv,f4:db:00:00:00:d9,0x1B,Notify,0x0024,07 78 03 00 00 03 56 01 3E 01 3C 01 2A 04 B9 02 0C 03 00 00,20,0x07
hci_snoop_2025_11_26_15_00_04.cfa,1871,2025-11-26T15:01:56.263Z,recv,f4:db:00:00:00:d9,0x13,Write-Rsp,,,0,
hci_snoop_2025_11_26_15_00_04.cfa,1872,2025-11-26T15:01:56.265Z,sent,f4:db:00:00:00:d9,0x12,Write-Req,0x0021,07 7B 03 00 00 03,6,0x07
hci_snoop_2025_11_26_15_00_04.cfa,1874,2025-11-26T15:01:56.444Z,recv,f4:db:00:00:00:d9,0x1B,Notify,0x0024,07 7B 03 00 00 03 40 01 43 01 46 01 46 03 62 03 80 03 00 00,20,0x07
hci_snoop_2025_11_26_15_00_04.cfa,1875,2025-11-26T15:01:56.533Z,recv,f4:db:00:00:00:d9,0x13,Write-Rsp,,,0,
hci_snoop_2025_11_26_15_00_04.cfa,1876,2025-11-26T15:01:56.537Z,sent,f4:db:00:00:00:d9,0x12,Write-Req,0x0021,07 7E 03 00 00 03,6,0x07
hci_snoop_2025_11_26_15_00_04.cfa,1878,2025-11-26T15:01:56.712Z,recv,f4:db:00:00:00:d9,0x1B,Notify,0x0024,07 7E 03 00 00 03 47 01 49 01 4A 01 97 03 A6 03 B2 03 00 00,20,0x07
hci_snoop_2025_11_26_15_00_04.cfa,1879,2025-11-26T15:01:56.802Z,recv,f4:db:00:00:00:d9,0x13,Write-Rsp,,,0,
hci_snoop_2025_11_26_15_00_04.cfa,1880,2025-11-26T15:01:56.804Z,sent,f4:db:00:00:00:d9,0x12,Write-Req,0x0021,07 81 03 00 00 03,6,0x07
hci_snoop_2025_11_26_15_00_04.cfa,1882,2025-11-26T15:01:56.983Z,recv,f4:db:00:00:00:d9,0x1B,Notify,0x0024,07 81 03 00 00 03 4B 01 4C 01 4E 01 BA 03 C1 03 C9 03 00 00,20,0x07
hci_snoop_2025_11_26_15_00_04.cfa,1883,2025-11-26T15:01:57.072Z,recv,f4:db:00:00:00:d9,0x13,Write-Rsp,,,0,
hci_snoop_2025_11_26_15_00_04.cfa,1884,2025-11-26T15:01:57.073Z,sent,f4:db:00:00:00:d9,0x12,Write-Req,0x0021,07 84 03 00 00 03,6,0x07
hci_snoop_2025_11_26_15_00_04.cfa,1886,2025-11-26T15:01:57.253Z,recv,f4:db:00:00:00:d9,0x1B,Notify,0x0024,07 84 03 00 00 03 50 01 53 01 57 01 D4 03 D8 03 DA 03 00 00,20,0x07
hci_snoop_2025_11_26_15_00_04.cfa,1887,2025-11-26T15:01:57.342Z,recv,f4:db:00:00:00:d9,0x13,Write-Rsp,,,0,
hci_snoop_2025_11_26_15_00_04.cfa,1888,2025-11-26T15:01:57.344Z,sent,f4:db:00:00:00:d9,0x12,Write-Req,0x0021,07 87 03 00 00 03,6,0x07
hci_snoop_2025_11_26_15_00_04.cfa,1890,2025-11-26T15:01:57.524Z,recv,f4:db:00:00:00:d9,0x1B,Notify,0x0024,07 87 03 00 00 03 5A 01 5D 01 60 01 DB 03 DD 03 DE 03 00 00,20,0x07
hci_snoop_2025_11_26_15_00_04.cfa,1891,2025-11-26T15:01:57.613Z,recv,f4:db:00:00:00:d9,0x13,Write-Rsp,,,0,
hci_snoop_2025_11_26_15_00_04.cfa,1892,2025-11-26T15:01:57.619Z,sent,f4:db:00:00:00:d9,0x12,Write-Req,0x0021,07 8A 03 00 00 03,6,0x07
hci_snoop_2025_11_26_15_00_04.cfa,1894,2025-11-26T15:01:57.795Z,recv,f4:db:00:00:00:d9,0x1B,Notify,0x0024,07 8A 03 00 00 03 62 01 64 01 66 01 E0 03 E1 03 E3 03 00 00,20,0x07
hci_snoop_2025_11_26_15_00_04.cfa,1895,2025-11-26T15:01:57.883Z,recv,f4:db:00:00:00:d9,0x13,Write-Rsp,,,0,
hci_snoop_2025_11_26_15_00_04.cfa,1896,2025-11-26T15:01:57.886Z,sent,f4:db:00:00:00:d9,0x12,Write-Req,0x0021,07 8D 03 00 00 03,6,0x07
hci_snoop_2025_11_26_15_00_04.cfa,1898,2025-11-26T15:01:58.065Z,recv,f4:db:00:00:00:d9,0x1B,Notify,0x0024,07 8D 03 00 00 03 68 01 69 01 6B 01 E4 03 E6 03 E8 03 00 00,20,0x07
hci_snoop_2025_11_26_15_00_04.cfa,1899,2025-11-26T15:01:58.153Z,recv,f4:db:00:00:00:d9,0x13,Write-Rsp,,,0,
hci_snoop_2025_11_26_15_00_04.cfa,1900,2025-11-26T15:01:58.156Z,sent,f4:db:00:00:00:d9,0x12,Write-Req,0x0021,07 90 03 00 00 03,6,0x07
hci_snoop_2025_11_26_15_00_04.cfa,1902,2025-11-26T15:01:58.334Z,recv,f4:db:00:00:00:d9,0x1B,Notify,0x0024,07 90 03 00 00 03 6B 01 69 01 67 01 E2 03 E0 03 E5 03 00 00,20,0x07
hci_snoop_2025_11_26_15_00_04.cfa,1903,2025-11-26T15:01:58.423Z,recv,f4:db:00:00:00:d9,0x13,Write-Rsp,,,0,
hci_snoop_2025_11_26_15_00_04.cfa,1904,2025-11-26T15:01:58.429Z,sent,f4:db:00:00:00:d9,0x12,Write-Req,0x0021,07 93 03 00 00 03,6,0x07
hci_snoop_2025_11_26_15_00_04.cfa,1906,2025-11-26T15:01:58.604Z,recv,f4:db:00:00:00:d9,0x1B,Notify,0x0024,07 93 03 00 00 03 67 01 66 01 64 01 EA 03 E8 03 E9 03 00 00,20,0x07
hci_snoop_2025_11_26_15_00_04.cfa,1907,2025-11-26T15:01:58.693Z,recv,f4:db:00:00:00:d9,0x13,Write-Rsp,,,0,
hci_snoop_2025_11_26_15_00_04.cfa,1908,2025-11-26T15:01:58.696Z,sent,f4:db:00:00:00:d9,0x12,Write-Req,0x0021,07 96 03 00 00 03,6,0x07
hci_snoop_2025_11_26_15_00_04.cfa,1910,2025-11-26T15:01:58.874Z,recv,f4:db:00:00:00:d9,0x1B,Notify,0x0024,07 96 03 00 00 03 63 01 62 01 61 01 EA 03 EC 03 EF 03 00 00,20,0x07
hci_snoop_2025_11_26_15_00_04.cfa,1911,2025-11-26T15:01:58.963Z,recv,f4:db:00:00:00:d9,0x13,Write-Rsp,,,0,
hci_snoop_2025_11_26_15_00_04.cfa,1912,2025-11-26T15:01:58.970Z,sent,f4:db:00:00:00:d9,0x12,Write-Req,0x0021,07 99 03 00 00 03,6,0x07
hci_snoop_2025_11_26_15_00_04.cfa,1914,2025-11-26T15:01:59.144Z,recv,f4:db:00:00:00:d9,0x1B,Notify,0x0024,07 99 03 00 00 03 60 01 60 01 5F 01 F0 03 F2 03 F4 03 00 00,20,0x07
hci_snoop_2025_11_26_15_00_04.cfa,1915,2025-11-26T15:01:59.233Z,recv,f4:db:00:00:00:d9,0x13,Write-Rsp,,,0,
hci_snoop_2025_11_26_15_00_04.cfa,1916,2025-11-26T15:01:59.237Z,sent,f4:db:00:00:00:d9,0x12,Write-Req,0x0021,07 9C 03 00 00 03,6,0x07
hci_snoop_2025_11_26_15_00_04.cfa,1918,2025-11-26T15:01:59.414Z,recv,f4:db:00:00:00:d9,0x1B,Notify,0x0024,07 9C 03 00 00 03 5E 01 5E 01 5E 01 F6 03 F8 03 F9 03 00 00,20,0x07
hci_snoop_2025_11_26_15_00_04.cfa,1919,2025-11-26T15:01:59.503Z,recv,f4:db:00:00:00:d9,0x13,Write-Rsp,,,0,
hci_snoop_2025_11_26_15_00_04.cfa,1920,2025-11-26T15:01:59.512Z,sent,f4:db:00:00:00:d9,0x12,Write-Req,0x0021,07 9F 03 00 00 03,6,0x07
hci_snoop_2025_11_26_15_00_04.cfa,1922,2025-11-26T15:01:59.686Z,recv,f4:db:00:00:00:d9,0x1B,Notify,0x0024,07 9F 03 00 00 03 5D 01 5D 01 5C 01 FB 03 FC 03 FE 03 00 00,20,0x07
hci_snoop_2025_11_26_15_00_04.cfa,1923,2025-11-26T15:01:59.773Z,recv,f4:db:00:00:00:d9,0x13,Write-Rsp,,,0,
hci_snoop_2025_11_26_15_00_04.cfa,1924,2025-11-26T15:01:59.777Z,sent,f4:db:00:00:00:d9,0x12,Write-Req,0x0021,07 A2 03 00 00 03,6,0x07
hci_snoop_2025_11_26_15_00_04.cfa,1926,2025-11-26T15:01:59.957Z,recv,f4:db:00:00:00:d9,0x1B,Notify,0x0024,07 A2 03 00 00 03 5C 01 5B 01 5B 01 FF 03 01 04 02 04 00 00,20,0x07
hci_snoop_2025_11_26_15_00_04.cfa,1927,2025-11-26T15:02:00.043Z,recv,f4:db:00:00:00:d9,0x13,Write-Rsp,,,0,
hci_snoop_2025_11_26_15_00_04.cfa,1928,2025-11-26T15:02:00.045Z,sent,f4:db:00:00:00:d9,0x12,Write-Req,0x0021,07 A5 03 00 00 03,6,0x07
hci_snoop_2025_11_26_15_00_04.cfa,1930,2025-11-26T15:02:00.227Z,recv,f4:db:00:00:00:d9,0x1B,Notify,0x0024,07 A5 03 00 00 03 5A 01 5A 01 5A 01 03 04 04 04 05 04 00 00,20,0x07
hci_snoop_2025_11_26_15_00_04.cfa,1931,2025-11-26T15:02:00.314Z,recv,f4:db:00:00:00:d9,0x13,Write-Rsp,,,0,
hci_snoop_2025_11_26_15_00_04.cfa,1932,2025-11-26T15:02:00.318Z,sent,f4:db:00:00:00:d9,0x12,Write-Req,0x0021,07 A8 03 00 00 03,6,0x07
hci_snoop_2025_11_26_15_00_04.cfa,1934,2025-11-26T15:02:00.494Z,recv,f4:db:00:00:00:d9,0x1B,Notify,0x0024,07 A8 03 00 00 03 59 01 59 01 59 01 07 04 08 04 0A 04 00 00,20,0x07
hci_snoop_2025_11_26_15_00_04.cfa,1935,2025-11-26T15:02:00.582Z,recv,f4:db:00:00:00:d9,0x13,Write-Rsp,,,0,
hci_snoop_2025_11_26_15_00_04.cfa,1936,2025-11-26T15:02:00.585Z,sent,f4:db:00:00:00:d9,0x12,Write-Req,0x0021,07 AB 03 00 00 03,6,0x07
hci_snoop_2025_11_26_15_00_04.cfa,1938,2025-11-26T15:02:00.763Z,recv,f4:db:00:00:00:d9,0x1B,Notify,0x0024,07 AB 03 00 00 03 59 01 58 01 58 01 0B 04 0C 04 0D 04 00 00,20,0x07
hci_snoop_2025_11_26_15_00_04.cfa,1939,2025-11-26T15:02:00.852Z,recv,f4:db:00:00:00:d9,0x13,Write-Rsp,,,0,
hci_snoop_2025_11_26_15_00_04.cfa,1940,2025-11-26T15:02:00.855Z,sent,f4:db:00:00:00:d9,0x12,Write-Req,0x0021,07 AE 03 00 00 03,6,0x07
hci_snoop_2025_11_26_15_00_04.cfa,1942,2025-11-26T15:02:01.034Z,recv,f4:db:00:00:00:d9,0x1B,Notify,0x0024,07 AE 03 00 00 03 57 01 57 01 57 01 0F 04 11 04 12 04 00 00,20,0x07
hci_snoop_2025_11_26_15_00_04.cfa,1943,2025-11-26T15:02:01.123Z,recv,f4:db:00:00:00:d9,0x13,Write-Rsp,,,0,
hci_snoop_2025_11_26_15_00_04.cfa,1944,2025-11-26T15:02:01.126Z,sent,f4:db:00:00:00:d9,0x12,Write-Req,0x0021,07 B1 03 00 00 03,6,0x07
hci_snoop_2025_11_26_15_00_04.cfa,1946,2025-11-26T15:02:01.307Z,recv,f4:db:00:00:00:d9,0x1B,Notify,0x0024,07 B1 03 00 00 03 56 01 56 01 56 01 13 04 14 04 16 04 00 00,20,0x07
hci_snoop_2025_11_26_15_00_04.cfa,1947,2025-11-26T15:02:01.393Z,recv,f4:db:00:00:00:d9,0x13,Write-Rsp,,,0,
hci_snoop_2025_11_26_15_00_04.cfa,1948,2025-11-26T15:02:01.396Z,sent,f4:db:00:00:00:d9,0x12,Write-Req,0x0021,07 B4 03 00 00 03,6,0x07
hci_snoop_2025_11_26_15_00_04.cfa,1950,2025-11-26T15:02:01.575Z,recv,f4:db:00:00:00:d9,0x1B,Notify,0x0024,07 B4 03 00 00 03 55 01 55 01 55 01 17 04 18 04 1A 04 00 00,20,0x07
hci_snoop_2025_11_26_15_00_04.cfa,1951,2025-11-26T15:02:01.663Z,recv,f4:db:00:00:00:d9,0x13,Write-Rsp,,,0,
hci_snoop_2025_11_26_15_00_04.cfa,1952,2025-11-26T15:02:01.667Z,sent,f4:db:00:00:00:d9,0x12,Write-Req,0x0021,07 B7 03 00 00 03,6,0x07
hci_snoop_2025_11_26_15_00_04.cfa,1954,2025-11-26T15:02:01.844Z,recv,f4:db:00:00:00:d9,0x1B,Notify,0x0024,07 B7 03 00 00 03 55 01 54 01 54 01 1B 04 1C 04 1D 04 00 00,20,0x07
hci_snoop_2025_11_26_15_00_04.cfa,1955,2025-11-26T15:02:01.935Z,recv,f4:db:00:00:00:d9,0x13,Write-Rsp,,,0,
hci_snoop_2025_11_26_15_00_04.cfa,1956,2025-11-26T15:02:01.941Z,sent,f4:db:00:00:00:d9,0x12,Write-Req,0x0021,07 BA 03 00 00 03,6,0x07
hci_snoop_2025_11_26_15_00_04.cfa,1958,2025-11-26T15:02:02.207Z,recv,f4:db:00:00:00:d9,0x1B,Notify,0x0024,07 BA 03 00 00 03 54 01 53 01 53 01 1E 04 20 04 21 04 00 00,20,0x07
hci_snoop_2025_11_26_15_00_04.cfa,1959,2025-11-26T15:02:02.294Z,recv,f4:db:00:00:00:d9,0x13,Write-Rsp,,,0,
hci_snoop_2025_11_26_15_00_04.cfa,1960,2025-11-26T15:02:02.297Z,sent,f4:db:00:00:00:d9,0x12,Write-Req,0x0021,07 BD 03 00 00 03,6,0x07
hci_snoop_2025_11_26_15_00_04.cfa,1962,2025-11-26T15:02:02.567Z,recv,f4:db:00:00:00:d9,0x1B,Notify,0x0024,07 BD 03 00 00 03 53 01 53 01 52 01 23 04 24 04 25 04 00 00,20,0x07
hci_snoop_2025_11_26_15_00_04.cfa,1963,2025-11-26T15:02:02.658Z,recv,f4:db:00:00:00:d9,0x13,Write-Rsp,,,0,
hci_snoop_2025_11_26_15_00_04.cfa,1965,2025-11-26T15:02:02.664Z,sent,f4:db:00:00:00:d9,0x12,Write-Req,0x0021,07 C0 03 00 00 03,6,0x07
hci_snoop_2025_11_26_15_00_04.cfa,1967,2025-11-26T15:02:02.835Z,recv,f4:db:00:00:00:d9,0x1B,Notify,0x0024,07 C0 03 00 00 03 52 01 52 01 52 01 26 04 27 04 29 04 00 00,20,0x07
hci_snoop_2025_11_26_15_00_04.cfa,1968,2025-11-26T15:02:02.923Z,recv,f4:db:00:00:00:d9,0x13,Write-Rsp,,,0,
hci_snoop_2025_11_26_15_00_04.cfa,1969,2025-11-26T15:02:02.927Z,sent,f4:db:00:00:00:d9,0x12,Write-Req,0x0021,07 C3 03 00 00 03,6,0x07
hci_snoop_2025_11_26_15_00_04.cfa,1971,2025-11-26T15:02:03.104Z,recv,f4:db:00:00:00:d9,0x1B,Notify,0x0024,07 C3 03 00 00 03 51 01 51 01 51 01 2A 04 2A 04 2B 04 00 00,20,0x07
hci_snoop_2025_11_26_15_00_04.cfa,1972,2025-11-26T15:02:03.194Z,recv,f4:db:00:00:00:d9,0x13,Write-Rsp,,,0,
hci_snoop_2025_11_26_15_00_04.cfa,1973,2025-11-26T15:02:03.200Z,sent,f4:db:00:00:00:d9,0x12,Write-Req,0x0021,07 C6 03 00 00 03,6,0x07
hci_snoop_2025_11_26_15_00_04.cfa,1975,2025-11-26T15:02:03.375Z,recv,f4:db:00:00:00:d9,0x1B,Notify,0x0024,07 C6 03 00 00 03 51 01 51 01 50 01 2C 04 2D 04 2E 04 00 00,20,0x07
hci_snoop_2025_11_26_15_00_04.cfa,1976,2025-11-26T15:02:03.463Z,recv,f4:db:00:00:00:d9,0x13,Write-Rsp,,,0,
hci_snoop_2025_11_26_15_00_04.cfa,1977,2025-11-26T15:02:03.467Z,sent,f4:db:00:00:00:d9,0x12,Write-Req,0x0021,07 C9 03 00 00 03,6,0x07
hci_snoop_2025_11_26_15_00_04.cfa,1979,2025-11-26T15:02:03.646Z,recv,f4:db:00:00:00:d9,0x1B,Notify,0x0024,07 C9 03 00 00 03 50 01 50 01 50 01 2F 04 30 04 11 04 00 00,20,0x07
hci_snoop_2025_11_26_15_00_04.cfa,1980,2025-11-26T15:02:03.734Z,recv,f4:db:00:00:00:d9,0x13,Write-Rsp,,,0,
hci_snoop_2025_11_26_15_00_04.cfa,1981,2025-11-26T15:02:03.740Z,sent,f4:db:00:00:00:d9,0x12,Write-Req,0x0021,07 CC 03 00 00 03,6,0x07
hci_snoop_2025_11_26_15_00_04.cfa,1983,2025-11-26T15:02:03.917Z,recv,f4:db:00:00:00:d9,0x1B,Notify,0x0024,07 CC 03 00 00 03 50 01 4F 01 4F 01 14 04 11 04 F6 03 00 00,20,0x07
hci_snoop_2025_11_26_15_00_04.cfa,1984,2025-11-26T15:02:04.004Z,recv,f4:db:00:00:00:d9,0x13,Write-Rsp,,,0,
hci_snoop_2025_11_26_15_00_04.cfa,1985,2025-11-26T15:02:04.008Z,sent,f4:db:00:00:00:d9,0x12,Write-Req,0x0021,07 CF 03 00 00 03,6,0x07
hci_snoop_2025_11_26_15_00_04.cfa,1987,2025-11-26T15:02:04.187Z,recv,f4:db:00:00:00:d9,0x1B,Notify,0x0024,07 CF 03 00 00 03 51 01 53 01 56 01 F6 03 F7 03 F7 03 00 00,20,0x07
hci_snoop_2025_11_26_15_00_04.cfa,1988,2025-11-26T15:02:04.272Z,recv,f4:db:00:00:00:d9,0x13,Write-Rsp,,,0,
hci_snoop_2025_11_26_15_00_04.cfa,1989,2025-11-26T15:02:04.273Z,sent,f4:db:00:00:00:d9,0x12,Write-Req,0x0021,07 D2 03 00 00 03,6,0x07
hci_snoop_2025_11_26_15_00_04.cfa,1991,2025-11-26T15:02:04.457Z,recv,f4:db:00:00:00:d9,0x1B,Notify,0x0024,07 D2 03 00 00 03 59 01 5D 01 5F 01 F4 03 F0 03 ED 03 00 00,20,0x07
hci_snoop_2025_11_26_15_00_04.cfa,1992,2025-11-26T15:02:04.544Z,recv,f4:db:00:00:00:d9,0x13,Write-Rsp,,,0,
hci_snoop_2025_11_26_15_00_04.cfa,1993,2025-11-26T15:02:04.549Z,sent,f4:db:00:00:00:d9,0x12,Write-Req,0x0021,07 D5 03 00 00 03,6,0x07
hci_snoop_2025_11_26_15_00_04.cfa,1995,2025-11-26T15:02:04.728Z,recv,f4:db:00:00:00:d9,0x1B,Notify,0x0024,07 D5 03 00 00 03 61 01 62 01 64 01 EB 03 EA 03 E8 03 00 00,20,0x07
hci_snoop_2025_11_26_15_00_04.cfa,1996,2025-11-26T15:02:04.814Z,recv,f4:db:00:00:00:d9,0x13,Write-Rsp,,,0,
hci_snoop_2025_11_26_15_00_04.cfa,1997,2025-11-26T15:02:04.817Z,sent,f4:db:00:00:00:d9,0x12,Write-Req,0x0021,07 D8 03 00 00 03,6,0x07
hci_snoop_2025_11_26_15_00_04.cfa,1999,2025-11-26T15:02:04.998Z,recv,f4:db:00:00:00:d9,0x1B,Notify,0x0024,07 D8 03 00 00 03 66 01 68 01 69 01 E6 03 E4 03 E3 03 00 00,20,0x07
hci_snoop_2025_11_26_15_00_04.cfa,2000,2025-11-26T15:02:05.084Z,recv,f4:db:00:00:00:d9,0x13,Write-Rsp,,,0,
hci_snoop_2025_11_26_15_00_04.cfa,2001,2025-11-26T15:02:05.088Z,sent,f4:db:00:00:00:d9,0x12,Write-Req,0x0021,07 DB 03 00 00 03,6,0x07
hci_snoop_2025_11_26_15_00_04.cfa,2003,2025-11-26T15:02:05.268Z,recv,f4:db:00:00:00:d9,0x1B,Notify,0x0024,07 DB 03 00 00 03 6A 01 6A 01 6B 01 E2 03 E2 03 E1 03 00 00,20,0x07
hci_snoop_2025_11_26_15_00_04.cfa,2004,2025-11-26T15:02:05.353Z,recv,f4:db:00:00:00:d9,0x13,Write-Rsp,,,0,
hci_snoop_2025_11_26_15_00_04.cfa,2005,2025-11-26T15:02:05.356Z,sent,f4:db:00:00:00:d9,0x12,Write-Req,0x0021,07 DE 03 00 00 03,6,0x07
hci_snoop_2025_11_26_15_00_04.cfa,2007,2025-11-26T15:02:05.533Z,recv,f4:db:00:00:00:d9,0x1B,Notify,0x0024,07 DE 03 00 00 03 6B 01 6A 01 6A 01 E2 03 E2 03 E4 03 00 00,20,0x07
hci_snoop_2025_11_26_15_00_04.cfa,2008,2025-11-26T15:02:05.623Z,recv,f4:db:00:00:00:d9,0x13,Write-Rsp,,,0,
hci_snoop_2025_11_26_15_00_04.cfa,2009,2025-11-26T15:02:05.625Z,sent,f4:db:00:00:00:d9,0x12,Write-Req,0x0021,07 E1 03 00 00 03,6,0x07
hci_snoop_2025_11_26_15_00_04.cfa,2011,2025-11-26T15:02:05.803Z,recv,f4:db:00:00:00:d9,0x1B,Notify,0x0024,07 E1 03 00 00 03 6A 01 68 01 67 01 E7 03 EC 03 F1 03 00 00,20,0x07
hci_snoop_2025_11_26_15_00_04.cfa,2012,2025-11-26T15:02:05.894Z,recv,f4:db:00:00:00:d9,0x13,Write-Rsp,,,0,
hci_snoop_2025_11_26_15_00_04.cfa,2013,2025-11-26T15:02:05.898Z,sent,f4:db:00:00:00:d9,0x12,Write-Req,0x0021,07 E4 03 00 00 03,6,0x07
hci_snoop_2025_11_26_15_00_04.cfa,2015,2025-11-26T15:02:06.077Z,recv,f4:db:00:00:00:d9,0x1B,Notify,0x0024,07 E4 03 00 00 03 66 01 65 01 63 01 F5 03 F9 03 FC 03 00 00,20,0x07
hci_snoop_2025_11_26_15_00_04.cfa,2016,2025-11-26T15:02:06.164Z,recv,f4:db:00:00:00:d9,0x13,Write-Rsp,,,0,
hci_snoop_2025_11_26_15_00_04.cfa,2017,2025-11-26T15:02:06.167Z,sent,f4:db:00:00:00:d9,0x12,Write-Req,0x0021,07 E7 03 00 00 03,6,0x07
hci_snoop_2025_11_26_15_00_04.cfa,2019,2025-11-26T15:02:06.347Z,recv,f4:db:00:00:00:d9,0x1B,Notify,0x0024,07 E7 03 00 00 03 62 01 61 01 60 01 FF 03 02 04 05 04 00 00,20,0x07
hci_snoop_2025_11_26_15_00_04.cfa,2020,2025-11-26T15:02:06.434Z,recv,f4:db:00:00:00:d9,0x13,Write-Rsp,,,0,
hci_snoop_2025_11_26_15_00_04.cfa,2021,2025-11-26T15:02:06.437Z,sent,f4:db:00:00:00:d9,0x12,Write-Req,0x0021,07 EA 03 00 00 03,6,0x07
hci_snoop_2025_11_26_15_00_04.cfa,2023,2025-11-26T15:02:06.617Z,recv,f4:db:00:00:00:d9,0x1B,Notify,0x0024,07 EA 03 00 00 03 5F 01 5E 01 5D 01 08 04 0A 04 0B 04 00 00,20,0x07
hci_snoop_2025_11_26_15_00_04.cfa,2024,2025-11-26T15:02:06.795Z,recv,f4:db:00:00:00:d9,0x13,Write-Rsp,,,0,
hci_snoop_2025_11_26_15_00_04.cfa,2025,2025-11-26T15:02:06.798Z,sent,f4:db:00:00:00:d9,0x12,Write-Req,0x0021,07 ED 03 00 00 03,6,0x07
hci_snoop_2025_11_26_15_00_04.cfa,2027,2025-11-26T15:02:06.976Z,recv,f4:db:00:00:00:d9,0x1B,Notify,0x0024,07 ED 03 00 00 03 5C 01 5B 01 5B 01 0D 04 0E 04 10 04 00 00,20,0x07
hci_snoop_2025_11_26_15_00_04.cfa,2028,2025-11-26T15:02:07.063Z,recv,f4:db:00:00:00:d9,0x13,Write-Rsp,,,0,
hci_snoop_2025_11_26_15_00_04.cfa,2029,2025-11-26T15:02:07.068Z,sent,f4:db:00:00:00:d9,0x12,Write-Req,0x0021,07 F0 03 00 00 03,6,0x07
hci_snoop_2025_11_26_15_00_04.cfa,2031,2025-11-26T15:02:07.244Z,recv,f4:db:00:00:00:d9,0x1B,Notify,0x0024,07 F0 03 00 00 03 5A 01 59 01 58 01 11 04 12 04 14 04 00 00,20,0x07
hci_snoop_2025_11_26_15_00_04.cfa,2032,2025-11-26T15:02:07.336Z,recv,f4:db:00:00:00:d9,0x13,Write-Rsp,,,0,
hci_snoop_2025_11_26_15_00_04.cfa,2033,2025-11-26T15:02:07.344Z,sent,f4:db:00:00:00:d9,0x12,Write-Req,0x0021,07 F3 03 00 00 03,6,0x07
hci_snoop_2025_11_26_15_00_04.cfa,2035,2025-11-26T15:02:07.517Z,recv,f4:db:00:00:00:d9,0x1B,Notify,0x0024,07 F3 03 00 00 03 58 01 57 01 56 01 15 04 16 04 18 04 00 00,20,0x07
hci_snoop_2025_11_26_15_00_04.cfa,2036,2025-11-26T15:02:07.604Z,recv,f4:db:00:00:00:d9,0x13,Write-Rsp,,,0,
hci_snoop_2025_11_26_15_00_04.cfa,2037,2025-11-26T15:02:07.607Z,sent,f4:db:00:00:00:d9,0x12,Write-Req,0x0021,07 F6 03 00 00 03,6,0x07
hci_snoop_2025_11_26_15_00_04.cfa,2039,2025-11-26T15:02:07.788Z,recv,f4:db:00:00:00:d9,0x1B,Notify,0x0024,07 F6 03 00 00 03 56 01 55 01 54 01 19 04 1A 04 1B 04 00 00,20,0x07
hci_snoop_2025_11_26_15_00_04.cfa,2040,2025-11-26T15:02:07.874Z,recv,f4:db:00:00:00:d9,0x13,Write-Rsp,,,0,
hci_snoop_2025_11_26_15_00_04.cfa,2041,2025-11-26T15:02:07.879Z,sent,f4:db:00:00:00:d9,0x12,Write-Req,0x0021,07 F9 03 00 00 03,6,0x07
hci_snoop_2025_11_26_15_00_04.cfa,2043,2025-11-26T15:02:08.058Z,recv,f4:db:00:00:00:d9,0x1B,Notify,0x0024,07 F9 03 00 00 03 54 01 53 01 53 01 1C 04 1D 04 1E 04 00 00,20,0x07
hci_snoop_2025_11_26_15_00_04.cfa,2044,2025-11-26T15:02:08.143Z,recv,f4:db:00:00:00:d9,0x13,Write-Rsp,,,0,
hci_snoop_2025_11_26_15_00_04.cfa,2045,2025-11-26T15:02:08.149Z,sent,f4:db:00:00:00:d9,0x12,Write-Req,0x0021,07 FC 03 00 00 03,6,0x07
hci_snoop_2025_11_26_15_00_04.cfa,2047,2025-11-26T15:02:08.327Z,recv,f4:db:00:00:00:d9,0x1B,Notify,0x0024,07 FC 03 00 00 03 52 01 52 01 52 01 1F 04 20 04 21 04 00 00,20,0x07
hci_snoop_2025_11_26_15_00_04.cfa,2048,2025-11-26T15:02:08.413Z,recv,f4:db:00:00:00:d9,0x13,Write-Rsp,,,0,
hci_snoop_2025_11_26_15_00_04.cfa,2049,2025-11-26T15:02:08.419Z,sent,f4:db:00:00:00:d9,0x12,Write-Req,0x0021,07 FF 03 00 00 03,6,0x07
hci_snoop_2025_11_26_15_00_04.cfa,2051,2025-11-26T15:02:08.685Z,recv,f4:db:00:00:00:d9,0x1B,Notify,0x0024,07 FF 03 00 00 03 51 01 51 01 51 01 21 04 22 04 22 04 00 00,20,0x07
hci_snoop_2025_11_26_15_00_04.cfa,2052,2025-11-26T15:02:08.775Z,recv,f4:db:00:00:00:d9,0x13,Write-Rsp,,,0,
hci_snoop_2025_11_26_15_00_04.cfa,2053,2025-11-26T15:02:08.780Z,sent,f4:db:00:00:00:d9,0x12,Write-Req,0x0021,07 02 04 00 00 03,6,0x07
hci_snoop_2025_11_26_15_00_04.cfa,2055,2025-11-26T15:02:08.954Z,recv,f4:db:00:00:00:d9,0x1B,Notify,0x0024,07 02 04 00 00 03 50 01 50 01 50 01 23 04 23 04 24 04 00 00,20,0x07
hci_snoop_2025_11_26_15_00_04.cfa,2056,2025-11-26T15:02:09.044Z,recv,f4:db:00:00:00:d9,0x13,Write-Rsp,,,0,
hci_snoop_2025_11_26_15_00_04.cfa,2057,2025-11-26T15:02:09.047Z,sent,f4:db:00:00:00:d9,0x12,Write-Req,0x0021,07 05 04 00 00 03,6,0x07
hci_snoop_2025_11_26_15_00_04.cfa,2059,2025-11-26T15:02:09.229Z,recv,f4:db:00:00:00:d9,0x1B,Notify,0x0024,07 05 04 00 00 03 50 01 4F 01 4F 01 24 04 25 04 25 04 00 00,20,0x07
hci_snoop_2025_11_26_15_00_04.cfa,2060,2025-11-26T15:02:09.313Z,recv,f4:db:00:00:00:d9,0x13,Write-Rsp,,,0,
hci_snoop_2025_11_26_15_00_04.cfa,2061,2025-11-26T15:02:09.320Z,sent,f4:db:00:00:00:d9,0x12,Write-Req,0x0021,07 08 04 00 00 03,6,0x07
hci_snoop_2025_11_26_15_00_04.cfa,2063,2025-11-26T15:02:09.498Z,recv,f4:db:00:00:00:d9,0x1B,Notify,0x0024,07 08 04 00 00 03 4F 01 4F 01 4F 01 26 04 26 04 27 04 00 00,20,0x07
hci_snoop_2025_11_26_15_00_04.cfa,2064,2025-11-26T15:02:09.584Z,recv,f4:db:00:00:00:d9,0x13,Write-Rsp,,,0,
hci_snoop_2025_11_26_15_00_04.cfa,2065,2025-11-26T15:02:09.588Z,sent,f4:db:00:00:00:d9,0x12,Write-Req,0x0021,07 0B 04 00 00 03,6,0x07
hci_snoop_2025_11_26_15_00_04.cfa,2067,2025-11-26T15:02:09.767Z,recv,f4:db:00:00:00:d9,0x1B,Notify,0x0024,07 0B 04 00 00 03 4E 01 4E 01 4E 01 27 04 28 04 28 04 00 00,20,0x07
hci_snoop_2025_11_26_15_00_04.cfa,2068,2025-11-26T15:02:09.854Z,recv,f4:db:00:00:00:d9,0x13,Write-Rsp,,,0,
hci_snoop_2025_11_26_15_00_04.cfa,2069,2025-11-26T15:02:09.860Z,sent,f4:db:00:00:00:d9,0x12,Write-Req,0x0021,07 0E 04 00 00 03,6,0x07
hci_snoop_2025_11_26_15_00_04.cfa,2071,2025-11-26T15:02:10.037Z,recv,f4:db:00:00:00:d9,0x1B,Notify,0x0024,07 0E 04 00 00 03 4E 01 4D 01 4D 01 28 04 28 04 29 04 00 00,20,0x07
hci_snoop_2025_11_26_15_00_04.cfa,2072,2025-11-26T15:02:10.123Z,recv,f4:db:00:00:00:d9,0x13,Write-Rsp,,,0,
hci_snoop_2025_11_26_15_00_04.cfa,2073,2025-11-26T15:02:10.128Z,sent,f4:db:00:00:00:d9,0x12,Write-Req,0x0021,07 11 04 00 00 03,6,0x07
hci_snoop_2025_11_26_15_00_04.cfa,2075,2025-11-26T15:02:10.307Z,recv,f4:db:00:00:00:d9,0x1B,Notify,0x0024,07 11 04 00 00 03 4D 01 4D 01 4D 01 29 04 29 04 2A 04 00 00,20,0x07
hci_snoop_2025_11_26_15_00_04.cfa,2076,2025-11-26T15:02:10.394Z,recv,f4:db:00:00:00:d9,0x13,Write-Rsp,,,0,
hci_snoop_2025_11_26_15_00_04.cfa,2077,2025-11-26T15:02:10.398Z,sent,f4:db:00:00:00:d9,0x12,Write-Req,0x0021,07 14 04 00 00 03,6,0x07
hci_snoop_2025_11_26_15_00_04.cfa,2079,2025-11-26T15:02:10.573Z,recv,f4:db:00:00:00:d9,0x1B,Notify,0x0024,07 14 04 00 00 03 4C 01 4C 01 4C 01 2A 04 2A 04 2B 04 00 00,20,0x07
hci_snoop_2025_11_26_15_00_04.cfa,2080,2025-11-26T15:02:10.756Z,recv,f4:db:00:00:00:d9,0x13,Write-Rsp,,,0,
hci_snoop_2025_11_26_15_00_04.cfa,2081,2025-11-26T15:02:10.762Z,sent,f4:db:00:00:00:d9,0x12,Write-Req,0x0021,07 17 04 00 00 03,6,0x07
hci_snoop_2025_11_26_15_00_04.cfa,2083,2025-11-26T15:02:10.933Z,recv,f4:db:00:00:00:d9,0x1B,Notify,0x0024,07 17 04 00 00 03 4C 01 4C 01 4C 01 2B 04 2B 04 2B 04 00 00,20,0x07
hci_snoop_2025_11_26_15_00_04.cfa,2084,2025-11-26T15:02:11.024Z,recv,f4:db:00:00:00:d9,0x13,Write-Rsp,,,0,
hci_snoop_2025_11_26_15_00_04.cfa,2085,2025-11-26T15:02:11.027Z,sent,f4:db:00:00:00:d9,0x12,Write-Req,0x0021,07 1A 04 00 00 03,6,0x07
hci_snoop_2025_11_26_15_00_04.cfa,2087,2025-11-26T15:02:11.207Z,recv,f4:db:00:00:00:d9,0x1B,Notify,0x0024,07 1A 04 00 00 03 4C 01 4C 01 4C 01 2B 04 2A 04 2A 04 00 00,20,0x07
hci_snoop_2025_11_26_15_00_04.cfa,2088,2025-11-26T15:02:11.293Z,recv,f4:db:00:00:00:d9,0x13,Write-Rsp,,,0,
hci_snoop_2025_11_26_15_00_04.cfa,2089,2025-11-26T15:02:11.297Z,sent,f4:db:00:00:00:d9,0x12,Write-Req,0x0021,07 1D 04 00 00 03,6,0x07
hci_snoop_2025_11_26_15_00_04.cfa,2091,2025-11-26T15:02:11.477Z,recv,f4:db:00:00:00:d9,0x1B,Notify,0x0024,07 1D 04 00 00 03 4C 01 4C 01 4D 01 29 04 29 04 28 04 00 00,20,0x07
hci_snoop_2025_11_26_15_00_04.cfa,2092,2025-11-26T15:02:11.563Z,recv,f4:db:00:00:00:d9,0x13,Write-Rsp,,,0,
hci_snoop_2025_11_26_15_00_04.cfa,2093,2025-11-26T15:02:11.568Z,sent,f4:db:00:00:00:d9,0x12,Write-Req,0x0021,07 20 04 00 00 03,6,0x07
hci_snoop_2025_11_26_15_00_04.cfa,2095,2025-11-26T15:02:11.744Z,recv,f4:db:00:00:00:d9,0x1B,Notify,0x0024,07 20 04 00 00 03 4D 01 4D 01 4D 01 28 04 28 04 27 04 00 00,20,0x07
hci_snoop_2025_11_26_15_00_04.cfa,2096,2025-11-26T15:02:11.833Z,recv,f4:db:00:00:00:d9,0x13,Write-Rsp,,,0,
hci_snoop_2025_11_26_15_00_04.cfa,2097,2025-11-26T15:02:11.840Z,sent,f4:db:00:00:00:d9,0x12,Write-Req,0x0021,07 23 04 00 00 03,6,0x07
hci_snoop_2025_11_26_15_00_04.cfa,2099,2025-11-26T15:02:12.017Z,recv,f4:db:00:00:00:d9,0x1B,Notify,0x0024,07 23 04 00 00 03 4D 01 4D 01 4D 01 27 04 27 04 27 04 00 00,20,0x07
hci_snoop_2025_11_26_15_00_04.cfa,2100,2025-11-26T15:02:12.103Z,recv,f4:db:00:00:00:d9,0x13,Write-Rsp,,,0,
hci_snoop_2025_11_26_15_00_04.cfa,2101,2025-11-26T15:02:12.107Z,sent,f4:db:00:00:00:d9,0x12,Write-Req,0x0021,07 26 04 00 00 03,6,0x07
hci_snoop_2025_11_26_15_00_04.cfa,2103,2025-11-26T15:02:12.285Z,recv,f4:db:00:00:00:d9,0x1B,Notify,0x0024,07 26 04 00 00 03 4D 01 4D 01 4D 01 27 04 27 04 27 04 00 00,20,0x07
hci_snoop_2025_11_26_15_00_04.cfa,2104,2025-11-26T15:02:12.374Z,recv,f4:db:00:00:00:d9,0x13,Write-Rsp,,,0,
hci_snoop_2025_11_26_15_00_04.cfa,2105,2025-11-26T15:02:12.380Z,sent,f4:db:00:00:00:d9,0x12,Write-Req,0x0021,07 29 04 00 00 03,6,0x07
hci_snoop_2025_11_26_15_00_04.cfa,2107,2025-11-26T15:02:12.557Z,recv,f4:db:00:00:00:d9,0x1B,Notify,0x0024,07 29 04 00 00 03 4D 01 4C 01 4D 01 27 04 27 04 27 04 00 00,20,0x07
hci_snoop_2025_11_26_15_00_04.cfa,2108,2025-11-26T15:02:12.643Z,recv,f4:db:00:00:00:d9,0x13,Write-Rsp,,,0,
hci_snoop_2025_11_26_15_00_04.cfa,2109,2025-11-26T15:02:12.650Z,sent,f4:db:00:00:00:d9,0x12,Write-Req,0x0021,07 2C 04 00 00 03,6,0x07
hci_snoop_2025_11_26_15_00_04.cfa,2111,2025-11-26T15:02:12.825Z,recv,f4:db:00:00:00:d9,0x1B,Notify,0x0024,07 2C 04 00 00 03 4D 01 4D 01 4D 01 27 04 27 04 27 04 00 00,20,0x07
hci_snoop_2025_11_26_15_00_04.cfa,2112,2025-11-26T15:02:12.915Z,recv,f4:db:00:00:00:d9,0x13,Write-Rsp,,,0,
hci_snoop_2025_11_26_15_00_04.cfa,2113,2025-11-26T15:02:12.924Z,sent,f4:db:00:00:00:d9,0x12,Write-Req,0x0021,07 2F 04 00 00 03,6,0x07
hci_snoop_2025_11_26_15_00_04.cfa,2115,2025-11-26T15:02:13.098Z,recv,f4:db:00:00:00:d9,0x1B,Notify,0x0024,07 2F 04 00 00 03 4D 01 4D 01 4C 01 28 04 29 04 29 04 00 00,20,0x07
hci_snoop_2025_11_26_15_00_04.cfa,2116,2025-11-26T15:02:13.183Z,recv,f4:db:00:00:00:d9,0x13,Write-Rsp,,,0,
hci_snoop_2025_11_26_15_00_04.cfa,2117,2025-11-26T15:02:13.188Z,sent,f4:db:00:00:00:d9,0x12,Write-Req,0x0021,07 32 04 00 00 03,6,0x07
hci_snoop_2025_11_26_15_00_04.cfa,2119,2025-11-26T15:02:13.366Z,recv,f4:db:00:00:00:d9,0x1B,Notify,0x0024,07 32 04 00 00 03 4C 01 4C 01 4C 01 2A 04 2A 04 2A 04 00 00,20,0x07
hci_snoop_2025_11_26_15_00_04.cfa,2120,2025-11-26T15:02:13.454Z,recv,f4:db:00:00:00:d9,0x13,Write-Rsp,,,0,
hci_snoop_2025_11_26_15_00_04.cfa,2121,2025-11-26T15:02:13.460Z,sent,f4:db:00:00:00:d9,0x12,Write-Req,0x0021,07 35 04 00 00 03,6,0x07
hci_snoop_2025_11_26_15_00_04.cfa,2123,2025-11-26T15:02:13.637Z,recv,f4:db:00:00:00:d9,0x1B,Notify,0x0024,07 35 04 00 00 03 4C 01 4C 01 4B 01 2A 04 2B 04 2B 04 00 00,20,0x07
hci_snoop_2025_11_26_15_00_04.cfa,2124,2025-11-26T15:02:13.724Z,recv,f4:db:00:00:00:d9,0x13,Write-Rsp,,,0,
hci_snoop_2025_11_26_15_00_04.cfa,2125,2025-11-26T15:02:13.727Z,sent,f4:db:00:00:00:d9,0x12,Write-Req,0x0021,07 38 04 00 00 03,6,0x07
hci_snoop_2025_11_26_15_00_04.cfa,2127,2025-11-26T15:02:13.907Z,recv,f4:db:00:00:00:d9,0x1B,Notify,0x0024,07 38 04 00 00 03 4C 01 4C 01 4C 01 2B 04 2B 04 2B 04 00 00,20,0x07
hci_snoop_2025_11_26_15_00_04.cfa,2128,2025-11-26T15:02:13.994Z,recv,f4:db:00:00:00:d9,0x13,Write-Rsp,,,0,
hci_snoop_2025_11_26_15_00_04.cfa,2129,2025-11-26T15:02:13.997Z,sent,f4:db:00:00:00:d9,0x12,Write-Req,0x0021,07 3B 04 00 00 03,6,0x07
hci_snoop_2025_11_26_15_00_04.cfa,2131,2025-11-26T15:02:14.267Z,recv,f4:db:00:00:00:d9,0x1B,Notify,0x0024,07 3B 04 00 00 03 4C 01 4C 01 4D 01 2B 04 2B 04 2B 04 00 00,20,0x07
hci_snoop_2025_11_26_15_00_04.cfa,2132,2025-11-26T15:02:14.354Z,recv,f4:db:00:00:00:d9,0x13,Write-Rsp,,,0,
hci_snoop_2025_11_26_15_00_04.cfa,2134,2025-11-26T15:02:14.358Z,sent,f4:db:00:00:00:d9,0x12,Write-Req,0x0021,07 3E 04 00 00 03,6,0x07
hci_snoop_2025_11_26_15_00_04.cfa,2136,2025-11-26T15:02:14.537Z,recv,f4:db:00:00:00:d9,0x1B,Notify,0x0024,07 3E 04 00 00 03 4D 01 4E 01 4E 01 2A 04 2A 04 2A 04 00 00,20,0x07
hci_snoop_2025_11_26_15_00_04.cfa,2137,2025-11-26T15:02:14.623Z,recv,f4:db:00:00:00:d9,0x13,Write-Rsp,,,0,
hci_snoop_2025_11_26_15_00_04.cfa,2138,2025-11-26T15:02:14.628Z,sent,f4:db:00:00:00:d9,0x12,Write-Req,0x0021,07 41 04 00 00 03,6,0x07
hci_snoop_2025_11_26_15_00_04.cfa,2140,2025-11-26T15:02:14.808Z,recv,f4:db:00:00:00:d9,0x1B,Notify,0x0024,07 41 04 00 00 03 4E 01 4E 01 4E 01 2A 04 2A 04 2B 04 00 00,20,0x07
hci_snoop_2025_11_26_15_00_04.cfa,2141,2025-11-26T15:02:14.893Z,recv,f4:db:00:00:00:d9,0x13,Write-Rsp,,,0,
hci_snoop_2025_11_26_15_00_04.cfa,2142,2025-11-26T15:02:14.900Z,sent,f4:db:00:00:00:d9,0x12,Write-Req,0x0021,07 44 04 00 00 03,6,0x07
hci_snoop_2025_11_26_15_00_04.cfa,2144,2025-11-26T15:02:15.072Z,recv,f4:db:00:00:00:d9,0x1B,Notify,0x0024,07 44 04 00 00 03 4E 01 4E 01 4E 01 2B 04 2B 04 2B 04 00 00,20,0x07
hci_snoop_2025_11_26_15_00_04.cfa,2145,2025-11-26T15:02:15.162Z,recv,f4:db:00:00:00:d9,0x13,Write-Rsp,,,0,
hci_snoop_2025_11_26_15_00_04.cfa,2146,2025-11-26T15:02:15.192Z,sent,f4:db:00:00:00:d9,0x12,Write-Req,0x0021,07 47 04 00 00 03,6,0x07
hci_snoop_2025_11_26_15_00_04.cfa,2148,2025-11-26T15:02:15.342Z,recv,f4:db:00:00:00:d9,0x1B,Notify,0x0024,07 47 04 00 00 03 4E 01 4E 01 4E 01 2C 04 2C 04 2C 04 00 00,20,0x07
hci_snoop_2025_11_26_15_00_04.cfa,2149,2025-11-26T15:02:15.432Z,recv,f4:db:00:00:00:d9,0x13,Write-Rsp,,,0,
hci_snoop_2025_11_26_15_00_04.cfa,2150,2025-11-26T15:02:15.458Z,sent,f4:db:00:00:00:d9,0x12,Write-Req,0x0021,07 4A 04 00 00 03,6,0x07
hci_snoop_2025_11_26_15_00_04.cfa,2152,2025-11-26T15:02:15.612Z,recv,f4:db:00:00:00:d9,0x1B,Notify,0x0024,07 4A 04 00 00 03 4E 01 4E 01 4D 01 2D 04 2D 04 2D 04 00 00,20,0x07
hci_snoop_2025_11_26_15_00_04.cfa,2153,2025-11-26T15:02:15.702Z,recv,f4:db:00:00:00:d9,0x13,Write-Rsp,,,0,
hci_snoop_2025_11_26_15_00_04.cfa,2154,2025-11-26T15:02:15.727Z,sent,f4:db:00:00:00:d9,0x12,Write-Req,0x0021,07 4D 04 00 00 03,6,0x07
hci_snoop_2025_11_26_15_00_04.cfa,2156,2025-11-26T15:02:15.883Z,recv,f4:db:00:00:00:d9,0x1B,Notify,0x0024,07 4D 04 00 00 03 4D 01 4D 01 4D 01 2D 04 2E 04 2E 04 00 00,20,0x07
hci_snoop_2025_11_26_15_00_04.cfa,2157,2025-11-26T15:02:15.973Z,recv,f4:db:00:00:00:d9,0x13,Write-Rsp,,,0,
hci_snoop_2025_11_26_15_00_04.cfa,2158,2025-11-26T15:02:16.012Z,sent,f4:db:00:00:00:d9,0x12,Write-Req,0x0021,07 50 04 00 00 03,6,0x07
hci_snoop_2025_11_26_15_00_04.cfa,2160,2025-11-26T15:02:16.153Z,recv,f4:db:00:00:00:d9,0x1B,Notify,0x0024,07 50 04 00 00 03 4C 01 4C 01 4C 01 2F 04 2F 04 30 04 00 00,20,0x07
hci_snoop_2025_11_26_15_00_04.cfa,2161,2025-11-26T15:02:16.245Z,recv,f4:db:00:00:00:d9,0x13,Write-Rsp,,,0,
hci_snoop_2025_11_26_15_00_04.cfa,2162,2025-11-26T15:02:16.277Z,sent,f4:db:00:00:00:d9,0x12,Write-Req,0x0021,07 53 04 00 00 03,6,0x07
hci_snoop_2025_11_26_15_00_04.cfa,2164,2025-11-26T15:02:16.423Z,recv,f4:db:00:00:00:d9,0x1B,Notify,0x0024,07 53 04 00 00 03 4C 01 4C 01 4C 01 31 04 31 04 32 04 00 00,20,0x07
hci_snoop_2025_11_26_15_00_04.cfa,2165,2025-11-26T15:02:16.513Z,recv,f4:db:00:00:00:d9,0x13,Write-Rsp,,,0,
hci_snoop_2025_11_26_15_00_04.cfa,2166,2025-11-26T15:02:16.545Z,sent,f4:db:00:00:00:d9,0x12,Write-Req,0x0021,07 56 04 00 00 03,6,0x07
hci_snoop_2025_11_26_15_00_04.cfa,2168,2025-11-26T15:02:16.693Z,recv,f4:db:00:00:00:d9,0x1B,Notify,0x0024,07 56 04 00 00 03 4B 01 4B 01 4C 01 32 04 33 04 33 04 00 00,20,0x07
hci_snoop_2025_11_26_15_00_04.cfa,2169,2025-11-26T15:02:16.783Z,recv,f4:db:00:00:00:d9,0x13,Write-Rsp,,,0,
hci_snoop_2025_11_26_15_00_04.cfa,2170,2025-11-26T15:02:16.809Z,sent,f4:db:00:00:00:d9,0x12,Write-Req,0x0021,07 59 04 00 00 03,6,0x07
hci_snoop_2025_11_26_15_00_04.cfa,2172,2025-11-26T15:02:16.964Z,recv,f4:db:00:00:00:d9,0x1B,Notify,0x0024,07 59 04 00 00 03 4C 01 3F 01 40 01 35 04 31 03 A4 03 00 00,20,0x07
hci_snoop_2025_11_26_15_00_04.cfa,2173,2025-11-26T15:02:17.053Z,recv,f4:db:00:00:00:d9,0x13,Write-Rsp,,,0,
hci_snoop_2025_11_26_15_00_04.cfa,2174,2025-11-26T15:02:17.080Z,sent,f4:db:00:00:00:d9,0x12,Write-Req,0x0021,07 5C 04 00 00 03,6,0x07
hci_snoop_2025_11_26_15_00_04.cfa,2176,2025-11-26T15:02:17.234Z,recv,f4:db:00:00:00:d9,0x1B,Notify,0x0024,07 5C 04 00 00 03 43 01 45 01 47 01 B2 03 BB 03 C4 03 00 00,20,0x07
hci_snoop_2025_11_26_15_00_04.cfa,2177,2025-11-26T15:02:17.323Z,recv,f4:db:00:00:00:d9,0x13,Write-Rsp,,,0,
hci_snoop_2025_11_26_15_00_04.cfa,2178,2025-11-26T15:02:17.361Z,sent,f4:db:00:00:00:d9,0x12,Write-Req,0x0021,07 5F 04 00 00 03,6,0x07
hci_snoop_2025_11_26_15_00_04.cfa,2180,2025-11-26T15:02:17.503Z,recv,f4:db:00:00:00:d9,0x1B,Notify,0x0024,07 5F 04 00 00 03 48 01 4A 01 4B 01 CD 03 D4 03 D9 03 00 00,20,0x07
hci_snoop_2025_11_26_15_00_04.cfa,2181,2025-11-26T15:02:17.593Z,recv,f4:db:00:00:00:d9,0x13,Write-Rsp,,,0,
hci_snoop_2025_11_26_15_00_04.cfa,2182,2025-11-26T15:02:17.627Z,sent,f4:db:00:00:00:d9,0x12,Write-Req,0x0021,07 62 04 00 00 03,6,0x07
hci_snoop_2025_11_26_15_00_04.cfa,2184,2025-11-26T15:02:17.774Z,recv,f4:db:00:00:00:d9,0x1B,Notify,0x0024,07 62 04 00 00 03 4D 01 4F 01 4F 01 DC 03 DD 03 E0 03 00 00,20,0x07
hci_snoop_2025_11_26_15_00_04.cfa,2185,2025-11-26T15:02:17.863Z,recv,f4:db:00:00:00:d9,0x13,Write-Rsp,,,0,
hci_snoop_2025_11_26_15_00_04.cfa,2186,2025-11-26T15:02:17.897Z,sent,f4:db:00:00:00:d9,0x12,Write-Req,0x0021,07 65 04 00 00 03,6,0x07
hci_snoop_2025_11_26_15_00_04.cfa,2188,2025-11-26T15:02:18.043Z,recv,f4:db:00:00:00:d9,0x1B,Notify,0x0024,07 65 04 00 00 03 50 01 52 01 53 01 E4 03 E6 03 CC 03 00 00,20,0x07
hci_snoop_2025_11_26_15_00_04.cfa,2189,2025-11-26T15:02:18.133Z,recv,f4:db:00:00:00:d9,0x13,Write-Rsp,,,0,
hci_snoop_2025_11_26_15_00_04.cfa,2190,2025-11-26T15:02:18.162Z,sent,f4:db:00:00:00:d9,0x12,Write-Req,0x0021,07 68 04 00 00 03,6,0x07
hci_snoop_2025_11_26_15_00_04.cfa,2192,2025-11-26T15:02:18.314Z,recv,f4:db:00:00:00:d9,0x1B,Notify,0x0024,07 68 04 00 00 03 54 01 56 01 5A 01 B0 03 BA 03 C2 03 00 00,20,0x07
hci_snoop_2025_11_26_15_00_04.cfa,2193,2025-11-26T15:02:18.402Z,recv,f4:db:00:00:00:d9,0x13,Write-Rsp,,,0,
hci_snoop_2025_11_26_15_00_04.cfa,2194,2025-11-26T15:02:18.427Z,sent,f4:db:00:00:00:d9,0x12,Write-Req,0x0021,07 6B 04 00 00 03,6,0x07
hci_snoop_2025_11_26_15_00_04.cfa,2196,2025-11-26T15:02:18.583Z,recv,f4:db:00:00:00:d9,0x1B,Notify,0x0024,07 6B 04 00 00 03 5C 01 5E 01 60 01 C8 03 CC 03 D0 03 00 00,20,0x07
hci_snoop_2025_11_26_15_00_04.cfa,2197,2025-11-26T15:02:18.672Z,recv,f4:db:00:00:00:d9,0x13,Write-Rsp,,,0,
hci_snoop_2025_11_26_15_00_04.cfa,2198,2025-11-26T15:02:18.693Z,sent,f4:db:00:00:00:d9,0x12,Write-Req,0x0021,07 6E 04 00 00 03,6,0x07
hci_snoop_2025_11_26_15_00_04.cfa,2200,2025-11-26T15:02:18.855Z,recv,f4:db:00:00:00:d9,0x1B,Notify,0x0024,07 6E 04 00 00 03 62 01 64 01 65 01 D3 03 D6 03 D9 03 00 00,20,0x07
hci_snoop_2025_11_26_15_00_04.cfa,2202,2025-11-26T15:02:18.945Z,recv,f4:db:00:00:00:d9,0x13,Write-Rsp,,,0,
hci_snoop_2025_11_26_15_00_04.cfa,2203,2025-11-26T15:02:18.977Z,sent,f4:db:00:00:00:d9,0x12,Write-Req,0x0021,07 71 04 00 00 03,6,0x07
hci_snoop_2025_11_26_15_00_04.cfa,2205,2025-11-26T15:02:19.123Z,recv,f4:db:00:00:00:d9,0x1B,Notify,0x0024,07 71 04 00 00 03 66 01 68 01 69 01 DC 03 DE 03 E0 03 00 00,20,0x07
hci_snoop_2025_11_26_15_00_04.cfa,2206,2025-11-26T15:02:19.213Z,recv,f4:db:00:00:00:d9,0x13,Write-Rsp,,,0,
hci_snoop_2025_11_26_15_00_04.cfa,2207,2025-11-26T15:02:19.245Z,sent,f4:db:00:00:00:d9,0x12,Write-Req,0x0021,07 74 04 00 00 03,6,0x07
hci_snoop_2025_11_26_15_00_04.cfa,2209,2025-11-26T15:02:19.395Z,recv,f4:db:00:00:00:d9,0x1B,Notify,0x0024,07 74 04 00 00 03 6A 01 6B 01 6C 01 E2 03 E4 03 E6 03 00 00,20,0x07
hci_snoop_2025_11_26_15_00_04.cfa,2210,2025-11-26T15:02:19.483Z,recv,f4:db:00:00:00:d9,0x13,Write-Rsp,,,0,
hci_snoop_2025_11_26_15_00_04.cfa,2211,2025-11-26T15:02:19.512Z,sent,f4:db:00:00:00:d9,0x12,Write-Req,0x0021,07 77 04 00 00 03,6,0x07
hci_snoop_2025_11_26_15_00_04.cfa,2213,2025-11-26T15:02:19.663Z,recv,f4:db:00:00:00:d9,0x1B,Notify,0x0024,07 77 04 00 00 03 6D 01 6E 01 6C 01 E7 03 E6 03 DB 03 00 00,20,0x07
hci_snoop_2025_11_26_15_00_04.cfa,2214,2025-11-26T15:02:19.753Z,recv,f4:db:00:00:00:d9,0x13,Write-Rsp,,,0,
hci_snoop_2025_11_26_15_00_04.cfa,2215,2025-11-26T15:02:19.775Z,sent,f4:db:00:00:00:d9,0x12,Write-Req,0x0021,07 7A 04 00 00 03,6,0x07
hci_snoop_2025_11_26_15_00_04.cfa,2217,2025-11-26T15:02:19.933Z,recv,f4:db:00:00:00:d9,0x1B,Notify,0x0024,07 7A 04 00 00 03 69 01 67 01 65 01 DB 03 DD 03 DE 03 00 00,20,0x07
hci_snoop_2025_11_26_15_00_04.cfa,2218,2025-11-26T15:02:20.023Z,recv,f4:db:00:00:00:d9,0x13,Write-Rsp,,,0,
hci_snoop_2025_11_26_15_00_04.cfa,2219,2025-11-26T15:02:20.061Z,sent,f4:db:00:00:00:d9,0x12,Write-Req,0x0021,07 7D 04 00 00 03,6,0x07
hci_snoop_2025_11_26_15_00_04.cfa,2221,2025-11-26T15:02:20.203Z,recv,f4:db:00:00:00:d9,0x1B,Notify,0x0024,07 7D 04 00 00 03 64 01 63 01 62 01 E0 03 E2 03 E4 03 00 00,20,0x07
hci_snoop_2025_11_26_15_00_04.cfa,2222,2025-11-26T15:02:20.294Z,recv,f4:db:00:00:00:d9,0x13,Write-Rsp,,,0,
hci_snoop_2025_11_26_15_00_04.cfa,2223,2025-11-26T15:02:20.327Z,sent,f4:db:00:00:00:d9,0x12,Write-Req,0x0021,07 80 04 00 00 03,6,0x07
hci_snoop_2025_11_26_15_00_04.cfa,2225,2025-11-26T15:02:20.473Z,recv,f4:db:00:00:00:d9,0x1B,Notify,0x0024,07 80 04 00 00 03 61 01 60 01 5F 01 E5 03 E6 03 E8 03 00 00,20,0x07
hci_snoop_2025_11_26_15_00_04.cfa,2226,2025-11-26T15:02:20.566Z,recv,f4:db:00:00:00:d9,0x13,Write-Rsp,,,0,
hci_snoop_2025_11_26_15_00_04.cfa,2227,2025-11-26T15:02:20.592Z,sent,f4:db:00:00:00:d9,0x12,Write-Req,0x0021,07 83 04 00 00 03,6,0x07
hci_snoop_2025_11_26_15_00_04.cfa,2229,2025-11-26T15:02:20.743Z,recv,f4:db:00:00:00:d9,0x1B,Notify,0x0024,07 83 04 00 00 03 5E 01 5E 01 5D 01 E9 03 EA 03 EB 03 00 00,20,0x07
hci_snoop_2025_11_26_15_00_04.cfa,2230,2025-11-26T15:02:20.833Z,recv,f4:db:00:00:00:d9,0x13,Write-Rsp,,,0,
hci_snoop_2025_11_26_15_00_04.cfa,2231,2025-11-26T15:02:20.862Z,sent,f4:db:00:00:00:d9,0x12,Write-Req,0x0021,07 86 04 00 00 03,6,0x07
hci_snoop_2025_11_26_15_00_04.cfa,2233,2025-11-26T15:02:21.015Z,recv,f4:db:00:00:00:d9,0x1B,Notify,0x0024,07 86 04 00 00 03 5E 01 5E 01 5E 01 ED 03 F0 03 EF 03 00 00,20,0x07
hci_snoop_2025_11_26_15_00_04.cfa,2234,2025-11-26T15:02:21.104Z,recv,f4:db:00:00:00:d9,0x13,Write-Rsp,,,0,
hci_snoop_2025_11_26_15_00_04.cfa,2235,2025-11-26T15:02:21.129Z,sent,f4:db:00:00:00:d9,0x12,Write-Req,0x0021,07 89 04 00 00 03,6,0x07
hci_snoop_2025_11_26_15_00_04.cfa,2237,2025-11-26T15:02:21.282Z,recv,f4:db:00:00:00:d9,0x1B,Notify,0x0024,07 89 04 00 00 03 5C 01 5C 01 5D 01 E6 03 EA 03 F3 03 00 00,20,0x07
hci_snoop_2025_11_26_15_00_04.cfa,2238,2025-11-26T15:02:21.373Z,recv,f4:db:00:00:00:d9,0x13,Write-Rsp,,,0,
hci_snoop_2025_11_26_15_00_04.cfa,2239,2025-11-26T15:02:21.410Z,sent,f4:db:00:00:00:d9,0x12,Write-Req,0x0021,07 8C 04 00 00 03,6,0x07
hci_snoop_2025_11_26_15_00_04.cfa,2241,2025-11-26T15:02:21.553Z,recv,f4:db:00:00:00:d9,0x1B,Notify,0x0024,07 8C 04 00 00 03 5D 01 5D 01 5D 01 F9 03 FD 03 01 04 00 00,20,0x07
hci_snoop_2025_11_26_15_00_04.cfa,2242,2025-11-26T15:02:21.644Z,recv,f4:db:00:00:00:d9,0x13,Write-Rsp,,,0,
hci_snoop_2025_11_26_15_00_04.cfa,2243,2025-11-26T15:02:21.678Z,sent,f4:db:00:00:00:d9,0x12,Write-Req,0x0021,07 8F 04 00 00 03,6,0x07
hci_snoop_2025_11_26_15_00_04.cfa,2245,2025-11-26T15:02:21.823Z,recv,f4:db:00:00:00:d9,0x1B,Notify,0x0024,07 8F 04 00 00 03 5D 01 5C 01 5B 01 FF 03 FE 03 FE 03 00 00,20,0x07
hci_snoop_2025_11_26_15_00_04.cfa,2246,2025-11-26T15:02:21.912Z,recv,f4:db:00:00:00:d9,0x13,Write-Rsp,,,0,
hci_snoop_2025_11_26_15_00_04.cfa,2247,2025-11-26T15:02:21.944Z,sent,f4:db:00:00:00:d9,0x12,Write-Req,0x0021,07 92 04 00 00 03,6,0x07
hci_snoop_2025_11_26_15_00_04.cfa,2249,2025-11-26T15:02:22.093Z,recv,f4:db:00:00:00:d9,0x1B,Notify,0x0024,07 92 04 00 00 03 5A 01 59 01 59 01 FF 03 FF 03 00 04 00 00,20,0x07
hci_snoop_2025_11_26_15_00_04.cfa,2250,2025-11-26T15:02:22.183Z,recv,f4:db:00:00:00:d9,0x13,Write-Rsp,,,0,
hci_snoop_2025_11_26_15_00_04.cfa,2251,2025-11-26T15:02:22.209Z,sent,f4:db:00:00:00:d9,0x12,Write-Req,0x0021,07 95 04 00 00 03,6,0x07
hci_snoop_2025_11_26_15_00_04.cfa,2253,2025-11-26T15:02:22.366Z,recv,f4:db:00:00:00:d9,0x1B,Notify,0x0024,07 95 04 00 00 03 58 01 58 01 57 01 01 04 01 04 02 04 00 00,20,0x07
hci_snoop_2025_11_26_15_00_04.cfa,2254,2025-11-26T15:02:22.453Z,recv,f4:db:00:00:00:d9,0x13,Write-Rsp,,,0,
hci_snoop_2025_11_26_15_00_04.cfa,2255,2025-11-26T15:02:22.481Z,sent,f4:db:00:00:00:d9,0x12,Write-Req,0x0021,07 98 04 00 00 03,6,0x07
hci_snoop_2025_11_26_15_00_04.cfa,2257,2025-11-26T15:02:22.633Z,recv,f4:db:00:00:00:d9,0x1B,Notify,0x0024,07 98 04 00 00 03 56 01 56 01 56 01 02 04 03 04 03 04 00 00,20,0x07
hci_snoop_2025_11_26_15_00_04.cfa,2258,2025-11-26T15:02:22.723Z,recv,f4:db:00:00:00:d9,0x13,Write-Rsp,,,0,
hci_snoop_2025_11_26_15_00_04.cfa,2259,2025-11-26T15:02:22.762Z,sent,f4:db:00:00:00:d9,0x12,Write-Req,0x0021,07 9B 04 00 00 03,6,0x07
hci_snoop_2025_11_26_15_00_04.cfa,2261,2025-11-26T15:02:22.904Z,recv,f4:db:00:00:00:d9,0x1B,Notify,0x0024,07 9B 04 00 00 03 55 01 55 01 54 01 06 04 08 04 08 04 00 00,20,0x07
hci_snoop_2025_11_26_15_00_04.cfa,2262,2025-11-26T15:02:22.993Z,recv,f4:db:00:00:00:d9,0x13,Write-Rsp,,,0,
hci_snoop_2025_11_26_15_00_04.cfa,2263,2025-11-26T15:02:23.030Z,sent,f4:db:00:00:00:d9,0x12,Write-Req,0x0021,07 9E 04 00 00 03,6,0x07
hci_snoop_2025_11_26_15_00_04.cfa,2265,2025-11-26T15:02:23.173Z,recv,f4:db:00:00:00:d9,0x1B,Notify,0x0024,07 9E 04 00 00 03 54 01 54 01 53 01 0A 04 0B 04 0C 04 00 00,20,0x07
hci_snoop_2025_11_26_15_00_04.cfa,2266,2025-11-26T15:02:23.262Z,recv,f4:db:00:00:00:d9,0x13,Write-Rsp,,,0,
hci_snoop_2025_11_26_15_00_04.cfa,2267,2025-11-26T15:02:23.292Z,sent,f4:db:00:00:00:d9,0x12,Write-Req,0x0021,07 A1 04 00 00 03,6,0x07
hci_snoop_2025_11_26_15_00_04.cfa,2269,2025-11-26T15:02:23.444Z,recv,f4:db:00:00:00:d9,0x1B,Notify,0x0024,07 A1 04 00 00 03 53 01 52 01 52 01 0C 04 0D 04 0D 04 00 00,20,0x07
hci_snoop_2025_11_26_15_00_04.cfa,2270,2025-11-26T15:02:23.533Z,recv,f4:db:00:00:00:d9,0x13,Write-Rsp,,,0,
hci_snoop_2025_11_26_15_00_04.cfa,2271,2025-11-26T15:02:23.562Z,sent,f4:db:00:00:00:d9,0x12,Write-Req,0x0021,07 A4 04 00 00 03,6,0x07
hci_snoop_2025_11_26_15_00_04.cfa,2273,2025-11-26T15:02:23.713Z,recv,f4:db:00:00:00:d9,0x1B,Notify,0x0024,07 A4 04 00 00 03 52 01 51 01 51 01 0D 04 0D 04 0E 04 00 00,20,0x07
hci_snoop_2025_11_26_15_00_04.cfa,2274,2025-11-26T15:02:23.803Z,recv,f4:db:00:00:00:d9,0x13,Write-Rsp,,,0,
hci_snoop_2025_11_26_15_00_04.cfa,2275,2025-11-26T15:02:23.828Z,sent,f4:db:00:00:00:d9,0x12,Write-Req,0x0021,07 A7 04 00 00 03,6,0x07
hci_snoop_2025_11_26_15_00_04.cfa,2277,2025-11-26T15:02:23.984Z,recv,f4:db:00:00:00:d9,0x1B,Notify,0x0024,07 A7 04 00 00 03 50 01 50 01 50 01 0F 04 0F 04 10 04 00 00,20,0x07
hci_snoop_2025_11_26_15_00_04.cfa,2278,2025-11-26T15:02:24.073Z,recv,f4:db:00:00:00:d9,0x13,Write-Rsp,,,0,
hci_snoop_2025_11_26_15_00_04.cfa,2279,2025-11-26T15:02:24.097Z,sent,f4:db:00:00:00:d9,0x12,Write-Req,0x0021,07 AA 04 00 00 03,6,0x07
hci_snoop_2025_11_26_15_00_04.cfa,2281,2025-11-26T15:02:24.253Z,recv,f4:db:00:00:00:d9,0x1B,Notify,0x0024,07 AA 04 00 00 03 4F 01 4F 01 4F 01 11 04 12 04 13 04 00 00,20,0x07
hci_snoop_2025_11_26_15_00_04.cfa,2282,2025-11-26T15:02:24.342Z,recv,f4:db:00:00:00:d9,0x13,Write-Rsp,,,0,
hci_snoop_2025_11_26_15_00_04.cfa,2283,2025-11-26T15:02:24.376Z,sent,f4:db:00:00:00:d9,0x12,Write-Req,0x0021,07 AD 04 00 00 03,6,0x07
hci_snoop_2025_11_26_15_00_04.cfa,2285,2025-11-26T15:02:24.523Z,recv,f4:db:00:00:00:d9,0x1B,Notify,0x0024,07 AD 04 00 00 03 4F 01 4E 01 4E 01 14 04 15 04 17 04 00 00,20,0x07
hci_snoop_2025_11_26_15_00_04.cfa,2286,2025-11-26T15:02:24.615Z,recv,f4:db:00:00:00:d9,0x13,Write-Rsp,,,0,
hci_snoop_2025_11_26_15_00_04.cfa,2287,2025-11-26T15:02:24.647Z,sent,f4:db:00:00:00:d9,0x12,Write-Req,0x0021,07 B0 04 00 00 03,6,0x07
hci_snoop_2025_11_26_15_00_04.cfa,2289,2025-11-26T15:02:24.794Z,recv,f4:db:00:00:00:d9,0x1B,Notify,0x0024,07 B0 04 00 00 03 4E 01 4E 01 4D 01 19 04 1B 04 1D 04 00 00,20,0x07
hci_snoop_2025_11_26_15_00_04.cfa,2290,2025-11-26T15:02:24.883Z,recv,f4:db:00:00:00:d9,0x13,Write-Rsp,,,0,
hci_snoop_2025_11_26_15_00_04.cfa,2291,2025-11-26T15:02:24.910Z,sent,f4:db:00:00:00:d9,0x12,Write-Req,0x0021,07 B3 04 00 00 03,6,0x07
hci_snoop_2025_11_26_15_00_04.cfa,2293,2025-11-26T15:02:25.063Z,recv,f4:db:00:00:00:d9,0x1B,Notify,0x0024,07 B3 04 00 00 03 4D 01 4D 01 4D 01 1F 04 21 04 23 04 00 00,20,0x07
hci_snoop_2025_11_26_15_00_04.cfa,2294,2025-11-26T15:02:25.153Z,recv,f4:db:00:00:00:d9,0x13,Write-Rsp,,,0,
hci_snoop_2025_11_26_15_00_04.cfa,2295,2025-11-26T15:02:25.177Z,sent,f4:db:00:00:00:d9,0x12,Write-Req,0x0021,07 B6 04 00 00 03,6,0x07
hci_snoop_2025_11_26_15_00_04.cfa,2297,2025-11-26T15:02:25.334Z,recv,f4:db:00:00:00:d9,0x1B,Notify,0x0024,07 B6 04 00 00 03 4D 01 4D 01 4D 01 24 04 26 04 27 04 00 00,20,0x07
hci_snoop_2025_11_26_15_00_04.cfa,2298,2025-11-26T15:02:25.423Z,recv,f4:db:00:00:00:d9,0x13,Write-Rsp,,,0,
hci_snoop_2025_11_26_15_00_04.cfa,2299,2025-11-26T15:02:25.462Z,sent,f4:db:00:00:00:d9,0x12,Write-Req,0x0021,07 B9 04 00 00 03,6,0x07
hci_snoop_2025_11_26_15_00_04.cfa,2301,2025-11-26T15:02:25.603Z,recv,f4:db:00:00:00:d9,0x1B,Notify,0x0024,07 B9 04 00 00 03 4E 01 4E 01 4E 01 28 04 29 04 2A 04 00 00,20,0x07
hci_snoop_2025_11_26_15_00_04.cfa,2302,2025-11-26T15:02:25.695Z,recv,f4:db:00:00:00:d9,0x13,Write-Rsp,,,0,
hci_snoop_2025_11_26_15_00_04.cfa,2304,2025-11-26T15:02:25.726Z,sent,f4:db:00:00:00:d9,0x12,Write-Req,0x0021,07 BC 04 00 00 03,6,0x07
hci_snoop_2025_11_26_15_00_04.cfa,2306,2025-11-26T15:02:25.872Z,recv,f4:db:00:00:00:d9,0x1B,Notify,0x0024,07 BC 04 00 00 03 4E 01 4E 01 4F 01 2A 04 2B 04 2B 04 00 00,20,0x07
hci_snoop_2025_11_26_15_00_04.cfa,2307,2025-11-26T15:02:25.963Z,recv,f4:db:00:00:00:d9,0x13,Write-Rsp,,,0,
hci_snoop_2025_11_26_15_00_04.cfa,2308,2025-11-26T15:02:25.993Z,sent,f4:db:00:00:00:d9,0x12,Write-Req,0x0021,07 BF 04 00 00 03,6,0x07
hci_snoop_2025_11_26_15_00_04.cfa,2310,2025-11-26T15:02:26.146Z,recv,f4:db:00:00:00:d9,0x1B,Notify,0x0024,07 BF 04 00 00 03 4F 01 4F 01 50 01 2B 04 2B 04 2B 04 00 00,20,0x07
hci_snoop_2025_11_26_15_00_04.cfa,2311,2025-11-26T15:02:26.233Z,recv,f4:db:00:00:00:d9,0x13,Write-Rsp,,,0,
hci_snoop_2025_11_26_15_00_04.cfa,2312,2025-11-26T15:02:26.263Z,sent,f4:db:00:00:00:d9,0x12,Write-Req,0x0021,07 C2 04 00 00 03,6,0x07
hci_snoop_2025_11_26_15_00_04.cfa,2314,2025-11-26T15:02:26.414Z,recv,f4:db:00:00:00:d9,0x1B,Notify,0x0024,07 C2 04 00 00 03 50 01 50 01 50 01 2B 04 2B 04 2C 04 00 00,20,0x07
hci_snoop_2025_11_26_15_00_04.cfa,2315,2025-11-26T15:02:26.502Z,recv,f4:db:00:00:00:d9,0x13,Write-Rsp,,,0,
hci_snoop_2025_11_26_15_00_04.cfa,2316,2025-11-26T15:02:26.527Z,sent,f4:db:00:00:00:d9,0x12,Write-Req,0x0021,07 C5 04 00 00 03,6,0x07
hci_snoop_2025_11_26_15_00_04.cfa,2318,2025-11-26T15:02:26.684Z,recv,f4:db:00:00:00:d9,0x1B,Notify,0x0024,07 C5 04 00 00 03 50 01 50 01 50 01 2B 04 2B 04 2C 04 00 00,20,0x07
hci_snoop_2025_11_26_15_00_04.cfa,2319,2025-11-26T15:02:26.773Z,recv,f4:db:00:00:00:d9,0x13,Write-Rsp,,,0,
hci_snoop_2025_11_26_15_00_04.cfa,2320,2025-11-26T15:02:26.810Z,sent,f4:db:00:00:00:d9,0x12,Write-Req,0x0021,07 C8 04 00 00 03,6,0x07
hci_snoop_2025_11_26_15_00_04.cfa,2322,2025-11-26T15:02:26.953Z,recv,f4:db:00:00:00:d9,0x1B,Notify,0x0024,07 C8 04 00 00 03 50 01 50 01 4F 01 2D 04 2D 04 2D 04 00 00,20,0x07
hci_snoop_2025_11_26_15_00_04.cfa,2323,2025-11-26T15:02:27.045Z,recv,f4:db:00:00:00:d9,0x13,Write-Rsp,,,0,
hci_snoop_2025_11_26_15_00_04.cfa,2324,2025-11-26T15:02:27.077Z,sent,f4:db:00:00:00:d9,0x12,Write-Req,0x0021,07 CB 04 00 00 03,6,0x07
hci_snoop_2025_11_26_15_00_04.cfa,2326,2025-11-26T15:02:27.223Z,recv,f4:db:00:00:00:d9,0x1B,Notify,0x0024,07 CB 04 00 00 03 4F 01 4F 01 4F 01 2D 04 2E 04 2E 04 00 00,20,0x07
hci_snoop_2025_11_26_15_00_04.cfa,2327,2025-11-26T15:02:27.313Z,recv,f4:db:00:00:00:d9,0x13,Write-Rsp,,,0,
hci_snoop_2025_11_26_15_00_04.cfa,2328,2025-11-26T15:02:27.344Z,sent,f4:db:00:00:00:d9,0x12,Write-Req,0x0021,07 CE 04 00 00 03,6,0x07
hci_snoop_2025_11_26_15_00_04.cfa,2330,2025-11-26T15:02:27.493Z,recv,f4:db:00:00:00:d9,0x1B,Notify,0x0024,07 CE 04 00 00 03 4F 01 4F 01 4F 01 2F 04 2F 04 2F 04 00 00,20,0x07
hci_snoop_2025_11_26_15_00_04.cfa,2331,2025-11-26T15:02:27.582Z,recv,f4:db:00:00:00:d9,0x13,Write-Rsp,,,0,
hci_snoop_2025_11_26_15_00_04.cfa,2332,2025-11-26T15:02:27.611Z,sent,f4:db:00:00:00:d9,0x12,Write-Req,0x0021,07 D1 04 00 00 03,6,0x07
hci_snoop_2025_11_26_15_00_04.cfa,2334,2025-11-26T15:02:27.764Z,recv,f4:db:00:00:00:d9,0x1B,Notify,0x0024,07 D1 04 00 00 03 4F 01 4E 01 4E 01 30 04 31 04 31 04 00 00,20,0x07
hci_snoop_2025_11_26_15_00_04.cfa,2335,2025-11-26T15:02:27.853Z,recv,f4:db:00:00:00:d9,0x13,Write-Rsp,,,0,
hci_snoop_2025_11_26_15_00_04.cfa,2336,2025-11-26T15:02:27.877Z,sent,f4:db:00:00:00:d9,0x12,Write-Req,0x0021,07 D4 04 00 00 03,6,0x07
hci_snoop_2025_11_26_15_00_04.cfa,2338,2025-11-26T15:02:28.034Z,recv,f4:db:00:00:00:d9,0x1B,Notify,0x0024,07 D4 04 00 00 03 4E 01 4E 01 4E 01 31 04 32 04 32 04 00 00,20,0x07
hci_snoop_2025_11_26_15_00_04.cfa,2339,2025-11-26T15:02:28.123Z,recv,f4:db:00:00:00:d9,0x13,Write-Rsp,,,0,
hci_snoop_2025_11_26_15_00_04.cfa,2340,2025-11-26T15:02:28.143Z,sent,f4:db:00:00:00:d9,0x12,Write-Req,0x0021,07 D7 04 00 00 03,6,0x07
hci_snoop_2025_11_26_15_00_04.cfa,2342,2025-11-26T15:02:28.304Z,recv,f4:db:00:00:00:d9,0x1B,Notify,0x0024,07 D7 04 00 00 03 4E 01 4E 01 4E 01 32 04 32 04 33 04 00 00,20,0x07
hci_snoop_2025_11_26_15_00_04.cfa,2343,2025-11-26T15:02:28.394Z,recv,f4:db:00:00:00:d9,0x13,Write-Rsp,,,0,
hci_snoop_2025_11_26_15_00_04.cfa,2344,2025-11-26T15:02:28.426Z,sent,f4:db:00:00:00:d9,0x12,Write-Req,0x0021,07 DA 04 00 00 03,6,0x07
hci_snoop_2025_11_26_15_00_04.cfa,2346,2025-11-26T15:02:28.573Z,recv,f4:db:00:00:00:d9,0x1B,Notify,0x0024,07 DA 04 00 00 03 4E 01 4E 01 4E 01 33 04 34 04 34 04 00 00,20,0x07
hci_snoop_2025_11_26_15_00_04.cfa,2347,2025-11-26T15:02:28.664Z,recv,f4:db:00:00:00:d9,0x13,Write-Rsp,,,0,
hci_snoop_2025_11_26_15_00_04.cfa,2348,2025-11-26T15:02:28.692Z,sent,f4:db:00:00:00:d9,0x12,Write-Req,0x0021,07 DD 04 00 00 03,6,0x07
hci_snoop_2025_11_26_15_00_04.cfa,2350,2025-11-26T15:02:28.843Z,recv,f4:db:00:00:00:d9,0x1B,Notify,0x0024,07 DD 04 00 00 03 4E 01 4F 01 4F 01 34 04 34 04 33 04 00 00,20,0x07
hci_snoop_2025_11_26_15_00_04.cfa,2351,2025-11-26T15:02:28.933Z,recv,f4:db:00:00:00:d9,0x13,Write-Rsp,,,0,
hci_snoop_2025_11_26_15_00_04.cfa,2352,2025-11-26T15:02:28.960Z,sent,f4:db:00:00:00:d9,0x12,Write-Req,0x0021,07 E0 04 00 00 03,6,0x07
hci_snoop_2025_11_26_15_00_04.cfa,2354,2025-11-26T15:02:29.113Z,recv,f4:db:00:00:00:d9,0x1B,Notify,0x0024,07 E0 04 00 00 03 50 01 50 01 51 01 34 04 36 04 35 04 00 00,20,0x07
hci_snoop_2025_11_26_15_00_04.cfa,2355,2025-11-26T15:02:29.203Z,recv,f4:db:00:00:00:d9,0x13,Write-Rsp,,,0,
hci_snoop_2025_11_26_15_00_04.cfa,2356,2025-11-26T15:02:29.225Z,sent,f4:db:00:00:00:d9,0x12,Write-Req,0x0021,07 E3 04 00 00 03,6,0x07
hci_snoop_2025_11_26_15_00_04.cfa,2358,2025-11-26T15:02:29.382Z,recv,f4:db:00:00:00:d9,0x1B,Notify,0x0024,07 E3 04 00 00 03 52 01 53 01 53 01 36 04 35 04 35 04 00 00,20,0x07
hci_snoop_2025_11_26_15_00_04.cfa,2359,2025-11-26T15:02:29.473Z,recv,f4:db:00:00:00:d9,0x13,Write-Rsp,,,0,
hci_snoop_2025_11_26_15_00_04.cfa,2360,2025-11-26T15:02:29.493Z,sent,f4:db:00:00:00:d9,0x12,Write-Req,0x0021,07 E6 04 00 00 03,6,0x07
hci_snoop_2025_11_26_15_00_04.cfa,2362,2025-11-26T15:02:29.654Z,recv,f4:db:00:00:00:d9,0x1B,Notify,0x0024,07 E6 04 00 00 03 54 01 54 01 48 01 35 04 33 04 49 03 00 00,20,0x07
hci_snoop_2025_11_26_15_00_04.cfa,2363,2025-11-26T15:02:29.746Z,recv,f4:db:00:00:00:d9,0x13,Write-Rsp,,,0,
hci_snoop_2025_11_26_15_00_04.cfa,2364,2025-11-26T15:02:29.775Z,sent,f4:db:00:00:00:d9,0x12,Write-Req,0x0021,07 E9 04 00 00 03,6,0x07
hci_snoop_2025_11_26_15_00_04.cfa,2366,2025-11-26T15:02:29.923Z,recv,f4:db:00:00:00:d9,0x1B,Notify,0x0024,07 E9 04 00 00 03 38 01 3E 01 43 01 79 03 A7 03 B5 03 00 00,20,0x07
hci_snoop_2025_11_26_15_00_04.cfa,2367,2025-11-26T15:02:30.013Z,recv,f4:db:00:00:00:d9,0x13,Write-Rsp,,,0,
hci_snoop_2025_11_26_15_00_04.cfa,2368,2025-11-26T15:02:30.043Z,sent,f4:db:00:00:00:d9,0x12,Write-Req,0x0021,07 EC 04 00 00 03,6,0x07
hci_snoop_2025_11_26_15_00_04.cfa,2370,2025-11-26T15:02:30.194Z,recv,f4:db:00:00:00:d9,0x1B,Notify,0x0024,07 EC 04 00 00 03 47 01 4A 01 4C 01 C3 03 CE 03 D7 03 00 00,20,0x07
hci_snoop_2025_11_26_15_00_04.cfa,2371,2025-11-26T15:02:30.283Z,recv,f4:db:00:00:00:d9,0x13,Write-Rsp,,,0,
hci_snoop_2025_11_26_15_00_04.cfa,2372,2025-11-26T15:02:30.312Z,sent,f4:db:00:00:00:d9,0x12,Write-Req,0x0021,07 EF 04 00 00 03,6,0x07
hci_snoop_2025_11_26_15_00_04.cfa,2374,2025-11-26T15:02:30.464Z,recv,f4:db:00:00:00:d9,0x1B,Notify,0x0024,07 EF 04 00 00 03 4F 01 50 01 52 01 DE 03 E3 03 E7 03 00 00,20,0x07
hci_snoop_2025_11_26_15_00_04.cfa,2375,2025-11-26T15:02:30.553Z,recv,f4:db:00:00:00:d9,0x13,Write-Rsp,,,0,
hci_snoop_2025_11_26_15_00_04.cfa,2376,2025-11-26T15:02:30.578Z,sent,f4:db:00:00:00:d9,0x12,Write-Req,0x0021,07 F2 04 00 00 03,6,0x07
hci_snoop_2025_11_26_15_00_04.cfa,2378,2025-11-26T15:02:30.733Z,recv,f4:db:00:00:00:d9,0x1B,Notify,0x0024,07 F2 04 00 00 03 54 01 55 01 57 01 ED 03 F1 03 F4 03 00 00,20,0x07
hci_snoop_2025_11_26_15_00_04.cfa,2379,2025-11-26T15:02:30.823Z,recv,f4:db:00:00:00:d9,0x13,Write-Rsp,,,0,
hci_snoop_2025_11_26_15_00_04.cfa,2380,2025-11-26T15:02:30.865Z,sent,f4:db:00:00:00:d9,0x12,Write-Req,0x0021,07 F5 04 00 00 03,6,0x07
hci_snoop_2025_11_26_15_00_04.cfa,2382,2025-11-26T15:02:31.003Z,recv,f4:db:00:00:00:d9,0x1B,Notify,0x0024,07 F5 04 00 00 03 59 01 59 01 5A 01 F6 03 F6 03 F8 03 00 00,20,0x07
hci_snoop_2025_11_26_15_00_04.cfa,2383,2025-11-26T15:02:31.094Z,recv,f4:db:00:00:00:d9,0x13,Write-Rsp,,,0,
hci_snoop_2025_11_26_15_00_04.cfa,2384,2025-11-26T15:02:31.129Z,sent,f4:db:00:00:00:d9,0x12,Write-Req,0x0021,07 F8 04 00 00 03,6,0x07
hci_snoop_2025_11_26_15_00_04.cfa,2386,2025-11-26T15:02:31.274Z,recv,f4:db:00:00:00:d9,0x1B,Notify,0x0024,07 F8 04 00 00 03 5A 01 5B 01 5C 01 FD 03 02 04 04 04 00 00,20,0x07
hci_snoop_2025_11_26_15_00_04.cfa,2387,2025-11-26T15:02:31.363Z,recv,f4:db:00:00:00:d9,0x13,Write-Rsp,,,0,
hci_snoop_2025_11_26_15_00_04.cfa,2388,2025-11-26T15:02:31.395Z,sent,f4:db:00:00:00:d9,0x12,Write-Req,0x0021,07 FB 04 00 00 03,6,0x07
hci_snoop_2025_11_26_15_00_04.cfa,2390,2025-11-26T15:02:31.545Z,recv,f4:db:00:00:00:d9,0x1B,Notify,0x0024,07 FB 04 00 00 03 5D 01 5D 01 5E 01 07 04 0A 04 0B 04 00 00,20,0x07
hci_snoop_2025_11_26_15_00_04.cfa,2391,2025-11-26T15:02:31.633Z,recv,f4:db:00:00:00:d9,0x13,Write-Rsp,,,0,
hci_snoop_2025_11_26_15_00_04.cfa,2392,2025-11-26T15:02:31.660Z,sent,f4:db:00:00:00:d9,0x12,Write-Req,0x0021,07 FE 04 00 00 03,6,0x07
hci_snoop_2025_11_26_15_00_04.cfa,2394,2025-11-26T15:02:31.903Z,recv,f4:db:00:00:00:d9,0x1B,Notify,0x0024,07 FE 04 00 00 03 5E 01 5E 01 5D 01 0D 04 0D 04 0E 04 00 00,20,0x07
hci_snoop_2025_11_26_15_00_04.cfa,2395,2025-11-26T15:02:31.992Z,recv,f4:db:00:00:00:d9,0x13,Write-Rsp,,,0,
hci_snoop_2025_11_26_15_00_04.cfa,2396,2025-11-26T15:02:32.028Z,sent,f4:db:00:00:00:d9,0x12,Write-Req,0x0021,07 01 05 00 00 03,6,0x07
hci_snoop_2025_11_26_15_00_04.cfa,2398,2025-11-26T15:02:32.173Z,recv,f4:db:00:00:00:d9,0x1B,Notify,0x0024,07 01 05 00 00 03 5D 01 5C 01 5C 01 0F 04 11 04 13 04 00 00,20,0x07
hci_snoop_2025_11_26_15_00_04.cfa,2399,2025-11-26T15:02:32.264Z,recv,f4:db:00:00:00:d9,0x13,Write-Rsp,,,0,
hci_snoop_2025_11_26_15_00_04.cfa,2400,2025-11-26T15:02:32.296Z,sent,f4:db:00:00:00:d9,0x12,Write-Req,0x0021,07 04 05 00 00 03,6,0x07
hci_snoop_2025_11_26_15_00_04.cfa,2402,2025-11-26T15:02:32.445Z,recv,f4:db:00:00:00:d9,0x1B,Notify,0x0024,07 04 05 00 00 03 5C 01 5E 01 54 01 17 04 19 04 62 03 00 00,20,0x07
hci_snoop_2025_11_26_15_00_04.cfa,2403,2025-11-26T15:02:32.533Z,recv,f4:db:00:00:00:d9,0x13,Write-Rsp,,,0,
hci_snoop_2025_11_26_15_00_04.cfa,2404,2025-11-26T15:02:32.563Z,sent,f4:db:00:00:00:d9,0x12,Write-Req,0x0021,07 07 05 00 00 03,6,0x07
hci_snoop_2025_11_26_15_00_04.cfa,2406,2025-11-26T15:02:32.713Z,recv,f4:db:00:00:00:d9,0x1B,Notify,0x0024,07 07 05 00 00 03 42 01 48 01 4C 01 81 03 95 03 A4 03 00 00,20,0x07
hci_snoop_2025_11_26_15_00_04.cfa,2407,2025-11-26T15:02:32.802Z,recv,f4:db:00:00:00:d9,0x13,Write-Rsp,,,0,
hci_snoop_2025_11_26_15_00_04.cfa,2408,2025-11-26T15:02:32.826Z,sent,f4:db:00:00:00:d9,0x12,Write-Req,0x0021,07 0A 05 00 00 03,6,0x07
hci_snoop_2025_11_26_15_00_04.cfa,2410,2025-11-26T15:02:32.983Z,recv,f4:db:00:00:00:d9,0x1B,Notify,0x0024,07 0A 05 00 00 03 50 01 52 01 54 01 B1 03 BE 03 C9 03 00 00,20,0x07
hci_snoop_2025_11_26_15_00_04.cfa,2411,2025-11-26T15:02:33.073Z,recv,f4:db:00:00:00:d9,0x13,Write-Rsp,,,0,
hci_snoop_2025_11_26_15_00_04.cfa,2412,2025-11-26T15:02:33.110Z,sent,f4:db:00:00:00:d9,0x12,Write-Req,0x0021,07 0D 05 00 00 03,6,0x07
hci_snoop_2025_11_26_15_00_04.cfa,2414,2025-11-26T15:02:33.253Z,recv,f4:db:00:00:00:d9,0x1B,Notify,0x0024,07 0D 05 00 00 03 55 01 56 01 57 01 D2 03 DA 03 E1 03 00 00,20,0x07
hci_snoop_2025_11_26_15_00_04.cfa,2415,2025-11-26T15:02:33.344Z,recv,f4:db:00:00:00:d9,0x13,Write-Rsp,,,0,
hci_snoop_2025_11_26_15_00_04.cfa,2416,2025-11-26T15:02:33.377Z,sent,f4:db:00:00:00:d9,0x12,Write-Req,0x0021,07 10 05 00 00 03,6,0x07
hci_snoop_2025_11_26_15_00_04.cfa,2418,2025-11-26T15:02:33.523Z,recv,f4:db:00:00:00:d9,0x1B,Notify,0x0024,07 10 05 00 00 03 58 01 58 01 59 01 E6 03 EB 03 EF 03 00 00,20,0x07
hci_snoop_2025_11_26_15_00_04.cfa,2419,2025-11-26T15:02:33.613Z,recv,f4:db:00:00:00:d9,0x13,Write-Rsp,,,0,
hci_snoop_2025_11_26_15_00_04.cfa,2420,2025-11-26T15:02:33.645Z,sent,f4:db:00:00:00:d9,0x12,Write-Req,0x0021,07 13 05 00 00 03,6,0x07
hci_snoop_2025_11_26_15_00_04.cfa,2422,2025-11-26T15:02:33.793Z,recv,f4:db:00:00:00:d9,0x1B,Notify,0x0024,07 13 05 00 00 03 59 01 59 01 5A 01 F2 03 F6 03 F9 03 00 00,20,0x07
hci_snoop_2025_11_26_15_00_04.cfa,2423,2025-11-26T15:02:33.882Z,recv,f4:db:00:00:00:d9,0x13,Write-Rsp,,,0,
hci_snoop_2025_11_26_15_00_04.cfa,2424,2025-11-26T15:02:33.909Z,sent,f4:db:00:00:00:d9,0x12,Write-Req,0x0021,07 16 05 00 00 03,6,0x07
hci_snoop_2025_11_26_15_00_04.cfa,2426,2025-11-26T15:02:34.067Z,recv,f4:db:00:00:00:d9,0x1B,Notify,0x0024,07 16 05 00 00 03 5A 01 5A 01 59 01 FC 03 FB 03 FC 03 00 00,20,0x07
hci_snoop_2025_11_26_15_00_04.cfa,2427,2025-11-26T15:02:34.153Z,recv,f4:db:00:00:00:d9,0x13,Write-Rsp,,,0,
hci_snoop_2025_11_26_15_00_04.cfa,2428,2025-11-26T15:02:34.175Z,sent,f4:db:00:00:00:d9,0x12,Write-Req,0x0021,07 19 05 00 00 03,6,0x07
hci_snoop_2025_11_26_15_00_04.cfa,2430,2025-11-26T15:02:34.333Z,recv,f4:db:00:00:00:d9,0x1B,Notify,0x0024,07 19 05 00 00 03 59 01 58 01 57 01 FF 03 FC 03 F2 03 00 00,20,0x07
hci_snoop_2025_11_26_15_00_04.cfa,2431,2025-11-26T15:02:34.422Z,recv,f4:db:00:00:00:d9,0x13,Write-Rsp,,,0,
hci_snoop_2025_11_26_15_00_04.cfa,2432,2025-11-26T15:02:34.461Z,sent,f4:db:00:00:00:d9,0x12,Write-Req,0x0021,07 1C 05 00 00 03,6,0x07
hci_snoop_2025_11_26_15_00_04.cfa,2434,2025-11-26T15:02:34.603Z,recv,f4:db:00:00:00:d9,0x1B,Notify,0x0024,07 1C 05 00 00 03 56 01 56 01 55 01 F8 03 FB 03 FE 03 00 00,20,0x07
hci_snoop_2025_11_26_15_00_04.cfa,2435,2025-11-26T15:02:34.692Z,recv,f4:db:00:00:00:d9,0x13,Write-Rsp,,,0,
hci_snoop_2025_11_26_15_00_04.cfa,2436,2025-11-26T15:02:34.729Z,sent,f4:db:00:00:00:d9,0x12,Write-Req,0x0021,07 1F 05 00 00 03,6,0x07
hci_snoop_2025_11_26_15_00_04.cfa,2438,2025-11-26T15:02:34.874Z,recv,f4:db:00:00:00:d9,0x1B,Notify,0x0024,07 1F 05 00 00 03 55 01 54 01 54 01 00 04 03 04 06 04 00 00,20,0x07
hci_snoop_2025_11_26_15_00_04.cfa,2439,2025-11-26T15:02:34.963Z,recv,f4:db:00:00:00:d9,0x13,Write-Rsp,,,0,
hci_snoop_2025_11_26_15_00_04.cfa,2440,2025-11-26T15:02:34.992Z,sent,f4:db:00:00:00:d9,0x12,Write-Req,0x0021,07 22 05 00 00 03,6,0x07
hci_snoop_2025_11_26_15_00_04.cfa,2442,2025-11-26T15:02:35.144Z,recv,f4:db:00:00:00:d9,0x1B,Notify,0x0024,07 22 05 00 00 03 54 01 54 01 53 01 08 04 0A 04 0B 04 00 00,20,0x07
hci_snoop_2025_11_26_15_00_04.cfa,2443,2025-11-26T15:02:35.233Z,recv,f4:db:00:00:00:d9,0x13,Write-Rsp,,,0,
hci_snoop_2025_11_26_15_00_04.cfa,2444,2025-11-26T15:02:35.262Z,sent,f4:db:00:00:00:d9,0x12,Write-Req,0x0021,07 25 05 00 00 03,6,0x07
hci_snoop_2025_11_26_15_00_04.cfa,2446,2025-11-26T15:02:35.413Z,recv,f4:db:00:00:00:d9,0x1B,Notify,0x0024,07 25 05 00 00 03 53 01 53 01 53 01 0E 04 11 04 13 04 00 00,20,0x07
hci_snoop_2025_11_26_15_00_04.cfa,2447,2025-11-26T15:02:35.503Z,recv,f4:db:00:00:00:d9,0x13,Write-Rsp,,,0,
hci_snoop_2025_11_26_15_00_04.cfa,2448,2025-11-26T15:02:35.525Z,sent,f4:db:00:00:00:d9,0x12,Write-Req,0x0021,07 28 05 00 00 03,6,0x07
hci_snoop_2025_11_26_15_00_04.cfa,2450,2025-11-26T15:02:35.683Z,recv,f4:db:00:00:00:d9,0x1B,Notify,0x0024,07 28 05 00 00 03 54 01 55 01 56 01 15 04 16 04 16 04 00 00,20,0x07
hci_snoop_2025_11_26_15_00_04.cfa,2451,2025-11-26T15:02:35.774Z,recv,f4:db:00:00:00:d9,0x13,Write-Rsp,,,0,
hci_snoop_2025_11_26_15_00_04.cfa,2452,2025-11-26T15:02:35.811Z,sent,f4:db:00:00:00:d9,0x12,Write-Req,0x0021,07 2B 05 00 00 03,6,0x07
hci_snoop_2025_11_26_15_00_04.cfa,2454,2025-11-26T15:02:35.953Z,recv,f4:db:00:00:00:d9,0x1B,Notify,0x0024,07 2B 05 00 00 03 56 01 57 01 57 01 18 04 18 04 1A 04 00 00,20,0x07
hci_snoop_2025_11_26_15_00_04.cfa,2455,2025-11-26T15:02:36.042Z,recv,f4:db:00:00:00:d9,0x13,Write-Rsp,,,0,
hci_snoop_2025_11_26_15_00_04.cfa,2456,2025-11-26T15:02:36.080Z,sent,f4:db:00:00:00:d9,0x12,Write-Req,0x0021,07 2E 05 00 00 03,6,0x07
hci_snoop_2025_11_26_15_00_04.cfa,2458,2025-11-26T15:02:36.224Z,recv,f4:db:00:00:00:d9,0x1B,Notify,0x0024,07 2E 05 00 00 03 58 01 59 01 59 01 1B 04 1B 04 1C 04 00 00,20,0x07
hci_snoop_2025_11_26_15_00_04.cfa,2459,2025-11-26T15:02:36.313Z,recv,f4:db:00:00:00:d9,0x13,Write-Rsp,,,0,
hci_snoop_2025_11_26_15_00_04.cfa,2460,2025-11-26T15:02:36.344Z,sent,f4:db:00:00:00:d9,0x12,Write-Req,0x0021,07 31 05 00 00 03,6,0x07
hci_snoop_2025_11_26_15_00_04.cfa,2462,2025-11-26T15:02:36.493Z,recv,f4:db:00:00:00:d9,0x1B,Notify,0x0024,07 31 05 00 00 03 58 01 57 01 56 01 1B 04 1B 04 1B 04 00 00,20,0x07
hci_snoop_2025_11_26_15_00_04.cfa,2463,2025-11-26T15:02:36.582Z,recv,f4:db:00:00:00:d9,0x13,Write-Rsp,,,0,
hci_snoop_2025_11_26_15_00_04.cfa,2464,2025-11-26T15:02:36.609Z,sent,f4:db:00:00:00:d9,0x12,Write-Req,0x0021,07 34 05 00 00 03,6,0x07
hci_snoop_2025_11_26_15_00_04.cfa,2466,2025-11-26T15:02:36.764Z,recv,f4:db:00:00:00:d9,0x1B,Notify,0x0024,07 34 05 00 00 03 56 01 55 01 55 01 1C 04 1D 04 1F 04 00 00,20,0x07
hci_snoop_2025_11_26_15_00_04.cfa,2467,2025-11-26T15:02:36.852Z,recv,f4:db:00:00:00:d9,0x13,Write-Rsp,,,0,
hci_snoop_2025_11_26_15_00_04.cfa,2468,2025-11-26T15:02:36.878Z,sent,f4:db:00:00:00:d9,0x12,Write-Req,0x0021,07 37 05 00 00 03,6,0x07
hci_snoop_2025_11_26_15_00_04.cfa,2470,2025-11-26T15:02:37.033Z,recv,f4:db:00:00:00:d9,0x1B,Notify,0x0024,07 37 05 00 00 03 54 01 54 01 53 01 1F 04 21 04 21 04 00 00,20,0x07
hci_snoop_2025_11_26_15_00_04.cfa,2471,2025-11-26T15:02:37.124Z,recv,f4:db:00:00:00:d9,0x13,Write-Rsp,,,0,
hci_snoop_2025_11_26_15_00_04.cfa,2472,2025-11-26T15:02:37.161Z,sent,f4:db:00:00:00:d9,0x12,Write-Req,0x0021,07 3A 05 00 00 03,6,0x07
hci_snoop_2025_11_26_15_00_04.cfa,2474,2025-11-26T15:02:37.303Z,recv,f4:db:00:00:00:d9,0x1B,Notify,0x0024,07 3A 05 00 00 03 52 01 52 01 52 01 23 04 24 04 25 04 00 00,20,0x07
hci_snoop_2025_11_26_15_00_04.cfa,2475,2025-11-26T15:02:37.392Z,recv,f4:db:00:00:00:d9,0x13,Write-Rsp,,,0,
hci_snoop_2025_11_26_15_00_04.cfa,2476,2025-11-26T15:02:37.428Z,sent,f4:db:00:00:00:d9,0x12,Write-Req,0x0021,07 3D 05 00 00 03,6,0x07
hci_snoop_2025_11_26_15_00_04.cfa,2478,2025-11-26T15:02:37.574Z,recv,f4:db:00:00:00:d9,0x1B,Notify,0x0024,07 3D 05 00 00 03 51 01 51 01 50 01 26 04 27 04 28 04 00 00,20,0x07
hci_snoop_2025_11_26_15_00_04.cfa,2479,2025-11-26T15:02:37.663Z,recv,f4:db:00:00:00:d9,0x13,Write-Rsp,,,0,
hci_snoop_2025_11_26_15_00_04.cfa,2480,2025-11-26T15:02:37.693Z,sent,f4:db:00:00:00:d9,0x12,Write-Req,0x0021,07 40 05 00 00 03,6,0x07
hci_snoop_2025_11_26_15_00_04.cfa,2482,2025-11-26T15:02:37.845Z,recv,f4:db:00:00:00:d9,0x1B,Notify,0x0024,07 40 05 00 00 03 50 01 50 01 50 01 2A 04 2B 04 2D 04 00 00,20,0x07
hci_snoop_2025_11_26_15_00_04.cfa,2483,2025-11-26T15:02:37.932Z,recv,f4:db:00:00:00:d9,0x13,Write-Rsp,,,0,
hci_snoop_2025_11_26_15_00_04.cfa,2484,2025-11-26T15:02:37.959Z,sent,f4:db:00:00:00:d9,0x12,Write-Req,0x0021,07 43 05 00 00 03,6,0x07
hci_snoop_2025_11_26_15_00_04.cfa,2486,2025-11-26T15:02:38.113Z,recv,f4:db:00:00:00:d9,0x1B,Notify,0x0024,07 43 05 00 00 03 50 01 4F 01 4F 01 2E 04 31 04 32 04 00 00,20,0x07
hci_snoop_2025_11_26_15_00_04.cfa,2487,2025-11-26T15:02:38.203Z,recv,f4:db:00:00:00:d9,0x13,Write-Rsp,,,0,
hci_snoop_2025_11_26_15_00_04.cfa,2488,2025-11-26T15:02:38.229Z,sent,f4:db:00:00:00:d9,0x12,Write-Req,0x0021,07 46 05 00 00 03,6,0x07
hci_snoop_2025_11_26_15_00_04.cfa,2490,2025-11-26T15:02:38.383Z,recv,f4:db:00:00:00:d9,0x1B,Notify,0x0024,07 46 05 00 00 03 4F 01 4F 01 4E 01 34 04 36 04 38 04 00 00,20,0x07
hci_snoop_2025_11_26_15_00_04.cfa,2491,2025-11-26T15:02:38.473Z,recv,f4:db:00:00:00:d9,0x13,Write-Rsp,,,0,
hci_snoop_2025_11_26_15_00_04.cfa,2492,2025-11-26T15:02:38.509Z,sent,f4:db:00:00:00:d9,0x12,Write-Req,0x0021,07 49 05 00 00 03,6,0x07
hci_snoop_2025_11_26_15_00_04.cfa,2494,2025-11-26T15:02:38.653Z,recv,f4:db:00:00:00:d9,0x1B,Notify,0x0024,07 49 05 00 00 03 4E 01 4E 01 4E 01 3A 04 3C 04 3D 04 00 00,20,0x07
hci_snoop_2025_11_26_15_00_04.cfa,2495,2025-11-26T15:02:38.743Z,recv,f4:db:00:00:00:d9,0x13,Write-Rsp,,,0,
hci_snoop_2025_11_26_15_00_04.cfa,2496,2025-11-26T15:02:38.777Z,sent,f4:db:00:00:00:d9,0x12,Write-Req,0x0021,07 4C 05 00 00 03,6,0x07
hci_snoop_2025_11_26_15_00_04.cfa,2498,2025-11-26T15:02:38.925Z,recv,f4:db:00:00:00:d9,0x1B,Notify,0x0024,07 4C 05 00 00 03 4D 01 4E 01 4E 01 3E 04 40 04 40 04 00 00,20,0x07
hci_snoop_2025_11_26_15_00_04.cfa,2499,2025-11-26T15:02:39.013Z,recv,f4:db:00:00:00:d9,0x13,Write-Rsp,,,0,
hci_snoop_2025_11_26_15_00_04.cfa,2500,2025-11-26T15:02:39.044Z,sent,f4:db:00:00:00:d9,0x12,Write-Req,0x0021,07 4F 05 00 00 03,6,0x07
hci_snoop_2025_11_26_15_00_04.cfa,2502,2025-11-26T15:02:39.193Z,recv,f4:db:00:00:00:d9,0x1B,Notify,0x0024,07 4F 05 00 00 03 4E 01 4E 01 4D 01 43 04 43 04 44 04 00 00,20,0x07
hci_snoop_2025_11_26_15_00_04.cfa,2503,2025-11-26T15:02:39.283Z,recv,f4:db:00:00:00:d9,0x13,Write-Rsp,,,0,
hci_snoop_2025_11_26_15_00_04.cfa,2504,2025-11-26T15:02:39.309Z,sent,f4:db:00:00:00:d9,0x12,Write-Req,0x0021,07 52 05 00 00 03,6,0x07
hci_snoop_2025_11_26_15_00_04.cfa,2506,2025-11-26T15:02:39.464Z,recv,f4:db:00:00:00:d9,0x1B,Notify,0x0024,07 52 05 00 00 03 4E 01 4E 01 4E 01 45 04 46 04 47 04 00 00,20,0x07
hci_snoop_2025_11_26_15_00_04.cfa,2507,2025-11-26T15:02:39.552Z,recv,f4:db:00:00:00:d9,0x13,Write-Rsp,,,0,
hci_snoop_2025_11_26_15_00_04.cfa,2508,2025-11-26T15:02:39.577Z,sent,f4:db:00:00:00:d9,0x12,Write-Req,0x0021,07 55 05 00 00 03,6,0x07
hci_snoop_2025_11_26_15_00_04.cfa,2510,2025-11-26T15:02:39.733Z,recv,f4:db:00:00:00:d9,0x1B,Notify,0x0024,07 55 05 00 00 03 4E 01 4F 01 4F 01 47 04 48 04 48 04 00 00,20,0x07
hci_snoop_2025_11_26_15_00_04.cfa,2511,2025-11-26T15:02:39.825Z,recv,f4:db:00:00:00:d9,0x13,Write-Rsp,,,0,
hci_snoop_2025_11_26_15_00_04.cfa,2512,2025-11-26T15:02:39.858Z,sent,f4:db:00:00:00:d9,0x12,Write-Req,0x0021,07 58 05 00 00 03,6,0x07
hci_snoop_2025_11_26_15_00_04.cfa,2514,2025-11-26T15:02:40.003Z,recv,f4:db:00:00:00:d9,0x1B,Notify,0x0024,07 58 05 00 00 03 50 01 50 01 50 01 47 04 46 04 46 04 00 00,20,0x07
hci_snoop_2025_11_26_15_00_04.cfa,2515,2025-11-26T15:02:40.094Z,recv,f4:db:00:00:00:d9,0x13,Write-Rsp,,,0,
hci_snoop_2025_11_26_15_00_04.cfa,2516,2025-11-26T15:02:40.125Z,sent,f4:db:00:00:00:d9,0x12,Write-Req,0x0021,07 5B 05 00 00 03,6,0x07
hci_snoop_2025_11_26_15_00_04.cfa,2518,2025-11-26T15:02:40.273Z,recv,f4:db:00:00:00:d9,0x1B,Notify,0x0024,07 5B 05 00 00 03 50 01 50 01 50 01 46 04 46 04 46 04 00 00,20,0x07
hci_snoop_2025_11_26_15_00_04.cfa,2519,2025-11-26T15:02:40.365Z,recv,f4:db:00:00:00:d9,0x13,Write-Rsp,,,0,
hci_snoop_2025_11_26_15_00_04.cfa,2520,2025-11-26T15:02:40.393Z,sent,f4:db:00:00:00:d9,0x12,Write-Req,0x0021,07 5E 05 00 00 03,6,0x07
hci_snoop_2025_11_26_15_00_04.cfa,2522,2025-11-26T15:02:40.543Z,recv,f4:db:00:00:00:d9,0x1B,Notify,0x0024,07 5E 05 00 00 03 50 01 50 01 50 01 46 04 46 04 47 04 00 00,20,0x07
hci_snoop_2025_11_26_15_00_04.cfa,2523,2025-11-26T15:02:40.633Z,recv,f4:db:00:00:00:d9,0x13,Write-Rsp,,,0,
hci_snoop_2025_11_26_15_00_04.cfa,2524,2025-11-26T15:02:40.659Z,sent,f4:db:00:00:00:d9,0x12,Write-Req,0x0021,07 61 05 00 00 03,6,0x07
hci_snoop_2025_11_26_15_00_04.cfa,2526,2025-11-26T15:02:40.814Z,recv,f4:db:00:00:00:d9,0x1B,Notify,0x0024,07 61 05 00 00 03 50 01 50 01 50 01 46 04 48 04 48 04 00 00,20,0x07
hci_snoop_2025_11_26_15_00_04.cfa,2527,2025-11-26T15:02:40.903Z,recv,f4:db:00:00:00:d9,0x13,Write-Rsp,,,0,
hci_snoop_2025_11_26_15_00_04.cfa,2528,2025-11-26T15:02:40.925Z,sent,f4:db:00:00:00:d9,0x12,Write-Req,0x0021,07 64 05 00 00 03,6,0x07
hci_snoop_2025_11_26_15_00_04.cfa,2530,2025-11-26T15:02:41.083Z,recv,f4:db:00:00:00:d9,0x1B,Notify,0x0024,07 64 05 00 00 03 4F 01 4F 01 4F 01 48 04 48 04 49 04 00 00,20,0x07
hci_snoop_2025_11_26_15_00_04.cfa,2531,2025-11-26T15:02:41.173Z,recv,f4:db:00:00:00:d9,0x13,Write-Rsp,,,0,
hci_snoop_2025_11_26_15_00_04.cfa,2532,2025-11-26T15:02:41.209Z,sent,f4:db:00:00:00:d9,0x12,Write-Req,0x0021,07 67 05 00 00 03,6,0x07
hci_snoop_2025_11_26_15_00_04.cfa,2534,2025-11-26T15:02:41.353Z,recv,f4:db:00:00:00:d9,0x1B,Notify,0x0024,07 67 05 00 00 03 4F 01 4F 01 4F 01 49 04 4A 04 4C 04 00 00,20,0x07
hci_snoop_2025_11_26_15_00_04.cfa,2535,2025-11-26T15:02:41.444Z,recv,f4:db:00:00:00:d9,0x13,Write-Rsp,,,0,
hci_snoop_2025_11_26_15_00_04.cfa,2536,2025-11-26T15:02:41.478Z,sent,f4:db:00:00:00:d9,0x12,Write-Req,0x0021,07 6A 05 00 00 03,6,0x07
hci_snoop_2025_11_26_15_00_04.cfa,2538,2025-11-26T15:02:41.623Z,recv,f4:db:00:00:00:d9,0x1B,Notify,0x0024,07 6A 05 00 00 03 4F 01 4F 01 4F 01 4E 04 4E 04 4E 04 00 00,20,0x07
hci_snoop_2025_11_26_15_00_04.cfa,2539,2025-11-26T15:02:41.712Z,recv,f4:db:00:00:00:d9,0x13,Write-Rsp,,,0,
hci_snoop_2025_11_26_15_00_04.cfa,2540,2025-11-26T15:02:41.744Z,sent,f4:db:00:00:00:d9,0x12,Write-Req,0x0021,07 6D 05 00 00 03,6,0x07
hci_snoop_2025_11_26_15_00_04.cfa,2542,2025-11-26T15:02:41.893Z,recv,f4:db:00:00:00:d9,0x1B,Notify,0x0024,07 6D 05 00 00 03 4E 01 4E 01 4F 01 4E 04 4E 04 4D 04 00 00,20,0x07
hci_snoop_2025_11_26_15_00_04.cfa,2543,2025-11-26T15:02:41.983Z,recv,f4:db:00:00:00:d9,0x13,Write-Rsp,,,0,
hci_snoop_2025_11_26_15_00_04.cfa,2544,2025-11-26T15:02:42.008Z,sent,f4:db:00:00:00:d9,0x12,Write-Req,0x0021,07 70 05 00 00 03,6,0x07
hci_snoop_2025_11_26_15_00_04.cfa,2547,2025-11-26T15:02:42.164Z,recv,f4:db:00:00:00:d9,0x1B,Notify,0x0024,07 70 05 00 00 03 4F 01 4F 01 50 01 50 04 52 04 53 04 00 00,20,0x07
hci_snoop_2025_11_26_15_00_04.cfa,2548,2025-11-26T15:02:42.253Z,recv,f4:db:00:00:00:d9,0x13,Write-Rsp,,,0,
hci_snoop_2025_11_26_15_00_04.cfa,2549,2025-11-26T15:02:42.276Z,sent,f4:db:00:00:00:d9,0x12,Write-Req,0x0021,07 73 05 00 00 03,6,0x07
hci_snoop_2025_11_26_15_00_04.cfa,2551,2025-11-26T15:02:42.432Z,recv,f4:db:00:00:00:d9,0x1B,Notify,0x0024,07 73 05 00 00 03 50 01 51 01 52 01 50 04 52 04 53 04 00 00,20,0x07
hci_snoop_2025_11_26_15_00_04.cfa,2552,2025-11-26T15:02:42.523Z,recv,f4:db:00:00:00:d9,0x13,Write-Rsp,,,0,
hci_snoop_2025_11_26_15_00_04.cfa,2553,2025-11-26T15:02:42.559Z,sent,f4:db:00:00:00:d9,0x12,Write-Req,0x0021,07 76 05 00 00 03,6,0x07
hci_snoop_2025_11_26_15_00_04.cfa,2555,2025-11-26T15:02:42.703Z,recv,f4:db:00:00:00:d9,0x1B,Notify,0x0024,07 76 05 00 00 03 52 01 53 01 53 01 52 04 52 04 51 04 00 00,20,0x07
hci_snoop_2025_11_26_15_00_04.cfa,2556,2025-11-26T15:02:42.793Z,recv,f4:db:00:00:00:d9,0x13,Write-Rsp,,,0,
hci_snoop_2025_11_26_15_00_04.cfa,2557,2025-11-26T15:02:42.826Z,sent,f4:db:00:00:00:d9,0x12,Write-Req,0x0021,07 79 05 00 00 03,6,0x07
hci_snoop_2025_11_26_15_00_04.cfa,2559,2025-11-26T15:02:42.975Z,recv,f4:db:00:00:00:d9,0x1B,Notify,0x0024,07 79 05 00 00 03 4A 01 4B 01 4C 01 B4 03 F2 03 FB 03 00 00,20,0x07
hci_snoop_2025_11_26_15_00_04.cfa,2560,2025-11-26T15:02:43.063Z,recv,f4:db:00:00:00:d9,0x13,Write-Rsp,,,0,
hci_snoop_2025_11_26_15_00_04.cfa,2561,2025-11-26T15:02:43.091Z,sent,f4:db:00:00:00:d9,0x12,Write-Req,0x0021,07 7C 05 00 00 03,6,0x07
hci_snoop_2025_11_26_15_00_04.cfa,2563,2025-11-26T15:02:43.243Z,recv,f4:db:00:00:00:d9,0x1B,Notify,0x0024,07 7C 05 00 00 03 4E 01 4F 01 50 01 06 04 0E 04 12 04 00 00,20,0x07
hci_snoop_2025_11_26_15_00_04.cfa,2564,2025-11-26T15:02:43.333Z,recv,f4:db:00:00:00:d9,0x13,Write-Rsp,,,0,
hci_snoop_2025_11_26_15_00_04.cfa,2565,2025-11-26T15:02:43.361Z,sent,f4:db:00:00:00:d9,0x12,Write-Req,0x0021,07 7F 05 00 00 03,6,0x07
hci_snoop_2025_11_26_15_00_04.cfa,2567,2025-11-26T15:02:43.515Z,recv,f4:db:00:00:00:d9,0x1B,Notify,0x0024,07 7F 05 00 00 03 51 01 52 01 52 01 16 04 1A 04 1D 04 00 00,20,0x07
hci_snoop_2025_11_26_15_00_04.cfa,2568,2025-11-26T15:02:43.603Z,recv,f4:db:00:00:00:d9,0x13,Write-Rsp,,,0,
hci_snoop_2025_11_26_15_00_04.cfa,2569,2025-11-26T15:02:43.625Z,sent,f4:db:00:00:00:d9,0x12,Write-Req,0x0021,07 82 05 00 00 03,6,0x07
hci_snoop_2025_11_26_15_00_04.cfa,2571,2025-11-26T15:02:43.783Z,recv,f4:db:00:00:00:d9,0x1B,Notify,0x0024,07 82 05 00 00 03 53 01 54 01 55 01 23 04 26 04 28 04 00 00,20,0x07
hci_snoop_2025_11_26_15_00_04.cfa,2572,2025-11-26T15:02:43.873Z,recv,f4:db:00:00:00:d9,0x13,Write-Rsp,,,0,
hci_snoop_2025_11_26_15_00_04.cfa,2573,2025-11-26T15:02:43.911Z,sent,f4:db:00:00:00:d9,0x12,Write-Req,0x0021,07 85 05 00 00 03,6,0x07
hci_snoop_2025_11_26_15_00_04.cfa,2575,2025-11-26T15:02:44.053Z,recv,f4:db:00:00:00:d9,0x1B,Notify,0x0024,07 85 05 00 00 03 56 01 56 01 57 01 2A 04 2B 04 2B 04 00 00,20,0x07
hci_snoop_2025_11_26_15_00_04.cfa,2576,2025-11-26T15:02:44.147Z,recv,f4:db:00:00:00:d9,0x13,Write-Rsp,,,0,
hci_snoop_2025_11_26_15_00_04.cfa,2577,2025-11-26T15:02:44.173Z,sent,f4:db:00:00:00:d9,0x12,Write-Req,0x0021,07 88 05 00 00 03,6,0x07
hci_snoop_2025_11_26_15_00_04.cfa,2579,2025-11-26T15:02:44.324Z,recv,f4:db:00:00:00:d9,0x1B,Notify,0x0024,07 88 05 00 00 03 57 01 58 01 59 01 2B 04 2C 04 2D 04 00 00,20,0x07
hci_snoop_2025_11_26_15_00_04.cfa,2580,2025-11-26T15:02:44.412Z,recv,f4:db:00:00:00:d9,0x13,Write-Rsp,,,0,
hci_snoop_2025_11_26_15_00_04.cfa,2581,2025-11-26T15:02:44.443Z,sent,f4:db:00:00:00:d9,0x12,Write-Req,0x0021,07 8B 05 00 00 03,6,0x07
hci_snoop_2025_11_26_15_00_04.cfa,2583,2025-11-26T15:02:44.595Z,recv,f4:db:00:00:00:d9,0x1B,Notify,0x0024,07 8B 05 00 00 03 59 01 59 01 59 01 2A 04 28 04 29 04 00 00,20,0x07
hci_snoop_2025_11_26_15_00_04.cfa,2584,2025-11-26T15:02:44.683Z,recv,f4:db:00:00:00:d9,0x13,Write-Rsp,,,0,
hci_snoop_2025_11_26_15_00_04.cfa,2585,2025-11-26T15:02:44.709Z,sent,f4:db:00:00:00:d9,0x12,Write-Req,0x0021,07 8E 05 00 00 03,6,0x07
hci_snoop_2025_11_26_15_00_04.cfa,2587,2025-11-26T15:02:44.863Z,recv,f4:db:00:00:00:d9,0x1B,Notify,0x0024,07 8E 05 00 00 03 59 01 59 01 58 01 28 04 26 04 27 04 00 00,20,0x07
hci_snoop_2025_11_26_15_00_04.cfa,2588,2025-11-26T15:02:44.953Z,recv,f4:db:00:00:00:d9,0x13,Write-Rsp,,,0,
hci_snoop_2025_11_26_15_00_04.cfa,2589,2025-11-26T15:02:44.976Z,sent,f4:db:00:00:00:d9,0x12,Write-Req,0x0021,07 91 05 00 00 03,6,0x07
hci_snoop_2025_11_26_15_00_04.cfa,2591,2025-11-26T15:02:45.133Z,recv,f4:db:00:00:00:d9,0x1B,Notify,0x0024,07 91 05 00 00 03 57 01 57 01 56 01 28 04 29 04 29 04 00 00,20,0x07
hci_snoop_2025_11_26_15_00_04.cfa,2592,2025-11-26T15:02:45.313Z,recv,f4:db:00:00:00:d9,0x13,Write-Rsp,,,0,
hci_snoop_2025_11_26_15_00_04.cfa,2593,2025-11-26T15:02:45.343Z,sent,f4:db:00:00:00:d9,0x12,Write-Req,0x0021,07 94 05 00 00 03,6,0x07
hci_snoop_2025_11_26_15_00_04.cfa,2595,2025-11-26T15:02:45.494Z,recv,f4:db:00:00:00:d9,0x1B,Notify,0x0024,07 94 05 00 00 03 56 01 57 01 58 01 2D 04 30 04 33 04 00 00,20,0x07
hci_snoop_2025_11_26_15_00_04.cfa,2596,2025-11-26T15:02:45.582Z,recv,f4:db:00:00:00:d9,0x13,Write-Rsp,,,0,
hci_snoop_2025_11_26_15_00_04.cfa,2597,2025-11-26T15:02:45.610Z,sent,f4:db:00:00:00:d9,0x12,Write-Req,0x0021,07 97 05 00 00 03,6,0x07
hci_snoop_2025_11_26_15_00_04.cfa,2599,2025-11-26T15:02:45.764Z,recv,f4:db:00:00:00:d9,0x1B,Notify,0x0024,07 97 05 00 00 03 57 01 58 01 58 01 31 04 30 04 33 04 00 00,20,0x07
hci_snoop_2025_11_26_15_00_04.cfa,2600,2025-11-26T15:02:45.853Z,recv,f4:db:00:00:00:d9,0x13,Write-Rsp,,,0,
hci_snoop_2025_11_26_15_00_04.cfa,2601,2025-11-26T15:02:45.875Z,sent,f4:db:00:00:00:d9,0x12,Write-Req,0x0021,07 9A 05 00 00 03,6,0x07
hci_snoop_2025_11_26_15_00_04.cfa,2603,2025-11-26T15:02:46.033Z,recv,f4:db:00:00:00:d9,0x1B,Notify,0x0024,07 9A 05 00 00 03 59 01 59 01 5A 01 34 04 34 04 36 04 00 00,20,0x07
hci_snoop_2025_11_26_15_00_04.cfa,2604,2025-11-26T15:02:46.123Z,recv,f4:db:00:00:00:d9,0x13,Write-Rsp,,,0,
hci_snoop_2025_11_26_15_00_04.cfa,2605,2025-11-26T15:02:46.157Z,sent,f4:db:00:00:00:d9,0x12,Write-Req,0x0021,07 9D 05 00 00 03,6,0x07
hci_snoop_2025_11_26_15_00_04.cfa,2607,2025-11-26T15:02:46.303Z,recv,f4:db:00:00:00:d9,0x1B,Notify,0x0024,07 9D 05 00 00 03 5A 01 5B 01 5B 01 36 04 35 04 35 04 00 00,20,0x07
hci_snoop_2025_11_26_15_00_04.cfa,2608,2025-11-26T15:02:46.393Z,recv,f4:db:00:00:00:d9,0x13,Write-Rsp,,,0,
hci_snoop_2025_11_26_15_00_04.cfa,2609,2025-11-26T15:02:46.424Z,sent,f4:db:00:00:00:d9,0x12,Write-Req,0x0021,07 A0 05 00 00 03,6,0x07
hci_snoop_2025_11_26_15_00_04.cfa,2611,2025-11-26T15:02:46.574Z,recv,f4:db:00:00:00:d9,0x1B,Notify,0x0024,07 A0 05 00 00 03 4D 01 4F 01 50 01 6D 03 AD 03 BD 03 00 00,20,0x07
hci_snoop_2025_11_26_15_00_04.cfa,2612,2025-11-26T15:02:46.662Z,recv,f4:db:00:00:00:d9,0x13,Write-Rsp,,,0,
hci_snoop_2025_11_26_15_00_04.cfa,2613,2025-11-26T15:02:46.691Z,sent,f4:db:00:00:00:d9,0x12,Write-Req,0x0021,07 A3 05 00 00 03,6,0x07
hci_snoop_2025_11_26_15_00_04.cfa,2615,2025-11-26T15:02:46.844Z,recv,f4:db:00:00:00:d9,0x1B,Notify,0x0024,07 A3 05 00 00 03 52 01 52 01 52 01 CA 03 D0 03 D7 03 00 00,20,0x07
hci_snoop_2025_11_26_15_00_04.cfa,2616,2025-11-26T15:02:46.933Z,recv,f4:db:00:00:00:d9,0x13,Write-Rsp,,,0,
hci_snoop_2025_11_26_15_00_04.cfa,2617,2025-11-26T15:02:46.958Z,sent,f4:db:00:00:00:d9,0x12,Write-Req,0x0021,07 A6 05 00 00 03,6,0x07
hci_snoop_2025_11_26_15_00_04.cfa,2619,2025-11-26T15:02:47.114Z,recv,f4:db:00:00:00:d9,0x1B,Notify,0x0024,07 A6 05 00 00 03 52 01 52 01 52 01 DC 03 E1 03 E6 03 00 00,20,0x07
hci_snoop_2025_11_26_15_00_04.cfa,2620,2025-11-26T15:02:47.203Z,recv,f4:db:00:00:00:d9,0x13,Write-Rsp,,,0,
hci_snoop_2025_11_26_15_00_04.cfa,2621,2025-11-26T15:02:47.224Z,sent,f4:db:00:00:00:d9,0x12,Write-Req,0x0021,07 A9 05 00 00 03,6,0x07
hci_snoop_2025_11_26_15_00_04.cfa,2623,2025-11-26T15:02:47.383Z,recv,f4:db:00:00:00:d9,0x1B,Notify,0x0024,07 A9 05 00 00 03 52 01 51 01 51 01 E9 03 ED 03 F1 03 00 00,20,0x07
hci_snoop_2025_11_26_15_00_04.cfa,2624,2025-11-26T15:02:47.473Z,recv,f4:db:00:00:00:d9,0x13,Write-Rsp,,,0,
hci_snoop_2025_11_26_15_00_04.cfa,2625,2025-11-26T15:02:47.507Z,sent,f4:db:00:00:00:d9,0x12,Write-Req,0x0021,07 AC 05 00 00 03,6,0x07
hci_snoop_2025_11_26_15_00_04.cfa,2627,2025-11-26T15:02:47.653Z,recv,f4:db:00:00:00:d9,0x1B,Notify,0x0024,07 AC 05 00 00 03 51 01 51 01 50 01 F4 03 F9 03 FE 03 00 00,20,0x07
hci_snoop_2025_11_26_15_00_04.cfa,2628,2025-11-26T15:02:47.743Z,recv,f4:db:00:00:00:d9,0x13,Write-Rsp,,,0,
hci_snoop_2025_11_26_15_00_04.cfa,2629,2025-11-26T15:02:47.775Z,sent,f4:db:00:00:00:d9,0x12,Write-Req,0x0021,07 AF 05 00 00 03,6,0x07
hci_snoop_2025_11_26_15_00_04.cfa,2631,2025-11-26T15:02:47.924Z,recv,f4:db:00:00:00:d9,0x1B,Notify,0x0024,07 AF 05 00 00 03 50 01 50 01 50 01 02 04 05 04 08 04 00 00,20,0x07
hci_snoop_2025_11_26_15_00_04.cfa,2632,2025-11-26T15:02:48.012Z,recv,f4:db:00:00:00:d9,0x13,Write-Rsp,,,0,
hci_snoop_2025_11_26_15_00_04.cfa,2633,2025-11-26T15:02:48.042Z,sent,f4:db:00:00:00:d9,0x12,Write-Req,0x0021,07 B2 05 00 00 03,6,0x07
hci_snoop_2025_11_26_15_00_04.cfa,2635,2025-11-26T15:02:48.193Z,recv,f4:db:00:00:00:d9,0x1B,Notify,0x0024,07 B2 05 00 00 03 50 01 50 01 50 01 0B 04 0D 04 10 04 00 00,20,0x07
hci_snoop_2025_11_26_15_00_04.cfa,2636,2025-11-26T15:02:48.283Z,recv,f4:db:00:00:00:d9,0x13,Write-Rsp,,,0,
hci_snoop_2025_11_26_15_00_04.cfa,2637,2025-11-26T15:02:48.310Z,sent,f4:db:00:00:00:d9,0x12,Write-Req,0x0021,07 B5 05 00 00 03,6,0x07
hci_snoop_2025_11_26_15_00_04.cfa,2639,2025-11-26T15:02:48.464Z,recv,f4:db:00:00:00:d9,0x1B,Notify,0x0024,07 B5 05 00 00 03 4F 01 4F 01 4F 01 12 04 14 04 15 04 00 00,20,0x07
hci_snoop_2025_11_26_15_00_04.cfa,2640,2025-11-26T15:02:48.553Z,recv,f4:db:00:00:00:d9,0x13,Write-Rsp,,,0,
hci_snoop_2025_11_26_15_00_04.cfa,2641,2025-11-26T15:02:48.591Z,sent,f4:db:00:00:00:d9,0x12,Write-Req,0x0021,07 B8 05 00 00 03,6,0x07
hci_snoop_2025_11_26_15_00_04.cfa,2643,2025-11-26T15:02:48.733Z,recv,f4:db:00:00:00:d9,0x1B,Notify,0x0024,07 B8 05 00 00 03 4F 01 4F 01 4F 01 17 04 19 04 1B 04 00 00,20,0x07
hci_snoop_2025_11_26_15_00_04.cfa,2644,2025-11-26T15:02:48.824Z,recv,f4:db:00:00:00:d9,0x13,Write-Rsp,,,0,
hci_snoop_2025_11_26_15_00_04.cfa,2645,2025-11-26T15:02:48.859Z,sent,f4:db:00:00:00:d9,0x12,Write-Req,0x0021,07 BB 05 00 00 03,6,0x07
hci_snoop_2025_11_26_15_00_04.cfa,2647,2025-11-26T15:02:49.003Z,recv,f4:db:00:00:00:d9,0x1B,Notify,0x0024,07 BB 05 00 00 03 4F 01 4F 01 4F 01 1D 04 1E 04 1F 04 00 00,20,0x07
hci_snoop_2025_11_26_15_00_04.cfa,2648,2025-11-26T15:02:49.093Z,recv,f4:db:00:00:00:d9,0x13,Write-Rsp,,,0,
hci_snoop_2025_11_26_15_00_04.cfa,2649,2025-11-26T15:02:49.126Z,sent,f4:db:00:00:00:d9,0x12,Write-Req,0x0021,07 BE 05 00 00 03,6,0x07
hci_snoop_2025_11_26_15_00_04.cfa,2651,2025-11-26T15:02:49.276Z,recv,f4:db:00:00:00:d9,0x1B,Notify,0x0024,07 BE 05 00 00 03 4F 01 4F 01 4F 01 1F 04 1F 04 20 04 00 00,20,0x07
hci_snoop_2025_11_26_15_00_04.cfa,2652,2025-11-26T15:02:49.363Z,recv,f4:db:00:00:00:d9,0x13,Write-Rsp,,,0,
hci_snoop_2025_11_26_15_00_04.cfa,2653,2025-11-26T15:02:49.390Z,sent,f4:db:00:00:00:d9,0x12,Write-Req,0x0021,07 C1 05 00 00 03,6,0x07
hci_snoop_2025_11_26_15_00_04.cfa,2655,2025-11-26T15:02:49.543Z,recv,f4:db:00:00:00:d9,0x1B,Notify,0x0024,07 C1 05 00 00 03 4E 01 4E 01 4E 01 21 04 21 04 22 04 00 00,20,0x07
hci_snoop_2025_11_26_15_00_04.cfa,2656,2025-11-26T15:02:49.633Z,recv,f4:db:00:00:00:d9,0x13,Write-Rsp,,,0,
hci_snoop_2025_11_26_15_00_04.cfa,2657,2025-11-26T15:02:49.660Z,sent,f4:db:00:00:00:d9,0x12,Write-Req,0x0021,07 C4 05 00 00 03,6,0x07
hci_snoop_2025_11_26_15_00_04.cfa,2659,2025-11-26T15:02:49.814Z,recv,f4:db:00:00:00:d9,0x1B,Notify,0x0024,07 C4 05 00 00 03 4E 01 4E 01 4E 01 23 04 21 04 20 04 00 00,20,0x07
hci_snoop_2025_11_26_15_00_04.cfa,2660,2025-11-26T15:02:49.903Z,recv,f4:db:00:00:00:d9,0x13,Write-Rsp,,,0,
hci_snoop_2025_11_26_15_00_04.cfa,2661,2025-11-26T15:02:49.923Z,sent,f4:db:00:00:00:d9,0x12,Write-Req,0x0021,07 C7 05 00 00 03,6,0x07
hci_snoop_2025_11_26_15_00_04.cfa,2663,2025-11-26T15:02:50.084Z,recv,f4:db:00:00:00:d9,0x1B,Notify,0x0024,07 C7 05 00 00 03 4E 01 4E 01 4E 01 20 04 18 04 1B 04 00 00,20,0x07
hci_snoop_2025_11_26_15_00_04.cfa,2664,2025-11-26T15:02:50.173Z,recv,f4:db:00:00:00:d9,0x13,Write-Rsp,,,0,
hci_snoop_2025_11_26_15_00_04.cfa,2665,2025-11-26T15:02:50.207Z,sent,f4:db:00:00:00:d9,0x12,Write-Req,0x0021,07 CA 05 00 00 03,6,0x07
hci_snoop_2025_11_26_15_00_04.cfa,2667,2025-11-26T15:02:50.353Z,recv,f4:db:00:00:00:d9,0x1B,Notify,0x0024,07 CA 05 00 00 03 4E 01 4E 01 4F 01 21 04 28 04 2B 04 00 00,20,0x07
hci_snoop_2025_11_26_15_00_04.cfa,2668,2025-11-26T15:02:50.443Z,recv,f4:db:00:00:00:d9,0x13,Write-Rsp,,,0,
hci_snoop_2025_11_26_15_00_04.cfa,2669,2025-11-26T15:02:50.473Z,sent,f4:db:00:00:00:d9,0x12,Write-Req,0x0021,07 CD 05 00 00 03,6,0x07
hci_snoop_2025_11_26_15_00_04.cfa,2671,2025-11-26T15:02:50.623Z,recv,f4:db:00:00:00:d9,0x1B,Notify,0x0024,07 CD 05 00 00 03 4F 01 4F 01 4F 01 2E 04 31 04 32 04 00 00,20,0x07
hci_snoop_2025_11_26_15_00_04.cfa,2672,2025-11-26T15:02:50.712Z,recv,f4:db:00:00:00:d9,0x13,Write-Rsp,,,0,
hci_snoop_2025_11_26_15_00_04.cfa,2673,2025-11-26T15:02:50.740Z,sent,f4:db:00:00:00:d9,0x12,Write-Req,0x0021,07 D0 05 00 00 03,6,0x07
hci_snoop_2025_11_26_15_00_04.cfa,2675,2025-11-26T15:02:50.893Z,recv,f4:db:00:00:00:d9,0x1B,Notify,0x0024,07 D0 05 00 00 03 4F 01 4F 01 4F 01 35 04 36 04 39 04 00 00,20,0x07
hci_snoop_2025_11_26_15_00_04.cfa,2676,2025-11-26T15:02:50.982Z,recv,f4:db:00:00:00:d9,0x13,Write-Rsp,,,0,
hci_snoop_2025_11_26_15_00_04.cfa,2677,2025-11-26T15:02:51.009Z,sent,f4:db:00:00:00:d9,0x12,Write-Req,0x0021,07 D3 05 00 00 03,6,0x07
hci_snoop_2025_11_26_15_00_04.cfa,2679,2025-11-26T15:02:51.164Z,recv,f4:db:00:00:00:d9,0x1B,Notify,0x0024,07 D3 05 00 00 03 4F 01 4F 01 4F 01 3A 04 3C 04 3D 04 00 00,20,0x07
hci_snoop_2025_11_26_15_00_04.cfa,2680,2025-11-26T15:02:51.253Z,recv,f4:db:00:00:00:d9,0x13,Write-Rsp,,,0,
hci_snoop_2025_11_26_15_00_04.cfa,2681,2025-11-26T15:02:51.292Z,sent,f4:db:00:00:00:d9,0x12,Write-Req,0x0021,07 D6 05 00 00 03,6,0x07
hci_snoop_2025_11_26_15_00_04.cfa,2684,2025-11-26T15:02:51.433Z,recv,f4:db:00:00:00:d9,0x1B,Notify,0x0024,07 D6 05 00 00 03 4F 01 4F 01 4F 01 3E 04 3F 04 40 04 00 00,20,0x07
hci_snoop_2025_11_26_15_00_04.cfa,2685,2025-11-26T15:02:51.524Z,recv,f4:db:00:00:00:d9,0x13,Write-Rsp,,,0,
hci_snoop_2025_11_26_15_00_04.cfa,2686,2025-11-26T15:02:51.557Z,sent,f4:db:00:00:00:d9,0x12,Write-Req,0x0021,07 D9 05 00 00 03,6,0x07
hci_snoop_2025_11_26_15_00_04.cfa,2688,2025-11-26T15:02:51.703Z,recv,f4:db:00:00:00:d9,0x1B,Notify,0x0024,07 D9 05 00 00 03 4F 01 4F 01 4F 01 41 04 42 04 43 04 00 00,20,0x07
hci_snoop_2025_11_26_15_00_04.cfa,2689,2025-11-26T15:02:51.792Z,recv,f4:db:00:00:00:d9,0x13,Write-Rsp,,,0,
hci_snoop_2025_11_26_15_00_04.cfa,2690,2025-11-26T15:02:51.826Z,sent,f4:db:00:00:00:d9,0x12,Write-Req,0x0021,07 DC 05 00 00 03,6,0x07
hci_snoop_2025_11_26_15_00_04.cfa,2692,2025-11-26T15:02:51.973Z,recv,f4:db:00:00:00:d9,0x1B,Notify,0x0024,07 DC 05 00 00 03 4E 01 4E 01 4E 01 43 04 45 04 45 04 00 00,20,0x07
hci_snoop_2025_11_26_15_00_04.cfa,2693,2025-11-26T15:02:52.063Z,recv,f4:db:00:00:00:d9,0x13,Write-Rsp,,,0,
hci_snoop_2025_11_26_15_00_04.cfa,2694,2025-11-26T15:02:52.090Z,sent,f4:db:00:00:00:d9,0x12,Write-Req,0x0021,07 DF 05 00 00 03,6,0x07
hci_snoop_2025_11_26_15_00_04.cfa,2696,2025-11-26T15:02:52.244Z,recv,f4:db:00:00:00:d9,0x1B,Notify,0x0024,07 DF 05 00 00 03 4E 01 4E 01 4E 01 46 04 46 04 46 04 00 00,20,0x07
hci_snoop_2025_11_26_15_00_04.cfa,2697,2025-11-26T15:02:52.333Z,recv,f4:db:00:00:00:d9,0x13,Write-Rsp,,,0,
hci_snoop_2025_11_26_15_00_04.cfa,2698,2025-11-26T15:02:52.358Z,sent,f4:db:00:00:00:d9,0x12,Write-Req,0x0021,07 E2 05 00 00 03,6,0x07
hci_snoop_2025_11_26_15_00_04.cfa,2700,2025-11-26T15:02:52.783Z,recv,f4:db:00:00:00:d9,0x1B,Notify,0x0024,07 E2 05 00 00 03 4E 01 4E 01 4E 01 46 04 47 04 47 04 00 00,20,0x07
hci_snoop_2025_11_26_15_00_04.cfa,2701,2025-11-26T15:02:52.787Z,recv,f4:db:00:00:00:d9,0x13,Write-Rsp,,,0,
hci_snoop_2025_11_26_15_00_04.cfa,2702,2025-11-26T15:02:52.806Z,sent,f4:db:00:00:00:d9,0x12,Write-Req,0x0021,07 E5 05 00 00 03,6,0x07
hci_snoop_2025_11_26_15_00_04.cfa,2704,2025-11-26T15:02:52.964Z,recv,f4:db:00:00:00:d9,0x1B,Notify,0x0024,07 E5 05 00 00 03 4E 01 4E 01 4F 01 47 04 47 04 48 04 00 00,20,0x07
hci_snoop_2025_11_26_15_00_04.cfa,2705,2025-11-26T15:02:53.053Z,recv,f4:db:00:00:00:d9,0x13,Write-Rsp,,,0,
hci_snoop_2025_11_26_15_00_04.cfa,2706,2025-11-26T15:02:53.091Z,sent,f4:db:00:00:00:d9,0x12,Write-Req,0x0021,07 E8 05 00 00 03,6,0x07
hci_snoop_2025_11_26_15_00_04.cfa,2708,2025-11-26T15:02:53.233Z,recv,f4:db:00:00:00:d9,0x1B,Notify,0x0024,07 E8 05 00 00 03 4F 01 4F 01 4F 01 48 04 48 04 48 04 00 00,20,0x07
hci_snoop_2025_11_26_15_00_04.cfa,2709,2025-11-26T15:02:53.323Z,recv,f4:db:00:00:00:d9,0x13,Write-Rsp,,,0,
hci_snoop_2025_11_26_15_00_04.cfa,2710,2025-11-26T15:02:53.356Z,sent,f4:db:00:00:00:d9,0x12,Write-Req,0x0021,07 EB 05 00 00 03,6,0x07
hci_snoop_2025_11_26_15_00_04.cfa,2712,2025-11-26T15:02:53.503Z,recv,f4:db:00:00:00:d9,0x1B,Notify,0x0024,07 EB 05 00 00 03 4F 01 4F 01 4F 01 47 04 47 04 47 04 00 00,20,0x07
hci_snoop_2025_11_26_15_00_04.cfa,2713,2025-11-26T15:02:53.593Z,recv,f4:db:00:00:00:d9,0x13,Write-Rsp,,,0,
hci_snoop_2025_11_26_15_00_04.cfa,2714,2025-11-26T15:02:53.624Z,sent,f4:db:00:00:00:d9,0x12,Write-Req,0x0021,07 EE 05 00 00 03,6,0x07
hci_snoop_2025_11_26_15_00_04.cfa,2716,2025-11-26T15:02:53.773Z,recv,f4:db:00:00:00:d9,0x1B,Notify,0x0024,07 EE 05 00 00 03 4F 01 4F 01 4F 01 47 04 47 04 47 04 00 00,20,0x07
hci_snoop_2025_11_26_15_00_04.cfa,2717,2025-11-26T15:02:53.862Z,recv,f4:db:00:00:00:d9,0x13,Write-Rsp,,,0,
hci_snoop_2025_11_26_15_00_04.cfa,2718,2025-11-26T15:02:53.891Z,sent,f4:db:00:00:00:d9,0x12,Write-Req,0x0021,07 F1 05 00 00 03,6,0x07
hci_snoop_2025_11_26_15_00_04.cfa,2720,2025-11-26T15:02:54.044Z,recv,f4:db:00:00:00:d9,0x1B,Notify,0x0024,07 F1 05 00 00 03 4F 01 4F 01 4E 01 48 04 48 04 48 04 00 00,20,0x07
hci_snoop_2025_11_26_15_00_04.cfa,2721,2025-11-26T15:02:54.133Z,recv,f4:db:00:00:00:d9,0x13,Write-Rsp,,,0,
hci_snoop_2025_11_26_15_00_04.cfa,2722,2025-11-26T15:02:54.157Z,sent,f4:db:00:00:00:d9,0x12,Write-Req,0x0021,07 F4 05 00 00 03,6,0x07
hci_snoop_2025_11_26_15_00_04.cfa,2724,2025-11-26T15:02:54.314Z,recv,f4:db:00:00:00:d9,0x1B,Notify,0x0024,07 F4 05 00 00 03 4E 01 4F 01 4E 01 48 04 48 04 47 04 00 00,20,0x07
hci_snoop_2025_11_26_15_00_04.cfa,2725,2025-11-26T15:02:54.402Z,recv,f4:db:00:00:00:d9,0x13,Write-Rsp,,,0,
hci_snoop_2025_11_26_15_00_04.cfa,2726,2025-11-26T15:02:54.438Z,sent,f4:db:00:00:00:d9,0x12,Write-Req,0x0021,07 F7 05 00 00 03,6,0x07
hci_snoop_2025_11_26_15_00_04.cfa,2728,2025-11-26T15:02:54.583Z,recv,f4:db:00:00:00:d9,0x1B,Notify,0x0024,07 F7 05 00 00 03 4F 01 4F 01 4F 01 47 04 46 04 46 04 00 00,20,0x07
hci_snoop_2025_11_26_15_00_04.cfa,2729,2025-11-26T15:02:54.673Z,recv,f4:db:00:00:00:d9,0x13,Write-Rsp,,,0,
hci_snoop_2025_11_26_15_00_04.cfa,2730,2025-11-26T15:02:54.708Z,sent,f4:db:00:00:00:d9,0x12,Write-Req,0x0021,07 FA 05 00 00 03,6,0x07
hci_snoop_2025_11_26_15_00_04.cfa,2732,2025-11-26T15:02:54.853Z,recv,f4:db:00:00:00:d9,0x1B,Notify,0x0024,07 FA 05 00 00 03 4F 01 4F 01 4F 01 46 04 46 04 46 04 00 00,20,0x07
hci_snoop_2025_11_26_15_00_04.cfa,2733,2025-11-26T15:02:54.943Z,recv,f4:db:00:00:00:d9,0x13,Write-Rsp,,,0,
hci_snoop_2025_11_26_15_00_04.cfa,2734,2025-11-26T15:02:54.972Z,sent,f4:db:00:00:00:d9,0x12,Write-Req,0x0021,07 FD 05 00 00 03,6,0x07
hci_snoop_2025_11_26_15_00_04.cfa,2736,2025-11-26T15:02:55.124Z,recv,f4:db:00:00:00:d9,0x1B,Notify,0x0024,07 FD 05 00 00 03 4F 01 50 01 50 01 49 04 4A 04 49 04 00 00,20,0x07
hci_snoop_2025_11_26_15_00_04.cfa,2737,2025-11-26T15:02:55.212Z,recv,f4:db:00:00:00:d9,0x13,Write-Rsp,,,0,
hci_snoop_2025_11_26_15_00_04.cfa,2738,2025-11-26T15:02:55.243Z,sent,f4:db:00:00:00:d9,0x12,Write-Req,0x0021,07 00 06 00 00 03,6,0x07
hci_snoop_2025_11_26_15_00_04.cfa,2740,2025-11-26T15:02:55.394Z,recv,f4:db:00:00:00:d9,0x1B,Notify,0x0024,07 00 06 00 00 03 3F 01 40 01 42 01 49 03 9B 03 B6 03 00 00,20,0x07
hci_snoop_2025_11_26_15_00_04.cfa,2741,2025-11-26T15:02:55.482Z,recv,f4:db:00:00:00:d9,0x13,Write-Rsp,,,0,
hci_snoop_2025_11_26_15_00_04.cfa,2742,2025-11-26T15:02:55.508Z,sent,f4:db:00:00:00:d9,0x12,Write-Req,0x0021,07 03 06 00 00 03,6,0x07
hci_snoop_2025_11_26_15_00_04.cfa,2744,2025-11-26T15:02:55.753Z,recv,f4:db:00:00:00:d9,0x1B,Notify,0x0024,07 03 06 00 00 03 44 01 46 01 48 01 C4 03 CF 03 DA 03 00 00,20,0x07
hci_snoop_2025_11_26_15_00_04.cfa,2745,2025-11-26T15:02:55.753Z,recv,f4:db:00:00:00:d9,0x13,Write-Rsp,,,0,
hci_snoop_2025_11_26_15_00_04.cfa,2746,2025-11-26T15:02:55.791Z,sent,f4:db:00:00:00:d9,0x12,Write-Req,0x0021,07 06 06 00 00 03,6,0x07
hci_snoop_2025_11_26_15_00_04.cfa,2748,2025-11-26T15:02:55.933Z,recv,f4:db:00:00:00:d9,0x1B,Notify,0x0024,07 06 06 00 00 03 4A 01 4B 01 4C 01 E0 03 E6 03 ED 03 00 00,20,0x07
hci_snoop_2025_11_26_15_00_04.cfa,2749,2025-11-26T15:02:56.023Z,recv,f4:db:00:00:00:d9,0x13,Write-Rsp,,,0,
hci_snoop_2025_11_26_15_00_04.cfa,2750,2025-11-26T15:02:56.058Z,sent,f4:db:00:00:00:d9,0x12,Write-Req,0x0021,07 09 06 00 00 03,6,0x07
hci_snoop_2025_11_26_15_00_04.cfa,2752,2025-11-26T15:02:56.204Z,recv,f4:db:00:00:00:d9,0x1B,Notify,0x0024,07 09 06 00 00 03 4E 01 4F 01 50 01 F1 03 F5 03 F8 03 00 00,20,0x07
hci_snoop_2025_11_26_15_00_04.cfa,2753,2025-11-26T15:02:56.293Z,recv,f4:db:00:00:00:d9,0x13,Write-Rsp,,,0,
hci_snoop_2025_11_26_15_00_04.cfa,2754,2025-11-26T15:02:56.324Z,sent,f4:db:00:00:00:d9,0x12,Write-Req,0x0021,07 0C 06 00 00 03,6,0x07
hci_snoop_2025_11_26_15_00_04.cfa,2756,2025-11-26T15:02:56.473Z,recv,f4:db:00:00:00:d9,0x1B,Notify,0x0024,07 0C 06 00 00 03 51 01 52 01 53 01 FB 03 FD 03 00 04 00 00,20,0x07
hci_snoop_2025_11_26_15_00_04.cfa,2757,2025-11-26T15:02:56.563Z,recv,f4:db:00:00:00:d9,0x13,Write-Rsp,,,0,
hci_snoop_2025_11_26_15_00_04.cfa,2758,2025-11-26T15:02:56.590Z,sent,f4:db:00:00:00:d9,0x12,Write-Req,0x0021,07 0F 06 00 00 03,6,0x07
hci_snoop_2025_11_26_15_00_04.cfa,2760,2025-11-26T15:02:56.743Z,recv,f4:db:00:00:00:d9,0x1B,Notify,0x0024,07 0F 06 00 00 03 53 01 54 01 54 01 02 04 04 04 06 04 00 00,20,0x07
hci_snoop_2025_11_26_15_00_04.cfa,2761,2025-11-26T15:02:56.833Z,recv,f4:db:00:00:00:d9,0x13,Write-Rsp,,,0,
hci_snoop_2025_11_26_15_00_04.cfa,2762,2025-11-26T15:02:56.855Z,sent,f4:db:00:00:00:d9,0x12,Write-Req,0x0021,07 12 06 00 00 03,6,0x07
hci_snoop_2025_11_26_15_00_04.cfa,2764,2025-11-26T15:02:57.013Z,recv,f4:db:00:00:00:d9,0x1B,Notify,0x0024,07 12 06 00 00 03 55 01 55 01 56 01 08 04 0A 04 0A 04 00 00,20,0x07
hci_snoop_2025_11_26_15_00_04.cfa,2765,2025-11-26T15:02:57.104Z,recv,f4:db:00:00:00:d9,0x13,Write-Rsp,,,0,
hci_snoop_2025_11_26_15_00_04.cfa,2766,2025-11-26T15:02:57.141Z,sent,f4:db:00:00:00:d9,0x12,Write-Req,0x0021,07 15 06 00 00 03,6,0x07
hci_snoop_2025_11_26_15_00_04.cfa,2768,2025-11-26T15:02:57.283Z,recv,f4:db:00:00:00:d9,0x1B,Notify,0x0024,07 15 06 00 00 03 56 01 56 01 56 01 0B 04 0C 04 0C 04 00 00,20,0x07
hci_snoop_2025_11_26_15_00_04.cfa,2769,2025-11-26T15:02:57.373Z,recv,f4:db:00:00:00:d9,0x13,Write-Rsp,,,0,
hci_snoop_2025_11_26_15_00_04.cfa,2770,2025-11-26T15:02:57.409Z,sent,f4:db:00:00:00:d9,0x12,Write-Req,0x0021,07 18 06 00 00 03,6,0x07
hci_snoop_2025_11_26_15_00_04.cfa,2772,2025-11-26T15:02:57.553Z,recv,f4:db:00:00:00:d9,0x1B,Notify,0x0024,07 18 06 00 00 03 57 01 58 01 59 01 0A 04 08 04 05 04 00 00,20,0x07
hci_snoop_2025_11_26_15_00_04.cfa,2773,2025-11-26T15:02:57.642Z,recv,f4:db:00:00:00:d9,0x13,Write-Rsp,,,0,
hci_snoop_2025_11_26_15_00_04.cfa,2774,2025-11-26T15:02:57.674Z,sent,f4:db:00:00:00:d9,0x12,Write-Req,0x0021,07 1B 06 00 00 03,6,0x07
hci_snoop_2025_11_26_15_00_04.cfa,2776,2025-11-26T15:02:57.826Z,recv,f4:db:00:00:00:d9,0x1B,Notify,0x0024,07 1B 06 00 00 03 5A 01 5A 01 5B 01 03 04 02 04 01 04 00 00,20,0x07
hci_snoop_2025_11_26_15_00_04.cfa,2777,2025-11-26T15:02:57.913Z,recv,f4:db:00:00:00:d9,0x13,Write-Rsp,,,0,
hci_snoop_2025_11_26_15_00_04.cfa,2778,2025-11-26T15:02:57.941Z,sent,f4:db:00:00:00:d9,0x12,Write-Req,0x0021,07 1E 06 00 00 03,6,0x07
hci_snoop_2025_11_26_15_00_04.cfa,2780,2025-11-26T15:02:58.183Z,recv,f4:db:00:00:00:d9,0x1B,Notify,0x0024,07 1E 06 00 00 03 5B 01 5C 01 5B 01 FF 03 FF 03 FF 03 00 00,20,0x07
hci_snoop_2025_11_26_15_00_04.cfa,2781,2025-11-26T15:02:58.273Z,recv,f4:db:00:00:00:d9,0x13,Write-Rsp,,,0,
hci_snoop_2025_11_26_15_00_04.cfa,2782,2025-11-26T15:02:58.306Z,sent,f4:db:00:00:00:d9,0x12,Write-Req,0x0021,07 21 06 00 00 03,6,0x07
hci_snoop_2025_11_26_15_00_04.cfa,2784,2025-11-26T15:02:58.453Z,recv,f4:db:00:00:00:d9,0x1B,Notify,0x0024,07 21 06 00 00 03 5B 01 5A 01 5B 01 FF 03 01 04 05 04 00 00,20,0x07
hci_snoop_2025_11_26_15_00_04.cfa,2785,2025-11-26T15:02:58.545Z,recv,f4:db:00:00:00:d9,0x13,Write-Rsp,,,0,
hci_snoop_2025_11_26_15_00_04.cfa,2787,2025-11-26T15:02:58.572Z,sent,f4:db:00:00:00:d9,0x12,Write-Req,0x0021,07 24 06 00 00 03,6,0x07
hci_snoop_2025_11_26_15_00_04.cfa,2789,2025-11-26T15:02:58.724Z,recv,f4:db:00:00:00:d9,0x1B,Notify,0x0024,07 24 06 00 00 03 5C 01 5C 01 5C 01 04 04 06 04 06 04 00 00,20,0x07
hci_snoop_2025_11_26_15_00_04.cfa,2790,2025-11-26T15:02:58.813Z,recv,f4:db:00:00:00:d9,0x13,Write-Rsp,,,0,
hci_snoop_2025_11_26_15_00_04.cfa,2791,2025-11-26T15:02:58.840Z,sent,f4:db:00:00:00:d9,0x12,Write-Req,0x0021,07 27 06 00 00 03,6,0x07
hci_snoop_2025_11_26_15_00_04.cfa,2793,2025-11-26T15:02:58.993Z,recv,f4:db:00:00:00:d9,0x1B,Notify,0x0024,07 27 06 00 00 03 5B 01 5A 01 5A 01 08 04 0F 04 13 04 00 00,20,0x07
hci_snoop_2025_11_26_15_00_04.cfa,2794,2025-11-26T15:02:59.083Z,recv,f4:db:00:00:00:d9,0x13,Write-Rsp,,,0,
hci_snoop_2025_11_26_15_00_04.cfa,2795,2025-11-26T15:02:59.106Z,sent,f4:db:00:00:00:d9,0x12,Write-Req,0x0021,07 2A 06 00 00 03,6,0x07
hci_snoop_2025_11_26_15_00_04.cfa,2797,2025-11-26T15:02:59.263Z,recv,f4:db:00:00:00:d9,0x1B,Notify,0x0024,07 2A 06 00 00 03 5A 01 5A 01 5A 01 11 04 10 04 0E 04 00 00,20,0x07
hci_snoop_2025_11_26_15_00_04.cfa,2798,2025-11-26T15:02:59.353Z,recv,f4:db:00:00:00:d9,0x13,Write-Rsp,,,0,
hci_snoop_2025_11_26_15_00_04.cfa,2799,2025-11-26T15:02:59.392Z,sent,f4:db:00:00:00:d9,0x12,Write-Req,0x0021,07 2D 06 00 00 03,6,0x07
hci_snoop_2025_11_26_15_00_04.cfa,2801,2025-11-26T15:02:59.533Z,recv,f4:db:00:00:00:d9,0x1B,Notify,0x0024,07 2D 06 00 00 03 5A 01 5B 01 6E 01 0E 04 0F 04 F2 03 00 00,20,0x07
hci_snoop_2025_11_26_15_00_04.cfa,2802,2025-11-26T15:02:59.622Z,recv,f4:db:00:00:00:d9,0x13,Write-Rsp,,,0,
hci_snoop_2025_11_26_15_14_35.cfa,499,2025-11-26T15:14:54.724Z,sent,f4:db:00:00:00:d9,0x10,ReadByGrp-Req,,01 00 FF FF 00 28,6,0x01
hci_snoop_2025_11_26_15_14_35.cfa,503,2025-11-26T15:14:54.808Z,recv,f4:db:00:00:00:d9,0x11,ReadByGrp-Rsp,,06 01 00 07 00 00 18 08 00 0B 00 01 18 0C 00 1E 00 0A 18,19,0x06
hci_snoop_2025_11_26_15_14_35.cfa,504,2025-11-26T15:14:54.808Z,sent,f4:db:00:00:00:d9,0x10,ReadByGrp-Req,,1F 00 FF FF 00 28,6,0x1F
hci_snoop_2025_11_26_15_14_35.cfa,509,2025-11-26T15:14:54.898Z,recv,f4:db:00:00:00:d9,0x11,ReadByGrp-Rsp,,06 1F 00 FF FF E0 FF,7,0x06
hci_snoop_2025_11_26_15_14_35.cfa,510,2025-11-26T15:14:54.898Z,sent,f4:db:00:00:00:d9,0x08,ReadByType-Req,,01 00 07 00 02 28,6,0x01
hci_snoop_2025_11_26_15_14_35.cfa,517,2025-11-26T15:14:54.988Z,recv,f4:db:00:00:00:d9,0x01,ErrorRsp,,08 01 00 0A,4,0x08
hci_snoop_2025_11_26_15_14_35.cfa,518,2025-11-26T15:14:54.988Z,sent,f4:db:00:00:00:d9,0x08,ReadByType-Req,,01 00 07 00 03 28,6,0x01
hci_snoop_2025_11_26_15_14_35.cfa,520,2025-11-26T15:14:55.078Z,recv,f4:db:00:00:00:d9,0x09,ReadByType-Rsp,,07 02 00 02 03 00 00 2A 04 00 02 05 00 01 2A 06 00 02 07 00 04 2A,22,0x07
hci_snoop_2025_11_26_15_14_35.cfa,521,2025-11-26T15:14:55.079Z,sent,f4:db:00:00:00:d9,0x08,ReadByType-Req,,07 00 07 00 03 28,6,0x07
hci_snoop_2025_11_26_15_14_35.cfa,528,2025-11-26T15:14:55.167Z,recv,f4:db:00:00:00:d9,0x01,ErrorRsp,,08 07 00 0A,4,0x08
hci_snoop_2025_11_26_15_14_35.cfa,529,2025-11-26T15:14:55.168Z,sent,f4:db:00:00:00:d9,0x08,ReadByType-Req,,08 00 0B 00 02 28,6,0x08
hci_snoop_2025_11_26_15_14_35.cfa,533,2025-11-26T15:14:55.182Z,recv,f4:db:00:00:00:d9,0x01,ErrorRsp,,08 08 00 0A,4,0x08
hci_snoop_2025_11_26_15_14_35.cfa,534,2025-11-26T15:14:55.183Z,sent,f4:db:00:00:00:d9,0x08,ReadByType-Req,,08 00 0B 00 03 28,6,0x08
hci_snoop_2025_11_26_15_14_35.cfa,536,2025-11-26T15:14:55.198Z,recv,f4:db:00:00:00:d9,0x09,ReadByType-Rsp,,07 09 00 20 0A 00 05 2A,8,0x07
hci_snoop_2025_11_26_15_14_35.cfa,537,2025-11-26T15:14:55.198Z,sent,f4:db:00:00:00:d9,0x08,ReadByType-Req,,0A 00 0B 00 03 28,6,0x0A
hci_snoop_2025_11_26_15_14_35.cfa,539,2025-11-26T15:14:55.213Z,recv,f4:db:00:00:00:d9,0x01,ErrorRsp,,08 0A 00 0A,4,0x08
hci_snoop_2025_11_26_15_14_35.cfa,540,2025-11-26T15:14:55.213Z,sent,f4:db:00:00:00:d9,0x04,FindInfo-Req,,0B 00 0B 00,4,0x0B
hci_snoop_2025_11_26_15_14_35.cfa,542,2025-11-26T15:14:55.227Z,recv,f4:db:00:00:00:d9,0x05,FindInfo-Rsp,,01 0B 00 02 29,5,0x01
hci_snoop_2025_11_26_15_14_35.cfa,543,2025-11-26T15:14:55.228Z,sent,f4:db:00:00:00:d9,0x08,ReadByType-Req,,0C 00 1E 00 02 28,6,0x0C
hci_snoop_2025_11_26_15_14_35.cfa,545,2025-11-26T15:14:55.243Z,recv,f4:db:00:00:00:d9,0x01,ErrorRsp,,08 0C 00 0A,4,0x08
hci_snoop_2025_11_26_15_14_35.cfa,546,2025-11-26T15:14:55.243Z,sent,f4:db:00:00:00:d9,0x08,ReadByType-Req,,0C 00 1E 00 03 28,6,0x0C
hci_snoop_2025_11_26_15_14_35.cfa,548,2025-11-26T15:14:55.258Z,recv,f4:db:00:00:00:d9,0x09,ReadByType-Rsp,,07 0D 00 02 0E 00 23 2A 0F 00 02 10 00 24 2A 11 00 02 12 00 25 2A,22,0x07
hci_snoop_2025_11_26_15_14_35.cfa,549,2025-11-26T15:14:55.258Z,sent,f4:db:00:00:00:d9,0x08,ReadByType-Req,,12 00 1E 00 03 28,6,0x12
hci_snoop_2025_11_26_15_14_35.cfa,551,2025-11-26T15:14:55.273Z,recv,f4:db:00:00:00:d9,0x09,ReadByType-Rsp,,07 13 00 02 14 00 26 2A 15 00 02 16 00 27 2A 17 00 02 18 00 28 2A,22,0x07
hci_snoop_2025_11_26_15_14_35.cfa,552,2025-11-26T15:14:55.274Z,sent,f4:db:00:00:00:d9,0x08,ReadByType-Req,,18 00 1E 00 03 28,6,0x18
hci_snoop_2025_11_26_15_14_35.cfa,554,2025-11-26T15:14:55.288Z,recv,f4:db:00:00:00:d9,0x09,ReadByType-Rsp,,07 19 00 02 1A 00 29 2A 1B 00 02 1C 00 2A 2A 1D 00 02 1E 00 50 2A,22,0x07
hci_snoop_2025_11_26_15_14_35.cfa,555,2025-11-26T15:14:55.289Z,sent,f4:db:00:00:00:d9,0x08,ReadByType-Req,,1E 00 1E 00 03 28,6,0x1E
hci_snoop_2025_11_26_15_14_35.cfa,557,2025-11-26T15:14:55.304Z,recv,f4:db:00:00:00:d9,0x01,ErrorRsp,,08 1E 00 0A,4,0x08
hci_snoop_2025_11_26_15_14_35.cfa,558,2025-11-26T15:14:55.305Z,sent,f4:db:00:00:00:d9,0x08,ReadByType-Req,,1F 00 FF FF 02 28,6,0x1F
hci_snoop_2025_11_26_15_14_35.cfa,560,2025-11-26T15:14:55.318Z,recv,f4:db:00:00:00:d9,0x01,ErrorRsp,,08 1F 00 0A,4,0x08
hci_snoop_2025_11_26_15_14_35.cfa,561,2025-11-26T15:14:55.318Z,sent,f4:db:00:00:00:d9,0x08,ReadByType-Req,,1F 00 FF FF 03 28,6,0x1F
hci_snoop_2025_11_26_15_14_35.cfa,563,2025-11-26T15:14:55.333Z,recv,f4:db:00:00:00:d9,0x09,ReadByType-Rsp,,07 20 00 08 21 00 F5 FF 23 00 10 24 00 F3 FF,15,0x07
hci_snoop_2025_11_26_15_14_35.cfa,564,2025-11-26T15:14:55.333Z,sent,f4:db:00:00:00:d9,0x08,ReadByType-Req,,24 00 FF FF 03 28,6,0x24
hci_snoop_2025_11_26_15_14_35.cfa,566,2025-11-26T15:14:55.348Z,recv,f4:db:00:00:00:d9,0x01,ErrorRsp,,08 24 00 0A,4,0x08
hci_snoop_2025_11_26_15_14_35.cfa,567,2025-11-26T15:14:55.349Z,sent,f4:db:00:00:00:d9,0x04,FindInfo-Req,,22 00 22 00,4,0x22
hci_snoop_2025_11_26_15_14_35.cfa,569,2025-11-26T15:14:55.362Z,recv,f4:db:00:00:00:d9,0x05,FindInfo-Rsp,,01 22 00 01 29,5,0x01
hci_snoop_2025_11_26_15_14_35.cfa,570,2025-11-26T15:14:55.363Z,sent,f4:db:00:00:00:d9,0x04,FindInfo-Req,,25 00 FF FF,4,0x25
hci_snoop_2025_11_26_15_14_35.cfa,572,2025-11-26T15:14:55.378Z,recv,f4:db:00:00:00:d9,0x05,FindInfo-Rsp,,01 25 00 02 29 26 00 01 29,9,0x01
hci_snoop_2025_11_26_15_14_35.cfa,573,2025-11-26T15:14:55.379Z,sent,f4:db:00:00:00:d9,0x04,FindInfo-Req,,27 00 FF FF,4,0x27
hci_snoop_2025_11_26_15_14_35.cfa,575,2025-11-26T15:14:55.393Z,recv,f4:db:00:00:00:d9,0x01,ErrorRsp,,04 27 00 0A,4,0x04
hci_snoop_2025_11_26_15_14_35.cfa,579,2025-11-26T15:14:55.424Z,sent,f4:db:00:00:00:d9,0x12,Write-Req,0x0025,01 00,2,0x01
hci_snoop_2025_11_26_15_14_35.cfa,581,2025-11-26T15:14:55.437Z,recv,f4:db:00:00:00:d9,0x13,Write-Rsp,,,0,
hci_snoop_2025_11_26_15_14_35.cfa,582,2025-11-26T15:14:55.455Z,sent,f4:db:00:00:00:d9,0x12,Write-Req,0x0021,1A,1,0x1A
hci_snoop_2025_11_26_15_14_35.cfa,584,2025-11-26T15:14:55.483Z,recv,f4:db:00:00:00:d9,0x1B,Notify,0x0024,1A 01 00 01 00 00 00 00 00 00 00 00 00 00 00 00 00 00 00 00,20,0x1A
hci_snoop_2025_11_26_15_14_35.cfa,585,2025-11-26T15:14:55.484Z,recv,f4:db:00:00:00:d9,0x13,Write-Rsp,,,0,
hci_snoop_2025_11_26_15_14_35.cfa,685,2025-11-26T15:15:03.135Z,sent,f4:db:00:00:00:d9,0x10,ReadByGrp-Req,,01 00 FF FF 00 28,6,0x01
hci_snoop_2025_11_26_15_14_35.cfa,688,2025-11-26T15:15:03.223Z,recv,f4:db:00:00:00:d9,0x11,ReadByGrp-Rsp,,06 01 00 07 00 00 18 08 00 0B 00 01 18 0C 00 1E 00 0A 18,19,0x06
hci_snoop_2025_11_26_15_14_35.cfa,689,2025-11-26T15:15:03.224Z,sent,f4:db:00:00:00:d9,0x10,ReadByGrp-Req,,1F 00 FF FF 00 28,6,0x1F
hci_snoop_2025_11_26_15_14_35.cfa,691,2025-11-26T15:15:03.313Z,recv,f4:db:00:00:00:d9,0x11,ReadByGrp-Rsp,,06 1F 00 FF FF E0 FF,7,0x06
hci_snoop_2025_11_26_15_14_35.cfa,692,2025-11-26T15:15:03.314Z,sent,f4:db:00:00:00:d9,0x08,ReadByType-Req,,01 00 07 00 02 28,6,0x01
hci_snoop_2025_11_26_15_14_35.cfa,694,2025-11-26T15:15:03.403Z,recv,f4:db:00:00:00:d9,0x01,ErrorRsp,,08 01 00 0A,4,0x08
hci_snoop_2025_11_26_15_14_35.cfa,695,2025-11-26T15:15:03.404Z,sent,f4:db:00:00:00:d9,0x08,ReadByType-Req,,01 00 07 00 03 28,6,0x01
hci_snoop_2025_11_26_15_14_35.cfa,697,2025-11-26T15:15:03.493Z,recv,f4:db:00:00:00:d9,0x09,ReadByType-Rsp,,07 02 00 02 03 00 00 2A 04 00 02 05 00 01 2A 06 00 02 07 00 04 2A,22,0x07
hci_snoop_2025_11_26_15_14_35.cfa,698,2025-11-26T15:15:03.494Z,sent,f4:db:00:00:00:d9,0x08,ReadByType-Req,,07 00 07 00 03 28,6,0x07
hci_snoop_2025_11_26_15_14_35.cfa,700,2025-11-26T15:15:03.585Z,recv,f4:db:00:00:00:d9,0x01,ErrorRsp,,08 07 00 0A,4,0x08
hci_snoop_2025_11_26_15_14_35.cfa,701,2025-11-26T15:15:03.586Z,sent,f4:db:00:00:00:d9,0x08,ReadByType-Req,,08 00 0B 00 02 28,6,0x08
hci_snoop_2025_11_26_15_14_35.cfa,705,2025-11-26T15:15:03.603Z,recv,f4:db:00:00:00:d9,0x01,ErrorRsp,,08 08 00 0A,4,0x08
hci_snoop_2025_11_26_15_14_35.cfa,706,2025-11-26T15:15:03.603Z,sent,f4:db:00:00:00:d9,0x08,ReadByType-Req,,08 00 0B 00 03 28,6,0x08
hci_snoop_2025_11_26_15_14_35.cfa,708,2025-11-26T15:15:03.620Z,recv,f4:db:00:00:00:d9,0x09,ReadByType-Rsp,,07 09 00 20 0A 00 05 2A,8,0x07
hci_snoop_2025_11_26_15_14_35.cfa,709,2025-11-26T15:15:03.621Z,sent,f4:db:00:00:00:d9,0x08,ReadByType-Req,,0A 00 0B 00 03 28,6,0x0A
hci_snoop_2025_11_26_15_14_35.cfa,711,2025-11-26T15:15:03.635Z,recv,f4:db:00:00:00:d9,0x01,ErrorRsp,,08 0A 00 0A,4,0x08
hci_snoop_2025_11_26_15_14_35.cfa,712,2025-11-26T15:15:03.636Z,sent,f4:db:00:00:00:d9,0x04,FindInfo-Req,,0B 00 0B 00,4,0x0B
hci_snoop_2025_11_26_15_14_35.cfa,714,2025-11-26T15:15:03.652Z,recv,f4:db:00:00:00:d9,0x05,FindInfo-Rsp,,01 0B 00 02 29,5,0x01
hci_snoop_2025_11_26_15_14_35.cfa,715,2025-11-26T15:15:03.653Z,sent,f4:db:00:00:00:d9,0x08,ReadByType-Req,,0C 00 1E 00 02 28,6,0x0C
hci_snoop_2025_11_26_15_14_35.cfa,717,2025-11-26T15:15:03.665Z,recv,f4:db:00:00:00:d9,0x01,ErrorRsp,,08 0C 00 0A,4,0x08
hci_snoop_2025_11_26_15_14_35.cfa,718,2025-11-26T15:15:03.666Z,sent,f4:db:00:00:00:d9,0x08,ReadByType-Req,,0C 00 1E 00 03 28,6,0x0C
hci_snoop_2025_11_26_15_14_35.cfa,720,2025-11-26T15:15:03.680Z,recv,f4:db:00:00:00:d9,0x09,ReadByType-Rsp,,07 0D 00 02 0E 00 23 2A 0F 00 02 10 00 24 2A 11 00 02 12 00 25 2A,22,0x07
hci_snoop_2025_11_26_15_14_35.cfa,721,2025-11-26T15:15:03.682Z,sent,f4:db:00:00:00:d9,0x08,ReadByType-Req,,12 00 1E 00 03 28,6,0x12
hci_snoop_2025_11_26_15_14_35.cfa,723,2025-11-26T15:15:03.695Z,recv,f4:db:00:00:00:d9,0x09,ReadByType-Rsp,,07 13 00 02 14 00 26 2A 15 00 02 16 00 27 2A 17 00 02 18 00 28 2A,22,0x07
hci_snoop_2025_11_26_15_14_35.cfa,724,2025-11-26T15:15:03.696Z,sent,f4:db:00:00:00:d9,0x08,ReadByType-Req,,18 00 1E 00 03 28,6,0x18
hci_snoop_2025_11_26_15_14_35.cfa,726,2025-11-26T15:15:03.718Z,recv,f4:db:00:00:00:d9,0x09,ReadByType-Rsp,,07 19 00 02 1A 00 29 2A 1B 00 02 1C 00 2A 2A 1D 00 02 1E 00 50 2A,22,0x07
hci_snoop_2025_11_26_15_14_35.cfa,727,2025-11-26T15:15:03.720Z,sent,f4:db:00:00:00:d9,0x08,ReadByType-Req,,1E 00 1E 00 03 28,6,0x1E
hci_snoop_2025_11_26_15_14_35.cfa,729,2025-11-26T15:15:03.733Z,recv,f4:db:00:00:00:d9,0x01,ErrorRsp,,08 1E 00 0A,4,0x08
hci_snoop_2025_11_26_15_14_35.cfa,730,2025-11-26T15:15:03.733Z,sent,f4:db:00:00:00:d9,0x08,ReadByType-Req,,1F 00 FF FF 02 28,6,0x1F
hci_snoop_2025_11_26_15_14_35.cfa,732,2025-11-26T15:15:03.755Z,recv,f4:db:00:00:00:d9,0x01,ErrorRsp,,08 1F 00 0A,4,0x08
hci_snoop_2025_11_26_15_14_35.cfa,733,2025-11-26T15:15:03.756Z,sent,f4:db:00:00:00:d9,0x08,ReadByType-Req,,1F 00 FF FF 03 28,6,0x1F
hci_snoop_2025_11_26_15_14_35.cfa,735,2025-11-26T15:15:03.770Z,recv,f4:db:00:00:00:d9,0x09,ReadByType-Rsp,,07 20 00 08 21 00 F5 FF 23 00 10 24 00 F3 FF,15,0x07
hci_snoop_2025_11_26_15_14_35.cfa,736,2025-11-26T15:15:03.771Z,sent,f4:db:00:00:00:d9,0x08,ReadByType-Req,,24 00 FF FF 03 28,6,0x24
hci_snoop_2025_11_26_15_14_35.cfa,738,2025-11-26T15:15:03.786Z,recv,f4:db:00:00:00:d9,0x01,ErrorRsp,,08 24 00 0A,4,0x08
hci_snoop_2025_11_26_15_14_35.cfa,739,2025-11-26T15:15:03.787Z,sent,f4:db:00:00:00:d9,0x04,FindInfo-Req,,22 00 22 00,4,0x22
hci_snoop_2025_11_26_15_14_35.cfa,741,2025-11-26T15:15:03.800Z,recv,f4:db:00:00:00:d9,0x05,FindInfo-Rsp,,01 22 00 01 29,5,0x01
hci_snoop_2025_11_26_15_14_35.cfa,742,2025-11-26T15:15:03.801Z,sent,f4:db:00:00:00:d9,0x04,FindInfo-Req,,25 00 FF FF,4,0x25
hci_snoop_2025_11_26_15_14_35.cfa,744,2025-11-26T15:15:03.816Z,recv,f4:db:00:00:00:d9,0x05,FindInfo-Rsp,,01 25 00 02 29 26 00 01 29,9,0x01
hci_snoop_2025_11_26_15_14_35.cfa,745,2025-11-26T15:15:03.817Z,sent,f4:db:00:00:00:d9,0x04,FindInfo-Req,,27 00 FF FF,4,0x27
hci_snoop_2025_11_26_15_14_35.cfa,747,2025-11-26T15:15:03.830Z,recv,f4:db:00:00:00:d9,0x01,ErrorRsp,,04 27 00 0A,4,0x04
hci_snoop_2025_11_26_15_14_35.cfa,750,2025-11-26T15:15:03.855Z,sent,f4:db:00:00:00:d9,0x12,Write-Req,0x0025,01 00,2,0x01
hci_snoop_2025_11_26_15_14_35.cfa,752,2025-11-26T15:15:03.868Z,recv,f4:db:00:00:00:d9,0x13,Write-Rsp,,,0,
hci_snoop_2025_11_26_15_14_35.cfa,753,2025-11-26T15:15:03.887Z,sent,f4:db:00:00:00:d9,0x12,Write-Req,0x0021,01,1,0x01
hci_snoop_2025_11_26_15_14_35.cfa,755,2025-11-26T15:15:03.898Z,recv,f4:db:00:00:00:d9,0x1B,Notify,0x0024,01 31 06 00 00 00 00 00 00 00 00 00 00 00 00 00 00 00 00 00,20,0x01
hci_snoop_2025_11_26_15_14_35.cfa,756,2025-11-26T15:15:03.899Z,recv,f4:db:00:00:00:d9,0x13,Write-Rsp,,,0,
hci_snoop_2025_11_26_15_14_35.cfa,757,2025-11-26T15:15:03.934Z,sent,f4:db:00:00:00:d9,0x12,Write-Req,0x0021,07 00 00 00 00 03,6,0x07
hci_snoop_2025_11_26_15_14_35.cfa,760,2025-11-26T15:15:03.990Z,recv,f4:db:00:00:00:d9,0x1B,Notify,0x0024,07 00 00 00 00 03 81 01 7B 01 79 01 B4 03 BC 03 CB 03 00 00,20,0x07
hci_snoop_2025_11_26_15_14_35.cfa,761,2025-11-26T15:15:04.078Z,recv,f4:db:00:00:00:d9,0x13,Write-Rsp,,,0,
hci_snoop_2025_11_26_15_14_35.cfa,762,2025-11-26T15:15:04.119Z,sent,f4:db:00:00:00:d9,0x12,Write-Req,0x0021,07 03 00 00 00 03,6,0x07
hci_snoop_2025_11_26_15_14_35.cfa,764,2025-11-26T15:15:04.169Z,recv,f4:db:00:00:00:d9,0x1B,Notify,0x0024,07 03 00 00 00 03 74 01 67 01 5A 01 C0 03 CE 03 EF 03 00 00,20,0x07
hci_snoop_2025_11_26_15_14_35.cfa,765,2025-11-26T15:15:04.258Z,recv,f4:db:00:00:00:d9,0x13,Write-Rsp,,,0,
hci_snoop_2025_11_26_15_14_35.cfa,766,2025-11-26T15:15:04.284Z,sent,f4:db:00:00:00:d9,0x12,Write-Req,0x0021,07 06 00 00 00 03,6,0x07
hci_snoop_2025_11_26_15_14_35.cfa,768,2025-11-26T15:15:04.350Z,recv,f4:db:00:00:00:d9,0x1B,Notify,0x0024,07 06 00 00 00 03 53 01 77 01 5C 01 04 04 BD 03 F4 03 00 00,20,0x07
hci_snoop_2025_11_26_15_14_35.cfa,769,2025-11-26T15:15:04.438Z,recv,f4:db:00:00:00:d9,0x13,Write-Rsp,,,0,
hci_snoop_2025_11_26_15_14_35.cfa,770,2025-11-26T15:15:04.468Z,sent,f4:db:00:00:00:d9,0x12,Write-Req,0x0021,07 09 00 00 00 03,6,0x07
hci_snoop_2025_11_26_15_14_35.cfa,772,2025-11-26T15:15:04.528Z,recv,f4:db:00:00:00:d9,0x1B,Notify,0x0024,07 09 00 00 00 03 62 01 65 01 69 01 F0 03 E9 03 E4 03 00 00,20,0x07
hci_snoop_2025_11_26_15_14_35.cfa,773,2025-11-26T15:15:04.618Z,recv,f4:db:00:00:00:d9,0x13,Write-Rsp,,,0,
hci_snoop_2025_11_26_15_14_35.cfa,774,2025-11-26T15:15:04.653Z,sent,f4:db:00:00:00:d9,0x12,Write-Req,0x0021,07 0C 00 00 00 03,6,0x07
hci_snoop_2025_11_26_15_14_35.cfa,776,2025-11-26T15:15:04.708Z,recv,f4:db:00:00:00:d9,0x1B,Notify,0x0024,07 0C 00 00 00 03 6B 01 6E 01 6F 01 DE 03 D9 03 DC 03 00 00,20,0x07
hci_snoop_2025_11_26_15_14_35.cfa,777,2025-11-26T15:15:04.799Z,recv,f4:db:00:00:00:d9,0x13,Write-Rsp,,,0,
hci_snoop_2025_11_26_15_14_35.cfa,778,2025-11-26T15:15:04.836Z,sent,f4:db:00:00:00:d9,0x12,Write-Req,0x0021,07 0F 00 00 00 03,6,0x07
hci_snoop_2025_11_26_15_14_35.cfa,780,2025-11-26T15:15:04.889Z,recv,f4:db:00:00:00:d9,0x1B,Notify,0x0024,07 0F 00 00 00 03 71 01 72 01 6C 01 D3 03 CF 03 D5 03 00 00,20,0x07
hci_snoop_2025_11_26_15_14_35.cfa,781,2025-11-26T15:15:04.978Z,recv,f4:db:00:00:00:d9,0x13,Write-Rsp,,,0,
hci_snoop_2025_11_26_15_14_35.cfa,782,2025-11-26T15:15:05.000Z,sent,f4:db:00:00:00:d9,0x12,Write-Req,0x0021,07 12 00 00 00 03,6,0x07
hci_snoop_2025_11_26_15_14_35.cfa,784,2025-11-26T15:15:05.069Z,recv,f4:db:00:00:00:d9,0x1B,Notify,0x0024,07 12 00 00 00 03 67 01 63 01 60 01 E1 03 E9 03 F1 03 00 00,20,0x07
hci_snoop_2025_11_26_15_14_35.cfa,785,2025-11-26T15:15:05.160Z,recv,f4:db:00:00:00:d9,0x13,Write-Rsp,,,0,
hci_snoop_2025_11_26_15_14_35.cfa,787,2025-11-26T15:15:05.201Z,sent,f4:db:00:00:00:d9,0x12,Write-Req,0x0021,07 15 00 00 00 03,6,0x07
hci_snoop_2025_11_26_15_14_35.cfa,789,2025-11-26T15:15:05.293Z,recv,f4:db:00:00:00:d9,0x1B,Notify,0x0024,07 15 00 00 00 03 5D 01 5A 01 58 01 F9 03 00 04 06 04 00 00,20,0x07
hci_snoop_2025_11_26_15_14_35.cfa,790,2025-11-26T15:15:05.383Z,recv,f4:db:00:00:00:d9,0x13,Write-Rsp,,,0,
hci_snoop_2025_11_26_15_14_35.cfa,791,2025-11-26T15:15:05.418Z,sent,f4:db:00:00:00:d9,0x12,Write-Req,0x0021,07 18 00 00 00 03,6,0x07
hci_snoop_2025_11_26_15_14_35.cfa,793,2025-11-26T15:15:05.474Z,recv,f4:db:00:00:00:d9,0x1B,Notify,0x0024,07 18 00 00 00 03 56 01 54 01 53 01 0B 04 0E 04 11 04 00 00,20,0x07
hci_snoop_2025_11_26_15_14_35.cfa,794,2025-11-26T15:15:05.563Z,recv,f4:db:00:00:00:d9,0x13,Write-Rsp,,,0,
hci_snoop_2025_11_26_15_14_35.cfa,795,2025-11-26T15:15:05.602Z,sent,f4:db:00:00:00:d9,0x12,Write-Req,0x0021,07 1B 00 00 00 03,6,0x07
hci_snoop_2025_11_26_15_14_35.cfa,797,2025-11-26T15:15:05.654Z,recv,f4:db:00:00:00:d9,0x1B,Notify,0x0024,07 1B 00 00 00 03 52 01 51 01 50 01 13 04 15 04 18 04 00 00,20,0x07
hci_snoop_2025_11_26_15_14_35.cfa,798,2025-11-26T15:15:05.743Z,recv,f4:db:00:00:00:d9,0x13,Write-Rsp,,,0,
hci_snoop_2025_11_26_15_14_35.cfa,799,2025-11-26T15:15:05.770Z,sent,f4:db:00:00:00:d9,0x12,Write-Req,0x0021,07 1E 00 00 00 03,6,0x07
hci_snoop_2025_11_26_15_14_35.cfa,801,2025-11-26T15:15:05.837Z,recv,f4:db:00:00:00:d9,0x1B,Notify,0x0024,07 1E 00 00 00 03 4F 01 4F 01 4E 01 19 04 1B 04 1D 04 00 00,20,0x07
hci_snoop_2025_11_26_15_14_35.cfa,802,2025-11-26T15:15:05.924Z,recv,f4:db:00:00:00:d9,0x13,Write-Rsp,,,0,
hci_snoop_2025_11_26_15_14_35.cfa,803,2025-11-26T15:15:05.950Z,sent,f4:db:00:00:00:d9,0x12,Write-Req,0x0021,07 21 00 00 00 03,6,0x07
hci_snoop_2025_11_26_15_14_35.cfa,805,2025-11-26T15:15:06.013Z,recv,f4:db:00:00:00:d9,0x1B,Notify,0x0024,07 21 00 00 00 03 4D 01 4C 01 4C 01 1F 04 20 04 21 04 00 00,20,0x07
hci_snoop_2025_11_26_15_14_35.cfa,806,2025-11-26T15:15:06.103Z,recv,f4:db:00:00:00:d9,0x13,Write-Rsp,,,0,
hci_snoop_2025_11_26_15_14_35.cfa,807,2025-11-26T15:15:06.135Z,sent,f4:db:00:00:00:d9,0x12,Write-Req,0x0021,07 24 00 00 00 03,6,0x07
hci_snoop_2025_11_26_15_14_35.cfa,809,2025-11-26T15:15:06.194Z,recv,f4:db:00:00:00:d9,0x1B,Notify,0x0024,07 24 00 00 00 03 4B 01 4B 01 4B 01 22 04 24 04 25 04 00 00,20,0x07
hci_snoop_2025_11_26_15_14_35.cfa,810,2025-11-26T15:15:06.284Z,recv,f4:db:00:00:00:d9,0x13,Write-Rsp,,,0,
hci_snoop_2025_11_26_15_14_35.cfa,811,2025-11-26T15:15:06.320Z,sent,f4:db:00:00:00:d9,0x12,Write-Req,0x0021,07 27 00 00 00 03,6,0x07
hci_snoop_2025_11_26_15_14_35.cfa,813,2025-11-26T15:15:06.373Z,recv,f4:db:00:00:00:d9,0x1B,Notify,0x0024,07 27 00 00 00 03 4A 01 49 01 49 01 26 04 27 04 28 04 00 00,20,0x07
hci_snoop_2025_11_26_15_14_35.cfa,814,2025-11-26T15:15:06.463Z,recv,f4:db:00:00:00:d9,0x13,Write-Rsp,,,0,
hci_snoop_2025_11_26_15_14_35.cfa,815,2025-11-26T15:15:06.503Z,sent,f4:db:00:00:00:d9,0x12,Write-Req,0x0021,07 2A 00 00 00 03,6,0x07
hci_snoop_2025_11_26_15_14_35.cfa,817,2025-11-26T15:15:06.553Z,recv,f4:db:00:00:00:d9,0x1B,Notify,0x0024,07 2A 00 00 00 03 49 01 48 01 48 01 28 04 28 04 29 04 00 00,20,0x07
hci_snoop_2025_11_26_15_14_35.cfa,818,2025-11-26T15:15:06.644Z,recv,f4:db:00:00:00:d9,0x13,Write-Rsp,,,0,
hci_snoop_2025_11_26_15_14_35.cfa,819,2025-11-26T15:15:06.668Z,sent,f4:db:00:00:00:d9,0x12,Write-Req,0x0021,07 2D 00 00 00 03,6,0x07
hci_snoop_2025_11_26_15_14_35.cfa,821,2025-11-26T15:15:06.735Z,recv,f4:db:00:00:00:d9,0x1B,Notify,0x0024,07 2D 00 00 00 03 47 01 47 01 47 01 29 04 29 04 2A 04 00 00,20,0x07
hci_snoop_2025_11_26_15_14_35.cfa,822,2025-11-26T15:15:06.824Z,recv,f4:db:00:00:00:d9,0x13,Write-Rsp,,,0,
hci_snoop_2025_11_26_15_14_35.cfa,823,2025-11-26T15:15:06.852Z,sent,f4:db:00:00:00:d9,0x12,Write-Req,0x0021,07 30 00 00 00 03,6,0x07
hci_snoop_2025_11_26_15_14_35.cfa,825,2025-11-26T15:15:06.913Z,recv,f4:db:00:00:00:d9,0x1B,Notify,0x0024,07 30 00 00 00 03 46 01 46 01 46 01 2B 04 2B 04 2C 04 00 00,20,0x07
hci_snoop_2025_11_26_15_14_35.cfa,826,2025-11-26T15:15:07.004Z,recv,f4:db:00:00:00:d9,0x13,Write-Rsp,,,0,
hci_snoop_2025_11_26_15_14_35.cfa,827,2025-11-26T15:15:07.034Z,sent,f4:db:00:00:00:d9,0x12,Write-Req,0x0021,07 33 00 00 00 03,6,0x07
hci_snoop_2025_11_26_15_14_35.cfa,829,2025-11-26T15:15:07.093Z,recv,f4:db:00:00:00:d9,0x1B,Notify,0x0024,07 33 00 00 00 03 46 01 46 01 45 01 2D 04 2D 04 2E 04 00 00,20,0x07
hci_snoop_2025_11_26_15_14_35.cfa,830,2025-11-26T15:15:07.184Z,recv,f4:db:00:00:00:d9,0x13,Write-Rsp,,,0,
hci_snoop_2025_11_26_15_14_35.cfa,831,2025-11-26T15:15:07.218Z,sent,f4:db:00:00:00:d9,0x12,Write-Req,0x0021,07 36 00 00 00 03,6,0x07
hci_snoop_2025_11_26_15_14_35.cfa,833,2025-11-26T15:15:07.273Z,recv,f4:db:00:00:00:d9,0x1B,Notify,0x0024,07 36 00 00 00 03 45 01 45 01 45 01 30 04 31 04 32 04 00 00,20,0x07
hci_snoop_2025_11_26_15_14_35.cfa,834,2025-11-26T15:15:07.363Z,recv,f4:db:00:00:00:d9,0x13,Write-Rsp,,,0,
hci_snoop_2025_11_26_15_14_35.cfa,835,2025-11-26T15:15:07.404Z,sent,f4:db:00:00:00:d9,0x12,Write-Req,0x0021,07 39 00 00 00 03,6,0x07
hci_snoop_2025_11_26_15_14_35.cfa,837,2025-11-26T15:15:07.455Z,recv,f4:db:00:00:00:d9,0x1B,Notify,0x0024,07 39 00 00 00 03 44 01 44 01 45 01 33 04 35 04 3D 04 00 00,20,0x07
hci_snoop_2025_11_26_15_14_35.cfa,838,2025-11-26T15:15:07.543Z,recv,f4:db:00:00:00:d9,0x13,Write-Rsp,,,0,
hci_snoop_2025_11_26_15_14_35.cfa,839,2025-11-26T15:15:07.571Z,sent,f4:db:00:00:00:d9,0x12,Write-Req,0x0021,07 3C 00 00 00 03,6,0x07
hci_snoop_2025_11_26_15_14_35.cfa,841,2025-11-26T15:15:07.637Z,recv,f4:db:00:00:00:d9,0x1B,Notify,0x0024,07 3C 00 00 00 03 44 01 44 01 43 01 3F 04 40 04 41 04 00 00,20,0x07
hci_snoop_2025_11_26_15_14_35.cfa,842,2025-11-26T15:15:07.723Z,recv,f4:db:00:00:00:d9,0x13,Write-Rsp,,,0,
hci_snoop_2025_11_26_15_14_35.cfa,843,2025-11-26T15:15:07.753Z,sent,f4:db:00:00:00:d9,0x12,Write-Req,0x0021,07 3F 00 00 00 03,6,0x07
hci_snoop_2025_11_26_15_14_35.cfa,845,2025-11-26T15:15:07.814Z,recv,f4:db:00:00:00:d9,0x1B,Notify,0x0024,07 3F 00 00 00 03 43 01 43 01 43 01 42 04 44 04 45 04 00 00,20,0x07
hci_snoop_2025_11_26_15_14_35.cfa,846,2025-11-26T15:15:07.903Z,recv,f4:db:00:00:00:d9,0x13,Write-Rsp,,,0,
hci_snoop_2025_11_26_15_14_35.cfa,847,2025-11-26T15:15:07.935Z,sent,f4:db:00:00:00:d9,0x12,Write-Req,0x0021,07 42 00 00 00 03,6,0x07
hci_snoop_2025_11_26_15_14_35.cfa,849,2025-11-26T15:15:07.993Z,recv,f4:db:00:00:00:d9,0x1B,Notify,0x0024,07 42 00 00 00 03 43 01 43 01 43 01 47 04 48 04 4A 04 00 00,20,0x07
hci_snoop_2025_11_26_15_14_35.cfa,850,2025-11-26T15:15:08.084Z,recv,f4:db:00:00:00:d9,0x13,Write-Rsp,,,0,
hci_snoop_2025_11_26_15_14_35.cfa,851,2025-11-26T15:15:08.120Z,sent,f4:db:00:00:00:d9,0x12,Write-Req,0x0021,07 45 00 00 00 03,6,0x07
hci_snoop_2025_11_26_15_14_35.cfa,853,2025-11-26T15:15:08.173Z,recv,f4:db:00:00:00:d9,0x1B,Notify,0x0024,07 45 00 00 00 03 42 01 42 01 42 01 4B 04 4C 04 4C 04 00 00,20,0x07
hci_snoop_2025_11_26_15_14_35.cfa,854,2025-11-26T15:15:08.263Z,recv,f4:db:00:00:00:d9,0x13,Write-Rsp,,,0,
hci_snoop_2025_11_26_15_14_35.cfa,855,2025-11-26T15:15:08.302Z,sent,f4:db:00:00:00:d9,0x12,Write-Req,0x0021,07 48 00 00 00 03,6,0x07
hci_snoop_2025_11_26_15_14_35.cfa,857,2025-11-26T15:15:08.354Z,recv,f4:db:00:00:00:d9,0x1B,Notify,0x0024,07 48 00 00 00 03 42 01 42 01 42 01 4E 04 4F 04 50 04 00 00,20,0x07
hci_snoop_2025_11_26_15_14_35.cfa,858,2025-11-26T15:15:08.443Z,recv,f4:db:00:00:00:d9,0x13,Write-Rsp,,,0,
hci_snoop_2025_11_26_15_14_35.cfa,859,2025-11-26T15:15:08.468Z,sent,f4:db:00:00:00:d9,0x12,Write-Req,0x0021,07 4B 00 00 00 03,6,0x07
hci_snoop_2025_11_26_15_14_35.cfa,861,2025-11-26T15:15:08.535Z,recv,f4:db:00:00:00:d9,0x1B,Notify,0x0024,07 4B 00 00 00 03 42 01 42 01 42 01 52 04 53 04 54 04 00 00,20,0x07
hci_snoop_2025_11_26_15_14_35.cfa,862,2025-11-26T15:15:08.623Z,recv,f4:db:00:00:00:d9,0x13,Write-Rsp,,,0,
hci_snoop_2025_11_26_15_14_35.cfa,863,2025-11-26T15:15:08.649Z,sent,f4:db:00:00:00:d9,0x12,Write-Req,0x0021,07 4E 00 00 00 03,6,0x07
hci_snoop_2025_11_26_15_14_35.cfa,865,2025-11-26T15:15:08.804Z,recv,f4:db:00:00:00:d9,0x1B,Notify,0x0024,07 4E 00 00 00 03 42 01 42 01 41 01 54 04 55 04 56 04 00 00,20,0x07
hci_snoop_2025_11_26_15_14_35.cfa,866,2025-11-26T15:15:08.849Z,recv,f4:db:00:00:00:d9,0x13,Write-Rsp,,,0,
hci_snoop_2025_11_26_15_14_35.cfa,867,2025-11-26T15:15:08.883Z,sent,f4:db:00:00:00:d9,0x12,Write-Req,0x0021,07 51 00 00 00 03,6,0x07
hci_snoop_2025_11_26_15_14_35.cfa,869,2025-11-26T15:15:08.938Z,recv,f4:db:00:00:00:d9,0x1B,Notify,0x0024,07 51 00 00 00 03 42 01 41 01 41 01 57 04 58 04 58 04 00 00,20,0x07
hci_snoop_2025_11_26_15_14_35.cfa,870,2025-11-26T15:15:09.028Z,recv,f4:db:00:00:00:d9,0x13,Write-Rsp,,,0,
hci_snoop_2025_11_26_15_14_35.cfa,875,2025-11-26T15:15:09.052Z,sent,f4:db:00:00:00:d9,0x12,Write-Req,0x0021,07 54 00 00 00 03,6,0x07
hci_snoop_2025_11_26_15_14_35.cfa,877,2025-11-26T15:15:09.118Z,recv,f4:db:00:00:00:d9,0x1B,Notify,0x0024,07 54 00 00 00 03 41 01 41 01 41 01 5A 04 5A 04 5B 04 00 00,20,0x07
hci_snoop_2025_11_26_15_14_35.cfa,878,2025-11-26T15:15:09.208Z,recv,f4:db:00:00:00:d9,0x13,Write-Rsp,,,0,
hci_snoop_2025_11_26_15_14_35.cfa,879,2025-11-26T15:15:09.234Z,sent,f4:db:00:00:00:d9,0x12,Write-Req,0x0021,07 57 00 00 00 03,6,0x07
hci_snoop_2025_11_26_15_14_35.cfa,881,2025-11-26T15:15:09.298Z,recv,f4:db:00:00:00:d9,0x1B,Notify,0x0024,07 57 00 00 00 03 41 01 41 01 41 01 5C 04 5D 04 5E 04 00 00,20,0x07
hci_snoop_2025_11_26_15_14_35.cfa,882,2025-11-26T15:15:09.388Z,recv,f4:db:00:00:00:d9,0x13,Write-Rsp,,,0,
hci_snoop_2025_11_26_15_14_35.cfa,883,2025-11-26T15:15:09.416Z,sent,f4:db:00:00:00:d9,0x12,Write-Req,0x0021,07 5A 00 00 00 03,6,0x07
hci_snoop_2025_11_26_15_14_35.cfa,885,2025-11-26T15:15:09.524Z,recv,f4:db:00:00:00:d9,0x1B,Notify,0x0024,07 5A 00 00 00 03 41 01 41 01 41 01 5F 04 5F 04 5F 04 00 00,20,0x07
hci_snoop_2025_11_26_15_14_35.cfa,887,2025-11-26T15:15:09.613Z,recv,f4:db:00:00:00:d9,0x13,Write-Rsp,,,0,
hci_snoop_2025_11_26_15_14_35.cfa,888,2025-11-26T15:15:09.653Z,sent,f4:db:00:00:00:d9,0x12,Write-Req,0x0021,07 5D 00 00 00 03,6,0x07
hci_snoop_2025_11_26_15_14_35.cfa,890,2025-11-26T15:15:09.793Z,recv,f4:db:00:00:00:d9,0x1B,Notify,0x0024,07 5D 00 00 00 03 41 01 41 01 41 01 60 04 61 04 61 04 00 00,20,0x07
hci_snoop_2025_11_26_15_14_35.cfa,891,2025-11-26T15:15:09.883Z,recv,f4:db:00:00:00:d9,0x13,Write-Rsp,,,0,
hci_snoop_2025_11_26_15_14_35.cfa,892,2025-11-26T15:15:09.919Z,sent,f4:db:00:00:00:d9,0x12,Write-Req,0x0021,07 60 00 00 00 03,6,0x07
hci_snoop_2025_11_26_15_14_35.cfa,895,2025-11-26T15:15:10.063Z,recv,f4:db:00:00:00:d9,0x1B,Notify,0x0024,07 60 00 00 00 03 41 01 41 01 40 01 62 04 62 04 63 04 00 00,20,0x07
hci_snoop_2025_11_26_15_14_35.cfa,896,2025-11-26T15:15:10.153Z,recv,f4:db:00:00:00:d9,0x13,Write-Rsp,,,0,
hci_snoop_2025_11_26_15_14_35.cfa,897,2025-11-26T15:15:10.186Z,sent,f4:db:00:00:00:d9,0x12,Write-Req,0x0021,07 63 00 00 00 03,6,0x07
hci_snoop_2025_11_26_15_14_35.cfa,899,2025-11-26T15:15:10.334Z,recv,f4:db:00:00:00:d9,0x1B,Notify,0x0024,07 63 00 00 00 03 40 01 41 01 40 01 63 04 64 04 65 04 00 00,20,0x07
hci_snoop_2025_11_26_15_14_35.cfa,900,2025-11-26T15:15:10.423Z,recv,f4:db:00:00:00:d9,0x13,Write-Rsp,,,0,
hci_snoop_2025_11_26_15_14_35.cfa,901,2025-11-26T15:15:10.451Z,sent,f4:db:00:00:00:d9,0x12,Write-Req,0x0021,07 66 00 00 00 03,6,0x07
hci_snoop_2025_11_26_15_14_35.cfa,903,2025-11-26T15:15:10.604Z,recv,f4:db:00:00:00:d9,0x1B,Notify,0x0024,07 66 00 00 00 03 40 01 40 01 40 01 65 04 66 04 66 04 00 00,20,0x07
hci_snoop_2025_11_26_15_14_35.cfa,904,2025-11-26T15:15:10.693Z,recv,f4:db:00:00:00:d9,0x13,Write-Rsp,,,0,
hci_snoop_2025_11_26_15_14_35.cfa,905,2025-11-26T15:15:10.720Z,sent,f4:db:00:00:00:d9,0x12,Write-Req,0x0021,07 69 00 00 00 03,6,0x07
hci_snoop_2025_11_26_15_14_35.cfa,907,2025-11-26T15:15:10.874Z,recv,f4:db:00:00:00:d9,0x1B,Notify,0x0024,07 69 00 00 00 03 40 01 40 01 40 01 67 04 67 04 68 04 00 00,20,0x07
hci_snoop_2025_11_26_15_14_35.cfa,908,2025-11-26T15:15:10.963Z,recv,f4:db:00:00:00:d9,0x13,Write-Rsp,,,0,
hci_snoop_2025_11_26_15_14_35.cfa,909,2025-11-26T15:15:11.002Z,sent,f4:db:00:00:00:d9,0x12,Write-Req,0x0021,07 6C 00 00 00 03,6,0x07
hci_snoop_2025_11_26_15_14_35.cfa,911,2025-11-26T15:15:11.144Z,recv,f4:db:00:00:00:d9,0x1B,Notify,0x0024,07 6C 00 00 00 03 40 01 40 01 40 01 68 04 68 04 69 04 00 00,20,0x07
hci_snoop_2025_11_26_15_14_35.cfa,912,2025-11-26T15:15:11.235Z,recv,f4:db:00:00:00:d9,0x13,Write-Rsp,,,0,
hci_snoop_2025_11_26_15_14_35.cfa,913,2025-11-26T15:15:11.268Z,sent,f4:db:00:00:00:d9,0x12,Write-Req,0x0021,07 6F 00 00 00 03,6,0x07
hci_snoop_2025_11_26_15_14_35.cfa,915,2025-11-26T15:15:11.413Z,recv,f4:db:00:00:00:d9,0x1B,Notify,0x0024,07 6F 00 00 00 03 40 01 40 01 40 01 6A 04 69 04 6A 04 00 00,20,0x07
hci_snoop_2025_11_26_15_14_35.cfa,916,2025-11-26T15:15:11.503Z,recv,f4:db:00:00:00:d9,0x13,Write-Rsp,,,0,
hci_snoop_2025_11_26_15_14_35.cfa,917,2025-11-26T15:15:11.533Z,sent,f4:db:00:00:00:d9,0x12,Write-Req,0x0021,07 72 00 00 00 03,6,0x07
hci_snoop_2025_11_26_15_14_35.cfa,919,2025-11-26T15:15:11.685Z,recv,f4:db:00:00:00:d9,0x1B,Notify,0x0024,07 72 00 00 00 03 40 01 40 01 40 01 6B 04 6C 04 6C 04 00 00,20,0x07
hci_snoop_2025_11_26_15_14_35.cfa,920,2025-11-26T15:15:11.773Z,recv,f4:db:00:00:00:d9,0x13,Write-Rsp,,,0,
hci_snoop_2025_11_26_15_14_35.cfa,921,2025-11-26T15:15:11.802Z,sent,f4:db:00:00:00:d9,0x12,Write-Req,0x0021,07 75 00 00 00 03,6,0x07
hci_snoop_2025_11_26_15_14_35.cfa,923,2025-11-26T15:15:11.953Z,recv,f4:db:00:00:00:d9,0x1B,Notify,0x0024,07 75 00 00 00 03 40 01 40 01 40 01 6E 04 6E 04 6F 04 00 00,20,0x07
hci_snoop_2025_11_26_15_14_35.cfa,924,2025-11-26T15:15:12.043Z,recv,f4:db:00:00:00:d9,0x13,Write-Rsp,,,0,
hci_snoop_2025_11_26_15_14_35.cfa,925,2025-11-26T15:15:12.067Z,sent,f4:db:00:00:00:d9,0x12,Write-Req,0x0021,07 78 00 00 00 03,6,0x07
hci_snoop_2025_11_26_15_14_35.cfa,927,2025-11-26T15:15:12.224Z,recv,f4:db:00:00:00:d9,0x1B,Notify,0x0024,07 78 00 00 00 03 40 01 40 01 40 01 6E 04 6F 04 6F 04 00 00,20,0x07
hci_snoop_2025_11_26_15_14_35.cfa,928,2025-11-26T15:15:12.313Z,recv,f4:db:00:00:00:d9,0x13,Write-Rsp,,,0,
hci_snoop_2025_11_26_15_14_35.cfa,929,2025-11-26T15:15:12.352Z,sent,f4:db:00:00:00:d9,0x12,Write-Req,0x0021,07 7B 00 00 00 03,6,0x07
hci_snoop_2025_11_26_15_14_35.cfa,931,2025-11-26T15:15:12.493Z,recv,f4:db:00:00:00:d9,0x1B,Notify,0x0024,07 7B 00 00 00 03 40 01 40 01 3B 01 6F 04 6F 04 F2 03 00 00,20,0x07
hci_snoop_2025_11_26_15_14_35.cfa,932,2025-11-26T15:15:12.585Z,recv,f4:db:00:00:00:d9,0x13,Write-Rsp,,,0,
hci_snoop_2025_11_26_15_14_35.cfa,933,2025-11-26T15:15:12.620Z,sent,f4:db:00:00:00:d9,0x12,Write-Req,0x0021,07 7E 00 00 00 03,6,0x07
hci_snoop_2025_11_26_15_14_35.cfa,935,2025-11-26T15:15:12.764Z,recv,f4:db:00:00:00:d9,0x1B,Notify,0x0024,07 7E 00 00 00 03 3A 01 3B 01 3C 01 0A 04 28 04 2E 04 00 00,20,0x07
hci_snoop_2025_11_26_15_14_35.cfa,936,2025-11-26T15:15:12.943Z,recv,f4:db:00:00:00:d9,0x13,Write-Rsp,,,0,
hci_snoop_2025_11_26_15_14_35.cfa,937,2025-11-26T15:15:12.967Z,sent,f4:db:00:00:00:d9,0x12,Write-Req,0x0021,07 81 00 00 00 03,6,0x07
hci_snoop_2025_11_26_15_14_35.cfa,939,2025-11-26T15:15:13.124Z,recv,f4:db:00:00:00:d9,0x1B,Notify,0x0024,07 81 00 00 00 03 3C 01 3C 01 3D 01 35 04 3B 04 3F 04 00 00,20,0x07
hci_snoop_2025_11_26_15_14_35.cfa,940,2025-11-26T15:15:13.213Z,recv,f4:db:00:00:00:d9,0x13,Write-Rsp,,,0,
hci_snoop_2025_11_26_15_14_35.cfa,941,2025-11-26T15:15:13.252Z,sent,f4:db:00:00:00:d9,0x12,Write-Req,0x0021,07 84 00 00 00 03,6,0x07
hci_snoop_2025_11_26_15_14_35.cfa,943,2025-11-26T15:15:13.393Z,recv,f4:db:00:00:00:d9,0x1B,Notify,0x0024,07 84 00 00 00 03 3F 01 3F 01 39 01 48 04 48 04 62 04 00 00,20,0x07
hci_snoop_2025_11_26_15_14_35.cfa,944,2025-11-26T15:15:13.485Z,recv,f4:db:00:00:00:d9,0x13,Write-Rsp,,,0,
hci_snoop_2025_11_26_15_14_35.cfa,945,2025-11-26T15:15:13.516Z,sent,f4:db:00:00:00:d9,0x12,Write-Req,0x0021,07 87 00 00 00 03,6,0x07
hci_snoop_2025_11_26_15_14_35.cfa,947,2025-11-26T15:15:13.665Z,recv,f4:db:00:00:00:d9,0x1B,Notify,0x0024,07 87 00 00 00 03 36 01 37 01 38 01 76 04 7C 04 80 04 00 00,20,0x07
hci_snoop_2025_11_26_15_14_35.cfa,948,2025-11-26T15:15:13.753Z,recv,f4:db:00:00:00:d9,0x13,Write-Rsp,,,0,
hci_snoop_2025_11_26_15_14_35.cfa,949,2025-11-26T15:15:13.784Z,sent,f4:db:00:00:00:d9,0x12,Write-Req,0x0021,07 8A 00 00 00 03,6,0x07
hci_snoop_2025_11_26_15_14_35.cfa,951,2025-11-26T15:15:13.934Z,recv,f4:db:00:00:00:d9,0x1B,Notify,0x0024,07 8A 00 00 00 03 3A 01 3C 01 3F 01 81 04 85 04 81 04 00 00,20,0x07
hci_snoop_2025_11_26_15_14_35.cfa,952,2025-11-26T15:15:14.024Z,recv,f4:db:00:00:00:d9,0x13,Write-Rsp,,,0,
hci_snoop_2025_11_26_15_14_35.cfa,953,2025-11-26T15:15:14.053Z,sent,f4:db:00:00:00:d9,0x12,Write-Req,0x0021,07 8D 00 00 00 03,6,0x07
hci_snoop_2025_11_26_15_14_35.cfa,955,2025-11-26T15:15:14.205Z,recv,f4:db:00:00:00:d9,0x1B,Notify,0x0024,07 8D 00 00 00 03 40 01 41 01 46 01 7F 04 83 04 7A 04 00 00,20,0x07
hci_snoop_2025_11_26_15_14_35.cfa,956,2025-11-26T15:15:14.293Z,recv,f4:db:00:00:00:d9,0x13,Write-Rsp,,,0,
hci_snoop_2025_11_26_15_14_35.cfa,957,2025-11-26T15:15:14.320Z,sent,f4:db:00:00:00:d9,0x12,Write-Req,0x0021,07 90 00 00 00 03,6,0x07
hci_snoop_2025_11_26_15_14_35.cfa,959,2025-11-26T15:15:14.473Z,recv,f4:db:00:00:00:d9,0x1B,Notify,0x0024,07 90 00 00 00 03 4B 01 4D 01 4D 01 72 04 65 04 5E 04 00 00,20,0x07
hci_snoop_2025_11_26_15_14_35.cfa,960,2025-11-26T15:15:14.563Z,recv,f4:db:00:00:00:d9,0x13,Write-Rsp,,,0,
hci_snoop_2025_11_26_15_14_35.cfa,961,2025-11-26T15:15:14.603Z,sent,f4:db:00:00:00:d9,0x12,Write-Req,0x0021,07 93 00 00 00 03,6,0x07
hci_snoop_2025_11_26_15_14_35.cfa,963,2025-11-26T15:15:14.743Z,recv,f4:db:00:00:00:d9,0x1B,Notify,0x0024,07 93 00 00 00 03 4D 01 4D 01 4C 01 59 04 58 04 58 04 00 00,20,0x07
hci_snoop_2025_11_26_15_14_35.cfa,964,2025-11-26T15:15:14.833Z,recv,f4:db:00:00:00:d9,0x13,Write-Rsp,,,0,
hci_snoop_2025_11_26_15_14_35.cfa,965,2025-11-26T15:15:14.867Z,sent,f4:db:00:00:00:d9,0x12,Write-Req,0x0021,07 96 00 00 00 03,6,0x07
hci_snoop_2025_11_26_15_14_35.cfa,967,2025-11-26T15:15:15.013Z,recv,f4:db:00:00:00:d9,0x1B,Notify,0x0024,07 96 00 00 00 03 4C 01 4C 01 4B 01 57 04 56 04 57 04 00 00,20,0x07
hci_snoop_2025_11_26_15_14_35.cfa,968,2025-11-26T15:15:15.106Z,recv,f4:db:00:00:00:d9,0x13,Write-Rsp,,,0,
hci_snoop_2025_11_26_15_14_35.cfa,969,2025-11-26T15:15:15.134Z,sent,f4:db:00:00:00:d9,0x12,Write-Req,0x0021,07 99 00 00 00 03,6,0x07
hci_snoop_2025_11_26_15_14_35.cfa,971,2025-11-26T15:15:15.286Z,recv,f4:db:00:00:00:d9,0x1B,Notify,0x0024,07 99 00 00 00 03 4A 01 4A 01 49 01 5A 04 5A 04 5B 04 00 00,20,0x07
hci_snoop_2025_11_26_15_14_35.cfa,972,2025-11-26T15:15:15.373Z,recv,f4:db:00:00:00:d9,0x13,Write-Rsp,,,0,
hci_snoop_2025_11_26_15_14_35.cfa,973,2025-11-26T15:15:15.403Z,sent,f4:db:00:00:00:d9,0x12,Write-Req,0x0021,07 9C 00 00 00 03,6,0x07
hci_snoop_2025_11_26_15_14_35.cfa,975,2025-11-26T15:15:15.553Z,recv,f4:db:00:00:00:d9,0x1B,Notify,0x0024,07 9C 00 00 00 03 48 01 48 01 47 01 5C 04 5D 04 5C 04 00 00,20,0x07
hci_snoop_2025_11_26_15_14_35.cfa,976,2025-11-26T15:15:15.644Z,recv,f4:db:00:00:00:d9,0x13,Write-Rsp,,,0,
hci_snoop_2025_11_26_15_14_35.cfa,977,2025-11-26T15:15:15.670Z,sent,f4:db:00:00:00:d9,0x12,Write-Req,0x0021,07 9F 00 00 00 03,6,0x07
hci_snoop_2025_11_26_15_14_35.cfa,979,2025-11-26T15:15:15.823Z,recv,f4:db:00:00:00:d9,0x1B,Notify,0x0024,07 9F 00 00 00 03 47 01 46 01 46 01 5C 04 5C 04 59 04 00 00,20,0x07
hci_snoop_2025_11_26_15_14_35.cfa,980,2025-11-26T15:15:15.913Z,recv,f4:db:00:00:00:d9,0x13,Write-Rsp,,,0,
hci_snoop_2025_11_26_15_14_35.cfa,981,2025-11-26T15:15:15.952Z,sent,f4:db:00:00:00:d9,0x12,Write-Req,0x0021,07 A2 00 00 00 03,6,0x07
hci_snoop_2025_11_26_15_14_35.cfa,983,2025-11-26T15:15:16.094Z,recv,f4:db:00:00:00:d9,0x1B,Notify,0x0024,07 A2 00 00 00 03 45 01 44 01 43 01 4D 04 3F 04 36 04 00 00,20,0x07
hci_snoop_2025_11_26_15_14_35.cfa,984,2025-11-26T15:15:16.183Z,recv,f4:db:00:00:00:d9,0x13,Write-Rsp,,,0,
hci_snoop_2025_11_26_15_14_35.cfa,985,2025-11-26T15:15:16.218Z,sent,f4:db:00:00:00:d9,0x12,Write-Req,0x0021,07 A5 00 00 00 03,6,0x07
hci_snoop_2025_11_26_15_14_35.cfa,987,2025-11-26T15:15:16.363Z,recv,f4:db:00:00:00:d9,0x1B,Notify,0x0024,07 A5 00 00 00 03 43 01 42 01 41 01 2A 04 29 04 23 04 00 00,20,0x07
hci_snoop_2025_11_26_15_14_35.cfa,988,2025-11-26T15:15:16.453Z,recv,f4:db:00:00:00:d9,0x13,Write-Rsp,,,0,
hci_snoop_2025_11_26_15_14_35.cfa,989,2025-11-26T15:15:16.486Z,sent,f4:db:00:00:00:d9,0x12,Write-Req,0x0021,07 A8 00 00 00 03,6,0x07
hci_snoop_2025_11_26_15_14_35.cfa,991,2025-11-26T15:15:16.634Z,recv,f4:db:00:00:00:d9,0x1B,Notify,0x0024,07 A8 00 00 00 03 41 01 40 01 40 01 21 04 18 04 11 04 00 00,20,0x07
hci_snoop_2025_11_26_15_14_35.cfa,992,2025-11-26T15:15:16.724Z,recv,f4:db:00:00:00:d9,0x13,Write-Rsp,,,0,
hci_snoop_2025_11_26_15_14_35.cfa,993,2025-11-26T15:15:16.750Z,sent,f4:db:00:00:00:d9,0x12,Write-Req,0x0021,07 AB 00 00 00 03,6,0x07
hci_snoop_2025_11_26_15_14_35.cfa,995,2025-11-26T15:15:16.905Z,recv,f4:db:00:00:00:d9,0x1B,Notify,0x0024,07 AB 00 00 00 03 3F 01 3F 01 3E 01 0B 04 01 04 F9 03 00 00,20,0x07
hci_snoop_2025_11_26_15_14_35.cfa,996,2025-11-26T15:15:16.995Z,recv,f4:db:00:00:00:d9,0x13,Write-Rsp,,,0,
hci_snoop_2025_11_26_15_14_35.cfa,998,2025-11-26T15:15:17.019Z,sent,f4:db:00:00:00:d9,0x12,Write-Req,0x0021,07 AE 00 00 00 03,6,0x07
hci_snoop_2025_11_26_15_14_35.cfa,1000,2025-11-26T15:15:17.173Z,recv,f4:db:00:00:00:d9,0x1B,Notify,0x0024,07 AE 00 00 00 03 3D 01 3D 01 3C 01 F9 03 F0 03 F0 03 00 00,20,0x07
hci_snoop_2025_11_26_15_14_35.cfa,1001,2025-11-26T15:15:17.263Z,recv,f4:db:00:00:00:d9,0x13,Write-Rsp,,,0,
hci_snoop_2025_11_26_15_14_35.cfa,1002,2025-11-26T15:15:17.305Z,sent,f4:db:00:00:00:d9,0x12,Write-Req,0x0021,07 B1 00 00 00 03,6,0x07
hci_snoop_2025_11_26_15_14_35.cfa,1004,2025-11-26T15:15:17.443Z,recv,f4:db:00:00:00:d9,0x1B,Notify,0x0024,07 B1 00 00 00 03 3C 01 3B 01 3B 01 E2 03 D6 03 CF 03 00 00,20,0x07
hci_snoop_2025_11_26_15_14_35.cfa,1005,2025-11-26T15:15:17.534Z,recv,f4:db:00:00:00:d9,0x13,Write-Rsp,,,0,
hci_snoop_2025_11_26_15_14_35.cfa,1006,2025-11-26T15:15:17.567Z,sent,f4:db:00:00:00:d9,0x12,Write-Req,0x0021,07 B4 00 00 00 03,6,0x07
hci_snoop_2025_11_26_15_14_35.cfa,1008,2025-11-26T15:15:17.713Z,recv,f4:db:00:00:00:d9,0x1B,Notify,0x0024,07 B4 00 00 00 03 3A 01 3A 01 3A 01 E4 03 ED 03 F3 03 00 00,20,0x07
hci_snoop_2025_11_26_15_14_35.cfa,1009,2025-11-26T15:15:17.803Z,recv,f4:db:00:00:00:d9,0x13,Write-Rsp,,,0,
hci_snoop_2025_11_26_15_14_35.cfa,1010,2025-11-26T15:15:17.836Z,sent,f4:db:00:00:00:d9,0x12,Write-Req,0x0021,07 B7 00 00 00 03,6,0x07
hci_snoop_2025_11_26_15_14_35.cfa,1012,2025-11-26T15:15:17.984Z,recv,f4:db:00:00:00:d9,0x1B,Notify,0x0024,07 B7 00 00 00 03 3A 01 3A 01 39 01 FA 03 01 04 07 04 00 00,20,0x07
hci_snoop_2025_11_26_15_14_35.cfa,1013,2025-11-26T15:15:18.073Z,recv,f4:db:00:00:00:d9,0x13,Write-Rsp,,,0,
hci_snoop_2025_11_26_15_14_35.cfa,1014,2025-11-26T15:15:18.104Z,sent,f4:db:00:00:00:d9,0x12,Write-Req,0x0021,07 BA 00 00 00 03,6,0x07
hci_snoop_2025_11_26_15_14_35.cfa,1016,2025-11-26T15:15:18.254Z,recv,f4:db:00:00:00:d9,0x1B,Notify,0x0024,07 BA 00 00 00 03 39 01 39 01 39 01 0D 04 11 04 13 04 00 00,20,0x07
hci_snoop_2025_11_26_15_14_35.cfa,1017,2025-11-26T15:15:18.343Z,recv,f4:db:00:00:00:d9,0x13,Write-Rsp,,,0,
hci_snoop_2025_11_26_15_14_35.cfa,1018,2025-11-26T15:15:18.367Z,sent,f4:db:00:00:00:d9,0x12,Write-Req,0x0021,07 BD 00 00 00 03,6,0x07
hci_snoop_2025_11_26_15_14_35.cfa,1020,2025-11-26T15:15:18.524Z,recv,f4:db:00:00:00:d9,0x1B,Notify,0x0024,07 BD 00 00 00 03 39 01 3A 01 39 01 17 04 1D 04 22 04 00 00,20,0x07
hci_snoop_2025_11_26_15_14_35.cfa,1021,2025-11-26T15:15:18.613Z,recv,f4:db:00:00:00:d9,0x13,Write-Rsp,,,0,
hci_snoop_2025_11_26_15_14_35.cfa,1022,2025-11-26T15:15:18.635Z,sent,f4:db:00:00:00:d9,0x12,Write-Req,0x0021,07 C0 00 00 00 03,6,0x07
hci_snoop_2025_11_26_15_14_35.cfa,1024,2025-11-26T15:15:18.793Z,recv,f4:db:00:00:00:d9,0x1B,Notify,0x0024,07 C0 00 00 00 03 3A 01 39 01 3A 01 26 04 2A 04 2D 04 00 00,20,0x07
hci_snoop_2025_11_26_15_14_35.cfa,1025,2025-11-26T15:15:18.884Z,recv,f4:db:00:00:00:d9,0x13,Write-Rsp,,,0,
hci_snoop_2025_11_26_15_14_35.cfa,1026,2025-11-26T15:15:18.918Z,sent,f4:db:00:00:00:d9,0x12,Write-Req,0x0021,07 C3 00 00 00 03,6,0x07
hci_snoop_2025_11_26_15_14_35.cfa,1028,2025-11-26T15:15:19.063Z,recv,f4:db:00:00:00:d9,0x1B,Notify,0x0024,07 C3 00 00 00 03 3A 01 3A 01 3A 01 31 04 34 04 37 04 00 00,20,0x07
hci_snoop_2025_11_26_15_14_35.cfa,1029,2025-11-26T15:15:19.153Z,recv,f4:db:00:00:00:d9,0x13,Write-Rsp,,,0,
hci_snoop_2025_11_26_15_14_35.cfa,1030,2025-11-26T15:15:19.185Z,sent,f4:db:00:00:00:d9,0x12,Write-Req,0x0021,07 C6 00 00 00 03,6,0x07
hci_snoop_2025_11_26_15_14_35.cfa,1032,2025-11-26T15:15:19.336Z,recv,f4:db:00:00:00:d9,0x1B,Notify,0x0024,07 C6 00 00 00 03 3A 01 3A 01 3A 01 3A 04 3D 04 3F 04 00 00,20,0x07
hci_snoop_2025_11_26_15_14_35.cfa,1033,2025-11-26T15:15:19.423Z,recv,f4:db:00:00:00:d9,0x13,Write-Rsp,,,0,
hci_snoop_2025_11_26_15_14_35.cfa,1034,2025-11-26T15:15:19.450Z,sent,f4:db:00:00:00:d9,0x12,Write-Req,0x0021,07 C9 00 00 00 03,6,0x07
hci_snoop_2025_11_26_15_14_35.cfa,1036,2025-11-26T15:15:19.606Z,recv,f4:db:00:00:00:d9,0x1B,Notify,0x0024,07 C9 00 00 00 03 3A 01 3A 01 3A 01 42 04 44 04 47 04 00 00,20,0x07
hci_snoop_2025_11_26_15_14_35.cfa,1037,2025-11-26T15:15:19.693Z,recv,f4:db:00:00:00:d9,0x13,Write-Rsp,,,0,
hci_snoop_2025_11_26_15_14_35.cfa,1038,2025-11-26T15:15:19.716Z,sent,f4:db:00:00:00:d9,0x12,Write-Req,0x0021,07 CC 00 00 00 03,6,0x07
hci_snoop_2025_11_26_15_14_35.cfa,1040,2025-11-26T15:15:19.874Z,recv,f4:db:00:00:00:d9,0x1B,Notify,0x0024,07 CC 00 00 00 03 3A 01 3A 01 3A 01 49 04 4B 04 4D 04 00 00,20,0x07
hci_snoop_2025_11_26_15_14_35.cfa,1041,2025-11-26T15:15:19.963Z,recv,f4:db:00:00:00:d9,0x13,Write-Rsp,,,0,
hci_snoop_2025_11_26_15_14_35.cfa,1042,2025-11-26T15:15:20.004Z,sent,f4:db:00:00:00:d9,0x12,Write-Req,0x0021,07 CF 00 00 00 03,6,0x07
hci_snoop_2025_11_26_15_14_35.cfa,1044,2025-11-26T15:15:20.144Z,recv,f4:db:00:00:00:d9,0x1B,Notify,0x0024,07 CF 00 00 00 03 3A 01 3A 01 3A 01 4E 04 4F 04 51 04 00 00,20,0x07
hci_snoop_2025_11_26_15_14_35.cfa,1045,2025-11-26T15:15:20.235Z,recv,f4:db:00:00:00:d9,0x13,Write-Rsp,,,0,
hci_snoop_2025_11_26_15_14_35.cfa,1046,2025-11-26T15:15:20.269Z,sent,f4:db:00:00:00:d9,0x12,Write-Req,0x0021,07 D2 00 00 00 03,6,0x07
hci_snoop_2025_11_26_15_14_35.cfa,1048,2025-11-26T15:15:20.413Z,recv,f4:db:00:00:00:d9,0x1B,Notify,0x0024,07 D2 00 00 00 03 3B 01 3B 01 3B 01 53 04 55 04 56 04 00 00,20,0x07
hci_snoop_2025_11_26_15_14_35.cfa,1049,2025-11-26T15:15:20.503Z,recv,f4:db:00:00:00:d9,0x13,Write-Rsp,,,0,
hci_snoop_2025_11_26_15_14_35.cfa,1050,2025-11-26T15:15:20.537Z,sent,f4:db:00:00:00:d9,0x12,Write-Req,0x0021,07 D5 00 00 00 03,6,0x07
hci_snoop_2025_11_26_15_14_35.cfa,1052,2025-11-26T15:15:20.685Z,recv,f4:db:00:00:00:d9,0x1B,Notify,0x0024,07 D5 00 00 00 03 3B 01 3B 01 3B 01 57 04 58 04 59 04 00 00,20,0x07
hci_snoop_2025_11_26_15_14_35.cfa,1053,2025-11-26T15:15:20.773Z,recv,f4:db:00:00:00:d9,0x13,Write-Rsp,,,0,
hci_snoop_2025_11_26_15_14_35.cfa,1054,2025-11-26T15:15:20.800Z,sent,f4:db:00:00:00:d9,0x12,Write-Req,0x0021,07 D8 00 00 00 03,6,0x07
hci_snoop_2025_11_26_15_14_35.cfa,1056,2025-11-26T15:15:20.955Z,recv,f4:db:00:00:00:d9,0x1B,Notify,0x0024,07 D8 00 00 00 03 3B 01 3B 01 3B 01 5A 04 5B 04 5C 04 00 00,20,0x07
hci_snoop_2025_11_26_15_14_35.cfa,1057,2025-11-26T15:15:21.043Z,recv,f4:db:00:00:00:d9,0x13,Write-Rsp,,,0,
hci_snoop_2025_11_26_15_14_35.cfa,1058,2025-11-26T15:15:21.069Z,sent,f4:db:00:00:00:d9,0x12,Write-Req,0x0021,07 DB 00 00 00 03,6,0x07
hci_snoop_2025_11_26_15_14_35.cfa,1060,2025-11-26T15:15:21.223Z,recv,f4:db:00:00:00:d9,0x1B,Notify,0x0024,07 DB 00 00 00 03 3B 01 3B 01 3B 01 5D 04 5E 04 5F 04 00 00,20,0x07
hci_snoop_2025_11_26_15_14_35.cfa,1061,2025-11-26T15:15:21.313Z,recv,f4:db:00:00:00:d9,0x13,Write-Rsp,,,0,
hci_snoop_2025_11_26_15_14_35.cfa,1062,2025-11-26T15:15:21.352Z,sent,f4:db:00:00:00:d9,0x12,Write-Req,0x0021,07 DE 00 00 00 03,6,0x07
hci_snoop_2025_11_26_15_14_35.cfa,1064,2025-11-26T15:15:21.493Z,recv,f4:db:00:00:00:d9,0x1B,Notify,0x0024,07 DE 00 00 00 03 3B 01 3B 01 3B 01 60 04 61 04 61 04 00 00,20,0x07
hci_snoop_2025_11_26_15_14_35.cfa,1065,2025-11-26T15:15:21.583Z,recv,f4:db:00:00:00:d9,0x13,Write-Rsp,,,0,
hci_snoop_2025_11_26_15_14_35.cfa,1066,2025-11-26T15:15:21.618Z,sent,f4:db:00:00:00:d9,0x12,Write-Req,0x0021,07 E1 00 00 00 03,6,0x07
hci_snoop_2025_11_26_15_14_35.cfa,1068,2025-11-26T15:15:21.765Z,recv,f4:db:00:00:00:d9,0x1B,Notify,0x0024,07 E1 00 00 00 03 3B 01 3B 01 3B 01 63 04 63 04 64 04 00 00,20,0x07
hci_snoop_2025_11_26_15_14_35.cfa,1069,2025-11-26T15:15:21.853Z,recv,f4:db:00:00:00:d9,0x13,Write-Rsp,,,0,
hci_snoop_2025_11_26_15_14_35.cfa,1070,2025-11-26T15:15:21.885Z,sent,f4:db:00:00:00:d9,0x12,Write-Req,0x0021,07 E4 00 00 00 03,6,0x07
hci_snoop_2025_11_26_15_14_35.cfa,1072,2025-11-26T15:15:22.034Z,recv,f4:db:00:00:00:d9,0x1B,Notify,0x0024,07 E4 00 00 00 03 3B 01 3B 01 3B 01 65 04 66 04 66 04 00 00,20,0x07
hci_snoop_2025_11_26_15_14_35.cfa,1073,2025-11-26T15:15:22.123Z,recv,f4:db:00:00:00:d9,0x13,Write-Rsp,,,0,
hci_snoop_2025_11_26_15_14_35.cfa,1074,2025-11-26T15:15:22.151Z,sent,f4:db:00:00:00:d9,0x12,Write-Req,0x0021,07 E7 00 00 00 03,6,0x07
hci_snoop_2025_11_26_15_14_35.cfa,1076,2025-11-26T15:15:22.304Z,recv,f4:db:00:00:00:d9,0x1B,Notify,0x0024,07 E7 00 00 00 03 3B 01 3B 01 3A 01 67 04 68 04 69 04 00 00,20,0x07
hci_snoop_2025_11_26_15_14_35.cfa,1077,2025-11-26T15:15:22.393Z,recv,f4:db:00:00:00:d9,0x13,Write-Rsp,,,0,
hci_snoop_2025_11_26_15_14_35.cfa,1078,2025-11-26T15:15:22.419Z,sent,f4:db:00:00:00:d9,0x12,Write-Req,0x0021,07 EA 00 00 00 03,6,0x07
hci_snoop_2025_11_26_15_14_35.cfa,1080,2025-11-26T15:15:22.574Z,recv,f4:db:00:00:00:d9,0x1B,Notify,0x0024,07 EA 00 00 00 03 3A 01 3B 01 3A 01 6A 04 6B 04 6A 04 00 00,20,0x07
hci_snoop_2025_11_26_15_14_35.cfa,1081,2025-11-26T15:15:22.663Z,recv,f4:db:00:00:00:d9,0x13,Write-Rsp,,,0,
hci_snoop_2025_11_26_15_14_35.cfa,1082,2025-11-26T15:15:22.700Z,sent,f4:db:00:00:00:d9,0x12,Write-Req,0x0021,07 ED 00 00 00 03,6,0x07
hci_snoop_2025_11_26_15_14_35.cfa,1084,2025-11-26T15:15:22.844Z,recv,f4:db:00:00:00:d9,0x1B,Notify,0x0024,07 ED 00 00 00 03 3A 01 3B 01 3C 01 6A 04 6C 04 6B 04 00 00,20,0x07
hci_snoop_2025_11_26_15_14_35.cfa,1085,2025-11-26T15:15:22.933Z,recv,f4:db:00:00:00:d9,0x13,Write-Rsp,,,0,
hci_snoop_2025_11_26_15_14_35.cfa,1086,2025-11-26T15:15:22.968Z,sent,f4:db:00:00:00:d9,0x12,Write-Req,0x0021,07 F0 00 00 00 03,6,0x07
hci_snoop_2025_11_26_15_14_35.cfa,1088,2025-11-26T15:15:23.113Z,recv,f4:db:00:00:00:d9,0x1B,Notify,0x0024,07 F0 00 00 00 03 3E 01 40 01 41 01 68 04 64 04 5F 04 00 00,20,0x07
hci_snoop_2025_11_26_15_14_35.cfa,1089,2025-11-26T15:15:23.203Z,recv,f4:db:00:00:00:d9,0x13,Write-Rsp,,,0,
hci_snoop_2025_11_26_15_14_35.cfa,1090,2025-11-26T15:15:23.234Z,sent,f4:db:00:00:00:d9,0x12,Write-Req,0x0021,07 F3 00 00 00 03,6,0x07
hci_snoop_2025_11_26_15_14_35.cfa,1092,2025-11-26T15:15:23.385Z,recv,f4:db:00:00:00:d9,0x1B,Notify,0x0024,07 F3 00 00 00 03 43 01 44 01 45 01 5C 04 58 04 56 04 00 00,20,0x07
hci_snoop_2025_11_26_15_14_35.cfa,1093,2025-11-26T15:15:23.473Z,recv,f4:db:00:00:00:d9,0x13,Write-Rsp,,,0,
hci_snoop_2025_11_26_15_14_35.cfa,1094,2025-11-26T15:15:23.503Z,sent,f4:db:00:00:00:d9,0x12,Write-Req,0x0021,07 F6 00 00 00 03,6,0x07
hci_snoop_2025_11_26_15_14_35.cfa,1096,2025-11-26T15:15:23.653Z,recv,f4:db:00:00:00:d9,0x1B,Notify,0x0024,07 F6 00 00 00 03 47 01 48 01 4A 01 56 04 53 04 4D 04 00 00,20,0x07
hci_snoop_2025_11_26_15_14_35.cfa,1097,2025-11-26T15:15:23.743Z,recv,f4:db:00:00:00:d9,0x13,Write-Rsp,,,0,
hci_snoop_2025_11_26_15_14_35.cfa,1098,2025-11-26T15:15:23.767Z,sent,f4:db:00:00:00:d9,0x12,Write-Req,0x0021,07 F9 00 00 00 03,6,0x07
hci_snoop_2025_11_26_15_14_35.cfa,1100,2025-11-26T15:15:23.924Z,recv,f4:db:00:00:00:d9,0x1B,Notify,0x0024,07 F9 00 00 00 03 4C 01 51 01 4F 01 48 04 3D 04 41 04 00 00,20,0x07
hci_snoop_2025_11_26_15_14_35.cfa,1101,2025-11-26T15:15:24.013Z,recv,f4:db:00:00:00:d9,0x13,Write-Rsp,,,0,
hci_snoop_2025_11_26_15_14_35.cfa,1102,2025-11-26T15:15:24.051Z,sent,f4:db:00:00:00:d9,0x12,Write-Req,0x0021,07 FC 00 00 00 03,6,0x07
hci_snoop_2025_11_26_15_14_35.cfa,1104,2025-11-26T15:15:24.193Z,recv,f4:db:00:00:00:d9,0x1B,Notify,0x0024,07 FC 00 00 00 03 4F 01 4F 01 4F 01 41 04 3F 04 3F 04 00 00,20,0x07
hci_snoop_2025_11_26_15_14_35.cfa,1105,2025-11-26T15:15:24.286Z,recv,f4:db:00:00:00:d9,0x13,Write-Rsp,,,0,
hci_snoop_2025_11_26_15_14_35.cfa,1106,2025-11-26T15:15:24.319Z,sent,f4:db:00:00:00:d9,0x12,Write-Req,0x0021,07 FF 00 00 00 03,6,0x07
hci_snoop_2025_11_26_15_14_35.cfa,1108,2025-11-26T15:15:24.464Z,recv,f4:db:00:00:00:d9,0x1B,Notify,0x0024,07 FF 00 00 00 03 50 01 50 01 50 01 3F 04 3D 04 3C 04 00 00,20,0x07
hci_snoop_2025_11_26_15_14_35.cfa,1109,2025-11-26T15:15:24.553Z,recv,f4:db:00:00:00:d9,0x13,Write-Rsp,,,0,
hci_snoop_2025_11_26_15_14_35.cfa,1110,2025-11-26T15:15:24.583Z,sent,f4:db:00:00:00:d9,0x12,Write-Req,0x0021,07 02 01 00 00 03,6,0x07
hci_snoop_2025_11_26_15_14_35.cfa,1112,2025-11-26T15:15:24.734Z,recv,f4:db:00:00:00:d9,0x1B,Notify,0x0024,07 02 01 00 00 03 51 01 52 01 53 01 3C 04 3F 04 37 04 00 00,20,0x07
hci_snoop_2025_11_26_15_14_35.cfa,1113,2025-11-26T15:15:24.823Z,recv,f4:db:00:00:00:d9,0x13,Write-Rsp,,,0,
hci_snoop_2025_11_26_15_14_35.cfa,1114,2025-11-26T15:15:24.854Z,sent,f4:db:00:00:00:d9,0x12,Write-Req,0x0021,07 05 01 00 00 03,6,0x07
hci_snoop_2025_11_26_15_14_35.cfa,1116,2025-11-26T15:15:25.004Z,recv,f4:db:00:00:00:d9,0x1B,Notify,0x0024,07 05 01 00 00 03 54 01 54 01 55 01 36 04 31 04 31 04 00 00,20,0x07
hci_snoop_2025_11_26_15_14_35.cfa,1117,2025-11-26T15:15:25.093Z,recv,f4:db:00:00:00:d9,0x13,Write-Rsp,,,0,
hci_snoop_2025_11_26_15_14_35.cfa,1118,2025-11-26T15:15:25.118Z,sent,f4:db:00:00:00:d9,0x12,Write-Req,0x0021,07 08 01 00 00 03,6,0x07
hci_snoop_2025_11_26_15_14_35.cfa,1120,2025-11-26T15:15:25.273Z,recv,f4:db:00:00:00:d9,0x1B,Notify,0x0024,07 08 01 00 00 03 55 01 4A 01 4E 01 2F 04 65 03 A9 03 00 00,20,0x07
hci_snoop_2025_11_26_15_14_35.cfa,1121,2025-11-26T15:15:25.363Z,recv,f4:db:00:00:00:d9,0x13,Write-Rsp,,,0,
hci_snoop_2025_11_26_15_14_35.cfa,1122,2025-11-26T15:15:25.401Z,sent,f4:db:00:00:00:d9,0x12,Write-Req,0x0021,07 0B 01 00 00 03,6,0x07
hci_snoop_2025_11_26_15_14_35.cfa,1124,2025-11-26T15:15:25.543Z,recv,f4:db:00:00:00:d9,0x1B,Notify,0x0024,07 0B 01 00 00 03 51 01 53 01 55 01 B9 03 C2 03 CF 03 00 00,20,0x07
hci_snoop_2025_11_26_15_14_35.cfa,1125,2025-11-26T15:15:25.633Z,recv,f4:db:00:00:00:d9,0x13,Write-Rsp,,,0,
hci_snoop_2025_11_26_15_14_35.cfa,1126,2025-11-26T15:15:25.668Z,sent,f4:db:00:00:00:d9,0x12,Write-Req,0x0021,07 0E 01 00 00 03,6,0x07
hci_snoop_2025_11_26_15_14_35.cfa,1128,2025-11-26T15:15:25.813Z,recv,f4:db:00:00:00:d9,0x1B,Notify,0x0024,07 0E 01 00 00 03 54 01 52 01 52 01 D3 03 D9 03 E3 03 00 00,20,0x07
hci_snoop_2025_11_26_15_14_35.cfa,1129,2025-11-26T15:15:25.903Z,recv,f4:db:00:00:00:d9,0x13,Write-Rsp,,,0,
hci_snoop_2025_11_26_15_14_35.cfa,1130,2025-11-26T15:15:25.934Z,sent,f4:db:00:00:00:d9,0x12,Write-Req,0x0021,07 11 01 00 00 03,6,0x07
hci_snoop_2025_11_26_15_14_35.cfa,1132,2025-11-26T15:15:26.083Z,recv,f4:db:00:00:00:d9,0x1B,Notify,0x0024,07 11 01 00 00 03 52 01 50 01 50 01 E6 03 EC 03 F0 03 00 00,20,0x07
hci_snoop_2025_11_26_15_14_35.cfa,1133,2025-11-26T15:15:26.265Z,recv,f4:db:00:00:00:d9,0x13,Write-Rsp,,,0,
hci_snoop_2025_11_26_15_14_35.cfa,1134,2025-11-26T15:15:26.302Z,sent,f4:db:00:00:00:d9,0x12,Write-Req,0x0021,07 14 01 00 00 03,6,0x07
hci_snoop_2025_11_26_15_14_35.cfa,1136,2025-11-26T15:15:26.445Z,recv,f4:db:00:00:00:d9,0x1B,Notify,0x0024,07 14 01 00 00 03 4F 01 51 01 53 01 F6 03 F5 03 F6 03 00 00,20,0x07
hci_snoop_2025_11_26_15_14_35.cfa,1138,2025-11-26T15:15:26.533Z,recv,f4:db:00:00:00:d9,0x13,Write-Rsp,,,0,
hci_snoop_2025_11_26_15_14_35.cfa,1139,2025-11-26T15:15:26.569Z,sent,f4:db:00:00:00:d9,0x12,Write-Req,0x0021,07 17 01 00 00 03,6,0x07
hci_snoop_2025_11_26_15_14_35.cfa,1141,2025-11-26T15:15:26.714Z,recv,f4:db:00:00:00:d9,0x1B,Notify,0x0024,07 17 01 00 00 03 54 01 56 01 57 01 F3 03 ED 03 ED 03 00 00,20,0x07
hci_snoop_2025_11_26_15_14_35.cfa,1142,2025-11-26T15:15:26.803Z,recv,f4:db:00:00:00:d9,0x13,Write-Rsp,,,0,
hci_snoop_2025_11_26_15_14_35.cfa,1143,2025-11-26T15:15:26.832Z,sent,f4:db:00:00:00:d9,0x12,Write-Req,0x0021,07 1A 01 00 00 03,6,0x07
hci_snoop_2025_11_26_15_14_35.cfa,1145,2025-11-26T15:15:26.985Z,recv,f4:db:00:00:00:d9,0x1B,Notify,0x0024,07 1A 01 00 00 03 58 01 59 01 57 01 EB 03 E8 03 EE 03 00 00,20,0x07
hci_snoop_2025_11_26_15_14_35.cfa,1146,2025-11-26T15:15:27.073Z,recv,f4:db:00:00:00:d9,0x13,Write-Rsp,,,0,
hci_snoop_2025_11_26_15_14_35.cfa,1147,2025-11-26T15:15:27.101Z,sent,f4:db:00:00:00:d9,0x12,Write-Req,0x0021,07 1D 01 00 00 03,6,0x07
hci_snoop_2025_11_26_15_14_35.cfa,1149,2025-11-26T15:15:27.253Z,recv,f4:db:00:00:00:d9,0x1B,Notify,0x0024,07 1D 01 00 00 03 5A 01 5C 01 5C 01 E6 03 DC 03 D9 03 00 00,20,0x07
hci_snoop_2025_11_26_15_14_35.cfa,1150,2025-11-26T15:15:27.343Z,recv,f4:db:00:00:00:d9,0x13,Write-Rsp,,,0,
hci_snoop_2025_11_26_15_14_35.cfa,1151,2025-11-26T15:15:27.367Z,sent,f4:db:00:00:00:d9,0x12,Write-Req,0x0021,07 20 01 00 00 03,6,0x07
hci_snoop_2025_11_26_15_14_35.cfa,1153,2025-11-26T15:15:27.524Z,recv,f4:db:00:00:00:d9,0x1B,Notify,0x0024,07 20 01 00 00 03 5C 01 5B 01 59 01 DC 03 DB 03 DF 03 00 00,20,0x07
hci_snoop_2025_11_26_15_14_35.cfa,1154,2025-11-26T15:15:27.615Z,recv,f4:db:00:00:00:d9,0x13,Write-Rsp,,,0,
hci_snoop_2025_11_26_15_14_35.cfa,1155,2025-11-26T15:15:27.652Z,sent,f4:db:00:00:00:d9,0x12,Write-Req,0x0021,07 23 01 00 00 03,6,0x07
hci_snoop_2025_11_26_15_14_35.cfa,1157,2025-11-26T15:15:27.794Z,recv,f4:db:00:00:00:d9,0x1B,Notify,0x0024,07 23 01 00 00 03 59 01 59 01 59 01 E1 03 E2 03 E0 03 00 00,20,0x07
hci_snoop_2025_11_26_15_14_35.cfa,1158,2025-11-26T15:15:27.886Z,recv,f4:db:00:00:00:d9,0x13,Write-Rsp,,,0,
hci_snoop_2025_11_26_15_14_35.cfa,1159,2025-11-26T15:15:27.919Z,sent,f4:db:00:00:00:d9,0x12,Write-Req,0x0021,07 26 01 00 00 03,6,0x07
hci_snoop_2025_11_26_15_14_35.cfa,1161,2025-11-26T15:15:28.064Z,recv,f4:db:00:00:00:d9,0x1B,Notify,0x0024,07 26 01 00 00 03 59 01 58 01 57 01 E0 03 E7 03 E8 03 00 00,20,0x07
hci_snoop_2025_11_26_15_14_35.cfa,1162,2025-11-26T15:15:28.153Z,recv,f4:db:00:00:00:d9,0x13,Write-Rsp,,,0,
hci_snoop_2025_11_26_15_14_35.cfa,1163,2025-11-26T15:15:28.184Z,sent,f4:db:00:00:00:d9,0x12,Write-Req,0x0021,07 29 01 00 00 03,6,0x07
hci_snoop_2025_11_26_15_14_35.cfa,1165,2025-11-26T15:15:28.334Z,recv,f4:db:00:00:00:d9,0x1B,Notify,0x0024,07 29 01 00 00 03 54 01 51 01 4E 01 EF 03 F7 03 FF 03 00 00,20,0x07
hci_snoop_2025_11_26_15_14_35.cfa,1166,2025-11-26T15:15:28.423Z,recv,f4:db:00:00:00:d9,0x13,Write-Rsp,,,0,
hci_snoop_2025_11_26_15_14_35.cfa,1167,2025-11-26T15:15:28.452Z,sent,f4:db:00:00:00:d9,0x12,Write-Req,0x0021,07 2C 01 00 00 03,6,0x07
hci_snoop_2025_11_26_15_14_35.cfa,1169,2025-11-26T15:15:28.605Z,recv,f4:db:00:00:00:d9,0x1B,Notify,0x0024,07 2C 01 00 00 03 4C 01 4A 01 48 01 04 04 0A 04 0E 04 00 00,20,0x07
hci_snoop_2025_11_26_15_14_35.cfa,1170,2025-11-26T15:15:28.693Z,recv,f4:db:00:00:00:d9,0x13,Write-Rsp,,,0,
hci_snoop_2025_11_26_15_14_35.cfa,1171,2025-11-26T15:15:28.717Z,sent,f4:db:00:00:00:d9,0x12,Write-Req,0x0021,07 2F 01 00 00 03,6,0x07
hci_snoop_2025_11_26_15_14_35.cfa,1173,2025-11-26T15:15:28.874Z,recv,f4:db:00:00:00:d9,0x1B,Notify,0x0024,07 2F 01 00 00 03 46 01 45 01 44 01 12 04 16 04 1A 04 00 00,20,0x07
hci_snoop_2025_11_26_15_14_35.cfa,1174,2025-11-26T15:15:28.963Z,recv,f4:db:00:00:00:d9,0x13,Write-Rsp,,,0,
hci_snoop_2025_11_26_15_14_35.cfa,1175,2025-11-26T15:15:29.000Z,sent,f4:db:00:00:00:d9,0x12,Write-Req,0x0021,07 32 01 00 00 03,6,0x07
hci_snoop_2025_11_26_15_14_35.cfa,1177,2025-11-26T15:15:29.144Z,recv,f4:db:00:00:00:d9,0x1B,Notify,0x0024,07 32 01 00 00 03 42 01 42 01 41 01 1D 04 20 04 21 04 00 00,20,0x07
hci_snoop_2025_11_26_15_14_35.cfa,1178,2025-11-26T15:15:29.234Z,recv,f4:db:00:00:00:d9,0x13,Write-Rsp,,,0,
hci_snoop_2025_11_26_15_14_35.cfa,1179,2025-11-26T15:15:29.267Z,sent,f4:db:00:00:00:d9,0x12,Write-Req,0x0021,07 35 01 00 00 03,6,0x07
hci_snoop_2025_11_26_15_14_35.cfa,1181,2025-11-26T15:15:29.413Z,recv,f4:db:00:00:00:d9,0x1B,Notify,0x0024,07 35 01 00 00 03 40 01 3F 01 3F 01 23 04 24 04 27 04 00 00,20,0x07
hci_snoop_2025_11_26_15_14_35.cfa,1182,2025-11-26T15:15:29.504Z,recv,f4:db:00:00:00:d9,0x13,Write-Rsp,,,0,
hci_snoop_2025_11_26_15_14_35.cfa,1183,2025-11-26T15:15:29.533Z,sent,f4:db:00:00:00:d9,0x12,Write-Req,0x0021,07 38 01 00 00 03,6,0x07
hci_snoop_2025_11_26_15_14_35.cfa,1185,2025-11-26T15:15:29.686Z,recv,f4:db:00:00:00:d9,0x1B,Notify,0x0024,07 38 01 00 00 03 3E 01 3D 01 3D 01 2A 04 2B 04 2E 04 00 00,20,0x07
hci_snoop_2025_11_26_15_14_35.cfa,1186,2025-11-26T15:15:29.774Z,recv,f4:db:00:00:00:d9,0x13,Write-Rsp,,,0,
hci_snoop_2025_11_26_15_14_35.cfa,1187,2025-11-26T15:15:29.800Z,sent,f4:db:00:00:00:d9,0x12,Write-Req,0x0021,07 3B 01 00 00 03,6,0x07
hci_snoop_2025_11_26_15_14_35.cfa,1189,2025-11-26T15:15:29.953Z,recv,f4:db:00:00:00:d9,0x1B,Notify,0x0024,07 3B 01 00 00 03 3D 01 42 01 46 01 31 04 2C 04 24 04 00 00,20,0x07
hci_snoop_2025_11_26_15_14_35.cfa,1190,2025-11-26T15:15:30.043Z,recv,f4:db:00:00:00:d9,0x13,Write-Rsp,,,0,
hci_snoop_2025_11_26_15_14_35.cfa,1191,2025-11-26T15:15:30.068Z,sent,f4:db:00:00:00:d9,0x12,Write-Req,0x0021,07 3E 01 00 00 03,6,0x07
hci_snoop_2025_11_26_15_14_35.cfa,1193,2025-11-26T15:15:30.223Z,recv,f4:db:00:00:00:d9,0x1B,Notify,0x0024,07 3E 01 00 00 03 45 01 45 01 45 01 23 04 23 04 21 04 00 00,20,0x07
hci_snoop_2025_11_26_15_14_35.cfa,1194,2025-11-26T15:15:30.313Z,recv,f4:db:00:00:00:d9,0x13,Write-Rsp,,,0,
hci_snoop_2025_11_26_15_14_35.cfa,1195,2025-11-26T15:15:30.352Z,sent,f4:db:00:00:00:d9,0x12,Write-Req,0x0021,07 41 01 00 00 03,6,0x07
hci_snoop_2025_11_26_15_14_35.cfa,1197,2025-11-26T15:15:30.493Z,recv,f4:db:00:00:00:d9,0x1B,Notify,0x0024,07 41 01 00 00 03 46 01 56 01 54 01 1E 04 02 04 00 04 00 00,20,0x07
hci_snoop_2025_11_26_15_14_35.cfa,1198,2025-11-26T15:15:30.583Z,recv,f4:db:00:00:00:d9,0x13,Write-Rsp,,,0,
hci_snoop_2025_11_26_15_14_35.cfa,1199,2025-11-26T15:15:30.617Z,sent,f4:db:00:00:00:d9,0x12,Write-Req,0x0021,07 44 01 00 00 03,6,0x07
hci_snoop_2025_11_26_15_14_35.cfa,1201,2025-11-26T15:15:30.764Z,recv,f4:db:00:00:00:d9,0x1B,Notify,0x0024,07 44 01 00 00 03 53 01 50 01 4C 01 01 04 03 04 0D 04 00 00,20,0x07
hci_snoop_2025_11_26_15_14_35.cfa,1202,2025-11-26T15:15:30.853Z,recv,f4:db:00:00:00:d9,0x13,Write-Rsp,,,0,
hci_snoop_2025_11_26_15_14_35.cfa,1203,2025-11-26T15:15:30.885Z,sent,f4:db:00:00:00:d9,0x12,Write-Req,0x0021,07 47 01 00 00 03,6,0x07
hci_snoop_2025_11_26_15_14_35.cfa,1205,2025-11-26T15:15:31.034Z,recv,f4:db:00:00:00:d9,0x1B,Notify,0x0024,07 47 01 00 00 03 4A 01 48 01 46 01 12 04 16 04 19 04 00 00,20,0x07
hci_snoop_2025_11_26_15_14_35.cfa,1206,2025-11-26T15:15:31.123Z,recv,f4:db:00:00:00:d9,0x13,Write-Rsp,,,0,
hci_snoop_2025_11_26_15_14_35.cfa,1207,2025-11-26T15:15:31.151Z,sent,f4:db:00:00:00:d9,0x12,Write-Req,0x0021,07 4A 01 00 00 03,6,0x07
hci_snoop_2025_11_26_15_14_35.cfa,1209,2025-11-26T15:15:31.304Z,recv,f4:db:00:00:00:d9,0x1B,Notify,0x0024,07 4A 01 00 00 03 45 01 43 01 42 01 1D 04 20 04 23 04 00 00,20,0x07
hci_snoop_2025_11_26_15_14_35.cfa,1210,2025-11-26T15:15:31.393Z,recv,f4:db:00:00:00:d9,0x13,Write-Rsp,,,0,
hci_snoop_2025_11_26_15_14_35.cfa,1211,2025-11-26T15:15:31.417Z,sent,f4:db:00:00:00:d9,0x12,Write-Req,0x0021,07 4D 01 00 00 03,6,0x07
hci_snoop_2025_11_26_15_14_35.cfa,1213,2025-11-26T15:15:31.573Z,recv,f4:db:00:00:00:d9,0x1B,Notify,0x0024,07 4D 01 00 00 03 41 01 40 01 3F 01 26 04 29 04 2C 04 00 00,20,0x07
hci_snoop_2025_11_26_15_14_35.cfa,1214,2025-11-26T15:15:31.663Z,recv,f4:db:00:00:00:d9,0x13,Write-Rsp,,,0,
hci_snoop_2025_11_26_15_14_35.cfa,1215,2025-11-26T15:15:31.702Z,sent,f4:db:00:00:00:d9,0x12,Write-Req,0x0021,07 50 01 00 00 03,6,0x07
hci_snoop_2025_11_26_15_14_35.cfa,1217,2025-11-26T15:15:31.844Z,recv,f4:db:00:00:00:d9,0x1B,Notify,0x0024,07 50 01 00 00 03 3D 01 3D 01 3C 01 2F 04 32 04 34 04 00 00,20,0x07
hci_snoop_2025_11_26_15_14_35.cfa,1218,2025-11-26T15:15:31.934Z,recv,f4:db:00:00:00:d9,0x13,Write-Rsp,,,0,
hci_snoop_2025_11_26_15_14_35.cfa,1219,2025-11-26T15:15:31.966Z,sent,f4:db:00:00:00:d9,0x12,Write-Req,0x0021,07 53 01 00 00 03,6,0x07
hci_snoop_2025_11_26_15_14_35.cfa,1221,2025-11-26T15:15:32.113Z,recv,f4:db:00:00:00:d9,0x1B,Notify,0x0024,07 53 01 00 00 03 3C 01 3B 01 3A 01 37 04 3A 04 3D 04 00 00,20,0x07
hci_snoop_2025_11_26_15_14_35.cfa,1222,2025-11-26T15:15:32.203Z,recv,f4:db:00:00:00:d9,0x13,Write-Rsp,,,0,
hci_snoop_2025_11_26_15_14_35.cfa,1223,2025-11-26T15:15:32.237Z,sent,f4:db:00:00:00:d9,0x12,Write-Req,0x0021,07 56 01 00 00 03,6,0x07
hci_snoop_2025_11_26_15_14_35.cfa,1225,2025-11-26T15:15:32.385Z,recv,f4:db:00:00:00:d9,0x1B,Notify,0x0024,07 56 01 00 00 03 3A 01 39 01 39 01 40 04 42 04 44 04 00 00,20,0x07
hci_snoop_2025_11_26_15_14_35.cfa,1226,2025-11-26T15:15:32.473Z,recv,f4:db:00:00:00:d9,0x13,Write-Rsp,,,0,
hci_snoop_2025_11_26_15_14_35.cfa,1227,2025-11-26T15:15:32.501Z,sent,f4:db:00:00:00:d9,0x12,Write-Req,0x0021,07 59 01 00 00 03,6,0x07
hci_snoop_2025_11_26_15_14_35.cfa,1229,2025-11-26T15:15:32.653Z,recv,f4:db:00:00:00:d9,0x1B,Notify,0x0024,07 59 01 00 00 03 39 01 38 01 38 01 46 04 48 04 49 04 00 00,20,0x07
hci_snoop_2025_11_26_15_14_35.cfa,1230,2025-11-26T15:15:32.743Z,recv,f4:db:00:00:00:d9,0x13,Write-Rsp,,,0,
hci_snoop_2025_11_26_15_14_35.cfa,1231,2025-11-26T15:15:32.769Z,sent,f4:db:00:00:00:d9,0x12,Write-Req,0x0021,07 5C 01 00 00 03,6,0x07
hci_snoop_2025_11_26_15_14_35.cfa,1233,2025-11-26T15:15:32.923Z,recv,f4:db:00:00:00:d9,0x1B,Notify,0x0024,07 5C 01 00 00 03 37 01 37 01 37 01 4A 04 4B 04 4B 04 00 00,20,0x07
hci_snoop_2025_11_26_15_14_35.cfa,1234,2025-11-26T15:15:33.014Z,recv,f4:db:00:00:00:d9,0x13,Write-Rsp,,,0,
hci_snoop_2025_11_26_15_14_35.cfa,1235,2025-11-26T15:15:33.050Z,sent,f4:db:00:00:00:d9,0x12,Write-Req,0x0021,07 5F 01 00 00 03,6,0x07
hci_snoop_2025_11_26_15_14_35.cfa,1237,2025-11-26T15:15:33.194Z,recv,f4:db:00:00:00:d9,0x1B,Notify,0x0024,07 5F 01 00 00 03 37 01 36 01 36 01 4C 04 4D 04 4E 04 00 00,20,0x07
hci_snoop_2025_11_26_15_14_35.cfa,1238,2025-11-26T15:15:33.285Z,recv,f4:db:00:00:00:d9,0x13,Write-Rsp,,,0,
hci_snoop_2025_11_26_15_14_35.cfa,1239,2025-11-26T15:15:33.317Z,sent,f4:db:00:00:00:d9,0x12,Write-Req,0x0021,07 62 01 00 00 03,6,0x07
hci_snoop_2025_11_26_15_14_35.cfa,1241,2025-11-26T15:15:33.464Z,recv,f4:db:00:00:00:d9,0x1B,Notify,0x0024,07 62 01 00 00 03 36 01 36 01 35 01 4F 04 50 04 51 04 00 00,20,0x07
hci_snoop_2025_11_26_15_14_35.cfa,1242,2025-11-26T15:15:33.554Z,recv,f4:db:00:00:00:d9,0x13,Write-Rsp,,,0,
hci_snoop_2025_11_26_15_14_35.cfa,1243,2025-11-26T15:15:33.588Z,sent,f4:db:00:00:00:d9,0x12,Write-Req,0x0021,07 65 01 00 00 03,6,0x07
hci_snoop_2025_11_26_15_14_35.cfa,1245,2025-11-26T15:15:33.734Z,recv,f4:db:00:00:00:d9,0x1B,Notify,0x0024,07 65 01 00 00 03 35 01 35 01 35 01 53 04 55 04 55 04 00 00,20,0x07
hci_snoop_2025_11_26_15_14_35.cfa,1246,2025-11-26T15:15:33.823Z,recv,f4:db:00:00:00:d9,0x13,Write-Rsp,,,0,
hci_snoop_2025_11_26_15_14_35.cfa,1247,2025-11-26T15:15:33.850Z,sent,f4:db:00:00:00:d9,0x12,Write-Req,0x0021,07 68 01 00 00 03,6,0x07
hci_snoop_2025_11_26_15_14_35.cfa,1249,2025-11-26T15:15:34.004Z,recv,f4:db:00:00:00:d9,0x1B,Notify,0x0024,07 68 01 00 00 03 34 01 34 01 34 01 55 04 57 04 58 04 00 00,20,0x07
hci_snoop_2025_11_26_15_14_35.cfa,1250,2025-11-26T15:15:34.093Z,recv,f4:db:00:00:00:d9,0x13,Write-Rsp,,,0,
hci_snoop_2025_11_26_15_14_35.cfa,1251,2025-11-26T15:15:34.116Z,sent,f4:db:00:00:00:d9,0x12,Write-Req,0x0021,07 6B 01 00 00 03,6,0x07
hci_snoop_2025_11_26_15_14_35.cfa,1253,2025-11-26T15:15:34.274Z,recv,f4:db:00:00:00:d9,0x1B,Notify,0x0024,07 6B 01 00 00 03 34 01 34 01 33 01 59 04 5A 04 5A 04 00 00,20,0x07
hci_snoop_2025_11_26_15_14_35.cfa,1254,2025-11-26T15:15:34.363Z,recv,f4:db:00:00:00:d9,0x13,Write-Rsp,,,0,
hci_snoop_2025_11_26_15_14_35.cfa,1255,2025-11-26T15:15:34.385Z,sent,f4:db:00:00:00:d9,0x12,Write-Req,0x0021,07 6E 01 00 00 03,6,0x07
hci_snoop_2025_11_26_15_14_35.cfa,1257,2025-11-26T15:15:34.543Z,recv,f4:db:00:00:00:d9,0x1B,Notify,0x0024,07 6E 01 00 00 03 33 01 33 01 33 01 5A 04 5B 04 5B 04 00 00,20,0x07
hci_snoop_2025_11_26_15_14_35.cfa,1258,2025-11-26T15:15:34.633Z,recv,f4:db:00:00:00:d9,0x13,Write-Rsp,,,0,
hci_snoop_2025_11_26_15_14_35.cfa,1259,2025-11-26T15:15:34.667Z,sent,f4:db:00:00:00:d9,0x12,Write-Req,0x0021,07 71 01 00 00 03,6,0x07
hci_snoop_2025_11_26_15_14_35.cfa,1261,2025-11-26T15:15:34.814Z,recv,f4:db:00:00:00:d9,0x1B,Notify,0x0024,07 71 01 00 00 03 33 01 33 01 32 01 5C 04 5B 04 5C 04 00 00,20,0x07
hci_snoop_2025_11_26_15_14_35.cfa,1262,2025-11-26T15:15:34.903Z,recv,f4:db:00:00:00:d9,0x13,Write-Rsp,,,0,
hci_snoop_2025_11_26_15_14_35.cfa,1263,2025-11-26T15:15:34.933Z,sent,f4:db:00:00:00:d9,0x12,Write-Req,0x0021,07 74 01 00 00 03,6,0x07
hci_snoop_2025_11_26_15_14_35.cfa,1265,2025-11-26T15:15:35.086Z,recv,f4:db:00:00:00:d9,0x1B,Notify,0x0024,07 74 01 00 00 03 32 01 32 01 32 01 5C 04 5C 04 5C 04 00 00,20,0x07
hci_snoop_2025_11_26_15_14_35.cfa,1266,2025-11-26T15:15:35.173Z,recv,f4:db:00:00:00:d9,0x13,Write-Rsp,,,0,
hci_snoop_2025_11_26_15_14_35.cfa,1267,2025-11-26T15:15:35.202Z,sent,f4:db:00:00:00:d9,0x12,Write-Req,0x0021,07 77 01 00 00 03,6,0x07
hci_snoop_2025_11_26_15_14_35.cfa,1269,2025-11-26T15:15:35.355Z,recv,f4:db:00:00:00:d9,0x1B,Notify,0x0024,07 77 01 00 00 03 31 01 31 01 31 01 5D 04 5D 04 60 04 00 00,20,0x07
hci_snoop_2025_11_26_15_14_35.cfa,1270,2025-11-26T15:15:35.443Z,recv,f4:db:00:00:00:d9,0x13,Write-Rsp,,,0,
hci_snoop_2025_11_26_15_14_35.cfa,1271,2025-11-26T15:15:35.468Z,sent,f4:db:00:00:00:d9,0x12,Write-Req,0x0021,07 7A 01 00 00 03,6,0x07
hci_snoop_2025_11_26_15_14_35.cfa,1273,2025-11-26T15:15:35.623Z,recv,f4:db:00:00:00:d9,0x1B,Notify,0x0024,07 7A 01 00 00 03 31 01 31 01 31 01 61 04 60 04 5F 04 00 00,20,0x07
hci_snoop_2025_11_26_15_14_35.cfa,1274,2025-11-26T15:15:35.713Z,recv,f4:db:00:00:00:d9,0x13,Write-Rsp,,,0,
hci_snoop_2025_11_26_15_14_35.cfa,1275,2025-11-26T15:15:35.750Z,sent,f4:db:00:00:00:d9,0x12,Write-Req,0x0021,07 7D 01 00 00 03,6,0x07
hci_snoop_2025_11_26_15_14_35.cfa,1277,2025-11-26T15:15:35.893Z,recv,f4:db:00:00:00:d9,0x1B,Notify,0x0024,07 7D 01 00 00 03 31 01 31 01 31 01 5F 04 5F 04 5F 04 00 00,20,0x07
hci_snoop_2025_11_26_15_14_35.cfa,1278,2025-11-26T15:15:35.985Z,recv,f4:db:00:00:00:d9,0x13,Write-Rsp,,,0,
hci_snoop_2025_11_26_15_14_35.cfa,1279,2025-11-26T15:15:36.018Z,sent,f4:db:00:00:00:d9,0x12,Write-Req,0x0021,07 80 01 00 00 03,6,0x07
hci_snoop_2025_11_26_15_14_35.cfa,1281,2025-11-26T15:15:36.255Z,recv,f4:db:00:00:00:d9,0x1B,Notify,0x0024,07 80 01 00 00 03 30 01 30 01 30 01 5F 04 5E 04 5E 04 00 00,20,0x07
hci_snoop_2025_11_26_15_14_35.cfa,1282,2025-11-26T15:15:36.255Z,recv,f4:db:00:00:00:d9,0x13,Write-Rsp,,,0,
hci_snoop_2025_11_26_15_14_35.cfa,1283,2025-11-26T15:15:36.284Z,sent,f4:db:00:00:00:d9,0x12,Write-Req,0x0021,07 83 01 00 00 03,6,0x07
hci_snoop_2025_11_26_15_14_35.cfa,1285,2025-11-26T15:15:36.434Z,recv,f4:db:00:00:00:d9,0x1B,Notify,0x0024,07 83 01 00 00 03 30 01 30 01 2F 01 5E 04 5D 04 5D 04 00 00,20,0x07
hci_snoop_2025_11_26_15_14_35.cfa,1286,2025-11-26T15:15:36.522Z,recv,f4:db:00:00:00:d9,0x13,Write-Rsp,,,0,
hci_snoop_2025_11_26_15_14_35.cfa,1287,2025-11-26T15:15:36.551Z,sent,f4:db:00:00:00:d9,0x12,Write-Req,0x0021,07 86 01 00 00 03,6,0x07
hci_snoop_2025_11_26_15_14_35.cfa,1289,2025-11-26T15:15:36.705Z,recv,f4:db:00:00:00:d9,0x1B,Notify,0x0024,07 86 01 00 00 03 2F 01 2F 01 2F 01 5D 04 5C 04 5C 04 00 00,20,0x07
hci_snoop_2025_11_26_15_14_35.cfa,1290,2025-11-26T15:15:36.793Z,recv,f4:db:00:00:00:d9,0x13,Write-Rsp,,,0,
hci_snoop_2025_11_26_15_14_35.cfa,1291,2025-11-26T15:15:36.820Z,sent,f4:db:00:00:00:d9,0x12,Write-Req,0x0021,07 89 01 00 00 03,6,0x07
hci_snoop_2025_11_26_15_14_35.cfa,1293,2025-11-26T15:15:36.973Z,recv,f4:db:00:00:00:d9,0x1B,Notify,0x0024,07 89 01 00 00 03 30 01 30 01 31 01 5B 04 59 04 57 04 00 00,20,0x07
hci_snoop_2025_11_26_15_14_35.cfa,1294,2025-11-26T15:15:37.065Z,recv,f4:db:00:00:00:d9,0x13,Write-Rsp,,,0,
hci_snoop_2025_11_26_15_14_35.cfa,1295,2025-11-26T15:15:37.104Z,sent,f4:db:00:00:00:d9,0x12,Write-Req,0x0021,07 8C 01 00 00 03,6,0x07
hci_snoop_2025_11_26_15_14_35.cfa,1297,2025-11-26T15:15:37.244Z,recv,f4:db:00:00:00:d9,0x1B,Notify,0x0024,07 8C 01 00 00 03 30 01 31 01 3B 01 57 04 57 04 45 04 00 00,20,0x07
hci_snoop_2025_11_26_15_14_35.cfa,1298,2025-11-26T15:15:37.335Z,recv,f4:db:00:00:00:d9,0x13,Write-Rsp,,,0,
hci_snoop_2025_11_26_15_14_35.cfa,1299,2025-11-26T15:15:37.368Z,sent,f4:db:00:00:00:d9,0x12,Write-Req,0x0021,07 8F 01 00 00 03,6,0x07
hci_snoop_2025_11_26_15_14_35.cfa,1301,2025-11-26T15:15:37.514Z,recv,f4:db:00:00:00:d9,0x1B,Notify,0x0024,07 8F 01 00 00 03 3D 01 3D 01 3A 01 3A 04 32 04 39 04 00 00,20,0x07
hci_snoop_2025_11_26_15_14_35.cfa,1302,2025-11-26T15:15:37.603Z,recv,f4:db:00:00:00:d9,0x13,Write-Rsp,,,0,
hci_snoop_2025_11_26_15_14_35.cfa,1303,2025-11-26T15:15:37.635Z,sent,f4:db:00:00:00:d9,0x12,Write-Req,0x0021,07 92 01 00 00 03,6,0x07
hci_snoop_2025_11_26_15_14_35.cfa,1305,2025-11-26T15:15:37.785Z,recv,f4:db:00:00:00:d9,0x1B,Notify,0x0024,07 92 01 00 00 03 40 01 3F 01 3B 01 36 04 29 04 33 04 00 00,20,0x07
hci_snoop_2025_11_26_15_14_35.cfa,1306,2025-11-26T15:15:37.873Z,recv,f4:db:00:00:00:d9,0x13,Write-Rsp,,,0,
hci_snoop_2025_11_26_15_14_35.cfa,1307,2025-11-26T15:15:37.903Z,sent,f4:db:00:00:00:d9,0x12,Write-Req,0x0021,07 95 01 00 00 03,6,0x07
hci_snoop_2025_11_26_15_14_35.cfa,1309,2025-11-26T15:15:38.053Z,recv,f4:db:00:00:00:d9,0x1B,Notify,0x0024,07 95 01 00 00 03 38 01 37 01 35 01 39 04 3C 04 3F 04 00 00,20,0x07
hci_snoop_2025_11_26_15_14_35.cfa,1310,2025-11-26T15:15:38.143Z,recv,f4:db:00:00:00:d9,0x13,Write-Rsp,,,0,
hci_snoop_2025_11_26_15_14_35.cfa,1311,2025-11-26T15:15:38.171Z,sent,f4:db:00:00:00:d9,0x12,Write-Req,0x0021,07 98 01 00 00 03,6,0x07
hci_snoop_2025_11_26_15_14_35.cfa,1313,2025-11-26T15:15:38.324Z,recv,f4:db:00:00:00:d9,0x1B,Notify,0x0024,07 98 01 00 00 03 34 01 33 01 33 01 42 04 44 04 45 04 00 00,20,0x07
hci_snoop_2025_11_26_15_14_35.cfa,1314,2025-11-26T15:15:38.413Z,recv,f4:db:00:00:00:d9,0x13,Write-Rsp,,,0,
hci_snoop_2025_11_26_15_14_35.cfa,1315,2025-11-26T15:15:38.453Z,sent,f4:db:00:00:00:d9,0x12,Write-Req,0x0021,07 9B 01 00 00 03,6,0x07
hci_snoop_2025_11_26_15_14_35.cfa,1317,2025-11-26T15:15:38.593Z,recv,f4:db:00:00:00:d9,0x1B,Notify,0x0024,07 9B 01 00 00 03 32 01 32 01 32 01 46 04 47 04 48 04 00 00,20,0x07
hci_snoop_2025_11_26_15_14_35.cfa,1318,2025-11-26T15:15:38.683Z,recv,f4:db:00:00:00:d9,0x13,Write-Rsp,,,0,
hci_snoop_2025_11_26_15_14_35.cfa,1319,2025-11-26T15:15:38.717Z,sent,f4:db:00:00:00:d9,0x12,Write-Req,0x0021,07 9E 01 00 00 03,6,0x07
hci_snoop_2025_11_26_15_14_35.cfa,1321,2025-11-26T15:15:38.863Z,recv,f4:db:00:00:00:d9,0x1B,Notify,0x0024,07 9E 01 00 00 03 31 01 31 01 30 01 49 04 4A 04 4B 04 00 00,20,0x07
hci_snoop_2025_11_26_15_14_35.cfa,1322,2025-11-26T15:15:38.953Z,recv,f4:db:00:00:00:d9,0x13,Write-Rsp,,,0,
hci_snoop_2025_11_26_15_14_35.cfa,1323,2025-11-26T15:15:38.985Z,sent,f4:db:00:00:00:d9,0x12,Write-Req,0x0021,07 A1 01 00 00 03,6,0x07
hci_snoop_2025_11_26_15_14_35.cfa,1325,2025-11-26T15:15:39.134Z,recv,f4:db:00:00:00:d9,0x1B,Notify,0x0024,07 A1 01 00 00 03 30 01 30 01 2F 01 4B 04 4C 04 4D 04 00 00,20,0x07
hci_snoop_2025_11_26_15_14_35.cfa,1326,2025-11-26T15:15:39.223Z,recv,f4:db:00:00:00:d9,0x13,Write-Rsp,,,0,
hci_snoop_2025_11_26_15_14_35.cfa,1327,2025-11-26T15:15:39.248Z,sent,f4:db:00:00:00:d9,0x12,Write-Req,0x0021,07 A4 01 00 00 03,6,0x07
hci_snoop_2025_11_26_15_14_35.cfa,1329,2025-11-26T15:15:39.404Z,recv,f4:db:00:00:00:d9,0x1B,Notify,0x0024,07 A4 01 00 00 03 2F 01 2F 01 2F 01 4E 04 4E 04 4E 04 00 00,20,0x07
hci_snoop_2025_11_26_15_14_35.cfa,1330,2025-11-26T15:15:39.584Z,recv,f4:db:00:00:00:d9,0x13,Write-Rsp,,,0,
hci_snoop_2025_11_26_15_14_35.cfa,1331,2025-11-26T15:15:39.617Z,sent,f4:db:00:00:00:d9,0x12,Write-Req,0x0021,07 A7 01 00 00 03,6,0x07
hci_snoop_2025_11_26_15_14_35.cfa,1333,2025-11-26T15:15:39.764Z,recv,f4:db:00:00:00:d9,0x1B,Notify,0x0024,07 A7 01 00 00 03 2F 01 2F 01 2E 01 4E 04 4E 04 4F 04 00 00,20,0x07
hci_snoop_2025_11_26_15_14_35.cfa,1334,2025-11-26T15:15:39.853Z,recv,f4:db:00:00:00:d9,0x13,Write-Rsp,,,0,
hci_snoop_2025_11_26_15_14_35.cfa,1335,2025-11-26T15:15:39.882Z,sent,f4:db:00:00:00:d9,0x12,Write-Req,0x0021,07 AA 01 00 00 03,6,0x07
hci_snoop_2025_11_26_15_14_35.cfa,1337,2025-11-26T15:15:40.034Z,recv,f4:db:00:00:00:d9,0x1B,Notify,0x0024,07 AA 01 00 00 03 2E 01 2E 01 2E 01 4F 04 4F 04 50 04 00 00,20,0x07
hci_snoop_2025_11_26_15_14_35.cfa,1338,2025-11-26T15:15:40.123Z,recv,f4:db:00:00:00:d9,0x13,Write-Rsp,,,0,
hci_snoop_2025_11_26_15_14_35.cfa,1339,2025-11-26T15:15:40.151Z,sent,f4:db:00:00:00:d9,0x12,Write-Req,0x0021,07 AD 01 00 00 03,6,0x07
hci_snoop_2025_11_26_15_14_35.cfa,1341,2025-11-26T15:15:40.305Z,recv,f4:db:00:00:00:d9,0x1B,Notify,0x0024,07 AD 01 00 00 03 2D 01 2D 01 2D 01 50 04 51 04 52 04 00 00,20,0x07
hci_snoop_2025_11_26_15_14_35.cfa,1343,2025-11-26T15:15:40.393Z,recv,f4:db:00:00:00:d9,0x13,Write-Rsp,,,0,
hci_snoop_2025_11_26_15_14_35.cfa,1344,2025-11-26T15:15:40.423Z,sent,f4:db:00:00:00:d9,0x12,Write-Req,0x0021,07 B0 01 00 00 03,6,0x07
hci_snoop_2025_11_26_15_14_35.cfa,1346,2025-11-26T15:15:40.574Z,recv,f4:db:00:00:00:d9,0x1B,Notify,0x0024,07 B0 01 00 00 03 2D 01 2D 01 2C 01 52 04 52 04 52 04 00 00,20,0x07
hci_snoop_2025_11_26_15_14_35.cfa,1347,2025-11-26T15:15:40.664Z,recv,f4:db:00:00:00:d9,0x13,Write-Rsp,,,0,
hci_snoop_2025_11_26_15_14_35.cfa,1348,2025-11-26T15:15:40.702Z,sent,f4:db:00:00:00:d9,0x12,Write-Req,0x0021,07 B3 01 00 00 03,6,0x07
hci_snoop_2025_11_26_15_14_35.cfa,1350,2025-11-26T15:15:40.844Z,recv,f4:db:00:00:00:d9,0x1B,Notify,0x0024,07 B3 01 00 00 03 2C 01 2C 01 2C 01 52 04 52 04 52 04 00 00,20,0x07
hci_snoop_2025_11_26_15_14_35.cfa,1351,2025-11-26T15:15:40.934Z,recv,f4:db:00:00:00:d9,0x13,Write-Rsp,,,0,
hci_snoop_2025_11_26_15_14_35.cfa,1352,2025-11-26T15:15:40.968Z,sent,f4:db:00:00:00:d9,0x12,Write-Req,0x0021,07 B6 01 00 00 03,6,0x07
hci_snoop_2025_11_26_15_14_35.cfa,1354,2025-11-26T15:15:41.113Z,recv,f4:db:00:00:00:d9,0x1B,Notify,0x0024,07 B6 01 00 00 03 2C 01 2B 01 2B 01 53 04 53 04 53 04 00 00,20,0x07
hci_snoop_2025_11_26_15_14_35.cfa,1355,2025-11-26T15:15:41.206Z,recv,f4:db:00:00:00:d9,0x13,Write-Rsp,,,0,
hci_snoop_2025_11_26_15_14_35.cfa,1356,2025-11-26T15:15:41.233Z,sent,f4:db:00:00:00:d9,0x12,Write-Req,0x0021,07 B9 01 00 00 03,6,0x07
hci_snoop_2025_11_26_15_14_35.cfa,1358,2025-11-26T15:15:41.385Z,recv,f4:db:00:00:00:d9,0x1B,Notify,0x0024,07 B9 01 00 00 03 2B 01 2B 01 2C 01 54 04 54 04 53 04 00 00,20,0x07
hci_snoop_2025_11_26_15_14_35.cfa,1359,2025-11-26T15:15:41.473Z,recv,f4:db:00:00:00:d9,0x13,Write-Rsp,,,0,
hci_snoop_2025_11_26_15_14_35.cfa,1360,2025-11-26T15:15:41.500Z,sent,f4:db:00:00:00:d9,0x12,Write-Req,0x0021,07 BC 01 00 00 03,6,0x07
hci_snoop_2025_11_26_15_14_35.cfa,1362,2025-11-26T15:15:41.654Z,recv,f4:db:00:00:00:d9,0x1B,Notify,0x0024,07 BC 01 00 00 03 2B 01 2B 01 2B 01 55 04 55 04 55 04 00 00,20,0x07
hci_snoop_2025_11_26_15_14_35.cfa,1363,2025-11-26T15:15:41.743Z,recv,f4:db:00:00:00:d9,0x13,Write-Rsp,,,0,
hci_snoop_2025_11_26_15_14_35.cfa,1364,2025-11-26T15:15:41.767Z,sent,f4:db:00:00:00:d9,0x12,Write-Req,0x0021,07 BF 01 00 00 03,6,0x07
hci_snoop_2025_11_26_15_14_35.cfa,1366,2025-11-26T15:15:41.923Z,recv,f4:db:00:00:00:d9,0x1B,Notify,0x0024,07 BF 01 00 00 03 2B 01 2B 01 2B 01 55 04 55 04 55 04 00 00,20,0x07
hci_snoop_2025_11_26_15_14_35.cfa,1367,2025-11-26T15:15:42.014Z,recv,f4:db:00:00:00:d9,0x13,Write-Rsp,,,0,
hci_snoop_2025_11_26_15_14_35.cfa,1368,2025-11-26T15:15:42.050Z,sent,f4:db:00:00:00:d9,0x12,Write-Req,0x0021,07 C2 01 00 00 03,6,0x07
hci_snoop_2025_11_26_15_14_35.cfa,1370,2025-11-26T15:15:42.194Z,recv,f4:db:00:00:00:d9,0x1B,Notify,0x0024,07 C2 01 00 00 03 2B 01 2C 01 2B 01 55 04 55 04 21 04 00 00,20,0x07
hci_snoop_2025_11_26_15_14_35.cfa,1371,2025-11-26T15:15:42.283Z,recv,f4:db:00:00:00:d9,0x13,Write-Rsp,,,0,
hci_snoop_2025_11_26_15_14_35.cfa,1372,2025-11-26T15:15:42.319Z,sent,f4:db:00:00:00:d9,0x12,Write-Req,0x0021,07 C5 01 00 00 03,6,0x07
hci_snoop_2025_11_26_15_14_35.cfa,1374,2025-11-26T15:15:42.464Z,recv,f4:db:00:00:00:d9,0x1B,Notify,0x0024,07 C5 01 00 00 03 2C 01 2D 01 2E 01 2D 04 32 04 36 04 00 00,20,0x07
hci_snoop_2025_11_26_15_14_35.cfa,1375,2025-11-26T15:15:42.553Z,recv,f4:db:00:00:00:d9,0x13,Write-Rsp,,,0,
hci_snoop_2025_11_26_15_14_35.cfa,1376,2025-11-26T15:15:42.585Z,sent,f4:db:00:00:00:d9,0x12,Write-Req,0x0021,07 C8 01 00 00 03,6,0x07
hci_snoop_2025_11_26_15_14_35.cfa,1378,2025-11-26T15:15:42.734Z,recv,f4:db:00:00:00:d9,0x1B,Notify,0x0024,07 C8 01 00 00 03 2F 01 30 01 31 01 39 04 3D 04 3A 04 00 00,20,0x07
hci_snoop_2025_11_26_15_14_35.cfa,1379,2025-11-26T15:15:42.823Z,recv,f4:db:00:00:00:d9,0x13,Write-Rsp,,,0,
hci_snoop_2025_11_26_15_14_35.cfa,1380,2025-11-26T15:15:42.854Z,sent,f4:db:00:00:00:d9,0x12,Write-Req,0x0021,07 CB 01 00 00 03,6,0x07
hci_snoop_2025_11_26_15_14_35.cfa,1382,2025-11-26T15:15:43.004Z,recv,f4:db:00:00:00:d9,0x1B,Notify,0x0024,07 CB 01 00 00 03 32 01 33 01 35 01 3B 04 3C 04 3C 04 00 00,20,0x07
hci_snoop_2025_11_26_15_14_35.cfa,1383,2025-11-26T15:15:43.093Z,recv,f4:db:00:00:00:d9,0x13,Write-Rsp,,,0,
hci_snoop_2025_11_26_15_14_35.cfa,1384,2025-11-26T15:15:43.119Z,sent,f4:db:00:00:00:d9,0x12,Write-Req,0x0021,07 CE 01 00 00 03,6,0x07
hci_snoop_2025_11_26_15_14_35.cfa,1386,2025-11-26T15:15:43.273Z,recv,f4:db:00:00:00:d9,0x1B,Notify,0x0024,07 CE 01 00 00 03 36 01 3F 01 43 01 3E 04 34 04 30 04 00 00,20,0x07
hci_snoop_2025_11_26_15_14_35.cfa,1387,2025-11-26T15:15:43.363Z,recv,f4:db:00:00:00:d9,0x13,Write-Rsp,,,0,
hci_snoop_2025_11_26_15_14_35.cfa,1388,2025-11-26T15:15:43.403Z,sent,f4:db:00:00:00:d9,0x12,Write-Req,0x0021,07 D1 01 00 00 03,6,0x07
hci_snoop_2025_11_26_15_14_35.cfa,1390,2025-11-26T15:15:43.544Z,recv,f4:db:00:00:00:d9,0x1B,Notify,0x0024,07 D1 01 00 00 03 46 01 48 01 4B 01 2E 04 2A 04 28 04 00 00,20,0x07
hci_snoop_2025_11_26_15_14_35.cfa,1391,2025-11-26T15:15:43.633Z,recv,f4:db:00:00:00:d9,0x13,Write-Rsp,,,0,
hci_snoop_2025_11_26_15_14_35.cfa,1392,2025-11-26T15:15:43.667Z,sent,f4:db:00:00:00:d9,0x12,Write-Req,0x0021,07 D4 01 00 00 03,6,0x07
hci_snoop_2025_11_26_15_14_35.cfa,1394,2025-11-26T15:15:43.813Z,recv,f4:db:00:00:00:d9,0x1B,Notify,0x0024,07 D4 01 00 00 03 4D 01 4F 01 50 01 26 04 24 04 23 04 00 00,20,0x07
hci_snoop_2025_11_26_15_14_35.cfa,1395,2025-11-26T15:15:43.903Z,recv,f4:db:00:00:00:d9,0x13,Write-Rsp,,,0,
hci_snoop_2025_11_26_15_14_35.cfa,1396,2025-11-26T15:15:43.934Z,sent,f4:db:00:00:00:d9,0x12,Write-Req,0x0021,07 D7 01 00 00 03,6,0x07
hci_snoop_2025_11_26_15_14_35.cfa,1398,2025-11-26T15:15:44.085Z,recv,f4:db:00:00:00:d9,0x1B,Notify,0x0024,07 D7 01 00 00 03 51 01 52 01 51 01 25 04 23 04 1D 04 00 00,20,0x07
hci_snoop_2025_11_26_15_14_35.cfa,1399,2025-11-26T15:15:44.173Z,recv,f4:db:00:00:00:d9,0x13,Write-Rsp,,,0,
hci_snoop_2025_11_26_15_14_35.cfa,1400,2025-11-26T15:15:44.199Z,sent,f4:db:00:00:00:d9,0x12,Write-Req,0x0021,07 DA 01 00 00 03,6,0x07
hci_snoop_2025_11_26_15_14_35.cfa,1402,2025-11-26T15:15:44.354Z,recv,f4:db:00:00:00:d9,0x1B,Notify,0x0024,07 DA 01 00 00 03 4E 01 4D 01 4B 01 23 04 25 04 27 04 00 00,20,0x07
hci_snoop_2025_11_26_15_14_35.cfa,1403,2025-11-26T15:15:44.443Z,recv,f4:db:00:00:00:d9,0x13,Write-Rsp,,,0,
hci_snoop_2025_11_26_15_14_35.cfa,1404,2025-11-26T15:15:44.468Z,sent,f4:db:00:00:00:d9,0x12,Write-Req,0x0021,07 DD 01 00 00 03,6,0x07
hci_snoop_2025_11_26_15_14_35.cfa,1406,2025-11-26T15:15:44.623Z,recv,f4:db:00:00:00:d9,0x1B,Notify,0x0024,07 DD 01 00 00 03 4B 01 4A 01 49 01 29 04 2A 04 2C 04 00 00,20,0x07
hci_snoop_2025_11_26_15_14_35.cfa,1407,2025-11-26T15:15:44.715Z,recv,f4:db:00:00:00:d9,0x13,Write-Rsp,,,0,
hci_snoop_2025_11_26_15_14_35.cfa,1408,2025-11-26T15:15:44.750Z,sent,f4:db:00:00:00:d9,0x12,Write-Req,0x0021,07 E0 01 00 00 03,6,0x07
hci_snoop_2025_11_26_15_14_35.cfa,1410,2025-11-26T15:15:44.894Z,recv,f4:db:00:00:00:d9,0x1B,Notify,0x0024,07 E0 01 00 00 03 49 01 49 01 49 01 2D 04 2E 04 30 04 00 00,20,0x07
hci_snoop_2025_11_26_15_14_35.cfa,1411,2025-11-26T15:15:44.984Z,recv,f4:db:00:00:00:d9,0x13,Write-Rsp,,,0,
hci_snoop_2025_11_26_15_14_35.cfa,1412,2025-11-26T15:15:45.017Z,sent,f4:db:00:00:00:d9,0x12,Write-Req,0x0021,07 E3 01 00 00 03,6,0x07
hci_snoop_2025_11_26_15_14_35.cfa,1414,2025-11-26T15:15:45.163Z,recv,f4:db:00:00:00:d9,0x1B,Notify,0x0024,07 E3 01 00 00 03 49 01 49 01 49 01 31 04 32 04 32 04 00 00,20,0x07
hci_snoop_2025_11_26_15_14_35.cfa,1415,2025-11-26T15:15:45.253Z,recv,f4:db:00:00:00:d9,0x13,Write-Rsp,,,0,
hci_snoop_2025_11_26_15_14_35.cfa,1416,2025-11-26T15:15:45.284Z,sent,f4:db:00:00:00:d9,0x12,Write-Req,0x0021,07 E6 01 00 00 03,6,0x07
hci_snoop_2025_11_26_15_14_35.cfa,1418,2025-11-26T15:15:45.433Z,recv,f4:db:00:00:00:d9,0x1B,Notify,0x0024,07 E6 01 00 00 03 4A 01 4A 01 4A 01 33 04 33 04 33 04 00 00,20,0x07
hci_snoop_2025_11_26_15_14_35.cfa,1419,2025-11-26T15:15:45.523Z,recv,f4:db:00:00:00:d9,0x13,Write-Rsp,,,0,
hci_snoop_2025_11_26_15_14_35.cfa,1420,2025-11-26T15:15:45.551Z,sent,f4:db:00:00:00:d9,0x12,Write-Req,0x0021,07 E9 01 00 00 03,6,0x07
hci_snoop_2025_11_26_15_14_35.cfa,1422,2025-11-26T15:15:45.704Z,recv,f4:db:00:00:00:d9,0x1B,Notify,0x0024,07 E9 01 00 00 03 4B 01 4B 01 4B 01 33 04 33 04 33 04 00 00,20,0x07
hci_snoop_2025_11_26_15_14_35.cfa,1423,2025-11-26T15:15:45.794Z,recv,f4:db:00:00:00:d9,0x13,Write-Rsp,,,0,
hci_snoop_2025_11_26_15_14_35.cfa,1424,2025-11-26T15:15:45.817Z,sent,f4:db:00:00:00:d9,0x12,Write-Req,0x0021,07 EC 01 00 00 03,6,0x07
hci_snoop_2025_11_26_15_14_35.cfa,1426,2025-11-26T15:15:45.974Z,recv,f4:db:00:00:00:d9,0x1B,Notify,0x0024,07 EC 01 00 00 03 4B 01 4C 01 4C 01 32 04 32 04 32 04 00 00,20,0x07
hci_snoop_2025_11_26_15_14_35.cfa,1427,2025-11-26T15:15:46.063Z,recv,f4:db:00:00:00:d9,0x13,Write-Rsp,,,0,
hci_snoop_2025_11_26_15_14_35.cfa,1428,2025-11-26T15:15:46.101Z,sent,f4:db:00:00:00:d9,0x12,Write-Req,0x0021,07 EF 01 00 00 03,6,0x07
hci_snoop_2025_11_26_15_14_35.cfa,1430,2025-11-26T15:15:46.243Z,recv,f4:db:00:00:00:d9,0x1B,Notify,0x0024,07 EF 01 00 00 03 4C 01 4D 01 4D 01 31 04 31 04 31 04 00 00,20,0x07
hci_snoop_2025_11_26_15_14_35.cfa,1431,2025-11-26T15:15:46.335Z,recv,f4:db:00:00:00:d9,0x13,Write-Rsp,,,0,
hci_snoop_2025_11_26_15_14_35.cfa,1432,2025-11-26T15:15:46.369Z,sent,f4:db:00:00:00:d9,0x12,Write-Req,0x0021,07 F2 01 00 00 03,6,0x07
hci_snoop_2025_11_26_15_14_35.cfa,1434,2025-11-26T15:15:46.513Z,recv,f4:db:00:00:00:d9,0x1B,Notify,0x0024,07 F2 01 00 00 03 4E 01 4E 01 4E 01 30 04 2F 04 2F 04 00 00,20,0x07
hci_snoop_2025_11_26_15_14_35.cfa,1435,2025-11-26T15:15:46.604Z,recv,f4:db:00:00:00:d9,0x13,Write-Rsp,,,0,
hci_snoop_2025_11_26_15_14_35.cfa,1436,2025-11-26T15:15:46.634Z,sent,f4:db:00:00:00:d9,0x12,Write-Req,0x0021,07 F5 01 00 00 03,6,0x07
hci_snoop_2025_11_26_15_14_35.cfa,1438,2025-11-26T15:15:46.784Z,recv,f4:db:00:00:00:d9,0x1B,Notify,0x0024,07 F5 01 00 00 03 4E 01 4E 01 4E 01 2F 04 2E 04 2E 04 00 00,20,0x07
hci_snoop_2025_11_26_15_14_35.cfa,1439,2025-11-26T15:15:46.873Z,recv,f4:db:00:00:00:d9,0x13,Write-Rsp,,,0,
hci_snoop_2025_11_26_15_14_35.cfa,1440,2025-11-26T15:15:46.902Z,sent,f4:db:00:00:00:d9,0x12,Write-Req,0x0021,07 F8 01 00 00 03,6,0x07
hci_snoop_2025_11_26_15_14_35.cfa,1442,2025-11-26T15:15:47.054Z,recv,f4:db:00:00:00:d9,0x1B,Notify,0x0024,07 F8 01 00 00 03 4E 01 4E 01 4E 01 2E 04 2F 04 2F 04 00 00,20,0x07
hci_snoop_2025_11_26_15_14_35.cfa,1443,2025-11-26T15:15:47.143Z,recv,f4:db:00:00:00:d9,0x13,Write-Rsp,,,0,
hci_snoop_2025_11_26_15_14_35.cfa,1444,2025-11-26T15:15:47.167Z,sent,f4:db:00:00:00:d9,0x12,Write-Req,0x0021,07 FB 01 00 00 03,6,0x07
hci_snoop_2025_11_26_15_14_35.cfa,1446,2025-11-26T15:15:47.323Z,recv,f4:db:00:00:00:d9,0x1B,Notify,0x0024,07 FB 01 00 00 03 4E 01 4E 01 4D 01 2F 04 2F 04 2F 04 00 00,20,0x07
hci_snoop_2025_11_26_15_14_35.cfa,1447,2025-11-26T15:15:47.413Z,recv,f4:db:00:00:00:d9,0x13,Write-Rsp,,,0,
hci_snoop_2025_11_26_15_14_35.cfa,1448,2025-11-26T15:15:47.435Z,sent,f4:db:00:00:00:d9,0x12,Write-Req,0x0021,07 FE 01 00 00 03,6,0x07
hci_snoop_2025_11_26_15_14_35.cfa,1450,2025-11-26T15:15:47.594Z,recv,f4:db:00:00:00:d9,0x1B,Notify,0x0024,07 FE 01 00 00 03 4D 01 4D 01 4C 01 2F 04 2F 04 2F 04 00 00,20,0x07
hci_snoop_2025_11_26_15_14_35.cfa,1451,2025-11-26T15:15:47.683Z,recv,f4:db:00:00:00:d9,0x13,Write-Rsp,,,0,
hci_snoop_2025_11_26_15_14_35.cfa,1452,2025-11-26T15:15:47.716Z,sent,f4:db:00:00:00:d9,0x12,Write-Req,0x0021,07 01 02 00 00 03,6,0x07
hci_snoop_2025_11_26_15_14_35.cfa,1454,2025-11-26T15:15:47.863Z,recv,f4:db:00:00:00:d9,0x1B,Notify,0x0024,07 01 02 00 00 03 4C 01 4C 01 4C 01 30 04 30 04 30 04 00 00,20,0x07
hci_snoop_2025_11_26_15_14_35.cfa,1455,2025-11-26T15:15:47.953Z,recv,f4:db:00:00:00:d9,0x13,Write-Rsp,,,0,
hci_snoop_2025_11_26_15_14_35.cfa,1456,2025-11-26T15:15:47.986Z,sent,f4:db:00:00:00:d9,0x12,Write-Req,0x0021,07 04 02 00 00 03,6,0x07
hci_snoop_2025_11_26_15_14_35.cfa,1458,2025-11-26T15:15:48.135Z,recv,f4:db:00:00:00:d9,0x1B,Notify,0x0024,07 04 02 00 00 03 4C 01 4C 01 4C 01 30 04 30 04 30 04 00 00,20,0x07
hci_snoop_2025_11_26_15_14_35.cfa,1459,2025-11-26T15:15:48.223Z,recv,f4:db:00:00:00:d9,0x13,Write-Rsp,,,0,
hci_snoop_2025_11_26_15_14_35.cfa,1460,2025-11-26T15:15:48.251Z,sent,f4:db:00:00:00:d9,0x12,Write-Req,0x0021,07 07 02 00 00 03,6,0x07
hci_snoop_2025_11_26_15_14_35.cfa,1462,2025-11-26T15:15:48.404Z,recv,f4:db:00:00:00:d9,0x1B,Notify,0x0024,07 07 02 00 00 03 4C 01 4C 01 4C 01 30 04 30 04 30 04 00 00,20,0x07
hci_snoop_2025_11_26_15_14_35.cfa,1463,2025-11-26T15:15:48.493Z,recv,f4:db:00:00:00:d9,0x13,Write-Rsp,,,0,
hci_snoop_2025_11_26_15_14_35.cfa,1464,2025-11-26T15:15:48.517Z,sent,f4:db:00:00:00:d9,0x12,Write-Req,0x0021,07 0A 02 00 00 03,6,0x07
hci_snoop_2025_11_26_15_14_35.cfa,1466,2025-11-26T15:15:48.673Z,recv,f4:db:00:00:00:d9,0x1B,Notify,0x0024,07 0A 02 00 00 03 4B 01 4C 01 4B 01 30 04 31 04 31 04 00 00,20,0x07
hci_snoop_2025_11_26_15_14_35.cfa,1467,2025-11-26T15:15:48.763Z,recv,f4:db:00:00:00:d9,0x13,Write-Rsp,,,0,
hci_snoop_2025_11_26_15_14_35.cfa,1468,2025-11-26T15:15:48.801Z,sent,f4:db:00:00:00:d9,0x12,Write-Req,0x0021,07 0D 02 00 00 03,6,0x07
hci_snoop_2025_11_26_15_14_35.cfa,1470,2025-11-26T15:15:48.943Z,recv,f4:db:00:00:00:d9,0x1B,Notify,0x0024,07 0D 02 00 00 03 4C 01 4C 01 4C 01 31 04 31 04 31 04 00 00,20,0x07
hci_snoop_2025_11_26_15_14_35.cfa,1471,2025-11-26T15:15:49.033Z,recv,f4:db:00:00:00:d9,0x13,Write-Rsp,,,0,
hci_snoop_2025_11_26_15_14_35.cfa,1472,2025-11-26T15:15:49.067Z,sent,f4:db:00:00:00:d9,0x12,Write-Req,0x0021,07 10 02 00 00 03,6,0x07
hci_snoop_2025_11_26_15_14_35.cfa,1474,2025-11-26T15:15:49.214Z,recv,f4:db:00:00:00:d9,0x1B,Notify,0x0024,07 10 02 00 00 03 4C 01 4C 01 4C 01 31 04 30 04 2F 04 00 00,20,0x07
hci_snoop_2025_11_26_15_14_35.cfa,1475,2025-11-26T15:15:49.303Z,recv,f4:db:00:00:00:d9,0x13,Write-Rsp,,,0,
hci_snoop_2025_11_26_15_14_35.cfa,1476,2025-11-26T15:15:49.335Z,sent,f4:db:00:00:00:d9,0x12,Write-Req,0x0021,07 13 02 00 00 03,6,0x07
hci_snoop_2025_11_26_15_14_35.cfa,1478,2025-11-26T15:15:49.484Z,recv,f4:db:00:00:00:d9,0x1B,Notify,0x0024,07 13 02 00 00 03 4C 01 4D 01 4F 01 2F 04 31 04 2A 04 00 00,20,0x07
hci_snoop_2025_11_26_15_14_35.cfa,1479,2025-11-26T15:15:49.573Z,recv,f4:db:00:00:00:d9,0x13,Write-Rsp,,,0,
hci_snoop_2025_11_26_15_14_35.cfa,1480,2025-11-26T15:15:49.601Z,sent,f4:db:00:00:00:d9,0x12,Write-Req,0x0021,07 16 02 00 00 03,6,0x07
hci_snoop_2025_11_26_15_14_35.cfa,1482,2025-11-26T15:15:49.753Z,recv,f4:db:00:00:00:d9,0x1B,Notify,0x0024,07 16 02 00 00 03 3A 01 42 01 46 01 5A 03 85 03 A0 03 00 00,20,0x07
hci_snoop_2025_11_26_15_14_35.cfa,1483,2025-11-26T15:15:49.843Z,recv,f4:db:00:00:00:d9,0x13,Write-Rsp,,,0,
hci_snoop_2025_11_26_15_14_35.cfa,1484,2025-11-26T15:15:49.868Z,sent,f4:db:00:00:00:d9,0x12,Write-Req,0x0021,07 19 02 00 00 03,6,0x07
hci_snoop_2025_11_26_15_14_35.cfa,1486,2025-11-26T15:15:50.023Z,recv,f4:db:00:00:00:d9,0x1B,Notify,0x0024,07 19 02 00 00 03 4A 01 4C 01 4D 01 AE 03 B7 03 BD 03 00 00,20,0x07
hci_snoop_2025_11_26_15_14_35.cfa,1487,2025-11-26T15:15:50.115Z,recv,f4:db:00:00:00:d9,0x13,Write-Rsp,,,0,
hci_snoop_2025_11_26_15_14_35.cfa,1488,2025-11-26T15:15:50.149Z,sent,f4:db:00:00:00:d9,0x12,Write-Req,0x0021,07 1C 02 00 00 03,6,0x07
hci_snoop_2025_11_26_15_14_35.cfa,1490,2025-11-26T15:15:50.293Z,recv,f4:db:00:00:00:d9,0x1B,Notify,0x0024,07 1C 02 00 00 03 4E 01 50 01 54 01 C2 03 C5 03 C9 03 00 00,20,0x07
hci_snoop_2025_11_26_15_14_35.cfa,1491,2025-11-26T15:15:50.383Z,recv,f4:db:00:00:00:d9,0x13,Write-Rsp,,,0,
hci_snoop_2025_11_26_15_14_35.cfa,1492,2025-11-26T15:15:50.418Z,sent,f4:db:00:00:00:d9,0x12,Write-Req,0x0021,07 1F 02 00 00 03,6,0x07
hci_snoop_2025_11_26_15_14_35.cfa,1494,2025-11-26T15:15:50.563Z,recv,f4:db:00:00:00:d9,0x1B,Notify,0x0024,07 1F 02 00 00 03 58 01 5A 01 5D 01 CF 03 D1 03 D2 03 00 00,20,0x07
hci_snoop_2025_11_26_15_14_35.cfa,1495,2025-11-26T15:15:50.654Z,recv,f4:db:00:00:00:d9,0x13,Write-Rsp,,,0,
hci_snoop_2025_11_26_15_14_35.cfa,1496,2025-11-26T15:15:50.683Z,sent,f4:db:00:00:00:d9,0x12,Write-Req,0x0021,07 22 02 00 00 03,6,0x07
hci_snoop_2025_11_26_15_14_35.cfa,1498,2025-11-26T15:15:50.833Z,recv,f4:db:00:00:00:d9,0x1B,Notify,0x0024,07 22 02 00 00 03 5C 01 5C 01 5D 01 C6 03 C6 03 C9 03 00 00,20,0x07
hci_snoop_2025_11_26_15_14_35.cfa,1499,2025-11-26T15:15:50.923Z,recv,f4:db:00:00:00:d9,0x13,Write-Rsp,,,0,
hci_snoop_2025_11_26_15_14_35.cfa,1500,2025-11-26T15:15:50.951Z,sent,f4:db:00:00:00:d9,0x12,Write-Req,0x0021,07 25 02 00 00 03,6,0x07
hci_snoop_2025_11_26_15_14_35.cfa,1502,2025-11-26T15:15:51.104Z,recv,f4:db:00:00:00:d9,0x1B,Notify,0x0024,07 25 02 00 00 03 5C 01 5E 01 5E 01 CB 03 D3 03 D5 03 00 00,20,0x07
hci_snoop_2025_11_26_15_14_35.cfa,1503,2025-11-26T15:15:51.193Z,recv,f4:db:00:00:00:d9,0x13,Write-Rsp,,,0,
hci_snoop_2025_11_26_15_14_35.cfa,1504,2025-11-26T15:15:51.216Z,sent,f4:db:00:00:00:d9,0x12,Write-Req,0x0021,07 28 02 00 00 03,6,0x07
hci_snoop_2025_11_26_15_14_35.cfa,1506,2025-11-26T15:15:51.374Z,recv,f4:db:00:00:00:d9,0x1B,Notify,0x0024,07 28 02 00 00 03 62 01 65 01 67 01 D7 03 CF 03 CD 03 00 00,20,0x07
hci_snoop_2025_11_26_15_14_35.cfa,1507,2025-11-26T15:15:51.467Z,recv,f4:db:00:00:00:d9,0x13,Write-Rsp,,,0,
hci_snoop_2025_11_26_15_14_35.cfa,1508,2025-11-26T15:15:51.500Z,sent,f4:db:00:00:00:d9,0x12,Write-Req,0x0021,07 2B 02 00 00 03,6,0x07
hci_snoop_2025_11_26_15_14_35.cfa,1510,2025-11-26T15:15:51.644Z,recv,f4:db:00:00:00:d9,0x1B,Notify,0x0024,07 2B 02 00 00 03 66 01 67 01 67 01 D1 03 D0 03 D2 03 00 00,20,0x07
hci_snoop_2025_11_26_15_14_35.cfa,1511,2025-11-26T15:15:51.735Z,recv,f4:db:00:00:00:d9,0x13,Write-Rsp,,,0,
hci_snoop_2025_11_26_15_14_35.cfa,1512,2025-11-26T15:15:51.767Z,sent,f4:db:00:00:00:d9,0x12,Write-Req,0x0021,07 2E 02 00 00 03,6,0x07
hci_snoop_2025_11_26_15_14_35.cfa,1514,2025-11-26T15:15:51.914Z,recv,f4:db:00:00:00:d9,0x1B,Notify,0x0024,07 2E 02 00 00 03 63 01 60 01 5E 01 DA 03 E3 03 EB 03 00 00,20,0x07
hci_snoop_2025_11_26_15_14_35.cfa,1515,2025-11-26T15:15:52.003Z,recv,f4:db:00:00:00:d9,0x13,Write-Rsp,,,0,
hci_snoop_2025_11_26_15_14_35.cfa,1516,2025-11-26T15:15:52.035Z,sent,f4:db:00:00:00:d9,0x12,Write-Req,0x0021,07 31 02 00 00 03,6,0x07
hci_snoop_2025_11_26_15_14_35.cfa,1518,2025-11-26T15:15:52.186Z,recv,f4:db:00:00:00:d9,0x1B,Notify,0x0024,07 31 02 00 00 03 5D 01 5D 01 5E 01 F1 03 F5 03 FA 03 00 00,20,0x07
hci_snoop_2025_11_26_15_14_35.cfa,1519,2025-11-26T15:15:52.273Z,recv,f4:db:00:00:00:d9,0x13,Write-Rsp,,,0,
hci_snoop_2025_11_26_15_14_35.cfa,1520,2025-11-26T15:15:52.300Z,sent,f4:db:00:00:00:d9,0x12,Write-Req,0x0021,07 34 02 00 00 03,6,0x07
hci_snoop_2025_11_26_15_14_35.cfa,1522,2025-11-26T15:15:52.454Z,recv,f4:db:00:00:00:d9,0x1B,Notify,0x0024,07 34 02 00 00 03 5D 01 5B 01 5C 01 F9 03 5B 03 90 03 00 00,20,0x07
hci_snoop_2025_11_26_15_14_35.cfa,1523,2025-11-26T15:15:52.543Z,recv,f4:db:00:00:00:d9,0x13,Write-Rsp,,,0,
hci_snoop_2025_11_26_15_14_35.cfa,1524,2025-11-26T15:15:52.567Z,sent,f4:db:00:00:00:d9,0x12,Write-Req,0x0021,07 37 02 00 00 03,6,0x07
hci_snoop_2025_11_26_15_14_35.cfa,1526,2025-11-26T15:15:52.724Z,recv,f4:db:00:00:00:d9,0x1B,Notify,0x0024,07 37 02 00 00 03 5E 01 5F 01 5F 01 A6 03 AD 03 BA 03 00 00,20,0x07
hci_snoop_2025_11_26_15_14_35.cfa,1527,2025-11-26T15:15:52.903Z,recv,f4:db:00:00:00:d9,0x13,Write-Rsp,,,0,
hci_snoop_2025_11_26_15_14_35.cfa,1528,2025-11-26T15:15:52.935Z,sent,f4:db:00:00:00:d9,0x12,Write-Req,0x0021,07 3A 02 00 00 03,6,0x07
hci_snoop_2025_11_26_15_14_35.cfa,1530,2025-11-26T15:15:53.173Z,recv,f4:db:00:00:00:d9,0x1B,Notify,0x0024,07 3A 02 00 00 03 61 01 63 01 64 01 BC 03 BE 03 C1 03 00 00,20,0x07
hci_snoop_2025_11_26_15_14_35.cfa,1531,2025-11-26T15:15:53.264Z,recv,f4:db:00:00:00:d9,0x13,Write-Rsp,,,0,
hci_snoop_2025_11_26_15_14_35.cfa,1532,2025-11-26T15:15:53.303Z,sent,f4:db:00:00:00:d9,0x12,Write-Req,0x0021,07 3D 02 00 00 03,6,0x07
hci_snoop_2025_11_26_15_14_35.cfa,1534,2025-11-26T15:15:53.443Z,recv,f4:db:00:00:00:d9,0x1B,Notify,0x0024,07 3D 02 00 00 03 66 01 68 01 68 01 C1 03 C2 03 C3 03 00 00,20,0x07
hci_snoop_2025_11_26_15_14_35.cfa,1535,2025-11-26T15:15:53.537Z,recv,f4:db:00:00:00:d9,0x13,Write-Rsp,,,0,
hci_snoop_2025_11_26_15_14_35.cfa,1536,2025-11-26T15:15:53.568Z,sent,f4:db:00:00:00:d9,0x12,Write-Req,0x0021,07 40 02 00 00 03,6,0x07
hci_snoop_2025_11_26_15_14_35.cfa,1538,2025-11-26T15:15:53.714Z,recv,f4:db:00:00:00:d9,0x1B,Notify,0x0024,07 40 02 00 00 03 69 01 69 01 68 01 C6 03 C7 03 C6 03 00 00,20,0x07
hci_snoop_2025_11_26_15_14_35.cfa,1539,2025-11-26T15:15:53.806Z,recv,f4:db:00:00:00:d9,0x13,Write-Rsp,,,0,
hci_snoop_2025_11_26_15_14_35.cfa,1540,2025-11-26T15:15:53.832Z,sent,f4:db:00:00:00:d9,0x12,Write-Req,0x0021,07 43 02 00 00 03,6,0x07
hci_snoop_2025_11_26_15_14_35.cfa,1542,2025-11-26T15:15:53.984Z,recv,f4:db:00:00:00:d9,0x1B,Notify,0x0024,07 43 02 00 00 03 65 01 65 01 65 01 9D 03 B2 03 BC 03 00 00,20,0x07
hci_snoop_2025_11_26_15_14_35.cfa,1543,2025-11-26T15:15:54.073Z,recv,f4:db:00:00:00:d9,0x13,Write-Rsp,,,0,
hci_snoop_2025_11_26_15_14_35.cfa,1544,2025-11-26T15:15:54.100Z,sent,f4:db:00:00:00:d9,0x12,Write-Req,0x0021,07 46 02 00 00 03,6,0x07
hci_snoop_2025_11_26_15_14_35.cfa,1546,2025-11-26T15:15:54.254Z,recv,f4:db:00:00:00:d9,0x1B,Notify,0x0024,07 46 02 00 00 03 65 01 63 01 60 01 C1 03 C7 03 CF 03 00 00,20,0x07
hci_snoop_2025_11_26_15_14_35.cfa,1547,2025-11-26T15:15:54.343Z,recv,f4:db:00:00:00:d9,0x13,Write-Rsp,,,0,
hci_snoop_2025_11_26_15_14_35.cfa,1548,2025-11-26T15:15:54.367Z,sent,f4:db:00:00:00:d9,0x12,Write-Req,0x0021,07 49 02 00 00 03,6,0x07
hci_snoop_2025_11_26_15_14_35.cfa,1550,2025-11-26T15:15:54.524Z,recv,f4:db:00:00:00:d9,0x1B,Notify,0x0024,07 49 02 00 00 03 5E 01 5A 01 59 01 D7 03 D3 03 D7 03 00 00,20,0x07
hci_snoop_2025_11_26_15_14_35.cfa,1551,2025-11-26T15:15:54.613Z,recv,f4:db:00:00:00:d9,0x13,Write-Rsp,,,0,
hci_snoop_2025_11_26_15_14_35.cfa,1552,2025-11-26T15:15:54.651Z,sent,f4:db:00:00:00:d9,0x12,Write-Req,0x0021,07 4C 02 00 00 03,6,0x07
hci_snoop_2025_11_26_15_14_35.cfa,1554,2025-11-26T15:15:54.794Z,recv,f4:db:00:00:00:d9,0x1B,Notify,0x0024,07 4C 02 00 00 03 57 01 55 01 54 01 DD 03 E3 03 E9 03 00 00,20,0x07
hci_snoop_2025_11_26_15_14_35.cfa,1555,2025-11-26T15:15:54.883Z,recv,f4:db:00:00:00:d9,0x13,Write-Rsp,,,0,
hci_snoop_2025_11_26_15_14_35.cfa,1556,2025-11-26T15:15:54.919Z,sent,f4:db:00:00:00:d9,0x12,Write-Req,0x0021,07 4F 02 00 00 03,6,0x07
hci_snoop_2025_11_26_15_14_35.cfa,1558,2025-11-26T15:15:55.064Z,recv,f4:db:00:00:00:d9,0x1B,Notify,0x0024,07 4F 02 00 00 03 52 01 51 01 50 01 EF 03 F4 03 F8 03 00 00,20,0x07
hci_snoop_2025_11_26_15_14_35.cfa,1559,2025-11-26T15:15:55.153Z,recv,f4:db:00:00:00:d9,0x13,Write-Rsp,,,0,
hci_snoop_2025_11_26_15_14_35.cfa,1560,2025-11-26T15:15:55.185Z,sent,f4:db:00:00:00:d9,0x12,Write-Req,0x0021,07 52 02 00 00 03,6,0x07
hci_snoop_2025_11_26_15_14_35.cfa,1562,2025-11-26T15:15:55.333Z,recv,f4:db:00:00:00:d9,0x1B,Notify,0x0024,07 52 02 00 00 03 4F 01 4F 01 4E 01 FD 03 01 04 04 04 00 00,20,0x07
hci_snoop_2025_11_26_15_14_35.cfa,1563,2025-11-26T15:15:55.423Z,recv,f4:db:00:00:00:d9,0x13,Write-Rsp,,,0,
hci_snoop_2025_11_26_15_14_35.cfa,1564,2025-11-26T15:15:55.449Z,sent,f4:db:00:00:00:d9,0x12,Write-Req,0x0021,07 55 02 00 00 03,6,0x07
hci_snoop_2025_11_26_15_14_35.cfa,1566,2025-11-26T15:15:55.605Z,recv,f4:db:00:00:00:d9,0x1B,Notify,0x0024,07 55 02 00 00 03 4E 01 4D 01 4D 01 07 04 0B 04 0E 04 00 00,20,0x07
hci_snoop_2025_11_26_15_14_35.cfa,1567,2025-11-26T15:15:55.693Z,recv,f4:db:00:00:00:d9,0x13,Write-Rsp,,,0,
hci_snoop_2025_11_26_15_14_35.cfa,1568,2025-11-26T15:15:55.715Z,sent,f4:db:00:00:00:d9,0x12,Write-Req,0x0021,07 58 02 00 00 03,6,0x07
hci_snoop_2025_11_26_15_14_35.cfa,1570,2025-11-26T15:15:55.874Z,recv,f4:db:00:00:00:d9,0x1B,Notify,0x0024,07 58 02 00 00 03 4C 01 4C 01 4C 01 11 04 15 04 18 04 00 00,20,0x07
hci_snoop_2025_11_26_15_14_35.cfa,1571,2025-11-26T15:15:55.963Z,recv,f4:db:00:00:00:d9,0x13,Write-Rsp,,,0,
hci_snoop_2025_11_26_15_14_35.cfa,1572,2025-11-26T15:15:56.003Z,sent,f4:db:00:00:00:d9,0x12,Write-Req,0x0021,07 5B 02 00 00 03,6,0x07
hci_snoop_2025_11_26_15_14_35.cfa,1574,2025-11-26T15:15:56.143Z,recv,f4:db:00:00:00:d9,0x1B,Notify,0x0024,07 5B 02 00 00 03 4C 01 4C 01 4D 01 1B 04 1E 04 23 04 00 00,20,0x07
hci_snoop_2025_11_26_15_14_35.cfa,1575,2025-11-26T15:15:56.237Z,recv,f4:db:00:00:00:d9,0x13,Write-Rsp,,,0,
hci_snoop_2025_11_26_15_14_35.cfa,1576,2025-11-26T15:15:56.268Z,sent,f4:db:00:00:00:d9,0x12,Write-Req,0x0021,07 5E 02 00 00 03,6,0x07
hci_snoop_2025_11_26_15_14_35.cfa,1578,2025-11-26T15:15:56.414Z,recv,f4:db:00:00:00:d9,0x1B,Notify,0x0024,07 5E 02 00 00 03 50 01 54 01 58 01 23 04 1D 04 1A 04 00 00,20,0x07
hci_snoop_2025_11_26_15_14_35.cfa,1579,2025-11-26T15:15:56.503Z,recv,f4:db:00:00:00:d9,0x13,Write-Rsp,,,0,
hci_snoop_2025_11_26_15_14_35.cfa,1580,2025-11-26T15:15:56.533Z,sent,f4:db:00:00:00:d9,0x12,Write-Req,0x0021,07 61 02 00 00 03,6,0x07
hci_snoop_2025_11_26_15_14_35.cfa,1582,2025-11-26T15:15:56.685Z,recv,f4:db:00:00:00:d9,0x1B,Notify,0x0024,07 61 02 00 00 03 5D 01 61 01 67 01 13 04 0B 04 0B 04 00 00,20,0x07
hci_snoop_2025_11_26_15_14_35.cfa,1583,2025-11-26T15:15:56.773Z,recv,f4:db:00:00:00:d9,0x13,Write-Rsp,,,0,
hci_snoop_2025_11_26_15_14_35.cfa,1584,2025-11-26T15:15:56.801Z,sent,f4:db:00:00:00:d9,0x12,Write-Req,0x0021,07 64 02 00 00 03,6,0x07
hci_snoop_2025_11_26_15_14_35.cfa,1586,2025-11-26T15:15:56.953Z,recv,f4:db:00:00:00:d9,0x1B,Notify,0x0024,07 64 02 00 00 03 6B 01 6D 01 6F 01 FD 03 F6 03 F2 03 00 00,20,0x07
hci_snoop_2025_11_26_15_14_35.cfa,1587,2025-11-26T15:15:57.043Z,recv,f4:db:00:00:00:d9,0x13,Write-Rsp,,,0,
hci_snoop_2025_11_26_15_14_35.cfa,1588,2025-11-26T15:15:57.068Z,sent,f4:db:00:00:00:d9,0x12,Write-Req,0x0021,07 67 02 00 00 03,6,0x07
hci_snoop_2025_11_26_15_14_35.cfa,1590,2025-11-26T15:15:57.223Z,recv,f4:db:00:00:00:d9,0x1B,Notify,0x0024,07 67 02 00 00 03 72 01 73 01 73 01 F3 03 ED 03 ED 03 00 00,20,0x07
hci_snoop_2025_11_26_15_14_35.cfa,1591,2025-11-26T15:15:57.410Z,recv,f4:db:00:00:00:d9,0x13,Write-Rsp,,,0,
hci_snoop_2025_11_26_15_14_35.cfa,1592,2025-11-26T15:15:57.436Z,sent,f4:db:00:00:00:d9,0x12,Write-Req,0x0021,07 6A 02 00 00 03,6,0x07
hci_snoop_2025_11_26_15_14_35.cfa,1594,2025-11-26T15:15:57.585Z,recv,f4:db:00:00:00:d9,0x1B,Notify,0x0024,07 6A 02 00 00 03 71 01 6D 01 69 01 EE 03 F0 03 F5 03 00 00,20,0x07
hci_snoop_2025_11_26_15_14_35.cfa,1595,2025-11-26T15:15:57.673Z,recv,f4:db:00:00:00:d9,0x13,Write-Rsp,,,0,
hci_snoop_2025_11_26_15_14_35.cfa,1596,2025-11-26T15:15:57.702Z,sent,f4:db:00:00:00:d9,0x12,Write-Req,0x0021,07 6D 02 00 00 03,6,0x07
hci_snoop_2025_11_26_15_14_35.cfa,1598,2025-11-26T15:15:57.853Z,recv,f4:db:00:00:00:d9,0x1B,Notify,0x0024,07 6D 02 00 00 03 67 01 64 01 62 01 FA 03 FF 03 04 04 00 00,20,0x07
hci_snoop_2025_11_26_15_14_35.cfa,1599,2025-11-26T15:15:57.943Z,recv,f4:db:00:00:00:d9,0x13,Write-Rsp,,,0,
hci_snoop_2025_11_26_15_14_35.cfa,1600,2025-11-26T15:15:57.967Z,sent,f4:db:00:00:00:d9,0x12,Write-Req,0x0021,07 70 02 00 00 03,6,0x07
hci_snoop_2025_11_26_15_14_35.cfa,1602,2025-11-26T15:15:58.123Z,recv,f4:db:00:00:00:d9,0x1B,Notify,0x0024,07 70 02 00 00 03 60 01 5E 01 5D 01 08 04 0C 04 10 04 00 00,20,0x07
hci_snoop_2025_11_26_15_14_35.cfa,1603,2025-11-26T15:15:58.213Z,recv,f4:db:00:00:00:d9,0x13,Write-Rsp,,,0,
hci_snoop_2025_11_26_15_14_35.cfa,1604,2025-11-26T15:15:58.250Z,sent,f4:db:00:00:00:d9,0x12,Write-Req,0x0021,07 73 02 00 00 03,6,0x07
hci_snoop_2025_11_26_15_14_35.cfa,1606,2025-11-26T15:15:58.394Z,recv,f4:db:00:00:00:d9,0x1B,Notify,0x0024,07 73 02 00 00 03 5B 01 5A 01 59 01 14 04 16 04 1A 04 00 00,20,0x07
hci_snoop_2025_11_26_15_14_35.cfa,1607,2025-11-26T15:15:58.485Z,recv,f4:db:00:00:00:d9,0x13,Write-Rsp,,,0,
hci_snoop_2025_11_26_15_14_35.cfa,1608,2025-11-26T15:15:58.515Z,sent,f4:db:00:00:00:d9,0x12,Write-Req,0x0021,07 76 02 00 00 03,6,0x07
hci_snoop_2025_11_26_15_14_35.cfa,1610,2025-11-26T15:15:58.665Z,recv,f4:db:00:00:00:d9,0x1B,Notify,0x0024,07 76 02 00 00 03 58 01 57 01 56 01 1D 04 1F 04 22 04 00 00,20,0x07
hci_snoop_2025_11_26_15_14_35.cfa,1611,2025-11-26T15:15:58.753Z,recv,f4:db:00:00:00:d9,0x13,Write-Rsp,,,0,
hci_snoop_2025_11_26_15_14_35.cfa,1612,2025-11-26T15:15:58.785Z,sent,f4:db:00:00:00:d9,0x12,Write-Req,0x0021,07 79 02 00 00 03,6,0x07
hci_snoop_2025_11_26_15_14_35.cfa,1614,2025-11-26T15:15:58.935Z,recv,f4:db:00:00:00:d9,0x1B,Notify,0x0024,07 79 02 00 00 03 55 01 54 01 54 01 24 04 26 04 29 04 00 00,20,0x07
hci_snoop_2025_11_26_15_14_35.cfa,1615,2025-11-26T15:15:59.023Z,recv,f4:db:00:00:00:d9,0x13,Write-Rsp,,,0,
hci_snoop_2025_11_26_15_14_35.cfa,1616,2025-11-26T15:15:59.052Z,sent,f4:db:00:00:00:d9,0x12,Write-Req,0x0021,07 7C 02 00 00 03,6,0x07
hci_snoop_2025_11_26_15_14_35.cfa,1618,2025-11-26T15:15:59.204Z,recv,f4:db:00:00:00:d9,0x1B,Notify,0x0024,07 7C 02 00 00 03 53 01 52 01 52 01 2B 04 2C 04 2F 04 00 00,20,0x07
hci_snoop_2025_11_26_15_14_35.cfa,1619,2025-11-26T15:15:59.293Z,recv,f4:db:00:00:00:d9,0x13,Write-Rsp,,,0,
hci_snoop_2025_11_26_15_14_35.cfa,1620,2025-11-26T15:15:59.317Z,sent,f4:db:00:00:00:d9,0x12,Write-Req,0x0021,07 7F 02 00 00 03,6,0x07
hci_snoop_2025_11_26_15_14_35.cfa,1622,2025-11-26T15:15:59.473Z,recv,f4:db:00:00:00:d9,0x1B,Notify,0x0024,07 7F 02 00 00 03 51 01 51 01 50 01 30 04 32 04 34 04 00 00,20,0x07
hci_snoop_2025_11_26_15_14_35.cfa,1623,2025-11-26T15:15:59.564Z,recv,f4:db:00:00:00:d9,0x13,Write-Rsp,,,0,
hci_snoop_2025_11_26_15_14_35.cfa,1624,2025-11-26T15:15:59.602Z,sent,f4:db:00:00:00:d9,0x12,Write-Req,0x0021,07 82 02 00 00 03,6,0x07
hci_snoop_2025_11_26_15_14_35.cfa,1626,2025-11-26T15:15:59.744Z,recv,f4:db:00:00:00:d9,0x1B,Notify,0x0024,07 82 02 00 00 03 50 01 50 01 4F 01 35 04 37 04 38 04 00 00,20,0x07
hci_snoop_2025_11_26_15_14_35.cfa,1627,2025-11-26T15:15:59.834Z,recv,f4:db:00:00:00:d9,0x13,Write-Rsp,,,0,
hci_snoop_2025_11_26_15_14_35.cfa,1628,2025-11-26T15:15:59.870Z,sent,f4:db:00:00:00:d9,0x12,Write-Req,0x0021,07 85 02 00 00 03,6,0x07
hci_snoop_2025_11_26_15_14_35.cfa,1630,2025-11-26T15:16:00.014Z,recv,f4:db:00:00:00:d9,0x1B,Notify,0x0024,07 85 02 00 00 03 4F 01 4F 01 4E 01 3A 04 3C 04 3C 04 00 00,20,0x07
hci_snoop_2025_11_26_15_14_35.cfa,1631,2025-11-26T15:16:00.106Z,recv,f4:db:00:00:00:d9,0x13,Write-Rsp,,,0,
hci_snoop_2025_11_26_15_14_35.cfa,1632,2025-11-26T15:16:00.134Z,sent,f4:db:00:00:00:d9,0x12,Write-Req,0x0021,07 88 02 00 00 03,6,0x07
hci_snoop_2025_11_26_15_14_35.cfa,1634,2025-11-26T15:16:00.284Z,recv,f4:db:00:00:00:d9,0x1B,Notify,0x0024,07 88 02 00 00 03 4E 01 4E 01 4E 01 3D 04 3F 04 3F 04 00 00,20,0x07
hci_snoop_2025_11_26_15_14_35.cfa,1635,2025-11-26T15:16:00.373Z,recv,f4:db:00:00:00:d9,0x13,Write-Rsp,,,0,
hci_snoop_2025_11_26_15_14_35.cfa,1636,2025-11-26T15:16:00.403Z,sent,f4:db:00:00:00:d9,0x12,Write-Req,0x0021,07 8B 02 00 00 03,6,0x07
hci_snoop_2025_11_26_15_14_35.cfa,1638,2025-11-26T15:16:00.554Z,recv,f4:db:00:00:00:d9,0x1B,Notify,0x0024,07 8B 02 00 00 03 4E 01 4E 01 4E 01 41 04 41 04 43 04 00 00,20,0x07
hci_snoop_2025_11_26_15_14_35.cfa,1639,2025-11-26T15:16:00.643Z,recv,f4:db:00:00:00:d9,0x13,Write-Rsp,,,0,
hci_snoop_2025_11_26_15_14_35.cfa,1640,2025-11-26T15:16:00.666Z,sent,f4:db:00:00:00:d9,0x12,Write-Req,0x0021,07 8E 02 00 00 03,6,0x07
hci_snoop_2025_11_26_15_14_35.cfa,1642,2025-11-26T15:16:00.825Z,recv,f4:db:00:00:00:d9,0x1B,Notify,0x0024,07 8E 02 00 00 03 4E 01 4E 01 4E 01 43 04 44 04 44 04 00 00,20,0x07
hci_snoop_2025_11_26_15_14_35.cfa,1643,2025-11-26T15:16:00.915Z,recv,f4:db:00:00:00:d9,0x13,Write-Rsp,,,0,
hci_snoop_2025_11_26_15_14_35.cfa,1645,2025-11-26T15:16:00.949Z,sent,f4:db:00:00:00:d9,0x12,Write-Req,0x0021,07 91 02 00 00 03,6,0x07
hci_snoop_2025_11_26_15_14_35.cfa,1647,2025-11-26T15:16:01.094Z,recv,f4:db:00:00:00:d9,0x1B,Notify,0x0024,07 91 02 00 00 03 4E 01 4E 01 4F 01 44 04 44 04 44 04 00 00,20,0x07
hci_snoop_2025_11_26_15_14_35.cfa,1648,2025-11-26T15:16:01.184Z,recv,f4:db:00:00:00:d9,0x13,Write-Rsp,,,0,
hci_snoop_2025_11_26_15_14_35.cfa,1649,2025-11-26T15:16:01.219Z,sent,f4:db:00:00:00:d9,0x12,Write-Req,0x0021,07 94 02 00 00 03,6,0x07
hci_snoop_2025_11_26_15_14_35.cfa,1651,2025-11-26T15:16:01.363Z,recv,f4:db:00:00:00:d9,0x1B,Notify,0x0024,07 94 02 00 00 03 4F 01 4F 01 50 01 44 04 44 04 44 04 00 00,20,0x07
hci_snoop_2025_11_26_15_14_35.cfa,1652,2025-11-26T15:16:01.454Z,recv,f4:db:00:00:00:d9,0x13,Write-Rsp,,,0,
hci_snoop_2025_11_26_15_14_35.cfa,1653,2025-11-26T15:16:01.487Z,sent,f4:db:00:00:00:d9,0x12,Write-Req,0x0021,07 97 02 00 00 03,6,0x07
hci_snoop_2025_11_26_15_14_35.cfa,1655,2025-11-26T15:16:01.634Z,recv,f4:db:00:00:00:d9,0x1B,Notify,0x0024,07 97 02 00 00 03 50 01 50 01 50 01 44 04 43 04 43 04 00 00,20,0x07
hci_snoop_2025_11_26_15_14_35.cfa,1656,2025-11-26T15:16:01.723Z,recv,f4:db:00:00:00:d9,0x13,Write-Rsp,,,0,
hci_snoop_2025_11_26_15_14_35.cfa,1657,2025-11-26T15:16:01.749Z,sent,f4:db:00:00:00:d9,0x12,Write-Req,0x0021,07 9A 02 00 00 03,6,0x07
hci_snoop_2025_11_26_15_14_35.cfa,1659,2025-11-26T15:16:01.904Z,recv,f4:db:00:00:00:d9,0x1B,Notify,0x0024,07 9A 02 00 00 03 51 01 51 01 51 01 43 04 43 04 43 04 00 00,20,0x07
hci_snoop_2025_11_26_15_14_35.cfa,1660,2025-11-26T15:16:01.994Z,recv,f4:db:00:00:00:d9,0x13,Write-Rsp,,,0,
hci_snoop_2025_11_26_15_14_35.cfa,1661,2025-11-26T15:16:02.019Z,sent,f4:db:00:00:00:d9,0x12,Write-Req,0x0021,07 9D 02 00 00 03,6,0x07
hci_snoop_2025_11_26_15_14_35.cfa,1663,2025-11-26T15:16:02.174Z,recv,f4:db:00:00:00:d9,0x1B,Notify,0x0024,07 9D 02 00 00 03 51 01 51 01 51 01 43 04 42 04 41 04 00 00,20,0x07
hci_snoop_2025_11_26_15_14_35.cfa,1664,2025-11-26T15:16:02.263Z,recv,f4:db:00:00:00:d9,0x13,Write-Rsp,,,0,
hci_snoop_2025_11_26_15_14_35.cfa,1665,2025-11-26T15:16:02.286Z,sent,f4:db:00:00:00:d9,0x12,Write-Req,0x0021,07 A0 02 00 00 03,6,0x07
hci_snoop_2025_11_26_15_14_35.cfa,1667,2025-11-26T15:16:02.443Z,recv,f4:db:00:00:00:d9,0x1B,Notify,0x0024,07 A0 02 00 00 03 51 01 51 01 51 01 41 04 41 04 40 04 00 00,20,0x07
hci_snoop_2025_11_26_15_14_35.cfa,1668,2025-11-26T15:16:02.533Z,recv,f4:db:00:00:00:d9,0x13,Write-Rsp,,,0,
hci_snoop_2025_11_26_15_14_35.cfa,1669,2025-11-26T15:16:02.567Z,sent,f4:db:00:00:00:d9,0x12,Write-Req,0x0021,07 A3 02 00 00 03,6,0x07
hci_snoop_2025_11_26_15_14_35.cfa,1671,2025-11-26T15:16:02.713Z,recv,f4:db:00:00:00:d9,0x1B,Notify,0x0024,07 A3 02 00 00 03 51 01 51 01 51 01 40 04 40 04 40 04 00 00,20,0x07
hci_snoop_2025_11_26_15_14_35.cfa,1672,2025-11-26T15:16:02.805Z,recv,f4:db:00:00:00:d9,0x13,Write-Rsp,,,0,
hci_snoop_2025_11_26_15_14_35.cfa,1673,2025-11-26T15:16:02.834Z,sent,f4:db:00:00:00:d9,0x12,Write-Req,0x0021,07 A6 02 00 00 03,6,0x07
hci_snoop_2025_11_26_15_14_35.cfa,1675,2025-11-26T15:16:02.985Z,recv,f4:db:00:00:00:d9,0x1B,Notify,0x0024,07 A6 02 00 00 03 50 01 50 01 50 01 40 04 40 04 40 04 00 00,20,0x07
hci_snoop_2025_11_26_15_14_35.cfa,1682,2025-11-26T15:16:03.074Z,recv,f4:db:00:00:00:d9,0x13,Write-Rsp,,,0,
hci_snoop_2025_11_26_15_14_35.cfa,1683,2025-11-26T15:16:03.078Z,sent,f4:db:00:00:00:d9,0x12,Write-Req,0x0021,07 A9 02 00 00 03,6,0x07
hci_snoop_2025_11_26_15_14_35.cfa,1685,2025-11-26T15:16:03.255Z,recv,f4:db:00:00:00:d9,0x1B,Notify,0x0024,07 A9 02 00 00 03 50 01 50 01 4F 01 41 04 41 04 41 04 00 00,20,0x07
hci_snoop_2025_11_26_15_14_35.cfa,1686,2025-11-26T15:16:03.344Z,recv,f4:db:00:00:00:d9,0x13,Write-Rsp,,,0,
hci_snoop_2025_11_26_15_14_35.cfa,1687,2025-11-26T15:16:03.351Z,sent,f4:db:00:00:00:d9,0x12,Write-Req,0x0021,07 AC 02 00 00 03,6,0x07
hci_snoop_2025_11_26_15_14_35.cfa,1689,2025-11-26T15:16:03.528Z,recv,f4:db:00:00:00:d9,0x1B,Notify,0x0024,07 AC 02 00 00 03 4F 01 4F 01 4F 01 41 04 41 04 41 04 00 00,20,0x07
hci_snoop_2025_11_26_15_14_35.cfa,1690,2025-11-26T15:16:03.614Z,recv,f4:db:00:00:00:d9,0x13,Write-Rsp,,,0,
hci_snoop_2025_11_26_15_14_35.cfa,1691,2025-11-26T15:16:03.619Z,sent,f4:db:00:00:00:d9,0x12,Write-Req,0x0021,07 AF 02 00 00 03,6,0x07
hci_snoop_2025_11_26_15_14_35.cfa,1693,2025-11-26T15:16:03.796Z,recv,f4:db:00:00:00:d9,0x1B,Notify,0x0024,07 AF 02 00 00 03 4F 01 4F 01 4F 01 41 04 41 04 41 04 00 00,20,0x07
hci_snoop_2025_11_26_15_14_35.cfa,1694,2025-11-26T15:16:03.884Z,recv,f4:db:00:00:00:d9,0x13,Write-Rsp,,,0,
hci_snoop_2025_11_26_15_14_35.cfa,1695,2025-11-26T15:16:03.888Z,sent,f4:db:00:00:00:d9,0x12,Write-Req,0x0021,07 B2 02 00 00 03,6,0x07
hci_snoop_2025_11_26_15_14_35.cfa,1697,2025-11-26T15:16:04.068Z,recv,f4:db:00:00:00:d9,0x1B,Notify,0x0024,07 B2 02 00 00 03 4E 01 4E 01 4E 01 41 04 40 04 40 04 00 00,20,0x07
hci_snoop_2025_11_26_15_14_35.cfa,1698,2025-11-26T15:16:04.155Z,recv,f4:db:00:00:00:d9,0x13,Write-Rsp,,,0,
hci_snoop_2025_11_26_15_14_35.cfa,1699,2025-11-26T15:16:04.161Z,sent,f4:db:00:00:00:d9,0x12,Write-Req,0x0021,07 B5 02 00 00 03,6,0x07
hci_snoop_2025_11_26_15_14_35.cfa,1701,2025-11-26T15:16:04.338Z,recv,f4:db:00:00:00:d9,0x1B,Notify,0x0024,07 B5 02 00 00 03 4E 01 4E 01 4E 01 40 04 3F 04 3F 04 00 00,20,0x07
hci_snoop_2025_11_26_15_14_35.cfa,1702,2025-11-26T15:16:04.425Z,recv,f4:db:00:00:00:d9,0x13,Write-Rsp,,,0,
hci_snoop_2025_11_26_15_14_35.cfa,1703,2025-11-26T15:16:04.431Z,sent,f4:db:00:00:00:d9,0x12,Write-Req,0x0021,07 B8 02 00 00 03,6,0x07
hci_snoop_2025_11_26_15_14_35.cfa,1705,2025-11-26T15:16:04.608Z,recv,f4:db:00:00:00:d9,0x1B,Notify,0x0024,07 B8 02 00 00 03 4F 01 4F 01 4F 01 3F 04 3E 04 3D 04 00 00,20,0x07
hci_snoop_2025_11_26_15_14_35.cfa,1706,2025-11-26T15:16:04.694Z,recv,f4:db:00:00:00:d9,0x13,Write-Rsp,,,0,
hci_snoop_2025_11_26_15_14_35.cfa,1707,2025-11-26T15:16:04.700Z,sent,f4:db:00:00:00:d9,0x12,Write-Req,0x0021,07 BB 02 00 00 03,6,0x07
hci_snoop_2025_11_26_15_14_35.cfa,1709,2025-11-26T15:16:04.879Z,recv,f4:db:00:00:00:d9,0x1B,Notify,0x0024,07 BB 02 00 00 03 4F 01 4F 01 50 01 3D 04 3D 04 3C 04 00 00,20,0x07
hci_snoop_2025_11_26_15_14_35.cfa,1710,2025-11-26T15:16:04.964Z,recv,f4:db:00:00:00:d9,0x13,Write-Rsp,,,0,
hci_snoop_2025_11_26_15_14_35.cfa,1711,2025-11-26T15:16:04.968Z,sent,f4:db:00:00:00:d9,0x12,Write-Req,0x0021,07 BE 02 00 00 03,6,0x07
hci_snoop_2025_11_26_15_14_35.cfa,1713,2025-11-26T15:16:05.145Z,recv,f4:db:00:00:00:d9,0x1B,Notify,0x0024,07 BE 02 00 00 03 4F 01 50 01 50 01 3C 04 3B 04 3B 04 00 00,20,0x07
hci_snoop_2025_11_26_15_14_35.cfa,1714,2025-11-26T15:16:05.235Z,recv,f4:db:00:00:00:d9,0x13,Write-Rsp,,,0,
hci_snoop_2025_11_26_15_14_35.cfa,1715,2025-11-26T15:16:05.242Z,sent,f4:db:00:00:00:d9,0x12,Write-Req,0x0021,07 C1 02 00 00 03,6,0x07
hci_snoop_2025_11_26_15_14_35.cfa,1717,2025-11-26T15:16:05.419Z,recv,f4:db:00:00:00:d9,0x1B,Notify,0x0024,07 C1 02 00 00 03 50 01 50 01 50 01 3A 04 3A 04 3A 04 00 00,20,0x07
hci_snoop_2025_11_26_15_14_35.cfa,1718,2025-11-26T15:16:05.503Z,recv,f4:db:00:00:00:d9,0x13,Write-Rsp,,,0,
hci_snoop_2025_11_26_15_14_35.cfa,1719,2025-11-26T15:16:05.509Z,sent,f4:db:00:00:00:d9,0x12,Write-Req,0x0021,07 C4 02 00 00 03,6,0x07
hci_snoop_2025_11_26_15_14_35.cfa,1721,2025-11-26T15:16:05.688Z,recv,f4:db:00:00:00:d9,0x1B,Notify,0x0024,07 C4 02 00 00 03 50 01 50 01 50 01 39 04 39 04 39 04 00 00,20,0x07
hci_snoop_2025_11_26_15_14_35.cfa,1722,2025-11-26T15:16:05.774Z,recv,f4:db:00:00:00:d9,0x13,Write-Rsp,,,0,
hci_snoop_2025_11_26_15_14_35.cfa,1723,2025-11-26T15:16:05.779Z,sent,f4:db:00:00:00:d9,0x12,Write-Req,0x0021,07 C7 02 00 00 03,6,0x07
hci_snoop_2025_11_26_15_14_35.cfa,1725,2025-11-26T15:16:05.959Z,recv,f4:db:00:00:00:d9,0x1B,Notify,0x0024,07 C7 02 00 00 03 50 01 50 01 50 01 38 04 38 04 38 04 00 00,20,0x07
hci_snoop_2025_11_26_15_14_35.cfa,1726,2025-11-26T15:16:06.044Z,recv,f4:db:00:00:00:d9,0x13,Write-Rsp,,,0,
hci_snoop_2025_11_26_15_14_35.cfa,1727,2025-11-26T15:16:06.050Z,sent,f4:db:00:00:00:d9,0x12,Write-Req,0x0021,07 CA 02 00 00 03,6,0x07
hci_snoop_2025_11_26_15_14_35.cfa,1729,2025-11-26T15:16:06.228Z,recv,f4:db:00:00:00:d9,0x1B,Notify,0x0024,07 CA 02 00 00 03 50 01 50 01 4F 01 38 04 38 04 38 04 00 00,20,0x07
hci_snoop_2025_11_26_15_14_35.cfa,1730,2025-11-26T15:16:06.314Z,recv,f4:db:00:00:00:d9,0x13,Write-Rsp,,,0,
hci_snoop_2025_11_26_15_14_35.cfa,1731,2025-11-26T15:16:06.318Z,sent,f4:db:00:00:00:d9,0x12,Write-Req,0x0021,07 CD 02 00 00 03,6,0x07
hci_snoop_2025_11_26_15_14_35.cfa,1733,2025-11-26T15:16:06.498Z,recv,f4:db:00:00:00:d9,0x1B,Notify,0x0024,07 CD 02 00 00 03 4F 01 4F 01 4F 01 39 04 39 04 39 04 00 00,20,0x07
hci_snoop_2025_11_26_15_14_35.cfa,1734,2025-11-26T15:16:06.586Z,recv,f4:db:00:00:00:d9,0x13,Write-Rsp,,,0,
hci_snoop_2025_11_26_15_14_35.cfa,1735,2025-11-26T15:16:06.592Z,sent,f4:db:00:00:00:d9,0x12,Write-Req,0x0021,07 D0 02 00 00 03,6,0x07
hci_snoop_2025_11_26_15_14_35.cfa,1737,2025-11-26T15:16:06.769Z,recv,f4:db:00:00:00:d9,0x1B,Notify,0x0024,07 D0 02 00 00 03 4F 01 4E 01 4E 01 3A 04 3A 04 3A 04 00 00,20,0x07
hci_snoop_2025_11_26_15_14_35.cfa,1738,2025-11-26T15:16:06.856Z,recv,f4:db:00:00:00:d9,0x13,Write-Rsp,,,0,
hci_snoop_2025_11_26_15_14_35.cfa,1739,2025-11-26T15:16:06.863Z,sent,f4:db:00:00:00:d9,0x12,Write-Req,0x0021,07 D3 02 00 00 03,6,0x07
hci_snoop_2025_11_26_15_14_35.cfa,1741,2025-11-26T15:16:07.038Z,recv,f4:db:00:00:00:d9,0x1B,Notify,0x0024,07 D3 02 00 00 03 4E 01 4D 01 4E 01 3A 04 3B 04 3B 04 00 00,20,0x07
hci_snoop_2025_11_26_15_14_35.cfa,1742,2025-11-26T15:16:07.124Z,recv,f4:db:00:00:00:d9,0x13,Write-Rsp,,,0,
hci_snoop_2025_11_26_15_14_35.cfa,1743,2025-11-26T15:16:07.131Z,sent,f4:db:00:00:00:d9,0x12,Write-Req,0x0021,07 D6 02 00 00 03,6,0x07
hci_snoop_2025_11_26_15_14_35.cfa,1745,2025-11-26T15:16:07.309Z,recv,f4:db:00:00:00:d9,0x1B,Notify,0x0024,07 D6 02 00 00 03 4D 01 4D 01 4D 01 3B 04 3C 04 3C 04 00 00,20,0x07
hci_snoop_2025_11_26_15_14_35.cfa,1746,2025-11-26T15:16:07.394Z,recv,f4:db:00:00:00:d9,0x13,Write-Rsp,,,0,
hci_snoop_2025_11_26_15_14_35.cfa,1747,2025-11-26T15:16:07.401Z,sent,f4:db:00:00:00:d9,0x12,Write-Req,0x0021,07 D9 02 00 00 03,6,0x07
hci_snoop_2025_11_26_15_14_35.cfa,1749,2025-11-26T15:16:07.578Z,recv,f4:db:00:00:00:d9,0x1B,Notify,0x0024,07 D9 02 00 00 03 4D 01 4D 01 4D 01 3C 04 3C 04 3C 04 00 00,20,0x07
hci_snoop_2025_11_26_15_14_35.cfa,1750,2025-11-26T15:16:07.665Z,recv,f4:db:00:00:00:d9,0x13,Write-Rsp,,,0,
hci_snoop_2025_11_26_15_14_35.cfa,1751,2025-11-26T15:16:07.678Z,sent,f4:db:00:00:00:d9,0x12,Write-Req,0x0021,07 DC 02 00 00 03,6,0x07
hci_snoop_2025_11_26_15_14_35.cfa,1753,2025-11-26T15:16:07.845Z,recv,f4:db:00:00:00:d9,0x1B,Notify,0x0024,07 DC 02 00 00 03 4D 01 4D 01 4D 01 3C 04 3C 04 3B 04 00 00,20,0x07
hci_snoop_2025_11_26_15_14_35.cfa,1754,2025-11-26T15:16:07.933Z,recv,f4:db:00:00:00:d9,0x13,Write-Rsp,,,0,
hci_snoop_2025_11_26_15_14_35.cfa,1755,2025-11-26T15:16:07.937Z,sent,f4:db:00:00:00:d9,0x12,Write-Req,0x0021,07 DF 02 00 00 03,6,0x07
hci_snoop_2025_11_26_15_14_35.cfa,1757,2025-11-26T15:16:08.117Z,recv,f4:db:00:00:00:d9,0x1B,Notify,0x0024,07 DF 02 00 00 03 4D 01 4D 01 4D 01 3B 04 3A 04 3A 04 00 00,20,0x07
hci_snoop_2025_11_26_15_14_35.cfa,1758,2025-11-26T15:16:08.204Z,recv,f4:db:00:00:00:d9,0x13,Write-Rsp,,,0,
hci_snoop_2025_11_26_15_14_35.cfa,1759,2025-11-26T15:16:08.208Z,sent,f4:db:00:00:00:d9,0x12,Write-Req,0x0021,07 E2 02 00 00 03,6,0x07
hci_snoop_2025_11_26_15_14_35.cfa,1761,2025-11-26T15:16:08.388Z,recv,f4:db:00:00:00:d9,0x1B,Notify,0x0024,07 E2 02 00 00 03 4D 01 4C 01 4C 01 3A 04 C7 03 F4 03 00 00,20,0x07
hci_snoop_2025_11_26_15_14_35.cfa,1762,2025-11-26T15:16:08.475Z,recv,f4:db:00:00:00:d9,0x13,Write-Rsp,,,0,
hci_snoop_2025_11_26_15_14_35.cfa,1763,2025-11-26T15:16:08.480Z,sent,f4:db:00:00:00:d9,0x12,Write-Req,0x0021,07 E5 02 00 00 03,6,0x07
hci_snoop_2025_11_26_15_14_35.cfa,1765,2025-11-26T15:16:08.658Z,recv,f4:db:00:00:00:d9,0x1B,Notify,0x0024,07 E5 02 00 00 03 4C 01 4B 01 4C 01 FE 03 D0 03 DF 03 00 00,20,0x07
hci_snoop_2025_11_26_15_14_35.cfa,1766,2025-11-26T15:16:08.745Z,recv,f4:db:00:00:00:d9,0x13,Write-Rsp,,,0,
hci_snoop_2025_11_26_15_14_35.cfa,1767,2025-11-26T15:16:08.748Z,sent,f4:db:00:00:00:d9,0x12,Write-Req,0x0021,07 E8 02 00 00 03,6,0x07
hci_snoop_2025_11_26_15_14_35.cfa,1769,2025-11-26T15:16:08.929Z,recv,f4:db:00:00:00:d9,0x1B,Notify,0x0024,07 E8 02 00 00 03 4C 01 4D 01 4D 01 EA 03 F4 03 FD 03 00 00,20,0x07
hci_snoop_2025_11_26_15_14_35.cfa,1770,2025-11-26T15:16:09.014Z,recv,f4:db:00:00:00:d9,0x13,Write-Rsp,,,0,
hci_snoop_2025_11_26_15_14_35.cfa,1771,2025-11-26T15:16:09.019Z,sent,f4:db:00:00:00:d9,0x12,Write-Req,0x0021,07 EB 02 00 00 03,6,0x07
hci_snoop_2025_11_26_15_14_35.cfa,1773,2025-11-26T15:16:09.199Z,recv,f4:db:00:00:00:d9,0x1B,Notify,0x0024,07 EB 02 00 00 03 4E 01 4F 01 4F 01 0B 04 16 04 1D 04 00 00,20,0x07
hci_snoop_2025_11_26_15_14_35.cfa,1774,2025-11-26T15:16:09.284Z,recv,f4:db:00:00:00:d9,0x13,Write-Rsp,,,0,
hci_snoop_2025_11_26_15_14_35.cfa,1775,2025-11-26T15:16:09.289Z,sent,f4:db:00:00:00:d9,0x12,Write-Req,0x0021,07 EE 02 00 00 03,6,0x07
hci_snoop_2025_11_26_15_14_35.cfa,1777,2025-11-26T15:16:09.468Z,recv,f4:db:00:00:00:d9,0x1B,Notify,0x0024,07 EE 02 00 00 03 50 01 51 01 52 01 1F 04 23 04 25 04 00 00,20,0x07
hci_snoop_2025_11_26_15_14_35.cfa,1778,2025-11-26T15:16:09.555Z,recv,f4:db:00:00:00:d9,0x13,Write-Rsp,,,0,
hci_snoop_2025_11_26_15_14_35.cfa,1779,2025-11-26T15:16:09.561Z,sent,f4:db:00:00:00:d9,0x12,Write-Req,0x0021,07 F1 02 00 00 03,6,0x07
hci_snoop_2025_11_26_15_14_35.cfa,1781,2025-11-26T15:16:09.735Z,recv,f4:db:00:00:00:d9,0x1B,Notify,0x0024,07 F1 02 00 00 03 52 01 52 01 53 01 26 04 26 04 26 04 00 00,20,0x07
hci_snoop_2025_11_26_15_14_35.cfa,1782,2025-11-26T15:16:09.825Z,recv,f4:db:00:00:00:d9,0x13,Write-Rsp,,,0,
hci_snoop_2025_11_26_15_14_35.cfa,1783,2025-11-26T15:16:09.831Z,sent,f4:db:00:00:00:d9,0x12,Write-Req,0x0021,07 F4 02 00 00 03,6,0x07
hci_snoop_2025_11_26_15_14_35.cfa,1785,2025-11-26T15:16:10.004Z,recv,f4:db:00:00:00:d9,0x1B,Notify,0x0024,07 F4 02 00 00 03 53 01 53 01 54 01 28 04 2A 04 2B 04 00 00,20,0x07
hci_snoop_2025_11_26_15_14_35.cfa,1786,2025-11-26T15:16:10.094Z,recv,f4:db:00:00:00:d9,0x13,Write-Rsp,,,0,
hci_snoop_2025_11_26_15_14_35.cfa,1787,2025-11-26T15:16:10.097Z,sent,f4:db:00:00:00:d9,0x12,Write-Req,0x0021,07 F7 02 00 00 03,6,0x07
hci_snoop_2025_11_26_15_14_35.cfa,1789,2025-11-26T15:16:10.278Z,recv,f4:db:00:00:00:d9,0x1B,Notify,0x0024,07 F7 02 00 00 03 54 01 54 01 54 01 2C 04 2E 04 2F 04 00 00,20,0x07
hci_snoop_2025_11_26_15_14_35.cfa,1790,2025-11-26T15:16:10.364Z,recv,f4:db:00:00:00:d9,0x13,Write-Rsp,,,0,
hci_snoop_2025_11_26_15_14_35.cfa,1791,2025-11-26T15:16:10.370Z,sent,f4:db:00:00:00:d9,0x12,Write-Req,0x0021,07 FA 02 00 00 03,6,0x07
hci_snoop_2025_11_26_15_14_35.cfa,1793,2025-11-26T15:16:10.548Z,recv,f4:db:00:00:00:d9,0x1B,Notify,0x0024,07 FA 02 00 00 03 54 01 54 01 54 01 30 04 31 04 33 04 00 00,20,0x07
hci_snoop_2025_11_26_15_14_35.cfa,1794,2025-11-26T15:16:10.634Z,recv,f4:db:00:00:00:d9,0x13,Write-Rsp,,,0,
hci_snoop_2025_11_26_15_14_35.cfa,1795,2025-11-26T15:16:10.641Z,sent,f4:db:00:00:00:d9,0x12,Write-Req,0x0021,07 FD 02 00 00 03,6,0x07
hci_snoop_2025_11_26_15_14_35.cfa,1797,2025-11-26T15:16:10.818Z,recv,f4:db:00:00:00:d9,0x1B,Notify,0x0024,07 FD 02 00 00 03 54 01 54 01 54 01 34 04 36 04 36 04 00 00,20,0x07
hci_snoop_2025_11_26_15_14_35.cfa,1798,2025-11-26T15:16:10.904Z,recv,f4:db:00:00:00:d9,0x13,Write-Rsp,,,0,
hci_snoop_2025_11_26_15_14_35.cfa,1799,2025-11-26T15:16:10.909Z,sent,f4:db:00:00:00:d9,0x12,Write-Req,0x0021,07 00 03 00 00 03,6,0x07
hci_snoop_2025_11_26_15_14_35.cfa,1801,2025-11-26T15:16:11.089Z,recv,f4:db:00:00:00:d9,0x1B,Notify,0x0024,07 00 03 00 00 03 54 01 54 01 54 01 38 04 38 04 3A 04 00 00,20,0x07
hci_snoop_2025_11_26_15_14_35.cfa,1802,2025-11-26T15:16:11.173Z,recv,f4:db:00:00:00:d9,0x13,Write-Rsp,,,0,
hci_snoop_2025_11_26_15_14_35.cfa,1803,2025-11-26T15:16:11.177Z,sent,f4:db:00:00:00:d9,0x12,Write-Req,0x0021,07 03 03 00 00 03,6,0x07
hci_snoop_2025_11_26_15_14_35.cfa,1805,2025-11-26T15:16:11.358Z,recv,f4:db:00:00:00:d9,0x1B,Notify,0x0024,07 03 03 00 00 03 54 01 54 01 54 01 3A 04 3B 04 3B 04 00 00,20,0x07
hci_snoop_2025_11_26_15_14_35.cfa,1806,2025-11-26T15:16:11.445Z,recv,f4:db:00:00:00:d9,0x13,Write-Rsp,,,0,
hci_snoop_2025_11_26_15_14_35.cfa,1807,2025-11-26T15:16:11.451Z,sent,f4:db:00:00:00:d9,0x12,Write-Req,0x0021,07 06 03 00 00 03,6,0x07
hci_snoop_2025_11_26_15_14_35.cfa,1809,2025-11-26T15:16:11.628Z,recv,f4:db:00:00:00:d9,0x1B,Notify,0x0024,07 06 03 00 00 03 54 01 54 01 53 01 3C 04 3D 04 3F 04 00 00,20,0x07
hci_snoop_2025_11_26_15_14_35.cfa,1810,2025-11-26T15:16:11.714Z,recv,f4:db:00:00:00:d9,0x13,Write-Rsp,,,0,
hci_snoop_2025_11_26_15_14_35.cfa,1811,2025-11-26T15:16:11.719Z,sent,f4:db:00:00:00:d9,0x12,Write-Req,0x0021,07 09 03 00 00 03,6,0x07
hci_snoop_2025_11_26_15_14_35.cfa,1813,2025-11-26T15:16:11.898Z,recv,f4:db:00:00:00:d9,0x1B,Notify,0x0024,07 09 03 00 00 03 53 01 53 01 53 01 42 04 44 04 46 04 00 00,20,0x07
hci_snoop_2025_11_26_15_14_35.cfa,1814,2025-11-26T15:16:11.984Z,recv,f4:db:00:00:00:d9,0x13,Write-Rsp,,,0,
hci_snoop_2025_11_26_15_14_35.cfa,1815,2025-11-26T15:16:11.990Z,sent,f4:db:00:00:00:d9,0x12,Write-Req,0x0021,07 0C 03 00 00 03,6,0x07
hci_snoop_2025_11_26_15_14_35.cfa,1818,2025-11-26T15:16:12.168Z,recv,f4:db:00:00:00:d9,0x1B,Notify,0x0024,07 0C 03 00 00 03 53 01 53 01 53 01 49 04 4B 04 4D 04 00 00,20,0x07
hci_snoop_2025_11_26_15_14_35.cfa,1819,2025-11-26T15:16:12.254Z,recv,f4:db:00:00:00:d9,0x13,Write-Rsp,,,0,
hci_snoop_2025_11_26_15_14_35.cfa,1820,2025-11-26T15:16:12.261Z,sent,f4:db:00:00:00:d9,0x12,Write-Req,0x0021,07 0F 03 00 00 03,6,0x07
hci_snoop_2025_11_26_15_14_35.cfa,1822,2025-11-26T15:16:12.439Z,recv,f4:db:00:00:00:d9,0x1B,Notify,0x0024,07 0F 03 00 00 03 53 01 53 01 52 01 50 04 53 04 56 04 00 00,20,0x07
hci_snoop_2025_11_26_15_14_35.cfa,1823,2025-11-26T15:16:12.523Z,recv,f4:db:00:00:00:d9,0x13,Write-Rsp,,,0,
hci_snoop_2025_11_26_15_14_35.cfa,1824,2025-11-26T15:16:12.529Z,sent,f4:db:00:00:00:d9,0x12,Write-Req,0x0021,07 12 03 00 00 03,6,0x07
hci_snoop_2025_11_26_15_14_35.cfa,1826,2025-11-26T15:16:12.798Z,recv,f4:db:00:00:00:d9,0x1B,Notify,0x0024,07 12 03 00 00 03 52 01 52 01 52 01 58 04 5A 04 5D 04 00 00,20,0x07
hci_snoop_2025_11_26_15_14_35.cfa,1827,2025-11-26T15:16:12.885Z,recv,f4:db:00:00:00:d9,0x13,Write-Rsp,,,0,
hci_snoop_2025_11_26_15_14_35.cfa,1828,2025-11-26T15:16:12.889Z,sent,f4:db:00:00:00:d9,0x12,Write-Req,0x0021,07 15 03 00 00 03,6,0x07
hci_snoop_2025_11_26_15_14_35.cfa,1830,2025-11-26T15:16:13.069Z,recv,f4:db:00:00:00:d9,0x1B,Notify,0x0024,07 15 03 00 00 03 52 01 52 01 52 01 5F 04 61 04 62 04 00 00,20,0x07
hci_snoop_2025_11_26_15_14_35.cfa,1831,2025-11-26T15:16:13.154Z,recv,f4:db:00:00:00:d9,0x13,Write-Rsp,,,0,
hci_snoop_2025_11_26_15_14_35.cfa,1832,2025-11-26T15:16:13.159Z,sent,f4:db:00:00:00:d9,0x12,Write-Req,0x0021,07 18 03 00 00 03,6,0x07
hci_snoop_2025_11_26_15_14_35.cfa,1834,2025-11-26T15:16:13.337Z,recv,f4:db:00:00:00:d9,0x1B,Notify,0x0024,07 18 03 00 00 03 52 01 52 01 51 01 65 04 66 04 69 04 00 00,20,0x07
hci_snoop_2025_11_26_15_14_35.cfa,1835,2025-11-26T15:16:13.424Z,recv,f4:db:00:00:00:d9,0x13,Write-Rsp,,,0,
hci_snoop_2025_11_26_15_14_35.cfa,1836,2025-11-26T15:16:13.430Z,sent,f4:db:00:00:00:d9,0x12,Write-Req,0x0021,07 1B 03 00 00 03,6,0x07
hci_snoop_2025_11_26_15_14_35.cfa,1838,2025-11-26T15:16:13.607Z,recv,f4:db:00:00:00:d9,0x1B,Notify,0x0024,07 1B 03 00 00 03 51 01 51 01 51 01 6B 04 6C 04 6E 04 00 00,20,0x07
hci_snoop_2025_11_26_15_14_35.cfa,1839,2025-11-26T15:16:13.696Z,recv,f4:db:00:00:00:d9,0x13,Write-Rsp,,,0,
hci_snoop_2025_11_26_15_14_35.cfa,1840,2025-11-26T15:16:13.699Z,sent,f4:db:00:00:00:d9,0x12,Write-Req,0x0021,07 1E 03 00 00 03,6,0x07
hci_snoop_2025_11_26_15_14_35.cfa,1842,2025-11-26T15:16:13.878Z,recv,f4:db:00:00:00:d9,0x1B,Notify,0x0024,07 1E 03 00 00 03 51 01 50 01 50 01 70 04 71 04 72 04 00 00,20,0x07
hci_snoop_2025_11_26_15_14_35.cfa,1843,2025-11-26T15:16:13.964Z,recv,f4:db:00:00:00:d9,0x13,Write-Rsp,,,0,
hci_snoop_2025_11_26_15_14_35.cfa,1844,2025-11-26T15:16:13.968Z,sent,f4:db:00:00:00:d9,0x12,Write-Req,0x0021,07 21 03 00 00 03,6,0x07
hci_snoop_2025_11_26_15_14_35.cfa,1846,2025-11-26T15:16:14.149Z,recv,f4:db:00:00:00:d9,0x1B,Notify,0x0024,07 21 03 00 00 03 50 01 50 01 50 01 73 04 74 04 75 04 00 00,20,0x07
hci_snoop_2025_11_26_15_14_35.cfa,1847,2025-11-26T15:16:14.234Z,recv,f4:db:00:00:00:d9,0x13,Write-Rsp,,,0,
hci_snoop_2025_11_26_15_14_35.cfa,1848,2025-11-26T15:16:14.238Z,sent,f4:db:00:00:00:d9,0x12,Write-Req,0x0021,07 24 03 00 00 03,6,0x07
hci_snoop_2025_11_26_15_14_35.cfa,1850,2025-11-26T15:16:14.416Z,recv,f4:db:00:00:00:d9,0x1B,Notify,0x0024,07 24 03 00 00 03 50 01 50 01 4F 01 76 04 78 04 79 04 00 00,20,0x07
hci_snoop_2025_11_26_15_14_35.cfa,1851,2025-11-26T15:16:14.503Z,recv,f4:db:00:00:00:d9,0x13,Write-Rsp,,,0,
hci_snoop_2025_11_26_15_14_35.cfa,1852,2025-11-26T15:16:14.509Z,sent,f4:db:00:00:00:d9,0x12,Write-Req,0x0021,07 27 03 00 00 03,6,0x07
hci_snoop_2025_11_26_15_14_35.cfa,1854,2025-11-26T15:16:14.689Z,recv,f4:db:00:00:00:d9,0x1B,Notify,0x0024,07 27 03 00 00 03 4F 01 4F 01 4F 01 7A 04 7C 04 7C 04 00 00,20,0x07
hci_snoop_2025_11_26_15_14_35.cfa,1855,2025-11-26T15:16:14.774Z,recv,f4:db:00:00:00:d9,0x13,Write-Rsp,,,0,
hci_snoop_2025_11_26_15_14_35.cfa,1856,2025-11-26T15:16:14.778Z,sent,f4:db:00:00:00:d9,0x12,Write-Req,0x0021,07 2A 03 00 00 03,6,0x07
hci_snoop_2025_11_26_15_14_35.cfa,1858,2025-11-26T15:16:14.958Z,recv,f4:db:00:00:00:d9,0x1B,Notify,0x0024,07 2A 03 00 00 03 4F 01 4E 01 4E 01 7A 04 7A 04 7A 04 00 00,20,0x07
hci_snoop_2025_11_26_15_14_35.cfa,1859,2025-11-26T15:16:15.044Z,recv,f4:db:00:00:00:d9,0x13,Write-Rsp,,,0,
hci_snoop_2025_11_26_15_14_35.cfa,1860,2025-11-26T15:16:15.048Z,sent,f4:db:00:00:00:d9,0x12,Write-Req,0x0021,07 2D 03 00 00 03,6,0x07
hci_snoop_2025_11_26_15_14_35.cfa,1862,2025-11-26T15:16:15.228Z,recv,f4:db:00:00:00:d9,0x1B,Notify,0x0024,07 2D 03 00 00 03 4E 01 4E 01 4E 01 7A 04 7A 04 7B 04 00 00,20,0x07
hci_snoop_2025_11_26_15_14_35.cfa,1863,2025-11-26T15:16:15.314Z,recv,f4:db:00:00:00:d9,0x13,Write-Rsp,,,0,
hci_snoop_2025_11_26_15_14_35.cfa,1864,2025-11-26T15:16:15.320Z,sent,f4:db:00:00:00:d9,0x12,Write-Req,0x0021,07 30 03 00 00 03,6,0x07
hci_snoop_2025_11_26_15_14_35.cfa,1866,2025-11-26T15:16:15.495Z,recv,f4:db:00:00:00:d9,0x1B,Notify,0x0024,07 30 03 00 00 03 4F 01 51 01 52 01 7D 04 78 04 76 04 00 00,20,0x07
hci_snoop_2025_11_26_15_14_35.cfa,1867,2025-11-26T15:16:15.584Z,recv,f4:db:00:00:00:d9,0x13,Write-Rsp,,,0,
hci_snoop_2025_11_26_15_14_35.cfa,1868,2025-11-26T15:16:15.589Z,sent,f4:db:00:00:00:d9,0x12,Write-Req,0x0021,07 33 03 00 00 03,6,0x07
hci_snoop_2025_11_26_15_14_35.cfa,1870,2025-11-26T15:16:15.768Z,recv,f4:db:00:00:00:d9,0x1B,Notify,0x0024,07 33 03 00 00 03 3A 01 46 01 4A 01 3A 03 6E 03 A5 03 00 00,20,0x07
hci_snoop_2025_11_26_15_14_35.cfa,1871,2025-11-26T15:16:15.854Z,recv,f4:db:00:00:00:d9,0x13,Write-Rsp,,,0,
hci_snoop_2025_11_26_15_14_35.cfa,1872,2025-11-26T15:16:15.860Z,sent,f4:db:00:00:00:d9,0x12,Write-Req,0x0021,07 36 03 00 00 03,6,0x07
hci_snoop_2025_11_26_15_14_35.cfa,1874,2025-11-26T15:16:16.038Z,recv,f4:db:00:00:00:d9,0x1B,Notify,0x0024,07 36 03 00 00 03 4B 01 52 01 58 01 A4 03 C9 03 CC 03 00 00,20,0x07
hci_snoop_2025_11_26_15_14_35.cfa,1875,2025-11-26T15:16:16.124Z,recv,f4:db:00:00:00:d9,0x13,Write-Rsp,,,0,
hci_snoop_2025_11_26_15_14_35.cfa,1876,2025-11-26T15:16:16.131Z,sent,f4:db:00:00:00:d9,0x12,Write-Req,0x0021,07 39 03 00 00 03,6,0x07
hci_snoop_2025_11_26_15_14_35.cfa,1878,2025-11-26T15:16:16.308Z,recv,f4:db:00:00:00:d9,0x1B,Notify,0x0024,07 39 03 00 00 03 5A 01 63 01 69 01 CE 03 C6 03 BD 03 00 00,20,0x07
hci_snoop_2025_11_26_15_14_35.cfa,1879,2025-11-26T15:16:16.394Z,recv,f4:db:00:00:00:d9,0x13,Write-Rsp,,,0,
hci_snoop_2025_11_26_15_14_35.cfa,1880,2025-11-26T15:16:16.398Z,sent,f4:db:00:00:00:d9,0x12,Write-Req,0x0021,07 3C 03 00 00 03,6,0x07
hci_snoop_2025_11_26_15_14_35.cfa,1882,2025-11-26T15:16:16.575Z,recv,f4:db:00:00:00:d9,0x1B,Notify,0x0024,07 3C 03 00 00 03 66 01 60 01 5F 01 CD 03 E6 03 F4 03 00 00,20,0x07
hci_snoop_2025_11_26_15_14_35.cfa,1883,2025-11-26T15:16:16.663Z,recv,f4:db:00:00:00:d9,0x13,Write-Rsp,,,0,
hci_snoop_2025_11_26_15_14_35.cfa,1884,2025-11-26T15:16:16.669Z,sent,f4:db:00:00:00:d9,0x12,Write-Req,0x0021,07 3F 03 00 00 03,6,0x07
hci_snoop_2025_11_26_15_14_35.cfa,1886,2025-11-26T15:16:16.847Z,recv,f4:db:00:00:00:d9,0x1B,Notify,0x0024,07 3F 03 00 00 03 62 01 66 01 64 01 F9 03 FA 03 02 04 00 00,20,0x07
hci_snoop_2025_11_26_15_14_35.cfa,1887,2025-11-26T15:16:16.934Z,recv,f4:db:00:00:00:d9,0x13,Write-Rsp,,,0,
hci_snoop_2025_11_26_15_14_35.cfa,1888,2025-11-26T15:16:16.938Z,sent,f4:db:00:00:00:d9,0x12,Write-Req,0x0021,07 42 03 00 00 03,6,0x07
hci_snoop_2025_11_26_15_14_35.cfa,1890,2025-11-26T15:16:17.118Z,recv,f4:db:00:00:00:d9,0x1B,Notify,0x0024,07 42 03 00 00 03 64 01 64 01 64 01 0A 04 0F 04 12 04 00 00,20,0x07
hci_snoop_2025_11_26_15_14_35.cfa,1891,2025-11-26T15:16:17.205Z,recv,f4:db:00:00:00:d9,0x13,Write-Rsp,,,0,
hci_snoop_2025_11_26_15_14_35.cfa,1892,2025-11-26T15:16:17.209Z,sent,f4:db:00:00:00:d9,0x12,Write-Req,0x0021,07 45 03 00 00 03,6,0x07
hci_snoop_2025_11_26_15_14_35.cfa,1894,2025-11-26T15:16:17.385Z,recv,f4:db:00:00:00:d9,0x1B,Notify,0x0024,07 45 03 00 00 03 64 01 64 01 64 01 F9 03 02 04 0A 04 00 00,20,0x07
hci_snoop_2025_11_26_15_14_35.cfa,1895,2025-11-26T15:16:17.474Z,recv,f4:db:00:00:00:d9,0x13,Write-Rsp,,,0,
hci_snoop_2025_11_26_15_14_35.cfa,1896,2025-11-26T15:16:17.480Z,sent,f4:db:00:00:00:d9,0x12,Write-Req,0x0021,07 48 03 00 00 03,6,0x07
hci_snoop_2025_11_26_15_14_35.cfa,1898,2025-11-26T15:16:17.658Z,recv,f4:db:00:00:00:d9,0x1B,Notify,0x0024,07 48 03 00 00 03 65 01 66 01 67 01 0F 04 12 04 16 04 00 00,20,0x07
hci_snoop_2025_11_26_15_14_35.cfa,1899,2025-11-26T15:16:17.748Z,recv,f4:db:00:00:00:d9,0x13,Write-Rsp,,,0,
hci_snoop_2025_11_26_15_14_35.cfa,1900,2025-11-26T15:16:17.753Z,sent,f4:db:00:00:00:d9,0x12,Write-Req,0x0021,07 4B 03 00 00 03,6,0x07
hci_snoop_2025_11_26_15_14_35.cfa,1902,2025-11-26T15:16:17.925Z,recv,f4:db:00:00:00:d9,0x1B,Notify,0x0024,07 4B 03 00 00 03 68 01 68 01 69 01 19 04 1B 04 1D 04 00 00,20,0x07
hci_snoop_2025_11_26_15_14_35.cfa,1903,2025-11-26T15:16:18.014Z,recv,f4:db:00:00:00:d9,0x13,Write-Rsp,,,0,
hci_snoop_2025_11_26_15_14_35.cfa,1904,2025-11-26T15:16:18.020Z,sent,f4:db:00:00:00:d9,0x12,Write-Req,0x0021,07 4E 03 00 00 03,6,0x07
hci_snoop_2025_11_26_15_14_35.cfa,1906,2025-11-26T15:16:18.199Z,recv,f4:db:00:00:00:d9,0x1B,Notify,0x0024,07 4E 03 00 00 03 68 01 68 01 67 01 1D 04 1F 04 1D 04 00 00,20,0x07
hci_snoop_2025_11_26_15_14_35.cfa,1907,2025-11-26T15:16:18.285Z,recv,f4:db:00:00:00:d9,0x13,Write-Rsp,,,0,
hci_snoop_2025_11_26_15_14_35.cfa,1908,2025-11-26T15:16:18.289Z,sent,f4:db:00:00:00:d9,0x12,Write-Req,0x0021,07 51 03 00 00 03,6,0x07
hci_snoop_2025_11_26_15_14_35.cfa,1910,2025-11-26T15:16:18.468Z,recv,f4:db:00:00:00:d9,0x1B,Notify,0x0024,07 51 03 00 00 03 5C 01 5F 01 61 01 2E 03 79 03 95 03 00 00,20,0x07
hci_snoop_2025_11_26_15_14_35.cfa,1911,2025-11-26T15:16:18.554Z,recv,f4:db:00:00:00:d9,0x13,Write-Rsp,,,0,
hci_snoop_2025_11_26_15_14_35.cfa,1912,2025-11-26T15:16:18.558Z,sent,f4:db:00:00:00:d9,0x12,Write-Req,0x0021,07 54 03 00 00 03,6,0x07
hci_snoop_2025_11_26_15_14_35.cfa,1914,2025-11-26T15:16:18.739Z,recv,f4:db:00:00:00:d9,0x1B,Notify,0x0024,07 54 03 00 00 03 64 01 64 01 65 01 A5 03 B2 03 C1 03 00 00,20,0x07
hci_snoop_2025_11_26_15_14_35.cfa,1915,2025-11-26T15:16:18.823Z,recv,f4:db:00:00:00:d9,0x13,Write-Rsp,,,0,
hci_snoop_2025_11_26_15_14_35.cfa,1916,2025-11-26T15:16:18.830Z,sent,f4:db:00:00:00:d9,0x12,Write-Req,0x0021,07 57 03 00 00 03,6,0x07
hci_snoop_2025_11_26_15_14_35.cfa,1918,2025-11-26T15:16:19.008Z,recv,f4:db:00:00:00:d9,0x1B,Notify,0x0024,07 57 03 00 00 03 67 01 68 01 69 01 CD 03 D5 03 DC 03 00 00,20,0x07
hci_snoop_2025_11_26_15_14_35.cfa,1919,2025-11-26T15:16:19.093Z,recv,f4:db:00:00:00:d9,0x13,Write-Rsp,,,0,
hci_snoop_2025_11_26_15_14_35.cfa,1920,2025-11-26T15:16:19.100Z,sent,f4:db:00:00:00:d9,0x12,Write-Req,0x0021,07 5A 03 00 00 03,6,0x07
hci_snoop_2025_11_26_15_14_35.cfa,1922,2025-11-26T15:16:19.278Z,recv,f4:db:00:00:00:d9,0x1B,Notify,0x0024,07 5A 03 00 00 03 69 01 69 01 6A 01 E2 03 E8 03 EC 03 00 00,20,0x07
hci_snoop_2025_11_26_15_14_35.cfa,1923,2025-11-26T15:16:19.367Z,recv,f4:db:00:00:00:d9,0x13,Write-Rsp,,,0,
hci_snoop_2025_11_26_15_14_35.cfa,1924,2025-11-26T15:16:19.372Z,sent,f4:db:00:00:00:d9,0x12,Write-Req,0x0021,07 5D 03 00 00 03,6,0x07
hci_snoop_2025_11_26_15_14_35.cfa,1926,2025-11-26T15:16:19.548Z,recv,f4:db:00:00:00:d9,0x1B,Notify,0x0024,07 5D 03 00 00 03 6A 01 6A 01 69 01 F1 03 F6 03 FA 03 00 00,20,0x07
hci_snoop_2025_11_26_15_14_35.cfa,1927,2025-11-26T15:16:19.635Z,recv,f4:db:00:00:00:d9,0x13,Write-Rsp,,,0,
hci_snoop_2025_11_26_15_14_35.cfa,1928,2025-11-26T15:16:19.638Z,sent,f4:db:00:00:00:d9,0x12,Write-Req,0x0021,07 60 03 00 00 03,6,0x07
hci_snoop_2025_11_26_15_14_35.cfa,1930,2025-11-26T15:16:19.909Z,recv,f4:db:00:00:00:d9,0x1B,Notify,0x0024,07 60 03 00 00 03 69 01 67 01 66 01 FB 03 FD 03 01 04 00 00,20,0x07
hci_snoop_2025_11_26_15_14_35.cfa,1931,2025-11-26T15:16:19.917Z,recv,f4:db:00:00:00:d9,0x13,Write-Rsp,,,0,
hci_snoop_2025_11_26_15_14_35.cfa,1932,2025-11-26T15:16:19.923Z,sent,f4:db:00:00:00:d9,0x12,Write-Req,0x0021,07 63 03 00 00 03,6,0x07
hci_snoop_2025_11_26_15_14_35.cfa,1934,2025-11-26T15:16:20.084Z,recv,f4:db:00:00:00:d9,0x1B,Notify,0x0024,07 63 03 00 00 03 64 01 63 01 62 01 04 04 08 04 0B 04 00 00,20,0x07
hci_snoop_2025_11_26_15_14_35.cfa,1935,2025-11-26T15:16:20.173Z,recv,f4:db:00:00:00:d9,0x13,Write-Rsp,,,0,
hci_snoop_2025_11_26_15_14_35.cfa,1936,2025-11-26T15:16:20.177Z,sent,f4:db:00:00:00:d9,0x12,Write-Req,0x0021,07 66 03 00 00 03,6,0x07
hci_snoop_2025_11_26_15_14_35.cfa,1938,2025-11-26T15:16:20.358Z,recv,f4:db:00:00:00:d9,0x1B,Notify,0x0024,07 66 03 00 00 03 61 01 60 01 5F 01 0E 04 11 04 14 04 00 00,20,0x07
hci_snoop_2025_11_26_15_14_35.cfa,1939,2025-11-26T15:16:20.444Z,recv,f4:db:00:00:00:d9,0x13,Write-Rsp,,,0,
hci_snoop_2025_11_26_15_14_35.cfa,1940,2025-11-26T15:16:20.452Z,sent,f4:db:00:00:00:d9,0x12,Write-Req,0x0021,07 69 03 00 00 03,6,0x07
hci_snoop_2025_11_26_15_14_35.cfa,1942,2025-11-26T15:16:20.629Z,recv,f4:db:00:00:00:d9,0x1B,Notify,0x0024,07 69 03 00 00 03 5E 01 5D 01 5C 01 16 04 18 04 1A 04 00 00,20,0x07
hci_snoop_2025_11_26_15_14_35.cfa,1943,2025-11-26T15:16:20.715Z,recv,f4:db:00:00:00:d9,0x13,Write-Rsp,,,0,
hci_snoop_2025_11_26_15_14_35.cfa,1945,2025-11-26T15:16:20.721Z,sent,f4:db:00:00:00:d9,0x12,Write-Req,0x0021,07 6C 03 00 00 03,6,0x07
hci_snoop_2025_11_26_15_14_35.cfa,1947,2025-11-26T15:16:20.898Z,recv,f4:db:00:00:00:d9,0x1B,Notify,0x0024,07 6C 03 00 00 03 5C 01 5B 01 5A 01 1C 04 1D 04 1E 04 00 00,20,0x07
hci_snoop_2025_11_26_15_14_35.cfa,1948,2025-11-26T15:16:20.984Z,recv,f4:db:00:00:00:d9,0x13,Write-Rsp,,,0,
hci_snoop_2025_11_26_15_14_35.cfa,1949,2025-11-26T15:16:20.990Z,sent,f4:db:00:00:00:d9,0x12,Write-Req,0x0021,07 6F 03 00 00 03,6,0x07
hci_snoop_2025_11_26_15_14_35.cfa,1951,2025-11-26T15:16:21.169Z,recv,f4:db:00:00:00:d9,0x1B,Notify,0x0024,07 6F 03 00 00 03 5A 01 59 01 59 01 1F 04 21 04 23 04 00 00,20,0x07
hci_snoop_2025_11_26_15_14_35.cfa,1952,2025-11-26T15:16:21.254Z,recv,f4:db:00:00:00:d9,0x13,Write-Rsp,,,0,
hci_snoop_2025_11_26_15_14_35.cfa,1953,2025-11-26T15:16:21.258Z,sent,f4:db:00:00:00:d9,0x12,Write-Req,0x0021,07 72 03 00 00 03,6,0x07
hci_snoop_2025_11_26_15_14_35.cfa,1955,2025-11-26T15:16:21.439Z,recv,f4:db:00:00:00:d9,0x1B,Notify,0x0024,07 72 03 00 00 03 58 01 58 01 58 01 24 04 25 04 26 04 00 00,20,0x07
hci_snoop_2025_11_26_15_14_35.cfa,1956,2025-11-26T15:16:21.524Z,recv,f4:db:00:00:00:d9,0x13,Write-Rsp,,,0,
hci_snoop_2025_11_26_15_14_35.cfa,1957,2025-11-26T15:16:21.529Z,sent,f4:db:00:00:00:d9,0x12,Write-Req,0x0021,07 75 03 00 00 03,6,0x07
hci_snoop_2025_11_26_15_14_35.cfa,1959,2025-11-26T15:16:21.705Z,recv,f4:db:00:00:00:d9,0x1B,Notify,0x0024,07 75 03 00 00 03 57 01 57 01 56 01 27 04 28 04 29 04 00 00,20,0x07
hci_snoop_2025_11_26_15_14_35.cfa,1960,2025-11-26T15:16:21.794Z,recv,f4:db:00:00:00:d9,0x13,Write-Rsp,,,0,
hci_snoop_2025_11_26_15_14_35.cfa,1961,2025-11-26T15:16:21.800Z,sent,f4:db:00:00:00:d9,0x12,Write-Req,0x0021,07 78 03 00 00 03,6,0x07
hci_snoop_2025_11_26_15_14_35.cfa,1963,2025-11-26T15:16:21.979Z,recv,f4:db:00:00:00:d9,0x1B,Notify,0x0024,07 78 03 00 00 03 56 01 3E 01 3C 01 2A 04 B9 02 0C 03 00 00,20,0x07
hci_snoop_2025_11_26_15_14_35.cfa,1964,2025-11-26T15:16:22.064Z,recv,f4:db:00:00:00:d9,0x13,Write-Rsp,,,0,
hci_snoop_2025_11_26_15_14_35.cfa,1965,2025-11-26T15:16:22.070Z,sent,f4:db:00:00:00:d9,0x12,Write-Req,0x0021,07 7B 03 00 00 03,6,0x07
hci_snoop_2025_11_26_15_14_35.cfa,1967,2025-11-26T15:16:22.245Z,recv,f4:db:00:00:00:d9,0x1B,Notify,0x0024,07 7B 03 00 00 03 40 01 43 01 46 01 46 03 62 03 80 03 00 00,20,0x07
hci_snoop_2025_11_26_15_14_35.cfa,1968,2025-11-26T15:16:22.334Z,recv,f4:db:00:00:00:d9,0x13,Write-Rsp,,,0,
hci_snoop_2025_11_26_15_14_35.cfa,1969,2025-11-26T15:16:22.337Z,sent,f4:db:00:00:00:d9,0x12,Write-Req,0x0021,07 7E 03 00 00 03,6,0x07
hci_snoop_2025_11_26_15_14_35.cfa,1971,2025-11-26T15:16:22.518Z,recv,f4:db:00:00:00:d9,0x1B,Notify,0x0024,07 7E 03 00 00 03 47 01 49 01 4A 01 97 03 A6 03 B2 03 00 00,20,0x07
hci_snoop_2025_11_26_15_14_35.cfa,1972,2025-11-26T15:16:22.604Z,recv,f4:db:00:00:00:d9,0x13,Write-Rsp,,,0,
hci_snoop_2025_11_26_15_14_35.cfa,1973,2025-11-26T15:16:22.609Z,sent,f4:db:00:00:00:d9,0x12,Write-Req,0x0021,07 81 03 00 00 03,6,0x07
hci_snoop_2025_11_26_15_14_35.cfa,1975,2025-11-26T15:16:22.788Z,recv,f4:db:00:00:00:d9,0x1B,Notify,0x0024,07 81 03 00 00 03 4B 01 4C 01 4E 01 BA 03 C1 03 C9 03 00 00,20,0x07
hci_snoop_2025_11_26_15_14_35.cfa,1976,2025-11-26T15:16:22.874Z,recv,f4:db:00:00:00:d9,0x13,Write-Rsp,,,0,
hci_snoop_2025_11_26_15_14_35.cfa,1977,2025-11-26T15:16:22.879Z,sent,f4:db:00:00:00:d9,0x12,Write-Req,0x0021,07 84 03 00 00 03,6,0x07
hci_snoop_2025_11_26_15_14_35.cfa,1979,2025-11-26T15:16:23.058Z,recv,f4:db:00:00:00:d9,0x1B,Notify,0x0024,07 84 03 00 00 03 50 01 53 01 57 01 D4 03 D8 03 DA 03 00 00,20,0x07
hci_snoop_2025_11_26_15_14_35.cfa,1980,2025-11-26T15:16:23.144Z,recv,f4:db:00:00:00:d9,0x13,Write-Rsp,,,0,
hci_snoop_2025_11_26_15_14_35.cfa,1981,2025-11-26T15:16:23.149Z,sent,f4:db:00:00:00:d9,0x12,Write-Req,0x0021,07 87 03 00 00 03,6,0x07
hci_snoop_2025_11_26_15_14_35.cfa,1983,2025-11-26T15:16:23.327Z,recv,f4:db:00:00:00:d9,0x1B,Notify,0x0024,07 87 03 00 00 03 5A 01 5D 01 60 01 DB 03 DD 03 DE 03 00 00,20,0x07
hci_snoop_2025_11_26_15_14_35.cfa,1984,2025-11-26T15:16:23.416Z,recv,f4:db:00:00:00:d9,0x13,Write-Rsp,,,0,
hci_snoop_2025_11_26_15_14_35.cfa,1985,2025-11-26T15:16:23.423Z,sent,f4:db:00:00:00:d9,0x12,Write-Req,0x0021,07 8A 03 00 00 03,6,0x07
hci_snoop_2025_11_26_15_14_35.cfa,1987,2025-11-26T15:16:23.595Z,recv,f4:db:00:00:00:d9,0x1B,Notify,0x0024,07 8A 03 00 00 03 62 01 64 01 66 01 E0 03 E1 03 E3 03 00 00,20,0x07
hci_snoop_2025_11_26_15_14_35.cfa,1988,2025-11-26T15:16:23.683Z,recv,f4:db:00:00:00:d9,0x13,Write-Rsp,,,0,
hci_snoop_2025_11_26_15_14_35.cfa,1989,2025-11-26T15:16:23.689Z,sent,f4:db:00:00:00:d9,0x12,Write-Req,0x0021,07 8D 03 00 00 03,6,0x07
hci_snoop_2025_11_26_15_14_35.cfa,1991,2025-11-26T15:16:23.868Z,recv,f4:db:00:00:00:d9,0x1B,Notify,0x0024,07 8D 03 00 00 03 68 01 69 01 6B 01 E4 03 E6 03 E8 03 00 00,20,0x07
hci_snoop_2025_11_26_15_14_35.cfa,1992,2025-11-26T15:16:23.954Z,recv,f4:db:00:00:00:d9,0x13,Write-Rsp,,,0,
hci_snoop_2025_11_26_15_14_35.cfa,1993,2025-11-26T15:16:23.959Z,sent,f4:db:00:00:00:d9,0x12,Write-Req,0x0021,07 90 03 00 00 03,6,0x07
hci_snoop_2025_11_26_15_14_35.cfa,1995,2025-11-26T15:16:24.134Z,recv,f4:db:00:00:00:d9,0x1B,Notify,0x0024,07 90 03 00 00 03 6B 01 69 01 67 01 E2 03 E0 03 E5 03 00 00,20,0x07
hci_snoop_2025_11_26_15_14_35.cfa,1996,2025-11-26T15:16:24.224Z,recv,f4:db:00:00:00:d9,0x13,Write-Rsp,,,0,
hci_snoop_2025_11_26_15_14_35.cfa,1997,2025-11-26T15:16:24.228Z,sent,f4:db:00:00:00:d9,0x12,Write-Req,0x0021,07 93 03 00 00 03,6,0x07
hci_snoop_2025_11_26_15_14_35.cfa,1999,2025-11-26T15:16:24.408Z,recv,f4:db:00:00:00:d9,0x1B,Notify,0x0024,07 93 03 00 00 03 67 01 66 01 64 01 EA 03 E8 03 E9 03 00 00,20,0x07
hci_snoop_2025_11_26_15_14_35.cfa,2000,2025-11-26T15:16:24.495Z,recv,f4:db:00:00:00:d9,0x13,Write-Rsp,,,0,
hci_snoop_2025_11_26_15_14_35.cfa,2001,2025-11-26T15:16:24.502Z,sent,f4:db:00:00:00:d9,0x12,Write-Req,0x0021,07 96 03 00 00 03,6,0x07
hci_snoop_2025_11_26_15_14_35.cfa,2003,2025-11-26T15:16:24.679Z,recv,f4:db:00:00:00:d9,0x1B,Notify,0x0024,07 96 03 00 00 03 63 01 62 01 61 01 EA 03 EC 03 EF 03 00 00,20,0x07
hci_snoop_2025_11_26_15_14_35.cfa,2004,2025-11-26T15:16:24.764Z,recv,f4:db:00:00:00:d9,0x13,Write-Rsp,,,0,
hci_snoop_2025_11_26_15_14_35.cfa,2005,2025-11-26T15:16:24.770Z,sent,f4:db:00:00:00:d9,0x12,Write-Req,0x0021,07 99 03 00 00 03,6,0x07
hci_snoop_2025_11_26_15_14_35.cfa,2007,2025-11-26T15:16:24.948Z,recv,f4:db:00:00:00:d9,0x1B,Notify,0x0024,07 99 03 00 00 03 60 01 60 01 5F 01 F0 03 F2 03 F4 03 00 00,20,0x07
hci_snoop_2025_11_26_15_14_35.cfa,2008,2025-11-26T15:16:25.034Z,recv,f4:db:00:00:00:d9,0x13,Write-Rsp,,,0,
hci_snoop_2025_11_26_15_14_35.cfa,2009,2025-11-26T15:16:25.038Z,sent,f4:db:00:00:00:d9,0x12,Write-Req,0x0021,07 9C 03 00 00 03,6,0x07
hci_snoop_2025_11_26_15_14_35.cfa,2011,2025-11-26T15:16:25.219Z,recv,f4:db:00:00:00:d9,0x1B,Notify,0x0024,07 9C 03 00 00 03 5E 01 5E 01 5E 01 F6 03 F8 03 F9 03 00 00,20,0x07
hci_snoop_2025_11_26_15_14_35.cfa,2012,2025-11-26T15:16:25.304Z,recv,f4:db:00:00:00:d9,0x13,Write-Rsp,,,0,
hci_snoop_2025_11_26_15_14_35.cfa,2013,2025-11-26T15:16:25.308Z,sent,f4:db:00:00:00:d9,0x12,Write-Req,0x0021,07 9F 03 00 00 03,6,0x07
hci_snoop_2025_11_26_15_14_35.cfa,2015,2025-11-26T15:16:25.488Z,recv,f4:db:00:00:00:d9,0x1B,Notify,0x0024,07 9F 03 00 00 03 5D 01 5D 01 5C 01 FB 03 FC 03 FE 03 00 00,20,0x07
hci_snoop_2025_11_26_15_14_35.cfa,2016,2025-11-26T15:16:25.574Z,recv,f4:db:00:00:00:d9,0x13,Write-Rsp,,,0,
hci_snoop_2025_11_26_15_14_35.cfa,2017,2025-11-26T15:16:25.580Z,sent,f4:db:00:00:00:d9,0x12,Write-Req,0x0021,07 A2 03 00 00 03,6,0x07
hci_snoop_2025_11_26_15_14_35.cfa,2019,2025-11-26T15:16:25.756Z,recv,f4:db:00:00:00:d9,0x1B,Notify,0x0024,07 A2 03 00 00 03 5C 01 5B 01 5B 01 FF 03 01 04 02 04 00 00,20,0x07
hci_snoop_2025_11_26_15_14_35.cfa,2020,2025-11-26T15:16:25.845Z,recv,f4:db:00:00:00:d9,0x13,Write-Rsp,,,0,
hci_snoop_2025_11_26_15_14_35.cfa,2021,2025-11-26T15:16:25.848Z,sent,f4:db:00:00:00:d9,0x12,Write-Req,0x0021,07 A5 03 00 00 03,6,0x07
hci_snoop_2025_11_26_15_14_35.cfa,2023,2025-11-26T15:16:26.025Z,recv,f4:db:00:00:00:d9,0x1B,Notify,0x0024,07 A5 03 00 00 03 5A 01 5A 01 5A 01 03 04 04 04 05 04 00 00,20,0x07
hci_snoop_2025_11_26_15_14_35.cfa,2024,2025-11-26T15:16:26.115Z,recv,f4:db:00:00:00:d9,0x13,Write-Rsp,,,0,
hci_snoop_2025_11_26_15_14_35.cfa,2025,2025-11-26T15:16:26.120Z,sent,f4:db:00:00:00:d9,0x12,Write-Req,0x0021,07 A8 03 00 00 03,6,0x07
hci_snoop_2025_11_26_15_14_35.cfa,2027,2025-11-26T15:16:26.298Z,recv,f4:db:00:00:00:d9,0x1B,Notify,0x0024,07 A8 03 00 00 03 59 01 59 01 59 01 07 04 08 04 0A 04 00 00,20,0x07
hci_snoop_2025_11_26_15_14_35.cfa,2028,2025-11-26T15:16:26.384Z,recv,f4:db:00:00:00:d9,0x13,Write-Rsp,,,0,
hci_snoop_2025_11_26_15_14_35.cfa,2029,2025-11-26T15:16:26.388Z,sent,f4:db:00:00:00:d9,0x12,Write-Req,0x0021,07 AB 03 00 00 03,6,0x07
hci_snoop_2025_11_26_15_14_35.cfa,2031,2025-11-26T15:16:26.568Z,recv,f4:db:00:00:00:d9,0x1B,Notify,0x0024,07 AB 03 00 00 03 59 01 58 01 58 01 0B 04 0C 04 0D 04 00 00,20,0x07
hci_snoop_2025_11_26_15_14_35.cfa,2032,2025-11-26T15:16:26.654Z,recv,f4:db:00:00:00:d9,0x13,Write-Rsp,,,0,
hci_snoop_2025_11_26_15_14_35.cfa,2033,2025-11-26T15:16:26.658Z,sent,f4:db:00:00:00:d9,0x12,Write-Req,0x0021,07 AE 03 00 00 03,6,0x07
hci_snoop_2025_11_26_15_14_35.cfa,2035,2025-11-26T15:16:26.838Z,recv,f4:db:00:00:00:d9,0x1B,Notify,0x0024,07 AE 03 00 00 03 57 01 57 01 57 01 0F 04 11 04 12 04 00 00,20,0x07
hci_snoop_2025_11_26_15_14_35.cfa,2036,2025-11-26T15:16:26.924Z,recv,f4:db:00:00:00:d9,0x13,Write-Rsp,,,0,
hci_snoop_2025_11_26_15_14_35.cfa,2037,2025-11-26T15:16:26.928Z,sent,f4:db:00:00:00:d9,0x12,Write-Req,0x0021,07 B1 03 00 00 03,6,0x07
hci_snoop_2025_11_26_15_14_35.cfa,2039,2025-11-26T15:16:27.110Z,recv,f4:db:00:00:00:d9,0x1B,Notify,0x0024,07 B1 03 00 00 03 56 01 56 01 56 01 13 04 14 04 16 04 00 00,20,0x07
hci_snoop_2025_11_26_15_14_35.cfa,2041,2025-11-26T15:16:27.194Z,recv,f4:db:00:00:00:d9,0x13,Write-Rsp,,,0,
hci_snoop_2025_11_26_15_14_35.cfa,2042,2025-11-26T15:16:27.198Z,sent,f4:db:00:00:00:d9,0x12,Write-Req,0x0021,07 B4 03 00 00 03,6,0x07
hci_snoop_2025_11_26_15_14_35.cfa,2044,2025-11-26T15:16:27.375Z,recv,f4:db:00:00:00:d9,0x1B,Notify,0x0024,07 B4 03 00 00 03 55 01 55 01 55 01 17 04 18 04 1A 04 00 00,20,0x07
hci_snoop_2025_11_26_15_14_35.cfa,2045,2025-11-26T15:16:27.465Z,recv,f4:db:00:00:00:d9,0x13,Write-Rsp,,,0,
hci_snoop_2025_11_26_15_14_35.cfa,2046,2025-11-26T15:16:27.470Z,sent,f4:db:00:00:00:d9,0x12,Write-Req,0x0021,07 B7 03 00 00 03,6,0x07
hci_snoop_2025_11_26_15_14_35.cfa,2048,2025-11-26T15:16:27.649Z,recv,f4:db:00:00:00:d9,0x1B,Notify,0x0024,07 B7 03 00 00 03 55 01 54 01 54 01 1B 04 1C 04 1D 04 00 00,20,0x07
hci_snoop_2025_11_26_15_14_35.cfa,2049,2025-11-26T15:16:27.733Z,recv,f4:db:00:00:00:d9,0x13,Write-Rsp,,,0,
hci_snoop_2025_11_26_15_14_35.cfa,2050,2025-11-26T15:16:27.738Z,sent,f4:db:00:00:00:d9,0x12,Write-Req,0x0021,07 BA 03 00 00 03,6,0x07
hci_snoop_2025_11_26_15_14_35.cfa,2052,2025-11-26T15:16:27.917Z,recv,f4:db:00:00:00:d9,0x1B,Notify,0x0024,07 BA 03 00 00 03 54 01 53 01 53 01 1E 04 20 04 21 04 00 00,20,0x07
hci_snoop_2025_11_26_15_14_35.cfa,2053,2025-11-26T15:16:28.004Z,recv,f4:db:00:00:00:d9,0x13,Write-Rsp,,,0,
hci_snoop_2025_11_26_15_14_35.cfa,2054,2025-11-26T15:16:28.009Z,sent,f4:db:00:00:00:d9,0x12,Write-Req,0x0021,07 BD 03 00 00 03,6,0x07
hci_snoop_2025_11_26_15_14_35.cfa,2056,2025-11-26T15:16:28.188Z,recv,f4:db:00:00:00:d9,0x1B,Notify,0x0024,07 BD 03 00 00 03 53 01 53 01 52 01 23 04 24 04 25 04 00 00,20,0x07
hci_snoop_2025_11_26_15_14_35.cfa,2057,2025-11-26T15:16:28.275Z,recv,f4:db:00:00:00:d9,0x13,Write-Rsp,,,0,
hci_snoop_2025_11_26_15_14_35.cfa,2058,2025-11-26T15:16:28.278Z,sent,f4:db:00:00:00:d9,0x12,Write-Req,0x0021,07 C0 03 00 00 03,6,0x07
hci_snoop_2025_11_26_15_14_35.cfa,2060,2025-11-26T15:16:28.459Z,recv,f4:db:00:00:00:d9,0x1B,Notify,0x0024,07 C0 03 00 00 03 52 01 52 01 52 01 26 04 27 04 29 04 00 00,20,0x07
hci_snoop_2025_11_26_15_14_35.cfa,2061,2025-11-26T15:16:28.543Z,recv,f4:db:00:00:00:d9,0x13,Write-Rsp,,,0,
hci_snoop_2025_11_26_15_14_35.cfa,2062,2025-11-26T15:16:28.549Z,sent,f4:db:00:00:00:d9,0x12,Write-Req,0x0021,07 C3 03 00 00 03,6,0x07
hci_snoop_2025_11_26_15_14_35.cfa,2064,2025-11-26T15:16:28.728Z,recv,f4:db:00:00:00:d9,0x1B,Notify,0x0024,07 C3 03 00 00 03 51 01 51 01 51 01 2A 04 2A 04 2B 04 00 00,20,0x07
hci_snoop_2025_11_26_15_14_35.cfa,2065,2025-11-26T15:16:28.813Z,recv,f4:db:00:00:00:d9,0x13,Write-Rsp,,,0,
hci_snoop_2025_11_26_15_14_35.cfa,2066,2025-11-26T15:16:28.818Z,sent,f4:db:00:00:00:d9,0x12,Write-Req,0x0021,07 C6 03 00 00 03,6,0x07
hci_snoop_2025_11_26_15_14_35.cfa,2068,2025-11-26T15:16:28.999Z,recv,f4:db:00:00:00:d9,0x1B,Notify,0x0024,07 C6 03 00 00 03 51 01 51 01 50 01 2C 04 2D 04 2E 04 00 00,20,0x07
hci_snoop_2025_11_26_15_14_35.cfa,2069,2025-11-26T15:16:29.083Z,recv,f4:db:00:00:00:d9,0x13,Write-Rsp,,,0,
hci_snoop_2025_11_26_15_14_35.cfa,2070,2025-11-26T15:16:29.089Z,sent,f4:db:00:00:00:d9,0x12,Write-Req,0x0021,07 C9 03 00 00 03,6,0x07
hci_snoop_2025_11_26_15_14_35.cfa,2072,2025-11-26T15:16:29.268Z,recv,f4:db:00:00:00:d9,0x1B,Notify,0x0024,07 C9 03 00 00 03 50 01 50 01 50 01 2F 04 30 04 11 04 00 00,20,0x07
hci_snoop_2025_11_26_15_14_35.cfa,2073,2025-11-26T15:16:29.354Z,recv,f4:db:00:00:00:d9,0x13,Write-Rsp,,,0,
hci_snoop_2025_11_26_15_14_35.cfa,2074,2025-11-26T15:16:29.359Z,sent,f4:db:00:00:00:d9,0x12,Write-Req,0x0021,07 CC 03 00 00 03,6,0x07
hci_snoop_2025_11_26_15_14_35.cfa,2076,2025-11-26T15:16:29.539Z,recv,f4:db:00:00:00:d9,0x1B,Notify,0x0024,07 CC 03 00 00 03 50 01 4F 01 4F 01 14 04 11 04 F6 03 00 00,20,0x07
hci_snoop_2025_11_26_15_14_35.cfa,2077,2025-11-26T15:16:29.624Z,recv,f4:db:00:00:00:d9,0x13,Write-Rsp,,,0,
hci_snoop_2025_11_26_15_14_35.cfa,2078,2025-11-26T15:16:29.629Z,sent,f4:db:00:00:00:d9,0x12,Write-Req,0x0021,07 CF 03 00 00 03,6,0x07
hci_snoop_2025_11_26_15_14_35.cfa,2080,2025-11-26T15:16:29.805Z,recv,f4:db:00:00:00:d9,0x1B,Notify,0x0024,07 CF 03 00 00 03 51 01 53 01 56 01 F6 03 F7 03 F7 03 00 00,20,0x07
hci_snoop_2025_11_26_15_14_35.cfa,2081,2025-11-26T15:16:29.895Z,recv,f4:db:00:00:00:d9,0x13,Write-Rsp,,,0,
hci_snoop_2025_11_26_15_14_35.cfa,2082,2025-11-26T15:16:29.904Z,sent,f4:db:00:00:00:d9,0x12,Write-Req,0x0021,07 D2 03 00 00 03,6,0x07
hci_snoop_2025_11_26_15_14_35.cfa,2084,2025-11-26T15:16:30.078Z,recv,f4:db:00:00:00:d9,0x1B,Notify,0x0024,07 D2 03 00 00 03 59 01 5D 01 5F 01 F4 03 F0 03 ED 03 00 00,20,0x07
hci_snoop_2025_11_26_15_14_35.cfa,2085,2025-11-26T15:16:30.162Z,recv,f4:db:00:00:00:d9,0x13,Write-Rsp,,,0,
hci_snoop_2025_11_26_15_14_35.cfa,2086,2025-11-26T15:16:30.164Z,sent,f4:db:00:00:00:d9,0x12,Write-Req,0x0021,07 D5 03 00 00 03,6,0x07
hci_snoop_2025_11_26_15_14_35.cfa,2088,2025-11-26T15:16:30.348Z,recv,f4:db:00:00:00:d9,0x1B,Notify,0x0024,07 D5 03 00 00 03 61 01 62 01 64 01 EB 03 EA 03 E8 03 00 00,20,0x07
hci_snoop_2025_11_26_15_14_35.cfa,2089,2025-11-26T15:16:30.433Z,recv,f4:db:00:00:00:d9,0x13,Write-Rsp,,,0,
hci_snoop_2025_11_26_15_14_35.cfa,2090,2025-11-26T15:16:30.437Z,sent,f4:db:00:00:00:d9,0x12,Write-Req,0x0021,07 D8 03 00 00 03,6,0x07
hci_snoop_2025_11_26_15_14_35.cfa,2092,2025-11-26T15:16:30.619Z,recv,f4:db:00:00:00:d9,0x1B,Notify,0x0024,07 D8 03 00 00 03 66 01 68 01 69 01 E6 03 E4 03 E3 03 00 00,20,0x07
hci_snoop_2025_11_26_15_14_35.cfa,2093,2025-11-26T15:16:30.704Z,recv,f4:db:00:00:00:d9,0x13,Write-Rsp,,,0,
hci_snoop_2025_11_26_15_14_35.cfa,2094,2025-11-26T15:16:30.710Z,sent,f4:db:00:00:00:d9,0x12,Write-Req,0x0021,07 DB 03 00 00 03,6,0x07
hci_snoop_2025_11_26_15_14_35.cfa,2096,2025-11-26T15:16:30.888Z,recv,f4:db:00:00:00:d9,0x1B,Notify,0x0024,07 DB 03 00 00 03 6A 01 6A 01 6B 01 E2 03 E2 03 E1 03 00 00,20,0x07
hci_snoop_2025_11_26_15_14_35.cfa,2097,2025-11-26T15:16:30.974Z,recv,f4:db:00:00:00:d9,0x13,Write-Rsp,,,0,
hci_snoop_2025_11_26_15_14_35.cfa,2098,2025-11-26T15:16:30.980Z,sent,f4:db:00:00:00:d9,0x12,Write-Req,0x0021,07 DE 03 00 00 03,6,0x07
hci_snoop_2025_11_26_15_14_35.cfa,2100,2025-11-26T15:16:31.155Z,recv,f4:db:00:00:00:d9,0x1B,Notify,0x0024,07 DE 03 00 00 03 6B 01 6A 01 6A 01 E2 03 E2 03 E4 03 00 00,20,0x07
hci_snoop_2025_11_26_15_14_35.cfa,2101,2025-11-26T15:16:31.247Z,recv,f4:db:00:00:00:d9,0x13,Write-Rsp,,,0,
hci_snoop_2025_11_26_15_14_35.cfa,2102,2025-11-26T15:16:31.254Z,sent,f4:db:00:00:00:d9,0x12,Write-Req,0x0021,07 E1 03 00 00 03,6,0x07
hci_snoop_2025_11_26_15_14_35.cfa,2104,2025-11-26T15:16:31.428Z,recv,f4:db:00:00:00:d9,0x1B,Notify,0x0024,07 E1 03 00 00 03 6A 01 68 01 67 01 E7 03 EC 03 F1 03 00 00,20,0x07
hci_snoop_2025_11_26_15_14_35.cfa,2105,2025-11-26T15:16:31.514Z,recv,f4:db:00:00:00:d9,0x13,Write-Rsp,,,0,
hci_snoop_2025_11_26_15_14_35.cfa,2106,2025-11-26T15:16:31.518Z,sent,f4:db:00:00:00:d9,0x12,Write-Req,0x0021,07 E4 03 00 00 03,6,0x07
hci_snoop_2025_11_26_15_14_35.cfa,2108,2025-11-26T15:16:31.695Z,recv,f4:db:00:00:00:d9,0x1B,Notify,0x0024,07 E4 03 00 00 03 66 01 65 01 63 01 F5 03 F9 03 FC 03 00 00,20,0x07
hci_snoop_2025_11_26_15_14_35.cfa,2109,2025-11-26T15:16:31.787Z,recv,f4:db:00:00:00:d9,0x13,Write-Rsp,,,0,
hci_snoop_2025_11_26_15_14_35.cfa,2110,2025-11-26T15:16:31.792Z,sent,f4:db:00:00:00:d9,0x12,Write-Req,0x0021,07 E7 03 00 00 03,6,0x07
hci_snoop_2025_11_26_15_14_35.cfa,2112,2025-11-26T15:16:31.967Z,recv,f4:db:00:00:00:d9,0x1B,Notify,0x0024,07 E7 03 00 00 03 62 01 61 01 60 01 FF 03 02 04 05 04 00 00,20,0x07
hci_snoop_2025_11_26_15_14_35.cfa,2113,2025-11-26T15:16:32.055Z,recv,f4:db:00:00:00:d9,0x13,Write-Rsp,,,0,
hci_snoop_2025_11_26_15_14_35.cfa,2114,2025-11-26T15:16:32.061Z,sent,f4:db:00:00:00:d9,0x12,Write-Req,0x0021,07 EA 03 00 00 03,6,0x07
hci_snoop_2025_11_26_15_14_35.cfa,2116,2025-11-26T15:16:32.238Z,recv,f4:db:00:00:00:d9,0x1B,Notify,0x0024,07 EA 03 00 00 03 5F 01 5E 01 5D 01 08 04 0A 04 0B 04 00 00,20,0x07
hci_snoop_2025_11_26_15_14_35.cfa,2117,2025-11-26T15:16:32.324Z,recv,f4:db:00:00:00:d9,0x13,Write-Rsp,,,0,
hci_snoop_2025_11_26_15_14_35.cfa,2118,2025-11-26T15:16:32.329Z,sent,f4:db:00:00:00:d9,0x12,Write-Req,0x0021,07 ED 03 00 00 03,6,0x07
hci_snoop_2025_11_26_15_14_35.cfa,2120,2025-11-26T15:16:32.506Z,recv,f4:db:00:00:00:d9,0x1B,Notify,0x0024,07 ED 03 00 00 03 5C 01 5B 01 5B 01 0D 04 0E 04 10 04 00 00,20,0x07
hci_snoop_2025_11_26_15_14_35.cfa,2121,2025-11-26T15:16:32.595Z,recv,f4:db:00:00:00:d9,0x13,Write-Rsp,,,0,
hci_snoop_2025_11_26_15_14_35.cfa,2122,2025-11-26T15:16:32.602Z,sent,f4:db:00:00:00:d9,0x12,Write-Req,0x0021,07 F0 03 00 00 03,6,0x07
hci_snoop_2025_11_26_15_14_35.cfa,2124,2025-11-26T15:16:32.775Z,recv,f4:db:00:00:00:d9,0x1B,Notify,0x0024,07 F0 03 00 00 03 5A 01 59 01 58 01 11 04 12 04 14 04 00 00,20,0x07
hci_snoop_2025_11_26_15_14_35.cfa,2125,2025-11-26T15:16:32.865Z,recv,f4:db:00:00:00:d9,0x13,Write-Rsp,,,0,
hci_snoop_2025_11_26_15_14_35.cfa,2126,2025-11-26T15:16:32.872Z,sent,f4:db:00:00:00:d9,0x12,Write-Req,0x0021,07 F3 03 00 00 03,6,0x07
hci_snoop_2025_11_26_15_14_35.cfa,2128,2025-11-26T15:16:33.044Z,recv,f4:db:00:00:00:d9,0x1B,Notify,0x0024,07 F3 03 00 00 03 58 01 57 01 56 01 15 04 16 04 18 04 00 00,20,0x07
hci_snoop_2025_11_26_15_14_35.cfa,2129,2025-11-26T15:16:33.135Z,recv,f4:db:00:00:00:d9,0x13,Write-Rsp,,,0,
hci_snoop_2025_11_26_15_14_35.cfa,2130,2025-11-26T15:16:33.141Z,sent,f4:db:00:00:00:d9,0x12,Write-Req,0x0021,07 F6 03 00 00 03,6,0x07
hci_snoop_2025_11_26_15_14_35.cfa,2132,2025-11-26T15:16:33.318Z,recv,f4:db:00:00:00:d9,0x1B,Notify,0x0024,07 F6 03 00 00 03 56 01 55 01 54 01 19 04 1A 04 1B 04 00 00,20,0x07
hci_snoop_2025_11_26_15_14_35.cfa,2133,2025-11-26T15:16:33.404Z,recv,f4:db:00:00:00:d9,0x13,Write-Rsp,,,0,
hci_snoop_2025_11_26_15_14_35.cfa,2134,2025-11-26T15:16:33.408Z,sent,f4:db:00:00:00:d9,0x12,Write-Req,0x0021,07 F9 03 00 00 03,6,0x07
hci_snoop_2025_11_26_15_14_35.cfa,2136,2025-11-26T15:16:33.589Z,recv,f4:db:00:00:00:d9,0x1B,Notify,0x0024,07 F9 03 00 00 03 54 01 53 01 53 01 1C 04 1D 04 1E 04 00 00,20,0x07
hci_snoop_2025_11_26_15_14_35.cfa,2137,2025-11-26T15:16:33.674Z,recv,f4:db:00:00:00:d9,0x13,Write-Rsp,,,0,
hci_snoop_2025_11_26_15_14_35.cfa,2138,2025-11-26T15:16:33.679Z,sent,f4:db:00:00:00:d9,0x12,Write-Req,0x0021,07 FC 03 00 00 03,6,0x07
hci_snoop_2025_11_26_15_14_35.cfa,2140,2025-11-26T15:16:33.855Z,recv,f4:db:00:00:00:d9,0x1B,Notify,0x0024,07 FC 03 00 00 03 52 01 52 01 52 01 1F 04 20 04 21 04 00 00,20,0x07
hci_snoop_2025_11_26_15_14_35.cfa,2141,2025-11-26T15:16:33.945Z,recv,f4:db:00:00:00:d9,0x13,Write-Rsp,,,0,
hci_snoop_2025_11_26_15_14_35.cfa,2142,2025-11-26T15:16:33.953Z,sent,f4:db:00:00:00:d9,0x12,Write-Req,0x0021,07 FF 03 00 00 03,6,0x07
hci_snoop_2025_11_26_15_14_35.cfa,2144,2025-11-26T15:16:34.128Z,recv,f4:db:00:00:00:d9,0x1B,Notify,0x0024,07 FF 03 00 00 03 51 01 51 01 51 01 21 04 22 04 22 04 00 00,20,0x07
hci_snoop_2025_11_26_15_14_35.cfa,2145,2025-11-26T15:16:34.213Z,recv,f4:db:00:00:00:d9,0x13,Write-Rsp,,,0,
hci_snoop_2025_11_26_15_14_35.cfa,2146,2025-11-26T15:16:34.221Z,sent,f4:db:00:00:00:d9,0x12,Write-Req,0x0021,07 02 04 00 00 03,6,0x07
hci_snoop_2025_11_26_15_14_35.cfa,2148,2025-11-26T15:16:34.399Z,recv,f4:db:00:00:00:d9,0x1B,Notify,0x0024,07 02 04 00 00 03 50 01 50 01 50 01 23 04 23 04 24 04 00 00,20,0x07
hci_snoop_2025_11_26_15_14_35.cfa,2149,2025-11-26T15:16:34.483Z,recv,f4:db:00:00:00:d9,0x13,Write-Rsp,,,0,
hci_snoop_2025_11_26_15_14_35.cfa,2150,2025-11-26T15:16:34.490Z,sent,f4:db:00:00:00:d9,0x12,Write-Req,0x0021,07 05 04 00 00 03,6,0x07
hci_snoop_2025_11_26_15_14_35.cfa,2152,2025-11-26T15:16:34.668Z,recv,f4:db:00:00:00:d9,0x1B,Notify,0x0024,07 05 04 00 00 03 50 01 4F 01 4F 01 24 04 25 04 25 04 00 00,20,0x07
hci_snoop_2025_11_26_15_14_35.cfa,2153,2025-11-26T15:16:34.755Z,recv,f4:db:00:00:00:d9,0x13,Write-Rsp,,,0,
hci_snoop_2025_11_26_15_14_35.cfa,2154,2025-11-26T15:16:34.763Z,sent,f4:db:00:00:00:d9,0x12,Write-Req,0x0021,07 08 04 00 00 03,6,0x07
hci_snoop_2025_11_26_15_14_35.cfa,2156,2025-11-26T15:16:34.938Z,recv,f4:db:00:00:00:d9,0x1B,Notify,0x0024,07 08 04 00 00 03 4F 01 4F 01 4F 01 26 04 26 04 27 04 00 00,20,0x07
hci_snoop_2025_11_26_15_14_35.cfa,2157,2025-11-26T15:16:35.024Z,recv,f4:db:00:00:00:d9,0x13,Write-Rsp,,,0,
hci_snoop_2025_11_26_15_14_35.cfa,2158,2025-11-26T15:16:35.028Z,sent,f4:db:00:00:00:d9,0x12,Write-Req,0x0021,07 0B 04 00 00 03,6,0x07
hci_snoop_2025_11_26_15_14_35.cfa,2160,2025-11-26T15:16:35.208Z,recv,f4:db:00:00:00:d9,0x1B,Notify,0x0024,07 0B 04 00 00 03 4E 01 4E 01 4E 01 27 04 28 04 28 04 00 00,20,0x07
hci_snoop_2025_11_26_15_14_35.cfa,2161,2025-11-26T15:16:35.294Z,recv,f4:db:00:00:00:d9,0x13,Write-Rsp,,,0,
hci_snoop_2025_11_26_15_14_35.cfa,2162,2025-11-26T15:16:35.298Z,sent,f4:db:00:00:00:d9,0x12,Write-Req,0x0021,07 0E 04 00 00 03,6,0x07
hci_snoop_2025_11_26_15_14_35.cfa,2164,2025-11-26T15:16:35.478Z,recv,f4:db:00:00:00:d9,0x1B,Notify,0x0024,07 0E 04 00 00 03 4E 01 4D 01 4D 01 28 04 28 04 29 04 00 00,20,0x07
hci_snoop_2025_11_26_15_14_35.cfa,2165,2025-11-26T15:16:35.564Z,recv,f4:db:00:00:00:d9,0x13,Write-Rsp,,,0,
hci_snoop_2025_11_26_15_14_35.cfa,2166,2025-11-26T15:16:35.572Z,sent,f4:db:00:00:00:d9,0x12,Write-Req,0x0021,07 11 04 00 00 03,6,0x07
hci_snoop_2025_11_26_15_14_35.cfa,2168,2025-11-26T15:16:35.745Z,recv,f4:db:00:00:00:d9,0x1B,Notify,0x0024,07 11 04 00 00 03 4D 01 4D 01 4D 01 29 04 29 04 2A 04 00 00,20,0x07
hci_snoop_2025_11_26_15_14_35.cfa,2169,2025-11-26T15:16:35.835Z,recv,f4:db:00:00:00:d9,0x13,Write-Rsp,,,0,
hci_snoop_2025_11_26_15_14_35.cfa,2170,2025-11-26T15:16:35.841Z,sent,f4:db:00:00:00:d9,0x12,Write-Req,0x0021,07 14 04 00 00 03,6,0x07
hci_snoop_2025_11_26_15_14_35.cfa,2172,2025-11-26T15:16:36.019Z,recv,f4:db:00:00:00:d9,0x1B,Notify,0x0024,07 14 04 00 00 03 4C 01 4C 01 4C 01 2A 04 2A 04 2B 04 00 00,20,0x07
hci_snoop_2025_11_26_15_14_35.cfa,2173,2025-11-26T15:16:36.103Z,recv,f4:db:00:00:00:d9,0x13,Write-Rsp,,,0,
hci_snoop_2025_11_26_15_14_35.cfa,2174,2025-11-26T15:16:36.111Z,sent,f4:db:00:00:00:d9,0x12,Write-Req,0x0021,07 17 04 00 00 03,6,0x07
hci_snoop_2025_11_26_15_14_35.cfa,2176,2025-11-26T15:16:36.288Z,recv,f4:db:00:00:00:d9,0x1B,Notify,0x0024,07 17 04 00 00 03 4C 01 4C 01 4C 01 2B 04 2B 04 2B 04 00 00,20,0x07
hci_snoop_2025_11_26_15_14_35.cfa,2177,2025-11-26T15:16:36.374Z,recv,f4:db:00:00:00:d9,0x13,Write-Rsp,,,0,
hci_snoop_2025_11_26_15_14_35.cfa,2178,2025-11-26T15:16:36.379Z,sent,f4:db:00:00:00:d9,0x12,Write-Req,0x0021,07 1A 04 00 00 03,6,0x07
hci_snoop_2025_11_26_15_14_35.cfa,2180,2025-11-26T15:16:36.558Z,recv,f4:db:00:00:00:d9,0x1B,Notify,0x0024,07 1A 04 00 00 03 4C 01 4C 01 4C 01 2B 04 2A 04 2A 04 00 00,20,0x07
hci_snoop_2025_11_26_15_14_35.cfa,2181,2025-11-26T15:16:36.645Z,recv,f4:db:00:00:00:d9,0x13,Write-Rsp,,,0,
hci_snoop_2025_11_26_15_14_35.cfa,2182,2025-11-26T15:16:36.651Z,sent,f4:db:00:00:00:d9,0x12,Write-Req,0x0021,07 1D 04 00 00 03,6,0x07
hci_snoop_2025_11_26_15_14_35.cfa,2184,2025-11-26T15:16:36.829Z,recv,f4:db:00:00:00:d9,0x1B,Notify,0x0024,07 1D 04 00 00 03 4C 01 4C 01 4D 01 29 04 29 04 28 04 00 00,20,0x07
hci_snoop_2025_11_26_15_14_35.cfa,2185,2025-11-26T15:16:36.914Z,recv,f4:db:00:00:00:d9,0x13,Write-Rsp,,,0,
hci_snoop_2025_11_26_15_14_35.cfa,2186,2025-11-26T15:16:36.918Z,sent,f4:db:00:00:00:d9,0x12,Write-Req,0x0021,07 20 04 00 00 03,6,0x07
hci_snoop_2025_11_26_15_14_35.cfa,2188,2025-11-26T15:16:37.098Z,recv,f4:db:00:00:00:d9,0x1B,Notify,0x0024,07 20 04 00 00 03 4D 01 4D 01 4D 01 28 04 28 04 27 04 00 00,20,0x07
hci_snoop_2025_11_26_15_14_35.cfa,2189,2025-11-26T15:16:37.185Z,recv,f4:db:00:00:00:d9,0x13,Write-Rsp,,,0,
hci_snoop_2025_11_26_15_14_35.cfa,2190,2025-11-26T15:16:37.191Z,sent,f4:db:00:00:00:d9,0x12,Write-Req,0x0021,07 23 04 00 00 03,6,0x07
hci_snoop_2025_11_26_15_14_35.cfa,2192,2025-11-26T15:16:37.455Z,recv,f4:db:00:00:00:d9,0x1B,Notify,0x0024,07 23 04 00 00 03 4D 01 4D 01 4D 01 27 04 27 04 27 04 00 00,20,0x07
hci_snoop_2025_11_26_15_14_35.cfa,2193,2025-11-26T15:16:37.545Z,recv,f4:db:00:00:00:d9,0x13,Write-Rsp,,,0,
hci_snoop_2025_11_26_15_14_35.cfa,2194,2025-11-26T15:16:37.552Z,sent,f4:db:00:00:00:d9,0x12,Write-Req,0x0021,07 26 04 00 00 03,6,0x07
hci_snoop_2025_11_26_15_14_35.cfa,2196,2025-11-26T15:16:37.724Z,recv,f4:db:00:00:00:d9,0x1B,Notify,0x0024,07 26 04 00 00 03 4D 01 4D 01 4D 01 27 04 27 04 27 04 00 00,20,0x07
hci_snoop_2025_11_26_15_14_35.cfa,2197,2025-11-26T15:16:37.814Z,recv,f4:db:00:00:00:d9,0x13,Write-Rsp,,,0,
hci_snoop_2025_11_26_15_14_35.cfa,2198,2025-11-26T15:16:37.820Z,sent,f4:db:00:00:00:d9,0x12,Write-Req,0x0021,07 29 04 00 00 03,6,0x07
hci_snoop_2025_11_26_15_14_35.cfa,2200,2025-11-26T15:16:38.087Z,recv,f4:db:00:00:00:d9,0x1B,Notify,0x0024,07 29 04 00 00 03 4D 01 4C 01 4D 01 27 04 27 04 27 04 00 00,20,0x07
hci_snoop_2025_11_26_15_14_35.cfa,2201,2025-11-26T15:16:38.174Z,recv,f4:db:00:00:00:d9,0x13,Write-Rsp,,,0,
hci_snoop_2025_11_26_15_14_35.cfa,2202,2025-11-26T15:16:38.178Z,sent,f4:db:00:00:00:d9,0x12,Write-Req,0x0021,07 2C 04 00 00 03,6,0x07
hci_snoop_2025_11_26_15_14_35.cfa,2204,2025-11-26T15:16:38.358Z,recv,f4:db:00:00:00:d9,0x1B,Notify,0x0024,07 2C 04 00 00 03 4D 01 4D 01 4D 01 27 04 27 04 27 04 00 00,20,0x07
hci_snoop_2025_11_26_15_14_35.cfa,2205,2025-11-26T15:16:38.444Z,recv,f4:db:00:00:00:d9,0x13,Write-Rsp,,,0,
hci_snoop_2025_11_26_15_14_35.cfa,2206,2025-11-26T15:16:38.449Z,sent,f4:db:00:00:00:d9,0x12,Write-Req,0x0021,07 2F 04 00 00 03,6,0x07
hci_snoop_2025_11_26_15_14_35.cfa,2208,2025-11-26T15:16:38.625Z,recv,f4:db:00:00:00:d9,0x1B,Notify,0x0024,07 2F 04 00 00 03 4D 01 4D 01 4C 01 28 04 29 04 29 04 00 00,20,0x07
hci_snoop_2025_11_26_15_14_35.cfa,2209,2025-11-26T15:16:38.713Z,recv,f4:db:00:00:00:d9,0x13,Write-Rsp,,,0,
hci_snoop_2025_11_26_15_14_35.cfa,2210,2025-11-26T15:16:38.722Z,sent,f4:db:00:00:00:d9,0x12,Write-Req,0x0021,07 32 04 00 00 03,6,0x07
hci_snoop_2025_11_26_15_14_35.cfa,2212,2025-11-26T15:16:38.896Z,recv,f4:db:00:00:00:d9,0x1B,Notify,0x0024,07 32 04 00 00 03 4C 01 4C 01 4C 01 2A 04 2A 04 2A 04 00 00,20,0x07
hci_snoop_2025_11_26_15_14_35.cfa,2213,2025-11-26T15:16:38.985Z,recv,f4:db:00:00:00:d9,0x13,Write-Rsp,,,0,
hci_snoop_2025_11_26_15_14_35.cfa,2214,2025-11-26T15:16:38.992Z,sent,f4:db:00:00:00:d9,0x12,Write-Req,0x0021,07 35 04 00 00 03,6,0x07
hci_snoop_2025_11_26_15_14_35.cfa,2216,2025-11-26T15:16:39.167Z,recv,f4:db:00:00:00:d9,0x1B,Notify,0x0024,07 35 04 00 00 03 4C 01 4C 01 4B 01 2A 04 2B 04 2B 04 00 00,20,0x07
hci_snoop_2025_11_26_15_14_35.cfa,2217,2025-11-26T15:16:39.254Z,recv,f4:db:00:00:00:d9,0x13,Write-Rsp,,,0,
hci_snoop_2025_11_26_15_14_35.cfa,2218,2025-11-26T15:16:39.259Z,sent,f4:db:00:00:00:d9,0x12,Write-Req,0x0021,07 38 04 00 00 03,6,0x07
hci_snoop_2025_11_26_15_14_35.cfa,2220,2025-11-26T15:16:39.438Z,recv,f4:db:00:00:00:d9,0x1B,Notify,0x0024,07 38 04 00 00 03 4C 01 4C 01 4C 01 2B 04 2B 04 2B 04 00 00,20,0x07
hci_snoop_2025_11_26_15_14_35.cfa,2221,2025-11-26T15:16:39.524Z,recv,f4:db:00:00:00:d9,0x13,Write-Rsp,,,0,
hci_snoop_2025_11_26_15_14_35.cfa,2222,2025-11-26T15:16:39.528Z,sent,f4:db:00:00:00:d9,0x12,Write-Req,0x0021,07 3B 04 00 00 03,6,0x07
hci_snoop_2025_11_26_15_14_35.cfa,2224,2025-11-26T15:16:39.708Z,recv,f4:db:00:00:00:d9,0x1B,Notify,0x0024,07 3B 04 00 00 03 4C 01 4C 01 4D 01 2B 04 2B 04 2B 04 00 00,20,0x07
hci_snoop_2025_11_26_15_14_35.cfa,2225,2025-11-26T15:16:39.794Z,recv,f4:db:00:00:00:d9,0x13,Write-Rsp,,,0,
hci_snoop_2025_11_26_15_14_35.cfa,2226,2025-11-26T15:16:39.799Z,sent,f4:db:00:00:00:d9,0x12,Write-Req,0x0021,07 3E 04 00 00 03,6,0x07
hci_snoop_2025_11_26_15_14_35.cfa,2228,2025-11-26T15:16:39.975Z,recv,f4:db:00:00:00:d9,0x1B,Notify,0x0024,07 3E 04 00 00 03 4D 01 4E 01 4E 01 2A 04 2A 04 2A 04 00 00,20,0x07
hci_snoop_2025_11_26_15_14_35.cfa,2229,2025-11-26T15:16:40.064Z,recv,f4:db:00:00:00:d9,0x13,Write-Rsp,,,0,
hci_snoop_2025_11_26_15_14_35.cfa,2230,2025-11-26T15:16:40.068Z,sent,f4:db:00:00:00:d9,0x12,Write-Req,0x0021,07 41 04 00 00 03,6,0x07
hci_snoop_2025_11_26_15_14_35.cfa,2232,2025-11-26T15:16:40.243Z,recv,f4:db:00:00:00:d9,0x1B,Notify,0x0024,07 41 04 00 00 03 4E 01 4E 01 4E 01 2A 04 2A 04 2B 04 00 00,20,0x07
hci_snoop_2025_11_26_15_14_35.cfa,2233,2025-11-26T15:16:40.337Z,recv,f4:db:00:00:00:d9,0x13,Write-Rsp,,,0,
hci_snoop_2025_11_26_15_14_35.cfa,2234,2025-11-26T15:16:40.343Z,sent,f4:db:00:00:00:d9,0x12,Write-Req,0x0021,07 44 04 00 00 03,6,0x07
hci_snoop_2025_11_26_15_14_35.cfa,2236,2025-11-26T15:16:40.518Z,recv,f4:db:00:00:00:d9,0x1B,Notify,0x0024,07 44 04 00 00 03 4E 01 4E 01 4E 01 2B 04 2B 04 2B 04 00 00,20,0x07
hci_snoop_2025_11_26_15_14_35.cfa,2237,2025-11-26T15:16:40.604Z,recv,f4:db:00:00:00:d9,0x13,Write-Rsp,,,0,
hci_snoop_2025_11_26_15_14_35.cfa,2238,2025-11-26T15:16:40.611Z,sent,f4:db:00:00:00:d9,0x12,Write-Req,0x0021,07 47 04 00 00 03,6,0x07
hci_snoop_2025_11_26_15_14_35.cfa,2240,2025-11-26T15:16:40.789Z,recv,f4:db:00:00:00:d9,0x1B,Notify,0x0024,07 47 04 00 00 03 4E 01 4E 01 4E 01 2C 04 2C 04 2C 04 00 00,20,0x07
hci_snoop_2025_11_26_15_14_35.cfa,2241,2025-11-26T15:16:40.875Z,recv,f4:db:00:00:00:d9,0x13,Write-Rsp,,,0,
hci_snoop_2025_11_26_15_14_35.cfa,2242,2025-11-26T15:16:40.878Z,sent,f4:db:00:00:00:d9,0x12,Write-Req,0x0021,07 4A 04 00 00 03,6,0x07
hci_snoop_2025_11_26_15_14_35.cfa,2244,2025-11-26T15:16:41.058Z,recv,f4:db:00:00:00:d9,0x1B,Notify,0x0024,07 4A 04 00 00 03 4E 01 4E 01 4D 01 2D 04 2D 04 2D 04 00 00,20,0x07
hci_snoop_2025_11_26_15_14_35.cfa,2245,2025-11-26T15:16:41.144Z,recv,f4:db:00:00:00:d9,0x13,Write-Rsp,,,0,
hci_snoop_2025_11_26_15_14_35.cfa,2246,2025-11-26T15:16:41.149Z,sent,f4:db:00:00:00:d9,0x12,Write-Req,0x0021,07 4D 04 00 00 03,6,0x07
hci_snoop_2025_11_26_15_14_35.cfa,2248,2025-11-26T15:16:41.328Z,recv,f4:db:00:00:00:d9,0x1B,Notify,0x0024,07 4D 04 00 00 03 4D 01 4D 01 4D 01 2D 04 2E 04 2E 04 00 00,20,0x07
hci_snoop_2025_11_26_15_14_35.cfa,2249,2025-11-26T15:16:41.413Z,recv,f4:db:00:00:00:d9,0x13,Write-Rsp,,,0,
hci_snoop_2025_11_26_15_14_35.cfa,2250,2025-11-26T15:16:41.417Z,sent,f4:db:00:00:00:d9,0x12,Write-Req,0x0021,07 50 04 00 00 03,6,0x07
hci_snoop_2025_11_26_15_14_35.cfa,2252,2025-11-26T15:16:41.598Z,recv,f4:db:00:00:00:d9,0x1B,Notify,0x0024,07 50 04 00 00 03 4C 01 4C 01 4C 01 2F 04 2F 04 30 04 00 00,20,0x07
hci_snoop_2025_11_26_15_14_35.cfa,2253,2025-11-26T15:16:41.685Z,recv,f4:db:00:00:00:d9,0x13,Write-Rsp,,,0,
hci_snoop_2025_11_26_15_14_35.cfa,2254,2025-11-26T15:16:41.691Z,sent,f4:db:00:00:00:d9,0x12,Write-Req,0x0021,07 53 04 00 00 03,6,0x07
hci_snoop_2025_11_26_15_14_35.cfa,2256,2025-11-26T15:16:41.865Z,recv,f4:db:00:00:00:d9,0x1B,Notify,0x0024,07 53 04 00 00 03 4C 01 4C 01 4C 01 31 04 31 04 32 04 00 00,20,0x07
hci_snoop_2025_11_26_15_14_35.cfa,2257,2025-11-26T15:16:41.955Z,recv,f4:db:00:00:00:d9,0x13,Write-Rsp,,,0,
hci_snoop_2025_11_26_15_14_35.cfa,2258,2025-11-26T15:16:41.961Z,sent,f4:db:00:00:00:d9,0x12,Write-Req,0x0021,07 56 04 00 00 03,6,0x07
hci_snoop_2025_11_26_15_14_35.cfa,2260,2025-11-26T15:16:42.140Z,recv,f4:db:00:00:00:d9,0x1B,Notify,0x0024,07 56 04 00 00 03 4B 01 4B 01 4C 01 32 04 33 04 33 04 00 00,20,0x07
hci_snoop_2025_11_26_15_14_35.cfa,2262,2025-11-26T15:16:42.224Z,recv,f4:db:00:00:00:d9,0x13,Write-Rsp,,,0,
hci_snoop_2025_11_26_15_14_35.cfa,2263,2025-11-26T15:16:42.228Z,sent,f4:db:00:00:00:d9,0x12,Write-Req,0x0021,07 59 04 00 00 03,6,0x07
hci_snoop_2025_11_26_15_14_35.cfa,2265,2025-11-26T15:16:42.405Z,recv,f4:db:00:00:00:d9,0x1B,Notify,0x0024,07 59 04 00 00 03 4C 01 3F 01 40 01 35 04 31 03 A4 03 00 00,20,0x07
hci_snoop_2025_11_26_15_14_35.cfa,2266,2025-11-26T15:16:42.495Z,recv,f4:db:00:00:00:d9,0x13,Write-Rsp,,,0,
hci_snoop_2025_11_26_15_14_35.cfa,2267,2025-11-26T15:16:42.503Z,sent,f4:db:00:00:00:d9,0x12,Write-Req,0x0021,07 5C 04 00 00 03,6,0x07
hci_snoop_2025_11_26_15_14_35.cfa,2269,2025-11-26T15:16:42.679Z,recv,f4:db:00:00:00:d9,0x1B,Notify,0x0024,07 5C 04 00 00 03 43 01 45 01 47 01 B2 03 BB 03 C4 03 00 00,20,0x07
hci_snoop_2025_11_26_15_14_35.cfa,2270,2025-11-26T15:16:42.764Z,recv,f4:db:00:00:00:d9,0x13,Write-Rsp,,,0,
hci_snoop_2025_11_26_15_14_35.cfa,2271,2025-11-26T15:16:42.771Z,sent,f4:db:00:00:00:d9,0x12,Write-Req,0x0021,07 5F 04 00 00 03,6,0x07
hci_snoop_2025_11_26_15_14_35.cfa,2273,2025-11-26T15:16:42.946Z,recv,f4:db:00:00:00:d9,0x1B,Notify,0x0024,07 5F 04 00 00 03 48 01 4A 01 4B 01 CD 03 D4 03 D9 03 00 00,20,0x07
hci_snoop_2025_11_26_15_14_35.cfa,2274,2025-11-26T15:16:43.035Z,recv,f4:db:00:00:00:d9,0x13,Write-Rsp,,,0,
hci_snoop_2025_11_26_15_14_35.cfa,2275,2025-11-26T15:16:43.042Z,sent,f4:db:00:00:00:d9,0x12,Write-Req,0x0021,07 62 04 00 00 03,6,0x07
hci_snoop_2025_11_26_15_14_35.cfa,2277,2025-11-26T15:16:43.218Z,recv,f4:db:00:00:00:d9,0x1B,Notify,0x0024,07 62 04 00 00 03 4D 01 4F 01 4F 01 DC 03 DD 03 E0 03 00 00,20,0x07
hci_snoop_2025_11_26_15_14_35.cfa,2278,2025-11-26T15:16:43.304Z,recv,f4:db:00:00:00:d9,0x13,Write-Rsp,,,0,
hci_snoop_2025_11_26_15_14_35.cfa,2279,2025-11-26T15:16:43.309Z,sent,f4:db:00:00:00:d9,0x12,Write-Req,0x0021,07 65 04 00 00 03,6,0x07
hci_snoop_2025_11_26_15_14_35.cfa,2281,2025-11-26T15:16:43.488Z,recv,f4:db:00:00:00:d9,0x1B,Notify,0x0024,07 65 04 00 00 03 50 01 52 01 53 01 E4 03 E6 03 CC 03 00 00,20,0x07
hci_snoop_2025_11_26_15_14_35.cfa,2282,2025-11-26T15:16:43.574Z,recv,f4:db:00:00:00:d9,0x13,Write-Rsp,,,0,
hci_snoop_2025_11_26_15_14_35.cfa,2283,2025-11-26T15:16:43.579Z,sent,f4:db:00:00:00:d9,0x12,Write-Req,0x0021,07 68 04 00 00 03,6,0x07
hci_snoop_2025_11_26_15_14_35.cfa,2285,2025-11-26T15:16:43.755Z,recv,f4:db:00:00:00:d9,0x1B,Notify,0x0024,07 68 04 00 00 03 54 01 56 01 5A 01 B0 03 BA 03 C2 03 00 00,20,0x07
hci_snoop_2025_11_26_15_14_35.cfa,2286,2025-11-26T15:16:43.843Z,recv,f4:db:00:00:00:d9,0x13,Write-Rsp,,,0,
hci_snoop_2025_11_26_15_14_35.cfa,2287,2025-11-26T15:16:43.849Z,sent,f4:db:00:00:00:d9,0x12,Write-Req,0x0021,07 6B 04 00 00 03,6,0x07
hci_snoop_2025_11_26_15_14_35.cfa,2289,2025-11-26T15:16:44.027Z,recv,f4:db:00:00:00:d9,0x1B,Notify,0x0024,07 6B 04 00 00 03 5C 01 5E 01 60 01 C8 03 CC 03 D0 03 00 00,20,0x07
hci_snoop_2025_11_26_15_14_35.cfa,2290,2025-11-26T15:16:44.115Z,recv,f4:db:00:00:00:d9,0x13,Write-Rsp,,,0,
hci_snoop_2025_11_26_15_14_35.cfa,2291,2025-11-26T15:16:44.121Z,sent,f4:db:00:00:00:d9,0x12,Write-Req,0x0021,07 6E 04 00 00 03,6,0x07
hci_snoop_2025_11_26_15_14_35.cfa,2293,2025-11-26T15:16:44.388Z,recv,f4:db:00:00:00:d9,0x1B,Notify,0x0024,07 6E 04 00 00 03 62 01 64 01 65 01 D3 03 D6 03 D9 03 00 00,20,0x07
hci_snoop_2025_11_26_15_14_35.cfa,2294,2025-11-26T15:16:44.391Z,recv,f4:db:00:00:00:d9,0x13,Write-Rsp,,,0,
hci_snoop_2025_11_26_15_14_35.cfa,2295,2025-11-26T15:16:44.400Z,sent,f4:db:00:00:00:d9,0x12,Write-Req,0x0021,07 71 04 00 00 03,6,0x07
hci_snoop_2025_11_26_15_14_35.cfa,2297,2025-11-26T15:16:44.568Z,recv,f4:db:00:00:00:d9,0x1B,Notify,0x0024,07 71 04 00 00 03 66 01 68 01 69 01 DC 03 DE 03 E0 03 00 00,20,0x07
hci_snoop_2025_11_26_15_14_35.cfa,2298,2025-11-26T15:16:44.654Z,recv,f4:db:00:00:00:d9,0x13,Write-Rsp,,,0,
hci_snoop_2025_11_26_15_14_35.cfa,2299,2025-11-26T15:16:44.660Z,sent,f4:db:00:00:00:d9,0x12,Write-Req,0x0021,07 74 04 00 00 03,6,0x07
hci_snoop_2025_11_26_15_14_35.cfa,2301,2025-11-26T15:16:44.924Z,recv,f4:db:00:00:00:d9,0x1B,Notify,0x0024,07 74 04 00 00 03 6A 01 6B 01 6C 01 E2 03 E4 03 E6 03 00 00,20,0x07
hci_snoop_2025_11_26_15_14_35.cfa,2302,2025-11-26T15:16:44.931Z,recv,f4:db:00:00:00:d9,0x13,Write-Rsp,,,0,
hci_snoop_2025_11_26_15_14_35.cfa,2303,2025-11-26T15:16:44.937Z,sent,f4:db:00:00:00:d9,0x12,Write-Req,0x0021,07 77 04 00 00 03,6,0x07
hci_snoop_2025_11_26_15_14_35.cfa,2305,2025-11-26T15:16:45.108Z,recv,f4:db:00:00:00:d9,0x1B,Notify,0x0024,07 77 04 00 00 03 6D 01 6E 01 6C 01 E7 03 E6 03 DB 03 00 00,20,0x07
hci_snoop_2025_11_26_15_14_35.cfa,2306,2025-11-26T15:16:45.288Z,recv,f4:db:00:00:00:d9,0x13,Write-Rsp,,,0,
hci_snoop_2025_11_26_15_14_35.cfa,2307,2025-11-26T15:16:45.295Z,sent,f4:db:00:00:00:d9,0x12,Write-Req,0x0021,07 7A 04 00 00 03,6,0x07
hci_snoop_2025_11_26_15_14_35.cfa,2309,2025-11-26T15:16:45.468Z,recv,f4:db:00:00:00:d9,0x1B,Notify,0x0024,07 7A 04 00 00 03 69 01 67 01 65 01 DB 03 DD 03 DE 03 00 00,20,0x07
hci_snoop_2025_11_26_15_14_35.cfa,2310,2025-11-26T15:16:45.554Z,recv,f4:db:00:00:00:d9,0x13,Write-Rsp,,,0,
hci_snoop_2025_11_26_15_14_35.cfa,2311,2025-11-26T15:16:45.559Z,sent,f4:db:00:00:00:d9,0x12,Write-Req,0x0021,07 7D 04 00 00 03,6,0x07
hci_snoop_2025_11_26_15_14_35.cfa,2313,2025-11-26T15:16:45.739Z,recv,f4:db:00:00:00:d9,0x1B,Notify,0x0024,07 7D 04 00 00 03 64 01 63 01 62 01 E0 03 E2 03 E4 03 00 00,20,0x07
hci_snoop_2025_11_26_15_14_35.cfa,2314,2025-11-26T15:16:45.824Z,recv,f4:db:00:00:00:d9,0x13,Write-Rsp,,,0,
hci_snoop_2025_11_26_15_14_35.cfa,2315,2025-11-26T15:16:45.830Z,sent,f4:db:00:00:00:d9,0x12,Write-Req,0x0021,07 80 04 00 00 03,6,0x07
hci_snoop_2025_11_26_15_14_35.cfa,2317,2025-11-26T15:16:46.009Z,recv,f4:db:00:00:00:d9,0x1B,Notify,0x0024,07 80 04 00 00 03 61 01 60 01 5F 01 E5 03 E6 03 E8 03 00 00,20,0x07
hci_snoop_2025_11_26_15_14_35.cfa,2318,2025-11-26T15:16:46.094Z,recv,f4:db:00:00:00:d9,0x13,Write-Rsp,,,0,
hci_snoop_2025_11_26_15_14_35.cfa,2319,2025-11-26T15:16:46.098Z,sent,f4:db:00:00:00:d9,0x12,Write-Req,0x0021,07 83 04 00 00 03,6,0x07
hci_snoop_2025_11_26_15_14_35.cfa,2321,2025-11-26T15:16:46.278Z,recv,f4:db:00:00:00:d9,0x1B,Notify,0x0024,07 83 04 00 00 03 5E 01 5E 01 5D 01 E9 03 EA 03 EB 03 00 00,20,0x07
hci_snoop_2025_11_26_15_14_35.cfa,2322,2025-11-26T15:16:46.364Z,recv,f4:db:00:00:00:d9,0x13,Write-Rsp,,,0,
hci_snoop_2025_11_26_15_14_35.cfa,2323,2025-11-26T15:16:46.368Z,sent,f4:db:00:00:00:d9,0x12,Write-Req,0x0021,07 86 04 00 00 03,6,0x07
hci_snoop_2025_11_26_15_14_35.cfa,2325,2025-11-26T15:16:46.548Z,recv,f4:db:00:00:00:d9,0x1B,Notify,0x0024,07 86 04 00 00 03 5E 01 5E 01 5E 01 ED 03 F0 03 EF 03 00 00,20,0x07
hci_snoop_2025_11_26_15_14_35.cfa,2326,2025-11-26T15:16:46.634Z,recv,f4:db:00:00:00:d9,0x13,Write-Rsp,,,0,
hci_snoop_2025_11_26_15_14_35.cfa,2327,2025-11-26T15:16:46.639Z,sent,f4:db:00:00:00:d9,0x12,Write-Req,0x0021,07 89 04 00 00 03,6,0x07
hci_snoop_2025_11_26_15_14_35.cfa,2329,2025-11-26T15:16:46.816Z,recv,f4:db:00:00:00:d9,0x1B,Notify,0x0024,07 89 04 00 00 03 5C 01 5C 01 5D 01 E6 03 EA 03 F3 03 00 00,20,0x07
hci_snoop_2025_11_26_15_14_35.cfa,2330,2025-11-26T15:16:46.904Z,recv,f4:db:00:00:00:d9,0x13,Write-Rsp,,,0,
hci_snoop_2025_11_26_15_14_35.cfa,2331,2025-11-26T15:16:46.910Z,sent,f4:db:00:00:00:d9,0x12,Write-Req,0x0021,07 8C 04 00 00 03,6,0x07
hci_snoop_2025_11_26_15_14_35.cfa,2333,2025-11-26T15:16:47.085Z,recv,f4:db:00:00:00:d9,0x1B,Notify,0x0024,07 8C 04 00 00 03 5D 01 5D 01 5D 01 F9 03 FD 03 01 04 00 00,20,0x07
hci_snoop_2025_11_26_15_14_35.cfa,2334,2025-11-26T15:16:47.175Z,recv,f4:db:00:00:00:d9,0x13,Write-Rsp,,,0,
hci_snoop_2025_11_26_15_14_35.cfa,2335,2025-11-26T15:16:47.179Z,sent,f4:db:00:00:00:d9,0x12,Write-Req,0x0021,07 8F 04 00 00 03,6,0x07
hci_snoop_2025_11_26_15_14_35.cfa,2337,2025-11-26T15:16:47.358Z,recv,f4:db:00:00:00:d9,0x1B,Notify,0x0024,07 8F 04 00 00 03 5D 01 5C 01 5B 01 FF 03 FE 03 FE 03 00 00,20,0x07
hci_snoop_2025_11_26_15_14_35.cfa,2338,2025-11-26T15:16:47.444Z,recv,f4:db:00:00:00:d9,0x13,Write-Rsp,,,0,
hci_snoop_2025_11_26_15_14_35.cfa,2339,2025-11-26T15:16:47.448Z,sent,f4:db:00:00:00:d9,0x12,Write-Req,0x0021,07 92 04 00 00 03,6,0x07
hci_snoop_2025_11_26_15_14_35.cfa,2341,2025-11-26T15:16:47.629Z,recv,f4:db:00:00:00:d9,0x1B,Notify,0x0024,07 92 04 00 00 03 5A 01 59 01 59 01 FF 03 FF 03 00 04 00 00,20,0x07
hci_snoop_2025_11_26_15_14_35.cfa,2342,2025-11-26T15:16:47.714Z,recv,f4:db:00:00:00:d9,0x13,Write-Rsp,,,0,
hci_snoop_2025_11_26_15_14_35.cfa,2343,2025-11-26T15:16:47.719Z,sent,f4:db:00:00:00:d9,0x12,Write-Req,0x0021,07 95 04 00 00 03,6,0x07
hci_snoop_2025_11_26_15_14_35.cfa,2345,2025-11-26T15:16:47.985Z,recv,f4:db:00:00:00:d9,0x1B,Notify,0x0024,07 95 04 00 00 03 58 01 58 01 57 01 01 04 01 04 02 04 00 00,20,0x07
hci_snoop_2025_11_26_15_14_35.cfa,2346,2025-11-26T15:16:48.073Z,recv,f4:db:00:00:00:d9,0x13,Write-Rsp,,,0,
hci_snoop_2025_11_26_15_14_35.cfa,2347,2025-11-26T15:16:48.077Z,sent,f4:db:00:00:00:d9,0x12,Write-Req,0x0021,07 98 04 00 00 03,6,0x07
hci_snoop_2025_11_26_15_14_35.cfa,2349,2025-11-26T15:16:48.257Z,recv,f4:db:00:00:00:d9,0x1B,Notify,0x0024,07 98 04 00 00 03 56 01 56 01 56 01 02 04 03 04 03 04 00 00,20,0x07
hci_snoop_2025_11_26_15_14_35.cfa,2350,2025-11-26T15:16:48.344Z,recv,f4:db:00:00:00:d9,0x13,Write-Rsp,,,0,
hci_snoop_2025_11_26_15_14_35.cfa,2351,2025-11-26T15:16:48.351Z,sent,f4:db:00:00:00:d9,0x12,Write-Req,0x0021,07 9B 04 00 00 03,6,0x07
hci_snoop_2025_11_26_15_14_35.cfa,2353,2025-11-26T15:16:48.528Z,recv,f4:db:00:00:00:d9,0x1B,Notify,0x0024,07 9B 04 00 00 03 55 01 55 01 54 01 06 04 08 04 08 04 00 00,20,0x07
hci_snoop_2025_11_26_15_14_35.cfa,2354,2025-11-26T15:16:48.614Z,recv,f4:db:00:00:00:d9,0x13,Write-Rsp,,,0,
hci_snoop_2025_11_26_15_14_35.cfa,2355,2025-11-26T15:16:48.620Z,sent,f4:db:00:00:00:d9,0x12,Write-Req,0x0021,07 9E 04 00 00 03,6,0x07
hci_snoop_2025_11_26_15_14_35.cfa,2357,2025-11-26T15:16:48.799Z,recv,f4:db:00:00:00:d9,0x1B,Notify,0x0024,07 9E 04 00 00 03 54 01 54 01 53 01 0A 04 0B 04 0C 04 00 00,20,0x07
hci_snoop_2025_11_26_15_14_35.cfa,2358,2025-11-26T15:16:48.883Z,recv,f4:db:00:00:00:d9,0x13,Write-Rsp,,,0,
hci_snoop_2025_11_26_15_14_35.cfa,2359,2025-11-26T15:16:48.890Z,sent,f4:db:00:00:00:d9,0x12,Write-Req,0x0021,07 A1 04 00 00 03,6,0x07
hci_snoop_2025_11_26_15_14_35.cfa,2361,2025-11-26T15:16:49.067Z,recv,f4:db:00:00:00:d9,0x1B,Notify,0x0024,07 A1 04 00 00 03 53 01 52 01 52 01 0C 04 0D 04 0D 04 00 00,20,0x07
hci_snoop_2025_11_26_15_14_35.cfa,2362,2025-11-26T15:16:49.154Z,recv,f4:db:00:00:00:d9,0x13,Write-Rsp,,,0,
hci_snoop_2025_11_26_15_14_35.cfa,2363,2025-11-26T15:16:49.159Z,sent,f4:db:00:00:00:d9,0x12,Write-Req,0x0021,07 A4 04 00 00 03,6,0x07
hci_snoop_2025_11_26_15_14_35.cfa,2365,2025-11-26T15:16:49.335Z,recv,f4:db:00:00:00:d9,0x1B,Notify,0x0024,07 A4 04 00 00 03 52 01 51 01 51 01 0D 04 0D 04 0E 04 00 00,20,0x07
hci_snoop_2025_11_26_15_14_35.cfa,2366,2025-11-26T15:16:49.424Z,recv,f4:db:00:00:00:d9,0x13,Write-Rsp,,,0,
hci_snoop_2025_11_26_15_14_35.cfa,2367,2025-11-26T15:16:49.428Z,sent,f4:db:00:00:00:d9,0x12,Write-Req,0x0021,07 A7 04 00 00 03,6,0x07
hci_snoop_2025_11_26_15_14_35.cfa,2369,2025-11-26T15:16:49.608Z,recv,f4:db:00:00:00:d9,0x1B,Notify,0x0024,07 A7 04 00 00 03 50 01 50 01 50 01 0F 04 0F 04 10 04 00 00,20,0x07
hci_snoop_2025_11_26_15_14_35.cfa,2370,2025-11-26T15:16:49.693Z,recv,f4:db:00:00:00:d9,0x13,Write-Rsp,,,0,
hci_snoop_2025_11_26_15_14_35.cfa,2371,2025-11-26T15:16:49.698Z,sent,f4:db:00:00:00:d9,0x12,Write-Req,0x0021,07 AA 04 00 00 03,6,0x07
hci_snoop_2025_11_26_15_14_35.cfa,2373,2025-11-26T15:16:49.875Z,recv,f4:db:00:00:00:d9,0x1B,Notify,0x0024,07 AA 04 00 00 03 4F 01 4F 01 4F 01 11 04 12 04 13 04 00 00,20,0x07
hci_snoop_2025_11_26_15_14_35.cfa,2374,2025-11-26T15:16:49.968Z,recv,f4:db:00:00:00:d9,0x13,Write-Rsp,,,0,
hci_snoop_2025_11_26_15_14_35.cfa,2375,2025-11-26T15:16:49.975Z,sent,f4:db:00:00:00:d9,0x12,Write-Req,0x0021,07 AD 04 00 00 03,6,0x07
hci_snoop_2025_11_26_15_14_35.cfa,2377,2025-11-26T15:16:50.148Z,recv,f4:db:00:00:00:d9,0x1B,Notify,0x0024,07 AD 04 00 00 03 4F 01 4E 01 4E 01 14 04 15 04 17 04 00 00,20,0x07
hci_snoop_2025_11_26_15_14_35.cfa,2378,2025-11-26T15:16:50.235Z,recv,f4:db:00:00:00:d9,0x13,Write-Rsp,,,0,
hci_snoop_2025_11_26_15_14_35.cfa,2379,2025-11-26T15:16:50.238Z,sent,f4:db:00:00:00:d9,0x12,Write-Req,0x0021,07 B0 04 00 00 03,6,0x07
hci_snoop_2025_11_26_15_14_35.cfa,2381,2025-11-26T15:16:50.417Z,recv,f4:db:00:00:00:d9,0x1B,Notify,0x0024,07 B0 04 00 00 03 4E 01 4E 01 4D 01 19 04 1B 04 1D 04 00 00,20,0x07
hci_snoop_2025_11_26_15_14_35.cfa,2382,2025-11-26T15:16:50.504Z,recv,f4:db:00:00:00:d9,0x13,Write-Rsp,,,0,
hci_snoop_2025_11_26_15_14_35.cfa,2383,2025-11-26T15:16:50.508Z,sent,f4:db:00:00:00:d9,0x12,Write-Req,0x0021,07 B3 04 00 00 03,6,0x07
hci_snoop_2025_11_26_15_14_35.cfa,2385,2025-11-26T15:16:50.688Z,recv,f4:db:00:00:00:d9,0x1B,Notify,0x0024,07 B3 04 00 00 03 4D 01 4D 01 4D 01 1F 04 21 04 23 04 00 00,20,0x07
hci_snoop_2025_11_26_15_14_35.cfa,2386,2025-11-26T15:16:50.870Z,recv,f4:db:00:00:00:d9,0x13,Write-Rsp,,,0,
hci_snoop_2025_11_26_15_14_35.cfa,2388,2025-11-26T15:16:50.877Z,sent,f4:db:00:00:00:d9,0x12,Write-Req,0x0021,07 B6 04 00 00 03,6,0x07
hci_snoop_2025_11_26_15_14_35.cfa,2390,2025-11-26T15:16:51.048Z,recv,f4:db:00:00:00:d9,0x1B,Notify,0x0024,07 B6 04 00 00 03 4D 01 4D 01 4D 01 24 04 26 04 27 04 00 00,20,0x07
hci_snoop_2025_11_26_15_14_35.cfa,2391,2025-11-26T15:16:51.134Z,recv,f4:db:00:00:00:d9,0x13,Write-Rsp,,,0,
hci_snoop_2025_11_26_15_14_35.cfa,2392,2025-11-26T15:16:51.141Z,sent,f4:db:00:00:00:d9,0x12,Write-Req,0x0021,07 B9 04 00 00 03,6,0x07
hci_snoop_2025_11_26_15_14_35.cfa,2394,2025-11-26T15:16:51.319Z,recv,f4:db:00:00:00:d9,0x1B,Notify,0x0024,07 B9 04 00 00 03 4E 01 4E 01 4E 01 28 04 29 04 2A 04 00 00,20,0x07
hci_snoop_2025_11_26_15_14_35.cfa,2395,2025-11-26T15:16:51.404Z,recv,f4:db:00:00:00:d9,0x13,Write-Rsp,,,0,
hci_snoop_2025_11_26_15_14_35.cfa,2396,2025-11-26T15:16:51.410Z,sent,f4:db:00:00:00:d9,0x12,Write-Req,0x0021,07 BC 04 00 00 03,6,0x07
hci_snoop_2025_11_26_15_14_35.cfa,2398,2025-11-26T15:16:51.589Z,recv,f4:db:00:00:00:d9,0x1B,Notify,0x0024,07 BC 04 00 00 03 4E 01 4E 01 4F 01 2A 04 2B 04 2B 04 00 00,20,0x07
hci_snoop_2025_11_26_15_14_35.cfa,2399,2025-11-26T15:16:51.674Z,recv,f4:db:00:00:00:d9,0x13,Write-Rsp,,,0,
hci_snoop_2025_11_26_15_14_35.cfa,2400,2025-11-26T15:16:51.680Z,sent,f4:db:00:00:00:d9,0x12,Write-Req,0x0021,07 BF 04 00 00 03,6,0x07
hci_snoop_2025_11_26_15_14_35.cfa,2402,2025-11-26T15:16:51.859Z,recv,f4:db:00:00:00:d9,0x1B,Notify,0x0024,07 BF 04 00 00 03 4F 01 4F 01 50 01 2B 04 2B 04 2B 04 00 00,20,0x07
hci_snoop_2025_11_26_15_14_35.cfa,2403,2025-11-26T15:16:51.944Z,recv,f4:db:00:00:00:d9,0x13,Write-Rsp,,,0,
hci_snoop_2025_11_26_15_14_35.cfa,2404,2025-11-26T15:16:51.950Z,sent,f4:db:00:00:00:d9,0x12,Write-Req,0x0021,07 C2 04 00 00 03,6,0x07
hci_snoop_2025_11_26_15_14_35.cfa,2406,2025-11-26T15:16:52.128Z,recv,f4:db:00:00:00:d9,0x1B,Notify,0x0024,07 C2 04 00 00 03 50 01 50 01 50 01 2B 04 2B 04 2C 04 00 00,20,0x07
hci_snoop_2025_11_26_15_14_35.cfa,2407,2025-11-26T15:16:52.213Z,recv,f4:db:00:00:00:d9,0x13,Write-Rsp,,,0,
hci_snoop_2025_11_26_15_14_35.cfa,2408,2025-11-26T15:16:52.218Z,sent,f4:db:00:00:00:d9,0x12,Write-Req,0x0021,07 C5 04 00 00 03,6,0x07
hci_snoop_2025_11_26_15_14_35.cfa,2410,2025-11-26T15:16:52.398Z,recv,f4:db:00:00:00:d9,0x1B,Notify,0x0024,07 C5 04 00 00 03 50 01 50 01 50 01 2B 04 2B 04 2C 04 00 00,20,0x07
hci_snoop_2025_11_26_15_14_35.cfa,2411,2025-11-26T15:16:52.484Z,recv,f4:db:00:00:00:d9,0x13,Write-Rsp,,,0,
hci_snoop_2025_11_26_15_14_35.cfa,2412,2025-11-26T15:16:52.490Z,sent,f4:db:00:00:00:d9,0x12,Write-Req,0x0021,07 C8 04 00 00 03,6,0x07
hci_snoop_2025_11_26_15_14_35.cfa,2414,2025-11-26T15:16:52.669Z,recv,f4:db:00:00:00:d9,0x1B,Notify,0x0024,07 C8 04 00 00 03 50 01 50 01 4F 01 2D 04 2D 04 2D 04 00 00,20,0x07
hci_snoop_2025_11_26_15_14_35.cfa,2415,2025-11-26T15:16:52.753Z,recv,f4:db:00:00:00:d9,0x13,Write-Rsp,,,0,
hci_snoop_2025_11_26_15_14_35.cfa,2416,2025-11-26T15:16:52.762Z,sent,f4:db:00:00:00:d9,0x12,Write-Req,0x0021,07 CB 04 00 00 03,6,0x07
hci_snoop_2025_11_26_15_14_35.cfa,2418,2025-11-26T15:16:52.939Z,recv,f4:db:00:00:00:d9,0x1B,Notify,0x0024,07 CB 04 00 00 03 4F 01 4F 01 4F 01 2D 04 2E 04 2E 04 00 00,20,0x07
hci_snoop_2025_11_26_15_14_35.cfa,2419,2025-11-26T15:16:53.023Z,recv,f4:db:00:00:00:d9,0x13,Write-Rsp,,,0,
hci_snoop_2025_11_26_15_14_35.cfa,2420,2025-11-26T15:16:53.028Z,sent,f4:db:00:00:00:d9,0x12,Write-Req,0x0021,07 CE 04 00 00 03,6,0x07
hci_snoop_2025_11_26_15_14_35.cfa,2422,2025-11-26T15:16:53.208Z,recv,f4:db:00:00:00:d9,0x1B,Notify,0x0024,07 CE 04 00 00 03 4F 01 4F 01 4F 01 2F 04 2F 04 2F 04 00 00,20,0x07
hci_snoop_2025_11_26_15_14_35.cfa,2423,2025-11-26T15:16:53.294Z,recv,f4:db:00:00:00:d9,0x13,Write-Rsp,,,0,
hci_snoop_2025_11_26_15_14_35.cfa,2424,2025-11-26T15:16:53.298Z,sent,f4:db:00:00:00:d9,0x12,Write-Req,0x0021,07 D1 04 00 00 03,6,0x07
hci_snoop_2025_11_26_15_14_35.cfa,2426,2025-11-26T15:16:53.478Z,recv,f4:db:00:00:00:d9,0x1B,Notify,0x0024,07 D1 04 00 00 03 4F 01 4E 01 4E 01 30 04 31 04 31 04 00 00,20,0x07
hci_snoop_2025_11_26_15_14_35.cfa,2427,2025-11-26T15:16:53.563Z,recv,f4:db:00:00:00:d9,0x13,Write-Rsp,,,0,
hci_snoop_2025_11_26_15_14_35.cfa,2428,2025-11-26T15:16:53.568Z,sent,f4:db:00:00:00:d9,0x12,Write-Req,0x0021,07 D4 04 00 00 03,6,0x07
hci_snoop_2025_11_26_15_14_35.cfa,2430,2025-11-26T15:16:53.748Z,recv,f4:db:00:00:00:d9,0x1B,Notify,0x0024,07 D4 04 00 00 03 4E 01 4E 01 4E 01 31 04 32 04 32 04 00 00,20,0x07
hci_snoop_2025_11_26_15_14_35.cfa,2431,2025-11-26T15:16:53.834Z,recv,f4:db:00:00:00:d9,0x13,Write-Rsp,,,0,
hci_snoop_2025_11_26_15_14_35.cfa,2432,2025-11-26T15:16:53.838Z,sent,f4:db:00:00:00:d9,0x12,Write-Req,0x0021,07 D7 04 00 00 03,6,0x07
hci_snoop_2025_11_26_15_14_35.cfa,2434,2025-11-26T15:16:54.018Z,recv,f4:db:00:00:00:d9,0x1B,Notify,0x0024,07 D7 04 00 00 03 4E 01 4E 01 4E 01 32 04 32 04 33 04 00 00,20,0x07
hci_snoop_2025_11_26_15_14_35.cfa,2435,2025-11-26T15:16:54.104Z,recv,f4:db:00:00:00:d9,0x13,Write-Rsp,,,0,
hci_snoop_2025_11_26_15_14_35.cfa,2436,2025-11-26T15:16:54.111Z,sent,f4:db:00:00:00:d9,0x12,Write-Req,0x0021,07 DA 04 00 00 03,6,0x07
hci_snoop_2025_11_26_15_14_35.cfa,2438,2025-11-26T15:16:54.288Z,recv,f4:db:00:00:00:d9,0x1B,Notify,0x0024,07 DA 04 00 00 03 4E 01 4E 01 4E 01 33 04 34 04 34 04 00 00,20,0x07
hci_snoop_2025_11_26_15_14_35.cfa,2439,2025-11-26T15:16:54.376Z,recv,f4:db:00:00:00:d9,0x13,Write-Rsp,,,0,
hci_snoop_2025_11_26_15_14_35.cfa,2440,2025-11-26T15:16:54.385Z,sent,f4:db:00:00:00:d9,0x12,Write-Req,0x0021,07 DD 04 00 00 03,6,0x07
hci_snoop_2025_11_26_15_14_35.cfa,2442,2025-11-26T15:16:54.558Z,recv,f4:db:00:00:00:d9,0x1B,Notify,0x0024,07 DD 04 00 00 03 4E 01 4F 01 4F 01 34 04 34 04 33 04 00 00,20,0x07
hci_snoop_2025_11_26_15_14_35.cfa,2443,2025-11-26T15:16:54.643Z,recv,f4:db:00:00:00:d9,0x13,Write-Rsp,,,0,
hci_snoop_2025_11_26_15_14_35.cfa,2444,2025-11-26T15:16:54.651Z,sent,f4:db:00:00:00:d9,0x12,Write-Req,0x0021,07 E0 04 00 00 03,6,0x07
hci_snoop_2025_11_26_15_14_35.cfa,2446,2025-11-26T15:16:54.829Z,recv,f4:db:00:00:00:d9,0x1B,Notify,0x0024,07 E0 04 00 00 03 50 01 50 01 51 01 34 04 36 04 35 04 00 00,20,0x07
hci_snoop_2025_11_26_15_14_35.cfa,2447,2025-11-26T15:16:54.914Z,recv,f4:db:00:00:00:d9,0x13,Write-Rsp,,,0,
hci_snoop_2025_11_26_15_14_35.cfa,2448,2025-11-26T15:16:54.919Z,sent,f4:db:00:00:00:d9,0x12,Write-Req,0x0021,07 E3 04 00 00 03,6,0x07
hci_snoop_2025_11_26_15_14_35.cfa,2450,2025-11-26T15:16:55.098Z,recv,f4:db:00:00:00:d9,0x1B,Notify,0x0024,07 E3 04 00 00 03 52 01 53 01 53 01 36 04 35 04 35 04 00 00,20,0x07
hci_snoop_2025_11_26_15_14_35.cfa,2451,2025-11-26T15:16:55.185Z,recv,f4:db:00:00:00:d9,0x13,Write-Rsp,,,0,
hci_snoop_2025_11_26_15_14_35.cfa,2452,2025-11-26T15:16:55.191Z,sent,f4:db:00:00:00:d9,0x12,Write-Req,0x0021,07 E6 04 00 00 03,6,0x07
hci_snoop_2025_11_26_15_14_35.cfa,2454,2025-11-26T15:16:55.368Z,recv,f4:db:00:00:00:d9,0x1B,Notify,0x0024,07 E6 04 00 00 03 54 01 54 01 48 01 35 04 33 04 49 03 00 00,20,0x07
hci_snoop_2025_11_26_15_14_35.cfa,2455,2025-11-26T15:16:55.454Z,recv,f4:db:00:00:00:d9,0x13,Write-Rsp,,,0,
hci_snoop_2025_11_26_15_14_35.cfa,2456,2025-11-26T15:16:55.460Z,sent,f4:db:00:00:00:d9,0x12,Write-Req,0x0021,07 E9 04 00 00 03,6,0x07
hci_snoop_2025_11_26_15_14_35.cfa,2458,2025-11-26T15:16:55.638Z,recv,f4:db:00:00:00:d9,0x1B,Notify,0x0024,07 E9 04 00 00 03 38 01 3E 01 43 01 79 03 A7 03 B5 03 00 00,20,0x07
hci_snoop_2025_11_26_15_14_35.cfa,2459,2025-11-26T15:16:55.724Z,recv,f4:db:00:00:00:d9,0x13,Write-Rsp,,,0,
hci_snoop_2025_11_26_15_14_35.cfa,2460,2025-11-26T15:16:55.728Z,sent,f4:db:00:00:00:d9,0x12,Write-Req,0x0021,07 EC 04 00 00 03,6,0x07
hci_snoop_2025_11_26_15_14_35.cfa,2462,2025-11-26T15:16:55.909Z,recv,f4:db:00:00:00:d9,0x1B,Notify,0x0024,07 EC 04 00 00 03 47 01 4A 01 4C 01 C3 03 CE 03 D7 03 00 00,20,0x07
hci_snoop_2025_11_26_15_14_35.cfa,2463,2025-11-26T15:16:55.994Z,recv,f4:db:00:00:00:d9,0x13,Write-Rsp,,,0,
hci_snoop_2025_11_26_15_14_35.cfa,2464,2025-11-26T15:16:55.998Z,sent,f4:db:00:00:00:d9,0x12,Write-Req,0x0021,07 EF 04 00 00 03,6,0x07
hci_snoop_2025_11_26_15_14_35.cfa,2466,2025-11-26T15:16:56.179Z,recv,f4:db:00:00:00:d9,0x1B,Notify,0x0024,07 EF 04 00 00 03 4F 01 50 01 52 01 DE 03 E3 03 E7 03 00 00,20,0x07
hci_snoop_2025_11_26_15_14_35.cfa,2467,2025-11-26T15:16:56.264Z,recv,f4:db:00:00:00:d9,0x13,Write-Rsp,,,0,
hci_snoop_2025_11_26_15_14_35.cfa,2468,2025-11-26T15:16:56.268Z,sent,f4:db:00:00:00:d9,0x12,Write-Req,0x0021,07 F2 04 00 00 03,6,0x07
hci_snoop_2025_11_26_15_14_35.cfa,2470,2025-11-26T15:16:56.447Z,recv,f4:db:00:00:00:d9,0x1B,Notify,0x0024,07 F2 04 00 00 03 54 01 55 01 57 01 ED 03 F1 03 F4 03 00 00,20,0x07
hci_snoop_2025_11_26_15_14_35.cfa,2471,2025-11-26T15:16:56.534Z,recv,f4:db:00:00:00:d9,0x13,Write-Rsp,,,0,
hci_snoop_2025_11_26_15_14_35.cfa,2472,2025-11-26T15:16:56.541Z,sent,f4:db:00:00:00:d9,0x12,Write-Req,0x0021,07 F5 04 00 00 03,6,0x07
hci_snoop_2025_11_26_15_14_35.cfa,2474,2025-11-26T15:16:56.718Z,recv,f4:db:00:00:00:d9,0x1B,Notify,0x0024,07 F5 04 00 00 03 59 01 59 01 5A 01 F6 03 F6 03 F8 03 00 00,20,0x07
hci_snoop_2025_11_26_15_14_35.cfa,2475,2025-11-26T15:16:56.805Z,recv,f4:db:00:00:00:d9,0x13,Write-Rsp,,,0,
hci_snoop_2025_11_26_15_14_35.cfa,2476,2025-11-26T15:16:56.810Z,sent,f4:db:00:00:00:d9,0x12,Write-Req,0x0021,07 F8 04 00 00 03,6,0x07
hci_snoop_2025_11_26_15_14_35.cfa,2478,2025-11-26T15:16:56.989Z,recv,f4:db:00:00:00:d9,0x1B,Notify,0x0024,07 F8 04 00 00 03 5A 01 5B 01 5C 01 FD 03 02 04 04 04 00 00,20,0x07
hci_snoop_2025_11_26_15_14_35.cfa,2479,2025-11-26T15:16:57.073Z,recv,f4:db:00:00:00:d9,0x13,Write-Rsp,,,0,
hci_snoop_2025_11_26_15_14_35.cfa,2480,2025-11-26T15:16:57.079Z,sent,f4:db:00:00:00:d9,0x12,Write-Req,0x0021,07 FB 04 00 00 03,6,0x07
hci_snoop_2025_11_26_15_14_35.cfa,2483,2025-11-26T15:16:57.258Z,recv,f4:db:00:00:00:d9,0x1B,Notify,0x0024,07 FB 04 00 00 03 5D 01 5D 01 5E 01 07 04 0A 04 0B 04 00 00,20,0x07
hci_snoop_2025_11_26_15_14_35.cfa,2484,2025-11-26T15:16:57.343Z,recv,f4:db:00:00:00:d9,0x13,Write-Rsp,,,0,
hci_snoop_2025_11_26_15_14_35.cfa,2485,2025-11-26T15:16:57.347Z,sent,f4:db:00:00:00:d9,0x12,Write-Req,0x0021,07 FE 04 00 00 03,6,0x07
hci_snoop_2025_11_26_15_14_35.cfa,2487,2025-11-26T15:16:57.525Z,recv,f4:db:00:00:00:d9,0x1B,Notify,0x0024,07 FE 04 00 00 03 5E 01 5E 01 5D 01 0D 04 0D 04 0E 04 00 00,20,0x07
hci_snoop_2025_11_26_15_14_35.cfa,2488,2025-11-26T15:16:57.614Z,recv,f4:db:00:00:00:d9,0x13,Write-Rsp,,,0,
hci_snoop_2025_11_26_15_14_35.cfa,2489,2025-11-26T15:16:57.620Z,sent,f4:db:00:00:00:d9,0x12,Write-Req,0x0021,07 01 05 00 00 03,6,0x07
hci_snoop_2025_11_26_15_14_35.cfa,2491,2025-11-26T15:16:57.799Z,recv,f4:db:00:00:00:d9,0x1B,Notify,0x0024,07 01 05 00 00 03 5D 01 5C 01 5C 01 0F 04 11 04 13 04 00 00,20,0x07
hci_snoop_2025_11_26_15_14_35.cfa,2492,2025-11-26T15:16:57.883Z,recv,f4:db:00:00:00:d9,0x13,Write-Rsp,,,0,
hci_snoop_2025_11_26_15_14_35.cfa,2493,2025-11-26T15:16:57.888Z,sent,f4:db:00:00:00:d9,0x12,Write-Req,0x0021,07 04 05 00 00 03,6,0x07
hci_snoop_2025_11_26_15_14_35.cfa,2495,2025-11-26T15:16:58.069Z,recv,f4:db:00:00:00:d9,0x1B,Notify,0x0024,07 04 05 00 00 03 5C 01 5E 01 54 01 17 04 19 04 62 03 00 00,20,0x07
hci_snoop_2025_11_26_15_14_35.cfa,2496,2025-11-26T15:16:58.154Z,recv,f4:db:00:00:00:d9,0x13,Write-Rsp,,,0,
hci_snoop_2025_11_26_15_14_35.cfa,2497,2025-11-26T15:16:58.159Z,sent,f4:db:00:00:00:d9,0x12,Write-Req,0x0021,07 07 05 00 00 03,6,0x07
hci_snoop_2025_11_26_15_14_35.cfa,2499,2025-11-26T15:16:58.335Z,recv,f4:db:00:00:00:d9,0x1B,Notify,0x0024,07 07 05 00 00 03 42 01 48 01 4C 01 81 03 95 03 A4 03 00 00,20,0x07
hci_snoop_2025_11_26_15_14_35.cfa,2500,2025-11-26T15:16:58.426Z,recv,f4:db:00:00:00:d9,0x13,Write-Rsp,,,0,
hci_snoop_2025_11_26_15_14_35.cfa,2501,2025-11-26T15:16:58.431Z,sent,f4:db:00:00:00:d9,0x12,Write-Req,0x0021,07 0A 05 00 00 03,6,0x07
hci_snoop_2025_11_26_15_14_35.cfa,2503,2025-11-26T15:16:58.608Z,recv,f4:db:00:00:00:d9,0x1B,Notify,0x0024,07 0A 05 00 00 03 50 01 52 01 54 01 B1 03 BE 03 C9 03 00 00,20,0x07
hci_snoop_2025_11_26_15_14_35.cfa,2504,2025-11-26T15:16:58.694Z,recv,f4:db:00:00:00:d9,0x13,Write-Rsp,,,0,
hci_snoop_2025_11_26_15_14_35.cfa,2505,2025-11-26T15:16:58.699Z,sent,f4:db:00:00:00:d9,0x12,Write-Req,0x0021,07 0D 05 00 00 03,6,0x07
hci_snoop_2025_11_26_15_14_35.cfa,2507,2025-11-26T15:16:58.878Z,recv,f4:db:00:00:00:d9,0x1B,Notify,0x0024,07 0D 05 00 00 03 55 01 56 01 57 01 D2 03 DA 03 E1 03 00 00,20,0x07
hci_snoop_2025_11_26_15_14_35.cfa,2508,2025-11-26T15:16:58.964Z,recv,f4:db:00:00:00:d9,0x13,Write-Rsp,,,0,
hci_snoop_2025_11_26_15_14_35.cfa,2509,2025-11-26T15:16:58.969Z,sent,f4:db:00:00:00:d9,0x12,Write-Req,0x0021,07 10 05 00 00 03,6,0x07
hci_snoop_2025_11_26_15_14_35.cfa,2511,2025-11-26T15:16:59.148Z,recv,f4:db:00:00:00:d9,0x1B,Notify,0x0024,07 10 05 00 00 03 58 01 58 01 59 01 E6 03 EB 03 EF 03 00 00,20,0x07
hci_snoop_2025_11_26_15_14_35.cfa,2512,2025-11-26T15:16:59.234Z,recv,f4:db:00:00:00:d9,0x13,Write-Rsp,,,0,
hci_snoop_2025_11_26_15_14_35.cfa,2513,2025-11-26T15:16:59.242Z,sent,f4:db:00:00:00:d9,0x12,Write-Req,0x0021,07 13 05 00 00 03,6,0x07
hci_snoop_2025_11_26_15_14_35.cfa,2515,2025-11-26T15:16:59.418Z,recv,f4:db:00:00:00:d9,0x1B,Notify,0x0024,07 13 05 00 00 03 59 01 59 01 5A 01 F2 03 F6 03 F9 03 00 00,20,0x07
hci_snoop_2025_11_26_15_14_35.cfa,2516,2025-11-26T15:16:59.504Z,recv,f4:db:00:00:00:d9,0x13,Write-Rsp,,,0,
hci_snoop_2025_11_26_15_14_35.cfa,2517,2025-11-26T15:16:59.508Z,sent,f4:db:00:00:00:d9,0x12,Write-Req,0x0021,07 16 05 00 00 03,6,0x07
hci_snoop_2025_11_26_15_14_35.cfa,2519,2025-11-26T15:16:59.688Z,recv,f4:db:00:00:00:d9,0x1B,Notify,0x0024,07 16 05 00 00 03 5A 01 5A 01 59 01 FC 03 FB 03 FC 03 00 00,20,0x07
hci_snoop_2025_11_26_15_14_35.cfa,2520,2025-11-26T15:16:59.774Z,recv,f4:db:00:00:00:d9,0x13,Write-Rsp,,,0,
hci_snoop_2025_11_26_15_14_35.cfa,2521,2025-11-26T15:16:59.779Z,sent,f4:db:00:00:00:d9,0x12,Write-Req,0x0021,07 19 05 00 00 03,6,0x07
hci_snoop_2025_11_26_15_14_35.cfa,2523,2025-11-26T15:16:59.954Z,recv,f4:db:00:00:00:d9,0x1B,Notify,0x0024,07 19 05 00 00 03 59 01 58 01 57 01 FF 03 FC 03 F2 03 00 00,20,0x07
hci_snoop_2025_11_26_15_14_35.cfa,2524,2025-11-26T15:17:00.045Z,recv,f4:db:00:00:00:d9,0x13,Write-Rsp,,,0,
hci_snoop_2025_11_26_15_14_35.cfa,2525,2025-11-26T15:17:00.048Z,sent,f4:db:00:00:00:d9,0x12,Write-Req,0x0021,07 1C 05 00 00 03,6,0x07
hci_snoop_2025_11_26_15_14_35.cfa,2527,2025-11-26T15:17:00.225Z,recv,f4:db:00:00:00:d9,0x1B,Notify,0x0024,07 1C 05 00 00 03 56 01 56 01 55 01 F8 03 FB 03 FE 03 00 00,20,0x07
hci_snoop_2025_11_26_15_14_35.cfa,2528,2025-11-26T15:17:00.313Z,recv,f4:db:00:00:00:d9,0x13,Write-Rsp,,,0,
hci_snoop_2025_11_26_15_14_35.cfa,2529,2025-11-26T15:17:00.317Z,sent,f4:db:00:00:00:d9,0x12,Write-Req,0x0021,07 1F 05 00 00 03,6,0x07
hci_snoop_2025_11_26_15_14_35.cfa,2531,2025-11-26T15:17:00.498Z,recv,f4:db:00:00:00:d9,0x1B,Notify,0x0024,07 1F 05 00 00 03 55 01 54 01 54 01 00 04 03 04 06 04 00 00,20,0x07
hci_snoop_2025_11_26_15_14_35.cfa,2532,2025-11-26T15:17:00.585Z,recv,f4:db:00:00:00:d9,0x13,Write-Rsp,,,0,
hci_snoop_2025_11_26_15_14_35.cfa,2533,2025-11-26T15:17:00.590Z,sent,f4:db:00:00:00:d9,0x12,Write-Req,0x0021,07 22 05 00 00 03,6,0x07
hci_snoop_2025_11_26_15_14_35.cfa,2535,2025-11-26T15:17:00.769Z,recv,f4:db:00:00:00:d9,0x1B,Notify,0x0024,07 22 05 00 00 03 54 01 54 01 53 01 08 04 0A 04 0B 04 00 00,20,0x07
hci_snoop_2025_11_26_15_14_35.cfa,2536,2025-11-26T15:17:00.853Z,recv,f4:db:00:00:00:d9,0x13,Write-Rsp,,,0,
hci_snoop_2025_11_26_15_14_35.cfa,2537,2025-11-26T15:17:00.857Z,sent,f4:db:00:00:00:d9,0x12,Write-Req,0x0021,07 25 05 00 00 03,6,0x07
hci_snoop_2025_11_26_15_14_35.cfa,2539,2025-11-26T15:17:01.038Z,recv,f4:db:00:00:00:d9,0x1B,Notify,0x0024,07 25 05 00 00 03 53 01 53 01 53 01 0E 04 11 04 13 04 00 00,20,0x07
hci_snoop_2025_11_26_15_14_35.cfa,2540,2025-11-26T15:17:01.124Z,recv,f4:db:00:00:00:d9,0x13,Write-Rsp,,,0,
hci_snoop_2025_11_26_15_14_35.cfa,2541,2025-11-26T15:17:01.130Z,sent,f4:db:00:00:00:d9,0x12,Write-Req,0x0021,07 28 05 00 00 03,6,0x07
hci_snoop_2025_11_26_15_14_35.cfa,2543,2025-11-26T15:17:01.308Z,recv,f4:db:00:00:00:d9,0x1B,Notify,0x0024,07 28 05 00 00 03 54 01 55 01 56 01 15 04 16 04 16 04 00 00,20,0x07
hci_snoop_2025_11_26_15_14_35.cfa,2544,2025-11-26T15:17:01.394Z,recv,f4:db:00:00:00:d9,0x13,Write-Rsp,,,0,
hci_snoop_2025_11_26_15_14_35.cfa,2545,2025-11-26T15:17:01.398Z,sent,f4:db:00:00:00:d9,0x12,Write-Req,0x0021,07 2B 05 00 00 03,6,0x07
hci_snoop_2025_11_26_15_14_35.cfa,2547,2025-11-26T15:17:01.578Z,recv,f4:db:00:00:00:d9,0x1B,Notify,0x0024,07 2B 05 00 00 03 56 01 57 01 57 01 18 04 18 04 1A 04 00 00,20,0x07
hci_snoop_2025_11_26_15_14_35.cfa,2548,2025-11-26T15:17:01.663Z,recv,f4:db:00:00:00:d9,0x13,Write-Rsp,,,0,
hci_snoop_2025_11_26_15_14_35.cfa,2549,2025-11-26T15:17:01.667Z,sent,f4:db:00:00:00:d9,0x12,Write-Req,0x0021,07 2E 05 00 00 03,6,0x07
hci_snoop_2025_11_26_15_14_35.cfa,2551,2025-11-26T15:17:01.848Z,recv,f4:db:00:00:00:d9,0x1B,Notify,0x0024,07 2E 05 00 00 03 58 01 59 01 59 01 1B 04 1B 04 1C 04 00 00,20,0x07
hci_snoop_2025_11_26_15_14_35.cfa,2552,2025-11-26T15:17:01.934Z,recv,f4:db:00:00:00:d9,0x13,Write-Rsp,,,0,
hci_snoop_2025_11_26_15_14_35.cfa,2553,2025-11-26T15:17:01.938Z,sent,f4:db:00:00:00:d9,0x12,Write-Req,0x0021,07 31 05 00 00 03,6,0x07
hci_snoop_2025_11_26_15_14_35.cfa,2555,2025-11-26T15:17:02.115Z,recv,f4:db:00:00:00:d9,0x1B,Notify,0x0024,07 31 05 00 00 03 58 01 57 01 56 01 1B 04 1B 04 1B 04 00 00,20,0x07
hci_snoop_2025_11_26_15_14_35.cfa,2556,2025-11-26T15:17:02.205Z,recv,f4:db:00:00:00:d9,0x13,Write-Rsp,,,0,
hci_snoop_2025_11_26_15_14_35.cfa,2557,2025-11-26T15:17:02.210Z,sent,f4:db:00:00:00:d9,0x12,Write-Req,0x0021,07 34 05 00 00 03,6,0x07
hci_snoop_2025_11_26_15_14_35.cfa,2559,2025-11-26T15:17:02.389Z,recv,f4:db:00:00:00:d9,0x1B,Notify,0x0024,07 34 05 00 00 03 56 01 55 01 55 01 1C 04 1D 04 1F 04 00 00,20,0x07
hci_snoop_2025_11_26_15_14_35.cfa,2560,2025-11-26T15:17:02.474Z,recv,f4:db:00:00:00:d9,0x13,Write-Rsp,,,0,
hci_snoop_2025_11_26_15_14_35.cfa,2561,2025-11-26T15:17:02.481Z,sent,f4:db:00:00:00:d9,0x12,Write-Req,0x0021,07 37 05 00 00 03,6,0x07
hci_snoop_2025_11_26_15_14_35.cfa,2563,2025-11-26T15:17:02.659Z,recv,f4:db:00:00:00:d9,0x1B,Notify,0x0024,07 37 05 00 00 03 54 01 54 01 53 01 1F 04 21 04 21 04 00 00,20,0x07
hci_snoop_2025_11_26_15_14_35.cfa,2564,2025-11-26T15:17:02.743Z,recv,f4:db:00:00:00:d9,0x13,Write-Rsp,,,0,
hci_snoop_2025_11_26_15_14_35.cfa,2565,2025-11-26T15:17:02.749Z,sent,f4:db:00:00:00:d9,0x12,Write-Req,0x0021,07 3A 05 00 00 03,6,0x07
hci_snoop_2025_11_26_15_14_35.cfa,2567,2025-11-26T15:17:02.929Z,recv,f4:db:00:00:00:d9,0x1B,Notify,0x0024,07 3A 05 00 00 03 52 01 52 01 52 01 23 04 24 04 25 04 00 00,20,0x07
hci_snoop_2025_11_26_15_14_35.cfa,2568,2025-11-26T15:17:03.015Z,recv,f4:db:00:00:00:d9,0x13,Write-Rsp,,,0,
hci_snoop_2025_11_26_15_14_35.cfa,2569,2025-11-26T15:17:03.020Z,sent,f4:db:00:00:00:d9,0x12,Write-Req,0x0021,07 3D 05 00 00 03,6,0x07
hci_snoop_2025_11_26_15_14_35.cfa,2571,2025-11-26T15:17:03.199Z,recv,f4:db:00:00:00:d9,0x1B,Notify,0x0024,07 3D 05 00 00 03 51 01 51 01 50 01 26 04 27 04 28 04 00 00,20,0x07
hci_snoop_2025_11_26_15_14_35.cfa,2572,2025-11-26T15:17:03.285Z,recv,f4:db:00:00:00:d9,0x13,Write-Rsp,,,0,
hci_snoop_2025_11_26_15_14_35.cfa,2573,2025-11-26T15:17:03.288Z,sent,f4:db:00:00:00:d9,0x12,Write-Req,0x0021,07 40 05 00 00 03,6,0x07
hci_snoop_2025_11_26_15_14_35.cfa,2575,2025-11-26T15:17:03.468Z,recv,f4:db:00:00:00:d9,0x1B,Notify,0x0024,07 40 05 00 00 03 50 01 50 01 50 01 2A 04 2B 04 2D 04 00 00,20,0x07
hci_snoop_2025_11_26_15_14_35.cfa,2576,2025-11-26T15:17:03.554Z,recv,f4:db:00:00:00:d9,0x13,Write-Rsp,,,0,
hci_snoop_2025_11_26_15_14_35.cfa,2577,2025-11-26T15:17:03.560Z,sent,f4:db:00:00:00:d9,0x12,Write-Req,0x0021,07 43 05 00 00 03,6,0x07
hci_snoop_2025_11_26_15_14_35.cfa,2579,2025-11-26T15:17:03.738Z,recv,f4:db:00:00:00:d9,0x1B,Notify,0x0024,07 43 05 00 00 03 50 01 4F 01 4F 01 2E 04 31 04 32 04 00 00,20,0x07
hci_snoop_2025_11_26_15_14_35.cfa,2580,2025-11-26T15:17:03.824Z,recv,f4:db:00:00:00:d9,0x13,Write-Rsp,,,0,
hci_snoop_2025_11_26_15_14_35.cfa,2581,2025-11-26T15:17:03.830Z,sent,f4:db:00:00:00:d9,0x12,Write-Req,0x0021,07 46 05 00 00 03,6,0x07
hci_snoop_2025_11_26_15_14_35.cfa,2583,2025-11-26T15:17:04.008Z,recv,f4:db:00:00:00:d9,0x1B,Notify,0x0024,07 46 05 00 00 03 4F 01 4F 01 4E 01 34 04 36 04 38 04 00 00,20,0x07
hci_snoop_2025_11_26_15_14_35.cfa,2584,2025-11-26T15:17:04.094Z,recv,f4:db:00:00:00:d9,0x13,Write-Rsp,,,0,
hci_snoop_2025_11_26_15_14_35.cfa,2585,2025-11-26T15:17:04.100Z,sent,f4:db:00:00:00:d9,0x12,Write-Req,0x0021,07 49 05 00 00 03,6,0x07
hci_snoop_2025_11_26_15_14_35.cfa,2587,2025-11-26T15:17:04.278Z,recv,f4:db:00:00:00:d9,0x1B,Notify,0x0024,07 49 05 00 00 03 4E 01 4E 01 4E 01 3A 04 3C 04 3D 04 00 00,20,0x07
hci_snoop_2025_11_26_15_14_35.cfa,2588,2025-11-26T15:17:04.365Z,recv,f4:db:00:00:00:d9,0x13,Write-Rsp,,,0,
hci_snoop_2025_11_26_15_14_35.cfa,2589,2025-11-26T15:17:04.369Z,sent,f4:db:00:00:00:d9,0x12,Write-Req,0x0021,07 4C 05 00 00 03,6,0x07
hci_snoop_2025_11_26_15_14_35.cfa,2591,2025-11-26T15:17:04.545Z,recv,f4:db:00:00:00:d9,0x1B,Notify,0x0024,07 4C 05 00 00 03 4D 01 4E 01 4E 01 3E 04 40 04 40 04 00 00,20,0x07
hci_snoop_2025_11_26_15_14_35.cfa,2592,2025-11-26T15:17:04.634Z,recv,f4:db:00:00:00:d9,0x13,Write-Rsp,,,0,
hci_snoop_2025_11_26_15_14_35.cfa,2593,2025-11-26T15:17:04.640Z,sent,f4:db:00:00:00:d9,0x12,Write-Req,0x0021,07 4F 05 00 00 03,6,0x07
hci_snoop_2025_11_26_15_14_35.cfa,2595,2025-11-26T15:17:04.819Z,recv,f4:db:00:00:00:d9,0x1B,Notify,0x0024,07 4F 05 00 00 03 4E 01 4E 01 4D 01 43 04 43 04 44 04 00 00,20,0x07
hci_snoop_2025_11_26_15_14_35.cfa,2596,2025-11-26T15:17:04.904Z,recv,f4:db:00:00:00:d9,0x13,Write-Rsp,,,0,
hci_snoop_2025_11_26_15_14_35.cfa,2597,2025-11-26T15:17:04.908Z,sent,f4:db:00:00:00:d9,0x12,Write-Req,0x0021,07 52 05 00 00 03,6,0x07
hci_snoop_2025_11_26_15_14_35.cfa,2599,2025-11-26T15:17:05.087Z,recv,f4:db:00:00:00:d9,0x1B,Notify,0x0024,07 52 05 00 00 03 4E 01 4E 01 4E 01 45 04 46 04 47 04 00 00,20,0x07
hci_snoop_2025_11_26_15_14_35.cfa,2600,2025-11-26T15:17:05.174Z,recv,f4:db:00:00:00:d9,0x13,Write-Rsp,,,0,
hci_snoop_2025_11_26_15_14_35.cfa,2601,2025-11-26T15:17:05.178Z,sent,f4:db:00:00:00:d9,0x12,Write-Req,0x0021,07 55 05 00 00 03,6,0x07
hci_snoop_2025_11_26_15_14_35.cfa,2603,2025-11-26T15:17:05.358Z,recv,f4:db:00:00:00:d9,0x1B,Notify,0x0024,07 55 05 00 00 03 4E 01 4F 01 4F 01 47 04 48 04 48 04 00 00,20,0x07
hci_snoop_2025_11_26_15_14_35.cfa,2604,2025-11-26T15:17:05.444Z,recv,f4:db:00:00:00:d9,0x13,Write-Rsp,,,0,
hci_snoop_2025_11_26_15_14_35.cfa,2605,2025-11-26T15:17:05.450Z,sent,f4:db:00:00:00:d9,0x12,Write-Req,0x0021,07 58 05 00 00 03,6,0x07
hci_snoop_2025_11_26_15_14_35.cfa,2607,2025-11-26T15:17:05.628Z,recv,f4:db:00:00:00:d9,0x1B,Notify,0x0024,07 58 05 00 00 03 50 01 50 01 50 01 47 04 46 04 46 04 00 00,20,0x07
hci_snoop_2025_11_26_15_14_35.cfa,2608,2025-11-26T15:17:05.714Z,recv,f4:db:00:00:00:d9,0x13,Write-Rsp,,,0,
hci_snoop_2025_11_26_15_14_35.cfa,2609,2025-11-26T15:17:05.720Z,sent,f4:db:00:00:00:d9,0x12,Write-Req,0x0021,07 5B 05 00 00 03,6,0x07
hci_snoop_2025_11_26_15_14_35.cfa,2611,2025-11-26T15:17:05.899Z,recv,f4:db:00:00:00:d9,0x1B,Notify,0x0024,07 5B 05 00 00 03 50 01 50 01 50 01 46 04 46 04 46 04 00 00,20,0x07
hci_snoop_2025_11_26_15_14_35.cfa,2612,2025-11-26T15:17:05.984Z,recv,f4:db:00:00:00:d9,0x13,Write-Rsp,,,0,
hci_snoop_2025_11_26_15_14_35.cfa,2613,2025-11-26T15:17:05.990Z,sent,f4:db:00:00:00:d9,0x12,Write-Req,0x0021,07 5E 05 00 00 03,6,0x07
hci_snoop_2025_11_26_15_14_35.cfa,2615,2025-11-26T15:17:06.168Z,recv,f4:db:00:00:00:d9,0x1B,Notify,0x0024,07 5E 05 00 00 03 50 01 50 01 50 01 46 04 46 04 47 04 00 00,20,0x07
hci_snoop_2025_11_26_15_14_35.cfa,2616,2025-11-26T15:17:06.254Z,recv,f4:db:00:00:00:d9,0x13,Write-Rsp,,,0,
hci_snoop_2025_11_26_15_14_35.cfa,2617,2025-11-26T15:17:06.258Z,sent,f4:db:00:00:00:d9,0x12,Write-Req,0x0021,07 61 05 00 00 03,6,0x07
hci_snoop_2025_11_26_15_14_35.cfa,2619,2025-11-26T15:17:06.439Z,recv,f4:db:00:00:00:d9,0x1B,Notify,0x0024,07 61 05 00 00 03 50 01 50 01 50 01 46 04 48 04 48 04 00 00,20,0x07
hci_snoop_2025_11_26_15_14_35.cfa,2620,2025-11-26T15:17:06.524Z,recv,f4:db:00:00:00:d9,0x13,Write-Rsp,,,0,
hci_snoop_2025_11_26_15_14_35.cfa,2621,2025-11-26T15:17:06.530Z,sent,f4:db:00:00:00:d9,0x12,Write-Req,0x0021,07 64 05 00 00 03,6,0x07
hci_snoop_2025_11_26_15_14_35.cfa,2623,2025-11-26T15:17:06.709Z,recv,f4:db:00:00:00:d9,0x1B,Notify,0x0024,07 64 05 00 00 03 4F 01 4F 01 4F 01 48 04 48 04 49 04 00 00,20,0x07
hci_snoop_2025_11_26_15_14_35.cfa,2624,2025-11-26T15:17:06.793Z,recv,f4:db:00:00:00:d9,0x13,Write-Rsp,,,0,
hci_snoop_2025_11_26_15_14_35.cfa,2625,2025-11-26T15:17:06.799Z,sent,f4:db:00:00:00:d9,0x12,Write-Req,0x0021,07 67 05 00 00 03,6,0x07
hci_snoop_2025_11_26_15_14_35.cfa,2627,2025-11-26T15:17:06.978Z,recv,f4:db:00:00:00:d9,0x1B,Notify,0x0024,07 67 05 00 00 03 4F 01 4F 01 4F 01 49 04 4A 04 4C 04 00 00,20,0x07
hci_snoop_2025_11_26_15_14_35.cfa,2628,2025-11-26T15:17:07.063Z,recv,f4:db:00:00:00:d9,0x13,Write-Rsp,,,0,
hci_snoop_2025_11_26_15_14_35.cfa,2629,2025-11-26T15:17:07.069Z,sent,f4:db:00:00:00:d9,0x12,Write-Req,0x0021,07 6A 05 00 00 03,6,0x07
hci_snoop_2025_11_26_15_14_35.cfa,2631,2025-11-26T15:17:07.249Z,recv,f4:db:00:00:00:d9,0x1B,Notify,0x0024,07 6A 05 00 00 03 4F 01 4F 01 4F 01 4E 04 4E 04 4E 04 00 00,20,0x07
hci_snoop_2025_11_26_15_14_35.cfa,2632,2025-11-26T15:17:07.335Z,recv,f4:db:00:00:00:d9,0x13,Write-Rsp,,,0,
hci_snoop_2025_11_26_15_14_35.cfa,2633,2025-11-26T15:17:07.339Z,sent,f4:db:00:00:00:d9,0x12,Write-Req,0x0021,07 6D 05 00 00 03,6,0x07
hci_snoop_2025_11_26_15_14_35.cfa,2635,2025-11-26T15:17:07.517Z,recv,f4:db:00:00:00:d9,0x1B,Notify,0x0024,07 6D 05 00 00 03 4E 01 4E 01 4F 01 4E 04 4E 04 4D 04 00 00,20,0x07
hci_snoop_2025_11_26_15_14_35.cfa,2636,2025-11-26T15:17:07.604Z,recv,f4:db:00:00:00:d9,0x13,Write-Rsp,,,0,
hci_snoop_2025_11_26_15_14_35.cfa,2637,2025-11-26T15:17:07.611Z,sent,f4:db:00:00:00:d9,0x12,Write-Req,0x0021,07 70 05 00 00 03,6,0x07
hci_snoop_2025_11_26_15_14_35.cfa,2639,2025-11-26T15:17:07.787Z,recv,f4:db:00:00:00:d9,0x1B,Notify,0x0024,07 70 05 00 00 03 4F 01 4F 01 50 01 50 04 52 04 53 04 00 00,20,0x07
hci_snoop_2025_11_26_15_14_35.cfa,2640,2025-11-26T15:17:07.874Z,recv,f4:db:00:00:00:d9,0x13,Write-Rsp,,,0,
hci_snoop_2025_11_26_15_14_35.cfa,2641,2025-11-26T15:17:07.879Z,sent,f4:db:00:00:00:d9,0x12,Write-Req,0x0021,07 73 05 00 00 03,6,0x07
hci_snoop_2025_11_26_15_14_35.cfa,2643,2025-11-26T15:17:08.058Z,recv,f4:db:00:00:00:d9,0x1B,Notify,0x0024,07 73 05 00 00 03 50 01 51 01 52 01 50 04 52 04 53 04 00 00,20,0x07
hci_snoop_2025_11_26_15_14_35.cfa,2644,2025-11-26T15:17:08.144Z,recv,f4:db:00:00:00:d9,0x13,Write-Rsp,,,0,
hci_snoop_2025_11_26_15_14_35.cfa,2645,2025-11-26T15:17:08.150Z,sent,f4:db:00:00:00:d9,0x12,Write-Req,0x0021,07 76 05 00 00 03,6,0x07
hci_snoop_2025_11_26_15_14_35.cfa,2647,2025-11-26T15:17:08.328Z,recv,f4:db:00:00:00:d9,0x1B,Notify,0x0024,07 76 05 00 00 03 52 01 53 01 53 01 52 04 52 04 51 04 00 00,20,0x07
hci_snoop_2025_11_26_15_14_35.cfa,2648,2025-11-26T15:17:08.414Z,recv,f4:db:00:00:00:d9,0x13,Write-Rsp,,,0,
hci_snoop_2025_11_26_15_14_35.cfa,2649,2025-11-26T15:17:08.419Z,sent,f4:db:00:00:00:d9,0x12,Write-Req,0x0021,07 79 05 00 00 03,6,0x07
hci_snoop_2025_11_26_15_14_35.cfa,2651,2025-11-26T15:17:08.599Z,recv,f4:db:00:00:00:d9,0x1B,Notify,0x0024,07 79 05 00 00 03 4A 01 4B 01 4C 01 B4 03 F2 03 FB 03 00 00,20,0x07
hci_snoop_2025_11_26_15_14_35.cfa,2652,2025-11-26T15:17:08.685Z,recv,f4:db:00:00:00:d9,0x13,Write-Rsp,,,0,
hci_snoop_2025_11_26_15_14_35.cfa,2653,2025-11-26T15:17:08.688Z,sent,f4:db:00:00:00:d9,0x12,Write-Req,0x0021,07 7C 05 00 00 03,6,0x07
hci_snoop_2025_11_26_15_14_35.cfa,2655,2025-11-26T15:17:08.868Z,recv,f4:db:00:00:00:d9,0x1B,Notify,0x0024,07 7C 05 00 00 03 4E 01 4F 01 50 01 06 04 0E 04 12 04 00 00,20,0x07
hci_snoop_2025_11_26_15_14_35.cfa,2656,2025-11-26T15:17:08.955Z,recv,f4:db:00:00:00:d9,0x13,Write-Rsp,,,0,
hci_snoop_2025_11_26_15_14_35.cfa,2657,2025-11-26T15:17:08.959Z,sent,f4:db:00:00:00:d9,0x12,Write-Req,0x0021,07 7F 05 00 00 03,6,0x07
hci_snoop_2025_11_26_15_14_35.cfa,2659,2025-11-26T15:17:09.139Z,recv,f4:db:00:00:00:d9,0x1B,Notify,0x0024,07 7F 05 00 00 03 51 01 52 01 52 01 16 04 1A 04 1D 04 00 00,20,0x07
hci_snoop_2025_11_26_15_14_35.cfa,2660,2025-11-26T15:17:09.225Z,recv,f4:db:00:00:00:d9,0x13,Write-Rsp,,,0,
hci_snoop_2025_11_26_15_14_35.cfa,2661,2025-11-26T15:17:09.230Z,sent,f4:db:00:00:00:d9,0x12,Write-Req,0x0021,07 82 05 00 00 03,6,0x07
hci_snoop_2025_11_26_15_14_35.cfa,2663,2025-11-26T15:17:09.405Z,recv,f4:db:00:00:00:d9,0x1B,Notify,0x0024,07 82 05 00 00 03 53 01 54 01 55 01 23 04 26 04 28 04 00 00,20,0x07
hci_snoop_2025_11_26_15_14_35.cfa,2664,2025-11-26T15:17:09.498Z,recv,f4:db:00:00:00:d9,0x13,Write-Rsp,,,0,
hci_snoop_2025_11_26_15_14_35.cfa,2665,2025-11-26T15:17:09.505Z,sent,f4:db:00:00:00:d9,0x12,Write-Req,0x0021,07 85 05 00 00 03,6,0x07
hci_snoop_2025_11_26_15_14_35.cfa,2667,2025-11-26T15:17:09.679Z,recv,f4:db:00:00:00:d9,0x1B,Notify,0x0024,07 85 05 00 00 03 56 01 56 01 57 01 2A 04 2B 04 2B 04 00 00,20,0x07
hci_snoop_2025_11_26_15_14_35.cfa,2668,2025-11-26T15:17:09.763Z,recv,f4:db:00:00:00:d9,0x13,Write-Rsp,,,0,
hci_snoop_2025_11_26_15_14_35.cfa,2669,2025-11-26T15:17:09.768Z,sent,f4:db:00:00:00:d9,0x12,Write-Req,0x0021,07 88 05 00 00 03,6,0x07
hci_snoop_2025_11_26_15_14_35.cfa,2671,2025-11-26T15:17:09.943Z,recv,f4:db:00:00:00:d9,0x1B,Notify,0x0024,07 88 05 00 00 03 57 01 58 01 59 01 2B 04 2C 04 2D 04 00 00,20,0x07
hci_snoop_2025_11_26_15_14_35.cfa,2672,2025-11-26T15:17:10.037Z,recv,f4:db:00:00:00:d9,0x13,Write-Rsp,,,0,
hci_snoop_2025_11_26_15_14_35.cfa,2673,2025-11-26T15:17:10.044Z,sent,f4:db:00:00:00:d9,0x12,Write-Req,0x0021,07 8B 05 00 00 03,6,0x07
hci_snoop_2025_11_26_15_14_35.cfa,2675,2025-11-26T15:17:10.218Z,recv,f4:db:00:00:00:d9,0x1B,Notify,0x0024,07 8B 05 00 00 03 59 01 59 01 59 01 2A 04 28 04 29 04 00 00,20,0x07
hci_snoop_2025_11_26_15_14_35.cfa,2676,2025-11-26T15:17:10.308Z,recv,f4:db:00:00:00:d9,0x13,Write-Rsp,,,0,
hci_snoop_2025_11_26_15_14_35.cfa,2678,2025-11-26T15:17:10.312Z,sent,f4:db:00:00:00:d9,0x12,Write-Req,0x0021,07 8E 05 00 00 03,6,0x07
hci_snoop_2025_11_26_15_14_35.cfa,2680,2025-11-26T15:17:10.485Z,recv,f4:db:00:00:00:d9,0x1B,Notify,0x0024,07 8E 05 00 00 03 59 01 59 01 58 01 28 04 26 04 27 04 00 00,20,0x07
hci_snoop_2025_11_26_15_14_35.cfa,2681,2025-11-26T15:17:10.575Z,recv,f4:db:00:00:00:d9,0x13,Write-Rsp,,,0,
hci_snoop_2025_11_26_15_14_35.cfa,2682,2025-11-26T15:17:10.579Z,sent,f4:db:00:00:00:d9,0x12,Write-Req,0x0021,07 91 05 00 00 03,6,0x07
hci_snoop_2025_11_26_15_14_35.cfa,2684,2025-11-26T15:17:10.758Z,recv,f4:db:00:00:00:d9,0x1B,Notify,0x0024,07 91 05 00 00 03 57 01 57 01 56 01 28 04 29 04 29 04 00 00,20,0x07
hci_snoop_2025_11_26_15_14_35.cfa,2685,2025-11-26T15:17:10.843Z,recv,f4:db:00:00:00:d9,0x13,Write-Rsp,,,0,
hci_snoop_2025_11_26_15_14_35.cfa,2686,2025-11-26T15:17:10.850Z,sent,f4:db:00:00:00:d9,0x12,Write-Req,0x0021,07 94 05 00 00 03,6,0x07
hci_snoop_2025_11_26_15_14_35.cfa,2688,2025-11-26T15:17:11.028Z,recv,f4:db:00:00:00:d9,0x1B,Notify,0x0024,07 94 05 00 00 03 56 01 57 01 58 01 2D 04 30 04 33 04 00 00,20,0x07
hci_snoop_2025_11_26_15_14_35.cfa,2689,2025-11-26T15:17:11.114Z,recv,f4:db:00:00:00:d9,0x13,Write-Rsp,,,0,
hci_snoop_2025_11_26_15_14_35.cfa,2690,2025-11-26T15:17:11.121Z,sent,f4:db:00:00:00:d9,0x12,Write-Req,0x0021,07 97 05 00 00 03,6,0x07
hci_snoop_2025_11_26_15_14_35.cfa,2692,2025-11-26T15:17:11.298Z,recv,f4:db:00:00:00:d9,0x1B,Notify,0x0024,07 97 05 00 00 03 57 01 58 01 58 01 31 04 30 04 33 04 00 00,20,0x07
hci_snoop_2025_11_26_15_14_35.cfa,2693,2025-11-26T15:17:11.383Z,recv,f4:db:00:00:00:d9,0x13,Write-Rsp,,,0,
hci_snoop_2025_11_26_15_14_35.cfa,2694,2025-11-26T15:17:11.388Z,sent,f4:db:00:00:00:d9,0x12,Write-Req,0x0021,07 9A 05 00 00 03,6,0x07
hci_snoop_2025_11_26_15_14_35.cfa,2696,2025-11-26T15:17:11.565Z,recv,f4:db:00:00:00:d9,0x1B,Notify,0x0024,07 9A 05 00 00 03 59 01 59 01 5A 01 34 04 34 04 36 04 00 00,20,0x07
hci_snoop_2025_11_26_15_14_35.cfa,2697,2025-11-26T15:17:11.655Z,recv,f4:db:00:00:00:d9,0x13,Write-Rsp,,,0,
hci_snoop_2025_11_26_15_14_35.cfa,2698,2025-11-26T15:17:11.662Z,sent,f4:db:00:00:00:d9,0x12,Write-Req,0x0021,07 9D 05 00 00 03,6,0x07
hci_snoop_2025_11_26_15_14_35.cfa,2700,2025-11-26T15:17:11.839Z,recv,f4:db:00:00:00:d9,0x1B,Notify,0x0024,07 9D 05 00 00 03 5A 01 5B 01 5B 01 36 04 35 04 35 04 00 00,20,0x07
hci_snoop_2025_11_26_15_14_35.cfa,2701,2025-11-26T15:17:11.924Z,recv,f4:db:00:00:00:d9,0x13,Write-Rsp,,,0,
hci_snoop_2025_11_26_15_14_35.cfa,2702,2025-11-26T15:17:11.928Z,sent,f4:db:00:00:00:d9,0x12,Write-Req,0x0021,07 A0 05 00 00 03,6,0x07
hci_snoop_2025_11_26_15_14_35.cfa,2704,2025-11-26T15:17:12.108Z,recv,f4:db:00:00:00:d9,0x1B,Notify,0x0024,07 A0 05 00 00 03 4D 01 4F 01 50 01 6D 03 AD 03 BD 03 00 00,20,0x07
hci_snoop_2025_11_26_15_14_35.cfa,2705,2025-11-26T15:17:12.193Z,recv,f4:db:00:00:00:d9,0x13,Write-Rsp,,,0,
hci_snoop_2025_11_26_15_14_35.cfa,2706,2025-11-26T15:17:12.199Z,sent,f4:db:00:00:00:d9,0x12,Write-Req,0x0021,07 A3 05 00 00 03,6,0x07
hci_snoop_2025_11_26_15_14_35.cfa,2708,2025-11-26T15:17:12.378Z,recv,f4:db:00:00:00:d9,0x1B,Notify,0x0024,07 A3 05 00 00 03 52 01 52 01 52 01 CA 03 D0 03 D7 03 00 00,20,0x07
hci_snoop_2025_11_26_15_14_35.cfa,2709,2025-11-26T15:17:12.463Z,recv,f4:db:00:00:00:d9,0x13,Write-Rsp,,,0,
hci_snoop_2025_11_26_15_14_35.cfa,2710,2025-11-26T15:17:12.467Z,sent,f4:db:00:00:00:d9,0x12,Write-Req,0x0021,07 A6 05 00 00 03,6,0x07
hci_snoop_2025_11_26_15_14_35.cfa,2712,2025-11-26T15:17:12.649Z,recv,f4:db:00:00:00:d9,0x1B,Notify,0x0024,07 A6 05 00 00 03 52 01 52 01 52 01 DC 03 E1 03 E6 03 00 00,20,0x07
hci_snoop_2025_11_26_15_14_35.cfa,2713,2025-11-26T15:17:12.734Z,recv,f4:db:00:00:00:d9,0x13,Write-Rsp,,,0,
hci_snoop_2025_11_26_15_14_35.cfa,2714,2025-11-26T15:17:12.738Z,sent,f4:db:00:00:00:d9,0x12,Write-Req,0x0021,07 A9 05 00 00 03,6,0x07
hci_snoop_2025_11_26_15_14_35.cfa,2716,2025-11-26T15:17:12.919Z,recv,f4:db:00:00:00:d9,0x1B,Notify,0x0024,07 A9 05 00 00 03 52 01 51 01 51 01 E9 03 ED 03 F1 03 00 00,20,0x07
hci_snoop_2025_11_26_15_14_35.cfa,2717,2025-11-26T15:17:13.004Z,recv,f4:db:00:00:00:d9,0x13,Write-Rsp,,,0,
hci_snoop_2025_11_26_15_14_35.cfa,2718,2025-11-26T15:17:13.007Z,sent,f4:db:00:00:00:d9,0x12,Write-Req,0x0021,07 AC 05 00 00 03,6,0x07
hci_snoop_2025_11_26_15_14_35.cfa,2720,2025-11-26T15:17:13.189Z,recv,f4:db:00:00:00:d9,0x1B,Notify,0x0024,07 AC 05 00 00 03 51 01 51 01 50 01 F4 03 F9 03 FE 03 00 00,20,0x07
hci_snoop_2025_11_26_15_14_35.cfa,2721,2025-11-26T15:17:13.274Z,recv,f4:db:00:00:00:d9,0x13,Write-Rsp,,,0,
hci_snoop_2025_11_26_15_14_35.cfa,2722,2025-11-26T15:17:13.278Z,sent,f4:db:00:00:00:d9,0x12,Write-Req,0x0021,07 AF 05 00 00 03,6,0x07
hci_snoop_2025_11_26_15_14_35.cfa,2724,2025-11-26T15:17:13.454Z,recv,f4:db:00:00:00:d9,0x1B,Notify,0x0024,07 AF 05 00 00 03 50 01 50 01 50 01 02 04 05 04 08 04 00 00,20,0x07
hci_snoop_2025_11_26_15_14_35.cfa,2725,2025-11-26T15:17:13.545Z,recv,f4:db:00:00:00:d9,0x13,Write-Rsp,,,0,
hci_snoop_2025_11_26_15_14_35.cfa,2726,2025-11-26T15:17:13.552Z,sent,f4:db:00:00:00:d9,0x12,Write-Req,0x0021,07 B2 05 00 00 03,6,0x07
hci_snoop_2025_11_26_15_14_35.cfa,2728,2025-11-26T15:17:13.726Z,recv,f4:db:00:00:00:d9,0x1B,Notify,0x0024,07 B2 05 00 00 03 50 01 50 01 50 01 0B 04 0D 04 10 04 00 00,20,0x07
hci_snoop_2025_11_26_15_14_35.cfa,2729,2025-11-26T15:17:13.815Z,recv,f4:db:00:00:00:d9,0x13,Write-Rsp,,,0,
hci_snoop_2025_11_26_15_14_35.cfa,2730,2025-11-26T15:17:13.821Z,sent,f4:db:00:00:00:d9,0x12,Write-Req,0x0021,07 B5 05 00 00 03,6,0x07
hci_snoop_2025_11_26_15_14_35.cfa,2732,2025-11-26T15:17:13.998Z,recv,f4:db:00:00:00:d9,0x1B,Notify,0x0024,07 B5 05 00 00 03 4F 01 4F 01 4F 01 12 04 14 04 15 04 00 00,20,0x07
hci_snoop_2025_11_26_15_14_35.cfa,2733,2025-11-26T15:17:14.083Z,recv,f4:db:00:00:00:d9,0x13,Write-Rsp,,,0,
hci_snoop_2025_11_26_15_14_35.cfa,2734,2025-11-26T15:17:14.089Z,sent,f4:db:00:00:00:d9,0x12,Write-Req,0x0021,07 B8 05 00 00 03,6,0x07
hci_snoop_2025_11_26_15_14_35.cfa,2736,2025-11-26T15:17:14.268Z,recv,f4:db:00:00:00:d9,0x1B,Notify,0x0024,07 B8 05 00 00 03 4F 01 4F 01 4F 01 17 04 19 04 1B 04 00 00,20,0x07
hci_snoop_2025_11_26_15_14_35.cfa,2737,2025-11-26T15:17:14.353Z,recv,f4:db:00:00:00:d9,0x13,Write-Rsp,,,0,
hci_snoop_2025_11_26_15_14_35.cfa,2738,2025-11-26T15:17:14.358Z,sent,f4:db:00:00:00:d9,0x12,Write-Req,0x0021,07 BB 05 00 00 03,6,0x07
hci_snoop_2025_11_26_15_14_35.cfa,2740,2025-11-26T15:17:14.538Z,recv,f4:db:00:00:00:d9,0x1B,Notify,0x0024,07 BB 05 00 00 03 4F 01 4F 01 4F 01 1D 04 1E 04 1F 04 00 00,20,0x07
hci_snoop_2025_11_26_15_14_35.cfa,2741,2025-11-26T15:17:14.624Z,recv,f4:db:00:00:00:d9,0x13,Write-Rsp,,,0,
hci_snoop_2025_11_26_15_14_35.cfa,2742,2025-11-26T15:17:14.628Z,sent,f4:db:00:00:00:d9,0x12,Write-Req,0x0021,07 BE 05 00 00 03,6,0x07
hci_snoop_2025_11_26_15_14_35.cfa,2744,2025-11-26T15:17:14.807Z,recv,f4:db:00:00:00:d9,0x1B,Notify,0x0024,07 BE 05 00 00 03 4F 01 4F 01 4F 01 1F 04 1F 04 20 04 00 00,20,0x07
hci_snoop_2025_11_26_15_14_35.cfa,2745,2025-11-26T15:17:14.895Z,recv,f4:db:00:00:00:d9,0x13,Write-Rsp,,,0,
hci_snoop_2025_11_26_15_14_35.cfa,2746,2025-11-26T15:17:14.901Z,sent,f4:db:00:00:00:d9,0x12,Write-Req,0x0021,07 C1 05 00 00 03,6,0x07
hci_snoop_2025_11_26_15_14_35.cfa,2748,2025-11-26T15:17:15.078Z,recv,f4:db:00:00:00:d9,0x1B,Notify,0x0024,07 C1 05 00 00 03 4E 01 4E 01 4E 01 21 04 21 04 22 04 00 00,20,0x07
hci_snoop_2025_11_26_15_14_35.cfa,2749,2025-11-26T15:17:15.163Z,recv,f4:db:00:00:00:d9,0x13,Write-Rsp,,,0,
hci_snoop_2025_11_26_15_14_35.cfa,2750,2025-11-26T15:17:15.167Z,sent,f4:db:00:00:00:d9,0x12,Write-Req,0x0021,07 C4 05 00 00 03,6,0x07
hci_snoop_2025_11_26_15_14_35.cfa,2752,2025-11-26T15:17:15.348Z,recv,f4:db:00:00:00:d9,0x1B,Notify,0x0024,07 C4 05 00 00 03 4E 01 4E 01 4E 01 23 04 21 04 20 04 00 00,20,0x07
hci_snoop_2025_11_26_15_14_35.cfa,2753,2025-11-26T15:17:15.434Z,recv,f4:db:00:00:00:d9,0x13,Write-Rsp,,,0,
hci_snoop_2025_11_26_15_14_35.cfa,2754,2025-11-26T15:17:15.440Z,sent,f4:db:00:00:00:d9,0x12,Write-Req,0x0021,07 C7 05 00 00 03,6,0x07
hci_snoop_2025_11_26_15_14_35.cfa,2756,2025-11-26T15:17:15.619Z,recv,f4:db:00:00:00:d9,0x1B,Notify,0x0024,07 C7 05 00 00 03 4E 01 4E 01 4E 01 20 04 18 04 1B 04 00 00,20,0x07
hci_snoop_2025_11_26_15_14_35.cfa,2757,2025-11-26T15:17:15.704Z,recv,f4:db:00:00:00:d9,0x13,Write-Rsp,,,0,
hci_snoop_2025_11_26_15_14_35.cfa,2758,2025-11-26T15:17:15.708Z,sent,f4:db:00:00:00:d9,0x12,Write-Req,0x0021,07 CA 05 00 00 03,6,0x07
hci_snoop_2025_11_26_15_14_35.cfa,2760,2025-11-26T15:17:15.888Z,recv,f4:db:00:00:00:d9,0x1B,Notify,0x0024,07 CA 05 00 00 03 4E 01 4E 01 4F 01 21 04 28 04 2B 04 00 00,20,0x07
hci_snoop_2025_11_26_15_14_35.cfa,2761,2025-11-26T15:17:15.975Z,recv,f4:db:00:00:00:d9,0x13,Write-Rsp,,,0,
hci_snoop_2025_11_26_15_14_35.cfa,2762,2025-11-26T15:17:15.980Z,sent,f4:db:00:00:00:d9,0x12,Write-Req,0x0021,07 CD 05 00 00 03,6,0x07
hci_snoop_2025_11_26_15_14_35.cfa,2764,2025-11-26T15:17:16.159Z,recv,f4:db:00:00:00:d9,0x1B,Notify,0x0024,07 CD 05 00 00 03 4F 01 4F 01 4F 01 2E 04 31 04 32 04 00 00,20,0x07
hci_snoop_2025_11_26_15_14_35.cfa,2765,2025-11-26T15:17:16.244Z,recv,f4:db:00:00:00:d9,0x13,Write-Rsp,,,0,
hci_snoop_2025_11_26_15_14_35.cfa,2766,2025-11-26T15:17:16.248Z,sent,f4:db:00:00:00:d9,0x12,Write-Req,0x0021,07 D0 05 00 00 03,6,0x07
hci_snoop_2025_11_26_15_14_35.cfa,2768,2025-11-26T15:17:16.429Z,recv,f4:db:00:00:00:d9,0x1B,Notify,0x0024,07 D0 05 00 00 03 4F 01 4F 01 4F 01 35 04 36 04 39 04 00 00,20,0x07
hci_snoop_2025_11_26_15_14_35.cfa,2769,2025-11-26T15:17:16.515Z,recv,f4:db:00:00:00:d9,0x13,Write-Rsp,,,0,
hci_snoop_2025_11_26_15_14_35.cfa,2770,2025-11-26T15:17:16.519Z,sent,f4:db:00:00:00:d9,0x12,Write-Req,0x0021,07 D3 05 00 00 03,6,0x07
hci_snoop_2025_11_26_15_14_35.cfa,2772,2025-11-26T15:17:16.695Z,recv,f4:db:00:00:00:d9,0x1B,Notify,0x0024,07 D3 05 00 00 03 4F 01 4F 01 4F 01 3A 04 3C 04 3D 04 00 00,20,0x07
hci_snoop_2025_11_26_15_14_35.cfa,2773,2025-11-26T15:17:16.785Z,recv,f4:db:00:00:00:d9,0x13,Write-Rsp,,,0,
hci_snoop_2025_11_26_15_14_35.cfa,2774,2025-11-26T15:17:16.792Z,sent,f4:db:00:00:00:d9,0x12,Write-Req,0x0021,07 D6 05 00 00 03,6,0x07
hci_snoop_2025_11_26_15_14_35.cfa,2776,2025-11-26T15:17:16.968Z,recv,f4:db:00:00:00:d9,0x1B,Notify,0x0024,07 D6 05 00 00 03 4F 01 4F 01 4F 01 3E 04 3F 04 40 04 00 00,20,0x07
hci_snoop_2025_11_26_15_14_35.cfa,2777,2025-11-26T15:17:17.053Z,recv,f4:db:00:00:00:d9,0x13,Write-Rsp,,,0,
hci_snoop_2025_11_26_15_14_35.cfa,2778,2025-11-26T15:17:17.057Z,sent,f4:db:00:00:00:d9,0x12,Write-Req,0x0021,07 D9 05 00 00 03,6,0x07
hci_snoop_2025_11_26_15_14_35.cfa,2780,2025-11-26T15:17:17.238Z,recv,f4:db:00:00:00:d9,0x1B,Notify,0x0024,07 D9 05 00 00 03 4F 01 4F 01 4F 01 41 04 42 04 43 04 00 00,20,0x07
hci_snoop_2025_11_26_15_14_35.cfa,2781,2025-11-26T15:17:17.325Z,recv,f4:db:00:00:00:d9,0x13,Write-Rsp,,,0,
hci_snoop_2025_11_26_15_14_35.cfa,2782,2025-11-26T15:17:17.330Z,sent,f4:db:00:00:00:d9,0x12,Write-Req,0x0021,07 DC 05 00 00 03,6,0x07
hci_snoop_2025_11_26_15_14_35.cfa,2784,2025-11-26T15:17:17.509Z,recv,f4:db:00:00:00:d9,0x1B,Notify,0x0024,07 DC 05 00 00 03 4E 01 4E 01 4E 01 43 04 45 04 45 04 00 00,20,0x07
hci_snoop_2025_11_26_15_14_35.cfa,2785,2025-11-26T15:17:17.594Z,recv,f4:db:00:00:00:d9,0x13,Write-Rsp,,,0,
hci_snoop_2025_11_26_15_14_35.cfa,2786,2025-11-26T15:17:17.600Z,sent,f4:db:00:00:00:d9,0x12,Write-Req,0x0021,07 DF 05 00 00 03,6,0x07
hci_snoop_2025_11_26_15_14_35.cfa,2788,2025-11-26T15:17:17.775Z,recv,f4:db:00:00:00:d9,0x1B,Notify,0x0024,07 DF 05 00 00 03 4E 01 4E 01 4E 01 46 04 46 04 46 04 00 00,20,0x07
hci_snoop_2025_11_26_15_14_35.cfa,2789,2025-11-26T15:17:17.864Z,recv,f4:db:00:00:00:d9,0x13,Write-Rsp,,,0,
hci_snoop_2025_11_26_15_14_35.cfa,2790,2025-11-26T15:17:17.869Z,sent,f4:db:00:00:00:d9,0x12,Write-Req,0x0021,07 E2 05 00 00 03,6,0x07
hci_snoop_2025_11_26_15_14_35.cfa,2792,2025-11-26T15:17:18.049Z,recv,f4:db:00:00:00:d9,0x1B,Notify,0x0024,07 E2 05 00 00 03 4E 01 4E 01 4E 01 46 04 47 04 47 04 00 00,20,0x07
hci_snoop_2025_11_26_15_14_35.cfa,2793,2025-11-26T15:17:18.134Z,recv,f4:db:00:00:00:d9,0x13,Write-Rsp,,,0,
hci_snoop_2025_11_26_15_14_35.cfa,2794,2025-11-26T15:17:18.137Z,sent,f4:db:00:00:00:d9,0x12,Write-Req,0x0021,07 E5 05 00 00 03,6,0x07
hci_snoop_2025_11_26_15_14_35.cfa,2796,2025-11-26T15:17:18.315Z,recv,f4:db:00:00:00:d9,0x1B,Notify,0x0024,07 E5 05 00 00 03 4E 01 4E 01 4F 01 47 04 47 04 48 04 00 00,20,0x07
hci_snoop_2025_11_26_15_14_35.cfa,2797,2025-11-26T15:17:18.403Z,recv,f4:db:00:00:00:d9,0x13,Write-Rsp,,,0,
hci_snoop_2025_11_26_15_14_35.cfa,2798,2025-11-26T15:17:18.404Z,sent,f4:db:00:00:00:d9,0x12,Write-Req,0x0021,07 E8 05 00 00 03,6,0x07
hci_snoop_2025_11_26_15_14_35.cfa,2852,2025-11-26T15:17:18.584Z,recv,f4:db:00:00:00:d9,0x1B,Notify,0x0024,07 E8 05 00 00 03 4F 01 4F 01 4F 01 48 04 48 04 48 04 00 00,20,0x07
hci_snoop_2025_11_26_15_14_35.cfa,2853,2025-11-26T15:17:18.678Z,recv,f4:db:00:00:00:d9,0x13,Write-Rsp,,,0,
hci_snoop_2025_11_26_15_14_35.cfa,2854,2025-11-26T15:17:18.685Z,sent,f4:db:00:00:00:d9,0x12,Write-Req,0x0021,07 EB 05 00 00 03,6,0x07
hci_snoop_2025_11_26_15_14_35.cfa,2856,2025-11-26T15:17:18.856Z,recv,f4:db:00:00:00:d9,0x1B,Notify,0x0024,07 EB 05 00 00 03 4F 01 4F 01 4F 01 47 04 47 04 47 04 00 00,20,0x07
hci_snoop_2025_11_26_15_14_35.cfa,2857,2025-11-26T15:17:18.943Z,recv,f4:db:00:00:00:d9,0x13,Write-Rsp,,,0,
hci_snoop_2025_11_26_15_14_35.cfa,2858,2025-11-26T15:17:18.951Z,sent,f4:db:00:00:00:d9,0x12,Write-Req,0x0021,07 EE 05 00 00 03,6,0x07
hci_snoop_2025_11_26_15_14_35.cfa,2860,2025-11-26T15:17:19.123Z,recv,f4:db:00:00:00:d9,0x1B,Notify,0x0024,07 EE 05 00 00 03 4F 01 4F 01 4F 01 47 04 47 04 47 04 00 00,20,0x07
hci_snoop_2025_11_26_15_14_35.cfa,2861,2025-11-26T15:17:19.213Z,recv,f4:db:00:00:00:d9,0x13,Write-Rsp,,,0,
hci_snoop_2025_11_26_15_14_35.cfa,2862,2025-11-26T15:17:19.217Z,sent,f4:db:00:00:00:d9,0x12,Write-Req,0x0021,07 F1 05 00 00 03,6,0x07
hci_snoop_2025_11_26_15_14_35.cfa,2864,2025-11-26T15:17:19.395Z,recv,f4:db:00:00:00:d9,0x1B,Notify,0x0024,07 F1 05 00 00 03 4F 01 4F 01 4E 01 48 04 48 04 48 04 00 00,20,0x07
hci_snoop_2025_11_26_15_14_35.cfa,2865,2025-11-26T15:17:19.483Z,recv,f4:db:00:00:00:d9,0x13,Write-Rsp,,,0,
hci_snoop_2025_11_26_15_14_35.cfa,2866,2025-11-26T15:17:19.511Z,sent,f4:db:00:00:00:d9,0x12,Write-Req,0x0021,07 F4 05 00 00 03,6,0x07
hci_snoop_2025_11_26_15_14_35.cfa,2869,2025-11-26T15:17:19.665Z,recv,f4:db:00:00:00:d9,0x1B,Notify,0x0024,07 F4 05 00 00 03 4E 01 4F 01 4E 01 48 04 48 04 47 04 00 00,20,0x07
hci_snoop_2025_11_26_15_14_35.cfa,2870,2025-11-26T15:17:19.753Z,recv,f4:db:00:00:00:d9,0x13,Write-Rsp,,,0,
hci_snoop_2025_11_26_15_14_35.cfa,2871,2025-11-26T15:17:19.780Z,sent,f4:db:00:00:00:d9,0x12,Write-Req,0x0021,07 F7 05 00 00 03,6,0x07
hci_snoop_2025_11_26_15_14_35.cfa,2873,2025-11-26T15:17:19.933Z,recv,f4:db:00:00:00:d9,0x1B,Notify,0x0024,07 F7 05 00 00 03 4F 01 4F 01 4F 01 47 04 46 04 46 04 00 00,20,0x07
hci_snoop_2025_11_26_15_14_35.cfa,2874,2025-11-26T15:17:20.024Z,recv,f4:db:00:00:00:d9,0x13,Write-Rsp,,,0,
hci_snoop_2025_11_26_15_14_35.cfa,2875,2025-11-26T15:17:20.046Z,sent,f4:db:00:00:00:d9,0x12,Write-Req,0x0021,07 FA 05 00 00 03,6,0x07
hci_snoop_2025_11_26_15_14_35.cfa,2877,2025-11-26T15:17:20.204Z,recv,f4:db:00:00:00:d9,0x1B,Notify,0x0024,07 FA 05 00 00 03 4F 01 4F 01 4F 01 46 04 46 04 46 04 00 00,20,0x07
hci_snoop_2025_11_26_15_14_35.cfa,2878,2025-11-26T15:17:20.294Z,recv,f4:db:00:00:00:d9,0x13,Write-Rsp,,,0,
hci_snoop_2025_11_26_15_14_35.cfa,2879,2025-11-26T15:17:20.328Z,sent,f4:db:00:00:00:d9,0x12,Write-Req,0x0021,07 FD 05 00 00 03,6,0x07
hci_snoop_2025_11_26_15_14_35.cfa,2881,2025-11-26T15:17:20.473Z,recv,f4:db:00:00:00:d9,0x1B,Notify,0x0024,07 FD 05 00 00 03 4F 01 50 01 50 01 49 04 4A 04 49 04 00 00,20,0x07
hci_snoop_2025_11_26_15_14_35.cfa,2882,2025-11-26T15:17:20.563Z,recv,f4:db:00:00:00:d9,0x13,Write-Rsp,,,0,
hci_snoop_2025_11_26_15_14_35.cfa,2883,2025-11-26T15:17:20.602Z,sent,f4:db:00:00:00:d9,0x12,Write-Req,0x0021,07 00 06 00 00 03,6,0x07
hci_snoop_2025_11_26_15_14_35.cfa,2885,2025-11-26T15:17:20.745Z,recv,f4:db:00:00:00:d9,0x1B,Notify,0x0024,07 00 06 00 00 03 3F 01 40 01 42 01 49 03 9B 03 B6 03 00 00,20,0x07
hci_snoop_2025_11_26_15_14_35.cfa,2886,2025-11-26T15:17:20.833Z,recv,f4:db:00:00:00:d9,0x13,Write-Rsp,,,0,
hci_snoop_2025_11_26_15_14_35.cfa,2887,2025-11-26T15:17:20.863Z,sent,f4:db:00:00:00:d9,0x12,Write-Req,0x0021,07 03 06 00 00 03,6,0x07
hci_snoop_2025_11_26_15_14_35.cfa,2889,2025-11-26T15:17:21.014Z,recv,f4:db:00:00:00:d9,0x1B,Notify,0x0024,07 03 06 00 00 03 44 01 46 01 48 01 C4 03 CF 03 DA 03 00 00,20,0x07
hci_snoop_2025_11_26_15_14_35.cfa,2890,2025-11-26T15:17:21.103Z,recv,f4:db:00:00:00:d9,0x13,Write-Rsp,,,0,
hci_snoop_2025_11_26_15_14_35.cfa,2891,2025-11-26T15:17:21.131Z,sent,f4:db:00:00:00:d9,0x12,Write-Req,0x0021,07 06 06 00 00 03,6,0x07
hci_snoop_2025_11_26_15_14_35.cfa,2893,2025-11-26T15:17:21.285Z,recv,f4:db:00:00:00:d9,0x1B,Notify,0x0024,07 06 06 00 00 03 4A 01 4B 01 4C 01 E0 03 E6 03 ED 03 00 00,20,0x07
hci_snoop_2025_11_26_15_14_35.cfa,2894,2025-11-26T15:17:21.374Z,recv,f4:db:00:00:00:d9,0x13,Write-Rsp,,,0,
hci_snoop_2025_11_26_15_14_35.cfa,2895,2025-11-26T15:17:21.396Z,sent,f4:db:00:00:00:d9,0x12,Write-Req,0x0021,07 09 06 00 00 03,6,0x07
hci_snoop_2025_11_26_15_14_35.cfa,2912,2025-11-26T15:17:21.553Z,recv,f4:db:00:00:00:d9,0x1B,Notify,0x0024,07 09 06 00 00 03 4E 01 4F 01 50 01 F1 03 F5 03 F8 03 00 00,20,0x07
hci_snoop_2025_11_26_15_14_35.cfa,2918,2025-11-26T15:17:21.645Z,recv,f4:db:00:00:00:d9,0x13,Write-Rsp,,,0,
hci_snoop_2025_11_26_15_14_35.cfa,2919,2025-11-26T15:17:21.680Z,sent,f4:db:00:00:00:d9,0x12,Write-Req,0x0021,07 0C 06 00 00 03,6,0x07
hci_snoop_2025_11_26_15_14_35.cfa,2921,2025-11-26T15:17:21.823Z,recv,f4:db:00:00:00:d9,0x1B,Notify,0x0024,07 0C 06 00 00 03 51 01 52 01 53 01 FB 03 FD 03 00 04 00 00,20,0x07
hci_snoop_2025_11_26_15_14_35.cfa,2922,2025-11-26T15:17:21.914Z,recv,f4:db:00:00:00:d9,0x13,Write-Rsp,,,0,
hci_snoop_2025_11_26_15_14_35.cfa,2923,2025-11-26T15:17:21.947Z,sent,f4:db:00:00:00:d9,0x12,Write-Req,0x0021,07 0F 06 00 00 03,6,0x07
hci_snoop_2025_11_26_15_14_35.cfa,2925,2025-11-26T15:17:22.095Z,recv,f4:db:00:00:00:d9,0x1B,Notify,0x0024,07 0F 06 00 00 03 53 01 54 01 54 01 02 04 04 04 06 04 00 00,20,0x07
hci_snoop_2025_11_26_15_14_35.cfa,2926,2025-11-26T15:17:22.183Z,recv,f4:db:00:00:00:d9,0x13,Write-Rsp,,,0,
hci_snoop_2025_11_26_15_14_35.cfa,2927,2025-11-26T15:17:22.214Z,sent,f4:db:00:00:00:d9,0x12,Write-Req,0x0021,07 12 06 00 00 03,6,0x07
hci_snoop_2025_11_26_15_14_35.cfa,2929,2025-11-26T15:17:22.365Z,recv,f4:db:00:00:00:d9,0x1B,Notify,0x0024,07 12 06 00 00 03 55 01 55 01 56 01 08 04 0A 04 0A 04 00 00,20,0x07
hci_snoop_2025_11_26_15_14_35.cfa,2930,2025-11-26T15:17:22.453Z,recv,f4:db:00:00:00:d9,0x13,Write-Rsp,,,0,
hci_snoop_2025_11_26_15_14_35.cfa,2931,2025-11-26T15:17:22.480Z,sent,f4:db:00:00:00:d9,0x12,Write-Req,0x0021,07 15 06 00 00 03,6,0x07
hci_snoop_2025_11_26_15_14_35.cfa,2933,2025-11-26T15:17:22.633Z,recv,f4:db:00:00:00:d9,0x1B,Notify,0x0024,07 15 06 00 00 03 56 01 56 01 56 01 0B 04 0C 04 0C 04 00 00,20,0x07
hci_snoop_2025_11_26_15_14_35.cfa,2934,2025-11-26T15:17:22.723Z,recv,f4:db:00:00:00:d9,0x13,Write-Rsp,,,0,
hci_snoop_2025_11_26_15_14_35.cfa,2935,2025-11-26T15:17:22.747Z,sent,f4:db:00:00:00:d9,0x12,Write-Req,0x0021,07 18 06 00 00 03,6,0x07
hci_snoop_2025_11_26_15_14_35.cfa,2937,2025-11-26T15:17:22.904Z,recv,f4:db:00:00:00:d9,0x1B,Notify,0x0024,07 18 06 00 00 03 57 01 58 01 59 01 0A 04 08 04 05 04 00 00,20,0x07
hci_snoop_2025_11_26_15_14_35.cfa,2938,2025-11-26T15:17:22.995Z,recv,f4:db:00:00:00:d9,0x13,Write-Rsp,,,0,
hci_snoop_2025_11_26_15_14_35.cfa,2939,2025-11-26T15:17:23.029Z,sent,f4:db:00:00:00:d9,0x12,Write-Req,0x0021,07 1B 06 00 00 03,6,0x07
hci_snoop_2025_11_26_15_14_35.cfa,2941,2025-11-26T15:17:23.173Z,recv,f4:db:00:00:00:d9,0x1B,Notify,0x0024,07 1B 06 00 00 03 5A 01 5A 01 5B 01 03 04 02 04 01 04 00 00,20,0x07
hci_snoop_2025_11_26_15_14_35.cfa,2942,2025-11-26T15:17:23.265Z,recv,f4:db:00:00:00:d9,0x13,Write-Rsp,,,0,
hci_snoop_2025_11_26_15_14_35.cfa,2943,2025-11-26T15:17:23.296Z,sent,f4:db:00:00:00:d9,0x12,Write-Req,0x0021,07 1E 06 00 00 03,6,0x07
hci_snoop_2025_11_26_15_14_35.cfa,2945,2025-11-26T15:17:23.445Z,recv,f4:db:00:00:00:d9,0x1B,Notify,0x0024,07 1E 06 00 00 03 5B 01 5C 01 5B 01 FF 03 FF 03 FF 03 00 00,20,0x07
hci_snoop_2025_11_26_15_14_35.cfa,2946,2025-11-26T15:17:23.534Z,recv,f4:db:00:00:00:d9,0x13,Write-Rsp,,,0,
hci_snoop_2025_11_26_15_14_35.cfa,2947,2025-11-26T15:17:23.562Z,sent,f4:db:00:00:00:d9,0x12,Write-Req,0x0021,07 21 06 00 00 03,6,0x07
hci_snoop_2025_11_26_15_14_35.cfa,2949,2025-11-26T15:17:23.714Z,recv,f4:db:00:00:00:d9,0x1B,Notify,0x0024,07 21 06 00 00 03 5B 01 5A 01 5B 01 FF 03 01 04 05 04 00 00,20,0x07
hci_snoop_2025_11_26_15_14_35.cfa,2950,2025-11-26T15:17:23.803Z,recv,f4:db:00:00:00:d9,0x13,Write-Rsp,,,0,
hci_snoop_2025_11_26_15_14_35.cfa,2951,2025-11-26T15:17:23.830Z,sent,f4:db:00:00:00:d9,0x12,Write-Req,0x0021,07 24 06 00 00 03,6,0x07
hci_snoop_2025_11_26_15_14_35.cfa,2953,2025-11-26T15:17:23.984Z,recv,f4:db:00:00:00:d9,0x1B,Notify,0x0024,07 24 06 00 00 03 5C 01 5C 01 5C 01 04 04 06 04 06 04 00 00,20,0x07
hci_snoop_2025_11_26_15_14_35.cfa,2954,2025-11-26T15:17:24.074Z,recv,f4:db:00:00:00:d9,0x13,Write-Rsp,,,0,
hci_snoop_2025_11_26_15_14_35.cfa,2955,2025-11-26T15:17:24.098Z,sent,f4:db:00:00:00:d9,0x12,Write-Req,0x0021,07 27 06 00 00 03,6,0x07
hci_snoop_2025_11_26_15_14_35.cfa,2957,2025-11-26T15:17:24.254Z,recv,f4:db:00:00:00:d9,0x1B,Notify,0x0024,07 27 06 00 00 03 5B 01 5A 01 5A 01 08 04 0F 04 13 04 00 00,20,0x07
hci_snoop_2025_11_26_15_14_35.cfa,2958,2025-11-26T15:17:24.344Z,recv,f4:db:00:00:00:d9,0x13,Write-Rsp,,,0,
hci_snoop_2025_11_26_15_14_35.cfa,2959,2025-11-26T15:17:24.380Z,sent,f4:db:00:00:00:d9,0x12,Write-Req,0x0021,07 2A 06 00 00 03,6,0x07
hci_snoop_2025_11_26_15_14_35.cfa,2961,2025-11-26T15:17:24.523Z,recv,f4:db:00:00:00:d9,0x1B,Notify,0x0024,07 2A 06 00 00 03 5A 01 5A 01 5A 01 11 04 10 04 0E 04 00 00,20,0x07
hci_snoop_2025_11_26_15_14_35.cfa,2962,2025-11-26T15:17:24.613Z,recv,f4:db:00:00:00:d9,0x13,Write-Rsp,,,0,
hci_snoop_2025_11_26_15_14_35.cfa,2963,2025-11-26T15:17:24.648Z,sent,f4:db:00:00:00:d9,0x12,Write-Req,0x0021,07 2D 06 00 00 03,6,0x07
hci_snoop_2025_11_26_15_14_35.cfa,2965,2025-11-26T15:17:24.794Z,recv,f4:db:00:00:00:d9,0x1B,Notify,0x0024,07 2D 06 00 00 03 5A 01 5B 01 6E 01 0E 04 0F 04 F2 03 00 00,20,0x07
hci_snoop_2025_11_26_15_14_35.cfa,2966,2025-11-26T15:17:24.884Z,recv,f4:db:00:00:00:d9,0x13,Write-Rsp,,,0,
hci_snoop_2025_11_26_15_14_35.cfa,2967,2025-11-26T15:17:24.915Z,sent,f4:db:00:00:00:d9,0x12,Write-Req,0x0021,07 30 06 00 00 01,6,0x07
hci_snoop_2025_11_26_15_14_35.cfa,2969,2025-11-26T15:17:25.063Z,recv,f4:db:00:00:00:d9,0x1B,Notify,0x0024,07 30 06 00 00 01 6F 01 E8 03 6E 01 0E 04 0F 04 F2 03 00 00,20,0x07
hci_snoop_2025_11_26_15_14_35.cfa,2970,2025-11-26T15:17:25.066Z,recv,f4:db:00:00:00:d9,0x13,Write-Rsp,,,0,
hci_snoop_2025_11_26_15_14_35.cfa,3096,2025-11-26T15:18:51.512Z,sent,f4:db:00:00:00:d9,0x10,ReadByGrp-Req,,01 00 FF FF 00 28,6,0x01
hci_snoop_2025_11_26_15_14_35.cfa,3099,2025-11-26T15:18:51.598Z,recv,f4:db:00:00:00:d9,0x11,ReadByGrp-Rsp,,06 01 00 07 00 00 18 08 00 0B 00 01 18 0C 00 1E 00 0A 18,19,0x06
hci_snoop_2025_11_26_15_14_35.cfa,3100,2025-11-26T15:18:51.599Z,sent,f4:db:00:00:00:d9,0x10,ReadByGrp-Req,,1F 00 FF FF 00 28,6,0x1F
hci_snoop_2025_11_26_15_14_35.cfa,3102,2025-11-26T15:18:51.688Z,recv,f4:db:00:00:00:d9,0x11,ReadByGrp-Rsp,,06 1F 00 FF FF E0 FF,7,0x06
hci_snoop_2025_11_26_15_14_35.cfa,3103,2025-11-26T15:18:51.689Z,sent,f4:db:00:00:00:d9,0x08,ReadByType-Req,,01 00 07 00 02 28,6,0x01
hci_snoop_2025_11_26_15_14_35.cfa,3105,2025-11-26T15:18:51.778Z,recv,f4:db:00:00:00:d9,0x01,ErrorRsp,,08 01 00 0A,4,0x08
hci_snoop_2025_11_26_15_14_35.cfa,3106,2025-11-26T15:18:51.778Z,sent,f4:db:00:00:00:d9,0x08,ReadByType-Req,,01 00 07 00 03 28,6,0x01
hci_snoop_2025_11_26_15_14_35.cfa,3108,2025-11-26T15:18:51.868Z,recv,f4:db:00:00:00:d9,0x09,ReadByType-Rsp,,07 02 00 02 03 00 00 2A 04 00 02 05 00 01 2A 06 00 02 07 00 04 2A,22,0x07
hci_snoop_2025_11_26_15_14_35.cfa,3109,2025-11-26T15:18:51.869Z,sent,f4:db:00:00:00:d9,0x08,ReadByType-Req,,07 00 07 00 03 28,6,0x07
hci_snoop_2025_11_26_15_14_35.cfa,3111,2025-11-26T15:18:51.961Z,recv,f4:db:00:00:00:d9,0x01,ErrorRsp,,08 07 00 0A,4,0x08
hci_snoop_2025_11_26_15_14_35.cfa,3112,2025-11-26T15:18:51.962Z,sent,f4:db:00:00:00:d9,0x08,ReadByType-Req,,08 00 0B 00 02 28,6,0x08
hci_snoop_2025_11_26_15_14_35.cfa,3116,2025-11-26T15:18:51.973Z,recv,f4:db:00:00:00:d9,0x01,ErrorRsp,,08 08 00 0A,4,0x08
hci_snoop_2025_11_26_15_14_35.cfa,3117,2025-11-26T15:18:51.973Z,sent,f4:db:00:00:00:d9,0x08,ReadByType-Req,,08 00 0B 00 03 28,6,0x08
hci_snoop_2025_11_26_15_14_35.cfa,3119,2025-11-26T15:18:51.989Z,recv,f4:db:00:00:00:d9,0x09,ReadByType-Rsp,,07 09 00 20 0A 00 05 2A,8,0x07
hci_snoop_2025_11_26_15_14_35.cfa,3120,2025-11-26T15:18:51.990Z,sent,f4:db:00:00:00:d9,0x08,ReadByType-Req,,0A 00 0B 00 03 28,6,0x0A
hci_snoop_2025_11_26_15_14_35.cfa,3122,2025-11-26T15:18:52.002Z,recv,f4:db:00:00:00:d9,0x01,ErrorRsp,,08 0A 00 0A,4,0x08
hci_snoop_2025_11_26_15_14_35.cfa,3123,2025-11-26T15:18:52.003Z,sent,f4:db:00:00:00:d9,0x04,FindInfo-Req,,0B 00 0B 00,4,0x0B
hci_snoop_2025_11_26_15_14_35.cfa,3125,2025-11-26T15:18:52.017Z,recv,f4:db:00:00:00:d9,0x05,FindInfo-Rsp,,01 0B 00 02 29,5,0x01
hci_snoop_2025_11_26_15_14_35.cfa,3126,2025-11-26T15:18:52.018Z,sent,f4:db:00:00:00:d9,0x08,ReadByType-Req,,0C 00 1E 00 02 28,6,0x0C
hci_snoop_2025_11_26_15_14_35.cfa,3128,2025-11-26T15:18:52.033Z,recv,f4:db:00:00:00:d9,0x01,ErrorRsp,,08 0C 00 0A,4,0x08
hci_snoop_2025_11_26_15_14_35.cfa,3129,2025-11-26T15:18:52.033Z,sent,f4:db:00:00:00:d9,0x08,ReadByType-Req,,0C 00 1E 00 03 28,6,0x0C
hci_snoop_2025_11_26_15_14_35.cfa,3131,2025-11-26T15:18:52.047Z,recv,f4:db:00:00:00:d9,0x09,ReadByType-Rsp,,07 0D 00 02 0E 00 23 2A 0F 00 02 10 00 24 2A 11 00 02 12 00 25 2A,22,0x07
hci_snoop_2025_11_26_15_14_35.cfa,3132,2025-11-26T15:18:52.048Z,sent,f4:db:00:00:00:d9,0x08,ReadByType-Req,,12 00 1E 00 03 28,6,0x12
hci_snoop_2025_11_26_15_14_35.cfa,3134,2025-11-26T15:18:52.063Z,recv,f4:db:00:00:00:d9,0x09,ReadByType-Rsp,,07 13 00 02 14 00 26 2A 15 00 02 16 00 27 2A 17 00 02 18 00 28 2A,22,0x07
hci_snoop_2025_11_26_15_14_35.cfa,3135,2025-11-26T15:18:52.063Z,sent,f4:db:00:00:00:d9,0x08,ReadByType-Req,,18 00 1E 00 03 28,6,0x18
hci_snoop_2025_11_26_15_14_35.cfa,3137,2025-11-26T15:18:52.078Z,recv,f4:db:00:00:00:d9,0x09,ReadByType-Rsp,,07 19 00 02 1A 00 29 2A 1B 00 02 1C 00 2A 2A 1D 00 02 1E 00 50 2A,22,0x07
hci_snoop_2025_11_26_15_14_35.cfa,3138,2025-11-26T15:18:52.079Z,sent,f4:db:00:00:00:d9,0x08,ReadByType-Req,,1E 00 1E 00 03 28,6,0x1E
hci_snoop_2025_11_26_15_14_35.cfa,3140,2025-11-26T15:18:52.092Z,recv,f4:db:00:00:00:d9,0x01,ErrorRsp,,08 1E 00 0A,4,0x08
hci_snoop_2025_11_26_15_14_35.cfa,3141,2025-11-26T15:18:52.093Z,sent,f4:db:00:00:00:d9,0x08,ReadByType-Req,,1F 00 FF FF 02 28,6,0x1F
hci_snoop_2025_11_26_15_14_35.cfa,3143,2025-11-26T15:18:52.108Z,recv,f4:db:00:00:00:d9,0x01,ErrorRsp,,08 1F 00 0A,4,0x08
hci_snoop_2025_11_26_15_14_35.cfa,3144,2025-11-26T15:18:52.109Z,sent,f4:db:00:00:00:d9,0x08,ReadByType-Req,,1F 00 FF FF 03 28,6,0x1F
hci_snoop_2025_11_26_15_14_35.cfa,3146,2025-11-26T15:18:52.123Z,recv,f4:db:00:00:00:d9,0x09,ReadByType-Rsp,,07 20 00 08 21 00 F5 FF 23 00 10 24 00 F3 FF,15,0x07
hci_snoop_2025_11_26_15_14_35.cfa,3147,2025-11-26T15:18:52.124Z,sent,f4:db:00:00:00:d9,0x08,ReadByType-Req,,24 00 FF FF 03 28,6,0x24
hci_snoop_2025_11_26_15_14_35.cfa,3149,2025-11-26T15:18:52.137Z,recv,f4:db:00:00:00:d9,0x01,ErrorRsp,,08 24 00 0A,4,0x08
hci_snoop_2025_11_26_15_14_35.cfa,3150,2025-11-26T15:18:52.138Z,sent,f4:db:00:00:00:d9,0x04,FindInfo-Req,,22 00 22 00,4,0x22
hci_snoop_2025_11_26_15_14_35.cfa,3152,2025-11-26T15:18:52.152Z,recv,f4:db:00:00:00:d9,0x05,FindInfo-Rsp,,01 22 00 01 29,5,0x01
hci_snoop_2025_11_26_15_14_35.cfa,3153,2025-11-26T15:18:52.153Z,sent,f4:db:00:00:00:d9,0x04,FindInfo-Req,,25 00 FF FF,4,0x25
hci_snoop_2025_11_26_15_14_35.cfa,3155,2025-11-26T15:18:52.167Z,recv,f4:db:00:00:00:d9,0x05,FindInfo-Rsp,,01 25 00 02 29 26 00 01 29,9,0x01
hci_snoop_2025_11_26_15_14_35.cfa,3156,2025-11-26T15:18:52.168Z,sent,f4:db:00:00:00:d9,0x04,FindInfo-Req,,27 00 FF FF,4,0x27
hci_snoop_2025_11_26_15_14_35.cfa,3158,2025-11-26T15:18:52.183Z,recv,f4:db:00:00:00:d9,0x01,ErrorRsp,,04 27 00 0A,4,0x04
hci_snoop_2025_11_26_15_14_35.cfa,3161,2025-11-26T15:18:52.196Z,sent,f4:db:00:00:00:d9,0x12,Write-Req,0x0025,01 00,2,0x01
hci_snoop_2025_11_26_15_14_35.cfa,3163,2025-11-26T15:18:52.212Z,recv,f4:db:00:00:00:d9,0x13,Write-Rsp,,,0,
hci_snoop_2025_11_26_15_14_35.cfa,3164,2025-11-26T15:18:52.217Z,sent,f4:db:00:00:00:d9,0x12,Write-Req,0x0021,04 00 00 00 00,5,0x04
hci_snoop_2025_11_26_15_14_35.cfa,3166,2025-11-26T15:18:52.235Z,recv,f4:db:00:00:00:d9,0x13,Write-Rsp,,,0,
hci_snoop_2025_11_26_15_14_35.cfa,3192,2025-11-26T15:19:27.063Z,sent,f4:db:00:00:00:d9,0x10,ReadByGrp-Req,,01 00 FF FF 00 28,6,0x01
hci_snoop_2025_11_26_15_14_35.cfa,3195,2025-11-26T15:19:27.148Z,recv,f4:db:00:00:00:d9,0x11,ReadByGrp-Rsp,,06 01 00 07 00 00 18 08 00 0B 00 01 18 0C 00 1E 00 0A 18,19,0x06
hci_snoop_2025_11_26_15_14_35.cfa,3196,2025-11-26T15:19:27.149Z,sent,f4:db:00:00:00:d9,0x10,ReadByGrp-Req,,1F 00 FF FF 00 28,6,0x1F
hci_snoop_2025_11_26_15_14_35.cfa,3198,2025-11-26T15:19:27.282Z,recv,f4:db:00:00:00:d9,0x11,ReadByGrp-Rsp,,06 1F 00 FF FF E0 FF,7,0x06
hci_snoop_2025_11_26_15_14_35.cfa,3199,2025-11-26T15:19:27.283Z,sent,f4:db:00:00:00:d9,0x08,ReadByType-Req,,01 00 07 00 02 28,6,0x01
hci_snoop_2025_11_26_15_14_35.cfa,3201,2025-11-26T15:19:27.373Z,recv,f4:db:00:00:00:d9,0x01,ErrorRsp,,08 01 00 0A,4,0x08
hci_snoop_2025_11_26_15_14_35.cfa,3202,2025-11-26T15:19:27.373Z,sent,f4:db:00:00:00:d9,0x08,ReadByType-Req,,01 00 07 00 03 28,6,0x01
hci_snoop_2025_11_26_15_14_35.cfa,3204,2025-11-26T15:19:27.463Z,recv,f4:db:00:00:00:d9,0x09,ReadByType-Rsp,,07 02 00 02 03 00 00 2A 04 00 02 05 00 01 2A 06 00 02 07 00 04 2A,22,0x07
hci_snoop_2025_11_26_15_14_35.cfa,3205,2025-11-26T15:19:27.464Z,sent,f4:db:00:00:00:d9,0x08,ReadByType-Req,,07 00 07 00 03 28,6,0x07
hci_snoop_2025_11_26_15_14_35.cfa,3209,2025-11-26T15:19:27.514Z,recv,f4:db:00:00:00:d9,0x01,ErrorRsp,,08 07 00 0A,4,0x08
hci_snoop_2025_11_26_15_14_35.cfa,3210,2025-11-26T15:19:27.515Z,sent,f4:db:00:00:00:d9,0x08,ReadByType-Req,,08 00 0B 00 02 28,6,0x08
hci_snoop_2025_11_26_15_14_35.cfa,3212,2025-11-26T15:19:27.530Z,recv,f4:db:00:00:00:d9,0x01,ErrorRsp,,08 08 00 0A,4,0x08
hci_snoop_2025_11_26_15_14_35.cfa,3213,2025-11-26T15:19:27.530Z,sent,f4:db:00:00:00:d9,0x08,ReadByType-Req,,08 00 0B 00 03 28,6,0x08
hci_snoop_2025_11_26_15_14_35.cfa,3215,2025-11-26T15:19:27.545Z,recv,f4:db:00:00:00:d9,0x09,ReadByType-Rsp,,07 09 00 20 0A 00 05 2A,8,0x07
hci_snoop_2025_11_26_15_14_35.cfa,3216,2025-11-26T15:19:27.546Z,sent,f4:db:00:00:00:d9,0x08,ReadByType-Req,,0A 00 0B 00 03 28,6,0x0A
hci_snoop_2025_11_26_15_14_35.cfa,3218,2025-11-26T15:19:27.559Z,recv,f4:db:00:00:00:d9,0x01,ErrorRsp,,08 0A 00 0A,4,0x08
hci_snoop_2025_11_26_15_14_35.cfa,3219,2025-11-26T15:19:27.560Z,sent,f4:db:00:00:00:d9,0x04,FindInfo-Req,,0B 00 0B 00,4,0x0B
hci_snoop_2025_11_26_15_14_35.cfa,3221,2025-11-26T15:19:27.574Z,recv,f4:db:00:00:00:d9,0x05,FindInfo-Rsp,,01 0B 00 02 29,5,0x01
hci_snoop_2025_11_26_15_14_35.cfa,3222,2025-11-26T15:19:27.575Z,sent,f4:db:00:00:00:d9,0x08,ReadByType-Req,,0C 00 1E 00 02 28,6,0x0C
hci_snoop_2025_11_26_15_14_35.cfa,3224,2025-11-26T15:19:27.591Z,recv,f4:db:00:00:00:d9,0x01,ErrorRsp,,08 0C 00 0A,4,0x08
hci_snoop_2025_11_26_15_14_35.cfa,3225,2025-11-26T15:19:27.592Z,sent,f4:db:00:00:00:d9,0x08,ReadByType-Req,,0C 00 1E 00 03 28,6,0x0C
hci_snoop_2025_11_26_15_14_35.cfa,3227,2025-11-26T15:19:27.605Z,recv,f4:db:00:00:00:d9,0x09,ReadByType-Rsp,,07 0D 00 02 0E 00 23 2A 0F 00 02 10 00 24 2A 11 00 02 12 00 25 2A,22,0x07
hci_snoop_2025_11_26_15_14_35.cfa,3228,2025-11-26T15:19:27.606Z,sent,f4:db:00:00:00:d9,0x08,ReadByType-Req,,12 00 1E 00 03 28,6,0x12
hci_snoop_2025_11_26_15_14_35.cfa,3230,2025-11-26T15:19:27.627Z,recv,f4:db:00:00:00:d9,0x09,ReadByType-Rsp,,07 13 00 02 14 00 26 2A 15 00 02 16 00 27 2A 17 00 02 18 00 28 2A,22,0x07
hci_snoop_2025_11_26_15_14_35.cfa,3231,2025-11-26T15:19:27.628Z,sent,f4:db:00:00:00:d9,0x08,ReadByType-Req,,18 00 1E 00 03 28,6,0x18
hci_snoop_2025_11_26_15_14_35.cfa,3233,2025-11-26T15:19:27.642Z,recv,f4:db:00:00:00:d9,0x09,ReadByType-Rsp,,07 19 00 02 1A 00 29 2A 1B 00 02 1C 00 2A 2A 1D 00 02 1E 00 50 2A,22,0x07
hci_snoop_2025_11_26_15_14_35.cfa,3234,2025-11-26T15:19:27.644Z,sent,f4:db:00:00:00:d9,0x08,ReadByType-Req,,1E 00 1E 00 03 28,6,0x1E
hci_snoop_2025_11_26_15_14_35.cfa,3236,2025-11-26T15:19:27.657Z,recv,f4:db:00:00:00:d9,0x01,ErrorRsp,,08 1E 00 0A,4,0x08
hci_snoop_2025_11_26_15_14_35.cfa,3237,2025-11-26T15:19:27.660Z,sent,f4:db:00:00:00:d9,0x08,ReadByType-Req,,1F 00 FF FF 02 28,6,0x1F
hci_snoop_2025_11_26_15_14_35.cfa,3239,2025-11-26T15:19:27.673Z,recv,f4:db:00:00:00:d9,0x01,ErrorRsp,,08 1F 00 0A,4,0x08
hci_snoop_2025_11_26_15_14_35.cfa,3240,2025-11-26T15:19:27.674Z,sent,f4:db:00:00:00:d9,0x08,ReadByType-Req,,1F 00 FF FF 03 28,6,0x1F
hci_snoop_2025_11_26_15_14_35.cfa,3242,2025-11-26T15:19:27.687Z,recv,f4:db:00:00:00:d9,0x09,ReadByType-Rsp,,07 20 00 08 21 00 F5 FF 23 00 10 24 00 F3 FF,15,0x07
hci_snoop_2025_11_26_15_14_35.cfa,3243,2025-11-26T15:19:27.688Z,sent,f4:db:00:00:00:d9,0x08,ReadByType-Req,,24 00 FF FF 03 28,6,0x24
hci_snoop_2025_11_26_15_14_35.cfa,3245,2025-11-26T15:19:27.702Z,recv,f4:db:00:00:00:d9,0x01,ErrorRsp,,08 24 00 0A,4,0x08
hci_snoop_2025_11_26_15_14_35.cfa,3246,2025-11-26T15:19:27.702Z,sent,f4:db:00:00:00:d9,0x04,FindInfo-Req,,22 00 22 00,4,0x22
hci_snoop_2025_11_26_15_14_35.cfa,3248,2025-11-26T15:19:27.718Z,recv,f4:db:00:00:00:d9,0x05,FindInfo-Rsp,,01 22 00 01 29,5,0x01
hci_snoop_2025_11_26_15_14_35.cfa,3249,2025-11-26T15:19:27.718Z,sent,f4:db:00:00:00:d9,0x04,FindInfo-Req,,25 00 FF FF,4,0x25
hci_snoop_2025_11_26_15_14_35.cfa,3251,2025-11-26T15:19:27.732Z,recv,f4:db:00:00:00:d9,0x05,FindInfo-Rsp,,01 25 00 02 29 26 00 01 29,9,0x01
hci_snoop_2025_11_26_15_14_35.cfa,3252,2025-11-26T15:19:27.733Z,sent,f4:db:00:00:00:d9,0x04,FindInfo-Req,,27 00 FF FF,4,0x27
hci_snoop_2025_11_26_15_14_35.cfa,3254,2025-11-26T15:19:27.747Z,recv,f4:db:00:00:00:d9,0x01,ErrorRsp,,04 27 00 0A,4,0x04
hci_snoop_2025_11_26_15_14_35.cfa,3257,2025-11-26T15:19:27.763Z,sent,f4:db:00:00:00:d9,0x12,Write-Req,0x0025,01 00,2,0x01
hci_snoop_2025_11_26_15_14_35.cfa,3259,2025-11-26T15:19:27.777Z,recv,f4:db:00:00:00:d9,0x13,Write-Rsp,,,0,
hci_snoop_2025_11_26_15_14_35.cfa,3260,2025-11-26T15:19:27.790Z,sent,f4:db:00:00:00:d9,0x12,Write-Req,0x0021,18 E7 03 5E,4,0x18
hci_snoop_2025_11_26_15_14_35.cfa,3262,2025-11-26T15:19:27.807Z,recv,f4:db:00:00:00:d9,0x13,Write-Rsp,,,0,
hci_snoop_2025_11_26_15_14_35.cfa,3358,2025-11-26T15:19:34.664Z,sent,f4:db:00:00:00:d9,0x10,ReadByGrp-Req,,01 00 FF FF 00 28,6,0x01
hci_snoop_2025_11_26_15_14_35.cfa,3361,2025-11-26T15:19:34.754Z,recv,f4:db:00:00:00:d9,0x11,ReadByGrp-Rsp,,06 01 00 07 00 00 18 08 00 0B 00 01 18 0C 00 1E 00 0A 18,19,0x06
hci_snoop_2025_11_26_15_14_35.cfa,3362,2025-11-26T15:19:34.754Z,sent,f4:db:00:00:00:d9,0x10,ReadByGrp-Req,,1F 00 FF FF 00 28,6,0x1F
hci_snoop_2025_11_26_15_14_35.cfa,3364,2025-11-26T15:19:34.846Z,recv,f4:db:00:00:00:d9,0x11,ReadByGrp-Rsp,,06 1F 00 FF FF E0 FF,7,0x06
hci_snoop_2025_11_26_15_14_35.cfa,3365,2025-11-26T15:19:34.849Z,sent,f4:db:00:00:00:d9,0x08,ReadByType-Req,,01 00 07 00 02 28,6,0x01
hci_snoop_2025_11_26_15_14_35.cfa,3367,2025-11-26T15:19:34.933Z,recv,f4:db:00:00:00:d9,0x01,ErrorRsp,,08 01 00 0A,4,0x08
hci_snoop_2025_11_26_15_14_35.cfa,3368,2025-11-26T15:19:34.934Z,sent,f4:db:00:00:00:d9,0x08,ReadByType-Req,,01 00 07 00 03 28,6,0x01
hci_snoop_2025_11_26_15_14_35.cfa,3370,2025-11-26T15:19:35.023Z,recv,f4:db:00:00:00:d9,0x09,ReadByType-Rsp,,07 02 00 02 03 00 00 2A 04 00 02 05 00 01 2A 06 00 02 07 00 04 2A,22,0x07
hci_snoop_2025_11_26_15_14_35.cfa,3371,2025-11-26T15:19:35.024Z,sent,f4:db:00:00:00:d9,0x08,ReadByType-Req,,07 00 07 00 03 28,6,0x07
hci_snoop_2025_11_26_15_14_35.cfa,3373,2025-11-26T15:19:35.114Z,recv,f4:db:00:00:00:d9,0x01,ErrorRsp,,08 07 00 0A,4,0x08
hci_snoop_2025_11_26_15_14_35.cfa,3375,2025-11-26T15:19:35.115Z,sent,f4:db:00:00:00:d9,0x08,ReadByType-Req,,08 00 0B 00 02 28,6,0x08
hci_snoop_2025_11_26_15_14_35.cfa,3378,2025-11-26T15:19:35.127Z,recv,f4:db:00:00:00:d9,0x01,ErrorRsp,,08 08 00 0A,4,0x08
hci_snoop_2025_11_26_15_14_35.cfa,3379,2025-11-26T15:19:35.127Z,sent,f4:db:00:00:00:d9,0x08,ReadByType-Req,,08 00 0B 00 03 28,6,0x08
hci_snoop_2025_11_26_15_14_35.cfa,3381,2025-11-26T15:19:35.142Z,recv,f4:db:00:00:00:d9,0x09,ReadByType-Rsp,,07 09 00 20 0A 00 05 2A,8,0x07
hci_snoop_2025_11_26_15_14_35.cfa,3382,2025-11-26T15:19:35.143Z,sent,f4:db:00:00:00:d9,0x08,ReadByType-Req,,0A 00 0B 00 03 28,6,0x0A
hci_snoop_2025_11_26_15_14_35.cfa,3384,2025-11-26T15:19:35.158Z,recv,f4:db:00:00:00:d9,0x01,ErrorRsp,,08 0A 00 0A,4,0x08
hci_snoop_2025_11_26_15_14_35.cfa,3385,2025-11-26T15:19:35.159Z,sent,f4:db:00:00:00:d9,0x04,FindInfo-Req,,0B 00 0B 00,4,0x0B
hci_snoop_2025_11_26_15_14_35.cfa,3387,2025-11-26T15:19:35.173Z,recv,f4:db:00:00:00:d9,0x05,FindInfo-Rsp,,01 0B 00 02 29,5,0x01
hci_snoop_2025_11_26_15_14_35.cfa,3388,2025-11-26T15:19:35.174Z,sent,f4:db:00:00:00:d9,0x08,ReadByType-Req,,0C 00 1E 00 02 28,6,0x0C
hci_snoop_2025_11_26_15_14_35.cfa,3390,2025-11-26T15:19:35.189Z,recv,f4:db:00:00:00:d9,0x01,ErrorRsp,,08 0C 00 0A,4,0x08
hci_snoop_2025_11_26_15_14_35.cfa,3391,2025-11-26T15:19:35.190Z,sent,f4:db:00:00:00:d9,0x08,ReadByType-Req,,0C 00 1E 00 03 28,6,0x0C
hci_snoop_2025_11_26_15_14_35.cfa,3393,2025-11-26T15:19:35.217Z,recv,f4:db:00:00:00:d9,0x09,ReadByType-Rsp,,07 0D 00 02 0E 00 23 2A 0F 00 02 10 00 24 2A 11 00 02 12 00 25 2A,22,0x07
hci_snoop_2025_11_26_15_14_35.cfa,3394,2025-11-26T15:19:35.218Z,sent,f4:db:00:00:00:d9,0x08,ReadByType-Req,,12 00 1E 00 03 28,6,0x12
hci_snoop_2025_11_26_15_14_35.cfa,3396,2025-11-26T15:19:35.233Z,recv,f4:db:00:00:00:d9,0x09,ReadByType-Rsp,,07 13 00 02 14 00 26 2A 15 00 02 16 00 27 2A 17 00 02 18 00 28 2A,22,0x07
hci_snoop_2025_11_26_15_14_35.cfa,3397,2025-11-26T15:19:35.233Z,sent,f4:db:00:00:00:d9,0x08,ReadByType-Req,,18 00 1E 00 03 28,6,0x18
hci_snoop_2025_11_26_15_14_35.cfa,3399,2025-11-26T15:19:35.247Z,recv,f4:db:00:00:00:d9,0x09,ReadByType-Rsp,,07 19 00 02 1A 00 29 2A 1B 00 02 1C 00 2A 2A 1D 00 02 1E 00 50 2A,22,0x07
hci_snoop_2025_11_26_15_14_35.cfa,3400,2025-11-26T15:19:35.248Z,sent,f4:db:00:00:00:d9,0x08,ReadByType-Req,,1E 00 1E 00 03 28,6,0x1E
hci_snoop_2025_11_26_15_14_35.cfa,3402,2025-11-26T15:19:35.262Z,recv,f4:db:00:00:00:d9,0x01,ErrorRsp,,08 1E 00 0A,4,0x08
hci_snoop_2025_11_26_15_14_35.cfa,3403,2025-11-26T15:19:35.262Z,sent,f4:db:00:00:00:d9,0x08,ReadByType-Req,,1F 00 FF FF 02 28,6,0x1F
hci_snoop_2025_11_26_15_14_35.cfa,3405,2025-11-26T15:19:35.277Z,recv,f4:db:00:00:00:d9,0x01,ErrorRsp,,08 1F 00 0A,4,0x08
hci_snoop_2025_11_26_15_14_35.cfa,3406,2025-11-26T15:19:35.277Z,sent,f4:db:00:00:00:d9,0x08,ReadByType-Req,,1F 00 FF FF 03 28,6,0x1F
hci_snoop_2025_11_26_15_14_35.cfa,3408,2025-11-26T15:19:35.293Z,recv,f4:db:00:00:00:d9,0x09,ReadByType-Rsp,,07 20 00 08 21 00 F5 FF 23 00 10 24 00 F3 FF,15,0x07
hci_snoop_2025_11_26_15_14_35.cfa,3409,2025-11-26T15:19:35.293Z,sent,f4:db:00:00:00:d9,0x08,ReadByType-Req,,24 00 FF FF 03 28,6,0x24
hci_snoop_2025_11_26_15_14_35.cfa,3411,2025-11-26T15:19:35.308Z,recv,f4:db:00:00:00:d9,0x01,ErrorRsp,,08 24 00 0A,4,0x08
hci_snoop_2025_11_26_15_14_35.cfa,3412,2025-11-26T15:19:35.308Z,sent,f4:db:00:00:00:d9,0x04,FindInfo-Req,,22 00 22 00,4,0x22
hci_snoop_2025_11_26_15_14_35.cfa,3414,2025-11-26T15:19:35.322Z,recv,f4:db:00:00:00:d9,0x05,FindInfo-Rsp,,01 22 00 01 29,5,0x01
hci_snoop_2025_11_26_15_14_35.cfa,3415,2025-11-26T15:19:35.323Z,sent,f4:db:00:00:00:d9,0x04,FindInfo-Req,,25 00 FF FF,4,0x25
hci_snoop_2025_11_26_15_14_35.cfa,3417,2025-11-26T15:19:35.338Z,recv,f4:db:00:00:00:d9,0x05,FindInfo-Rsp,,01 25 00 02 29 26 00 01 29,9,0x01
hci_snoop_2025_11_26_15_14_35.cfa,3418,2025-11-26T15:19:35.338Z,sent,f4:db:00:00:00:d9,0x04,FindInfo-Req,,27 00 FF FF,4,0x27
hci_snoop_2025_11_26_15_14_35.cfa,3420,2025-11-26T15:19:35.352Z,recv,f4:db:00:00:00:d9,0x01,ErrorRsp,,04 27 00 0A,4,0x04
hci_snoop_2025_11_26_15_14_35.cfa,3423,2025-11-26T15:19:35.377Z,sent,f4:db:00:00:00:d9,0x12,Write-Req,0x0025,01 00,2,0x01
hci_snoop_2025_11_26_15_14_35.cfa,3425,2025-11-26T15:19:35.397Z,recv,f4:db:00:00:00:d9,0x13,Write-Rsp,,,0,
hci_snoop_2025_11_26_15_14_35.cfa,3426,2025-11-26T15:19:35.406Z,sent,f4:db:00:00:00:d9,0x12,Write-Req,0x0021,01,1,0x01
hci_snoop_2025_11_26_15_14_35.cfa,3428,2025-11-26T15:19:35.419Z,recv,f4:db:00:00:00:d9,0x1B,Notify,0x0024,01 32 06 00 00 01 6F 01 E8 03 6E 01 0E 04 0F 04 F2 03 00 00,20,0x01
hci_snoop_2025_11_26_15_14_35.cfa,3429,2025-11-26T15:19:35.424Z,recv,f4:db:00:00:00:d9,0x13,Write-Rsp,,,0,
hci_snoop_2025_11_26_15_14_35.cfa,3431,2025-11-26T15:19:35.457Z,sent,f4:db:00:00:00:d9,0x12,Write-Req,0x0021,07 31 06 00 00 01,6,0x07
hci_snoop_2025_11_26_15_14_35.cfa,3433,2025-11-26T15:19:35.518Z,recv,f4:db:00:00:00:d9,0x1B,Notify,0x0024,07 31 06 00 00 01 78 01 E4 03 6E 01 0E 04 0F 04 F2 03 00 00,20,0x07
hci_snoop_2025_11_26_15_14_35.cfa,3434,2025-11-26T15:19:35.518Z,recv,f4:db:00:00:00:d9,0x13,Write-Rsp,,,0,
hci_snoop_2025_11_26_15_14_35.cfa,3525,2025-11-26T15:19:48.211Z,sent,f4:db:00:00:00:d9,0x10,ReadByGrp-Req,,01 00 FF FF 00 28,6,0x01
hci_snoop_2025_11_26_15_14_35.cfa,3528,2025-11-26T15:19:48.343Z,recv,f4:db:00:00:00:d9,0x11,ReadByGrp-Rsp,,06 01 00 07 00 00 18 08 00 0B 00 01 18 0C 00 1E 00 0A 18,19,0x06
hci_snoop_2025_11_26_15_14_35.cfa,3529,2025-11-26T15:19:48.344Z,sent,f4:db:00:00:00:d9,0x10,ReadByGrp-Req,,1F 00 FF FF 00 28,6,0x1F
hci_snoop_2025_11_26_15_14_35.cfa,3531,2025-11-26T15:19:48.433Z,recv,f4:db:00:00:00:d9,0x11,ReadByGrp-Rsp,,06 1F 00 FF FF E0 FF,7,0x06
hci_snoop_2025_11_26_15_14_35.cfa,3532,2025-11-26T15:19:48.434Z,sent,f4:db:00:00:00:d9,0x08,ReadByType-Req,,01 00 07 00 02 28,6,0x01
hci_snoop_2025_11_26_15_14_35.cfa,3534,2025-11-26T15:19:48.523Z,recv,f4:db:00:00:00:d9,0x01,ErrorRsp,,08 01 00 0A,4,0x08
hci_snoop_2025_11_26_15_14_35.cfa,3535,2025-11-26T15:19:48.524Z,sent,f4:db:00:00:00:d9,0x08,ReadByType-Req,,01 00 07 00 03 28,6,0x01
hci_snoop_2025_11_26_15_14_35.cfa,3537,2025-11-26T15:19:48.613Z,recv,f4:db:00:00:00:d9,0x09,ReadByType-Rsp,,07 02 00 02 03 00 00 2A 04 00 02 05 00 01 2A 06 00 02 07 00 04 2A,22,0x07
hci_snoop_2025_11_26_15_14_35.cfa,3538,2025-11-26T15:19:48.614Z,sent,f4:db:00:00:00:d9,0x08,ReadByType-Req,,07 00 07 00 03 28,6,0x07
hci_snoop_2025_11_26_15_14_35.cfa,3542,2025-11-26T15:19:48.664Z,recv,f4:db:00:00:00:d9,0x01,ErrorRsp,,08 07 00 0A,4,0x08
hci_snoop_2025_11_26_15_14_35.cfa,3543,2025-11-26T15:19:48.665Z,sent,f4:db:00:00:00:d9,0x08,ReadByType-Req,,08 00 0B 00 02 28,6,0x08
hci_snoop_2025_11_26_15_14_35.cfa,3545,2025-11-26T15:19:48.687Z,recv,f4:db:00:00:00:d9,0x01,ErrorRsp,,08 08 00 0A,4,0x08
hci_snoop_2025_11_26_15_14_35.cfa,3546,2025-11-26T15:19:48.687Z,sent,f4:db:00:00:00:d9,0x08,ReadByType-Req,,08 00 0B 00 03 28,6,0x08
hci_snoop_2025_11_26_15_14_35.cfa,3548,2025-11-26T15:19:48.702Z,recv,f4:db:00:00:00:d9,0x09,ReadByType-Rsp,,07 09 00 20 0A 00 05 2A,8,0x07
hci_snoop_2025_11_26_15_14_35.cfa,3549,2025-11-26T15:19:48.703Z,sent,f4:db:00:00:00:d9,0x08,ReadByType-Req,,0A 00 0B 00 03 28,6,0x0A
hci_snoop_2025_11_26_15_14_35.cfa,3551,2025-11-26T15:19:48.717Z,recv,f4:db:00:00:00:d9,0x01,ErrorRsp,,08 0A 00 0A,4,0x08
hci_snoop_2025_11_26_15_14_35.cfa,3552,2025-11-26T15:19:48.718Z,sent,f4:db:00:00:00:d9,0x04,FindInfo-Req,,0B 00 0B 00,4,0x0B
hci_snoop_2025_11_26_15_14_35.cfa,3554,2025-11-26T15:19:48.732Z,recv,f4:db:00:00:00:d9,0x05,FindInfo-Rsp,,01 0B 00 02 29,5,0x01
hci_snoop_2025_11_26_15_14_35.cfa,3555,2025-11-26T15:19:48.733Z,sent,f4:db:00:00:00:d9,0x08,ReadByType-Req,,0C 00 1E 00 02 28,6,0x0C
hci_snoop_2025_11_26_15_14_35.cfa,3557,2025-11-26T15:19:48.747Z,recv,f4:db:00:00:00:d9,0x01,ErrorRsp,,08 0C 00 0A,4,0x08
hci_snoop_2025_11_26_15_14_35.cfa,3558,2025-11-26T15:19:48.747Z,sent,f4:db:00:00:00:d9,0x08,ReadByType-Req,,0C 00 1E 00 03 28,6,0x0C
hci_snoop_2025_11_26_15_14_35.cfa,3560,2025-11-26T15:19:48.762Z,recv,f4:db:00:00:00:d9,0x09,ReadByType-Rsp,,07 0D 00 02 0E 00 23 2A 0F 00 02 10 00 24 2A 11 00 02 12 00 25 2A,22,0x07
hci_snoop_2025_11_26_15_14_35.cfa,3561,2025-11-26T15:19:48.763Z,sent,f4:db:00:00:00:d9,0x08,ReadByType-Req,,12 00 1E 00 03 28,6,0x12
hci_snoop_2025_11_26_15_14_35.cfa,3563,2025-11-26T15:19:48.778Z,recv,f4:db:00:00:00:d9,0x09,ReadByType-Rsp,,07 13 00 02 14 00 26 2A 15 00 02 16 00 27 2A 17 00 02 18 00 28 2A,22,0x07
hci_snoop_2025_11_26_15_14_35.cfa,3564,2025-11-26T15:19:48.779Z,sent,f4:db:00:00:00:d9,0x08,ReadByType-Req,,18 00 1E 00 03 28,6,0x18
hci_snoop_2025_11_26_15_14_35.cfa,3566,2025-11-26T15:19:48.792Z,recv,f4:db:00:00:00:d9,0x09,ReadByType-Rsp,,07 19 00 02 1A 00 29 2A 1B 00 02 1C 00 2A 2A 1D 00 02 1E 00 50 2A,22,0x07
hci_snoop_2025_11_26_15_14_35.cfa,3567,2025-11-26T15:19:48.793Z,sent,f4:db:00:00:00:d9,0x08,ReadByType-Req,,1E 00 1E 00 03 28,6,0x1E
hci_snoop_2025_11_26_15_14_35.cfa,3569,2025-11-26T15:19:48.807Z,recv,f4:db:00:00:00:d9,0x01,ErrorRsp,,08 1E 00 0A,4,0x08
hci_snoop_2025_11_26_15_14_35.cfa,3570,2025-11-26T15:19:48.808Z,sent,f4:db:00:00:00:d9,0x08,ReadByType-Req,,1F 00 FF FF 02 28,6,0x1F
hci_snoop_2025_11_26_15_14_35.cfa,3572,2025-11-26T15:19:48.822Z,recv,f4:db:00:00:00:d9,0x01,ErrorRsp,,08 1F 00 0A,4,0x08
hci_snoop_2025_11_26_15_14_35.cfa,3573,2025-11-26T15:19:48.823Z,sent,f4:db:00:00:00:d9,0x08,ReadByType-Req,,1F 00 FF FF 03 28,6,0x1F
hci_snoop_2025_11_26_15_14_35.cfa,3575,2025-11-26T15:19:48.837Z,recv,f4:db:00:00:00:d9,0x09,ReadByType-Rsp,,07 20 00 08 21 00 F5 FF 23 00 10 24 00 F3 FF,15,0x07
hci_snoop_2025_11_26_15_14_35.cfa,3576,2025-11-26T15:19:48.838Z,sent,f4:db:00:00:00:d9,0x08,ReadByType-Req,,24 00 FF FF 03 28,6,0x24
hci_snoop_2025_11_26_15_14_35.cfa,3578,2025-11-26T15:19:48.852Z,recv,f4:db:00:00:00:d9,0x01,ErrorRsp,,08 24 00 0A,4,0x08
hci_snoop_2025_11_26_15_14_35.cfa,3579,2025-11-26T15:19:48.853Z,sent,f4:db:00:00:00:d9,0x04,FindInfo-Req,,22 00 22 00,4,0x22
hci_snoop_2025_11_26_15_14_35.cfa,3581,2025-11-26T15:19:48.867Z,recv,f4:db:00:00:00:d9,0x05,FindInfo-Rsp,,01 22 00 01 29,5,0x01
hci_snoop_2025_11_26_15_14_35.cfa,3582,2025-11-26T15:19:48.869Z,sent,f4:db:00:00:00:d9,0x04,FindInfo-Req,,25 00 FF FF,4,0x25
hci_snoop_2025_11_26_15_14_35.cfa,3584,2025-11-26T15:19:48.882Z,recv,f4:db:00:00:00:d9,0x05,FindInfo-Rsp,,01 25 00 02 29 26 00 01 29,9,0x01
hci_snoop_2025_11_26_15_14_35.cfa,3585,2025-11-26T15:19:48.882Z,sent,f4:db:00:00:00:d9,0x04,FindInfo-Req,,27 00 FF FF,4,0x27
hci_snoop_2025_11_26_15_14_35.cfa,3587,2025-11-26T15:19:48.897Z,recv,f4:db:00:00:00:d9,0x01,ErrorRsp,,04 27 00 0A,4,0x04
hci_snoop_2025_11_26_15_14_35.cfa,3590,2025-11-26T15:19:48.907Z,sent,f4:db:00:00:00:d9,0x12,Write-Req,0x0025,01 00,2,0x01
hci_snoop_2025_11_26_15_14_35.cfa,3592,2025-11-26T15:19:48.920Z,recv,f4:db:00:00:00:d9,0x13,Write-Rsp,,,0,
hci_snoop_2025_11_26_15_14_35.cfa,3593,2025-11-26T15:19:48.924Z,sent,f4:db:00:00:00:d9,0x12,Write-Req,0x0021,18 00 00 70,4,0x18
hci_snoop_2025_11_26_15_14_35.cfa,3595,2025-11-26T15:19:48.934Z,recv,f4:db:00:00:00:d9,0x13,Write-Rsp,,,0,
old/hci_snoop_2018_01_01_12_06_26.cfa,487,2018-01-01T12:06:40.855Z,sent,f4:db:00:00:00:d9,0x10,ReadByGrp-Req,,01 00 FF FF 00 28,6,0x01
old/hci_snoop_2018_01_01_12_06_26.cfa,493,2018-01-01T12:06:40.944Z,recv,f4:db:00:00:00:d9,0x11,ReadByGrp-Rsp,,06 01 00 07 00 00 18 08 00 0B 00 01 18 0C 00 1E 00 0A 18,19,0x06
old/hci_snoop_2018_01_01_12_06_26.cfa,494,2018-01-01T12:06:40.945Z,sent,f4:db:00:00:00:d9,0x10,ReadByGrp-Req,,1F 00 FF FF 00 28,6,0x1F
old/hci_snoop_2018_01_01_12_06_26.cfa,497,2018-01-01T12:06:41.036Z,recv,f4:db:00:00:00:d9,0x11,ReadByGrp-Rsp,,06 1F 00 FF FF E0 FF,7,0x06
old/hci_snoop_2018_01_01_12_06_26.cfa,498,2018-01-01T12:06:41.036Z,sent,f4:db:00:00:00:d9,0x08,ReadByType-Req,,01 00 07 00 02 28,6,0x01
old/hci_snoop_2018_01_01_12_06_26.cfa,503,2018-01-01T12:06:41.124Z,recv,f4:db:00:00:00:d9,0x01,ErrorRsp,,08 01 00 0A,4,0x08
old/hci_snoop_2018_01_01_12_06_26.cfa,504,2018-01-01T12:06:41.124Z,sent,f4:db:00:00:00:d9,0x08,ReadByType-Req,,01 00 07 00 03 28,6,0x01
old/hci_snoop_2018_01_01_12_06_26.cfa,510,2018-01-01T12:06:41.214Z,recv,f4:db:00:00:00:d9,0x09,ReadByType-Rsp,,07 02 00 02 03 00 00 2A 04 00 02 05 00 01 2A 06 00 02 07 00 04 2A,22,0x07
old/hci_snoop_2018_01_01_12_06_26.cfa,511,2018-01-01T12:06:41.214Z,sent,f4:db:00:00:00:d9,0x08,ReadByType-Req,,07 00 07 00 03 28,6,0x07
old/hci_snoop_2018_01_01_12_06_26.cfa,515,2018-01-01T12:06:41.304Z,recv,f4:db:00:00:00:d9,0x01,ErrorRsp,,08 07 00 0A,4,0x08
old/hci_snoop_2018_01_01_12_06_26.cfa,516,2018-01-01T12:06:41.304Z,sent,f4:db:00:00:00:d9,0x08,ReadByType-Req,,08 00 0B 00 02 28,6,0x08
old/hci_snoop_2018_01_01_12_06_26.cfa,522,2018-01-01T12:06:41.319Z,recv,f4:db:00:00:00:d9,0x01,ErrorRsp,,08 08 00 0A,4,0x08
old/hci_snoop_2018_01_01_12_06_26.cfa,523,2018-01-01T12:06:41.319Z,sent,f4:db:00:00:00:d9,0x08,ReadByType-Req,,08 00 0B 00 03 28,6,0x08
old/hci_snoop_2018_01_01_12_06_26.cfa,525,2018-01-01T12:06:41.334Z,recv,f4:db:00:00:00:d9,0x09,ReadByType-Rsp,,07 09 00 20 0A 00 05 2A,8,0x07
old/hci_snoop_2018_01_01_12_06_26.cfa,526,2018-01-01T12:06:41.334Z,sent,f4:db:00:00:00:d9,0x08,ReadByType-Req,,0A 00 0B 00 03 28,6,0x0A
old/hci_snoop_2018_01_01_12_06_26.cfa,528,2018-01-01T12:06:41.349Z,recv,f4:db:00:00:00:d9,0x01,ErrorRsp,,08 0A 00 0A,4,0x08
old/hci_snoop_2018_01_01_12_06_26.cfa,529,2018-01-01T12:06:41.349Z,sent,f4:db:00:00:00:d9,0x04,FindInfo-Req,,0B 00 0B 00,4,0x0B
old/hci_snoop_2018_01_01_12_06_26.cfa,531,2018-01-01T12:06:41.364Z,recv,f4:db:00:00:00:d9,0x05,FindInfo-Rsp,,01 0B 00 02 29,5,0x01
old/hci_snoop_2018_01_01_12_06_26.cfa,532,2018-01-01T12:06:41.365Z,sent,f4:db:00:00:00:d9,0x08,ReadByType-Req,,0C 00 1E 00 02 28,6,0x0C
old/hci_snoop_2018_01_01_12_06_26.cfa,534,2018-01-01T12:06:41.379Z,recv,f4:db:00:00:00:d9,0x01,ErrorRsp,,08 0C 00 0A,4,0x08
old/hci_snoop_2018_01_01_12_06_26.cfa,535,2018-01-01T12:06:41.379Z,sent,f4:db:00:00:00:d9,0x08,ReadByType-Req,,0C 00 1E 00 03 28,6,0x0C
old/hci_snoop_2018_01_01_12_06_26.cfa,539,2018-01-01T12:06:41.394Z,recv,f4:db:00:00:00:d9,0x09,ReadByType-Rsp,,07 0D 00 02 0E 00 23 2A 0F 00 02 10 00 24 2A 11 00 02 12 00 25 2A,22,0x07
old/hci_snoop_2018_01_01_12_06_26.cfa,540,2018-01-01T12:06:41.394Z,sent,f4:db:00:00:00:d9,0x08,ReadByType-Req,,12 00 1E 00 03 28,6,0x12
old/hci_snoop_2018_01_01_12_06_26.cfa,542,2018-01-01T12:06:41.409Z,recv,f4:db:00:00:00:d9,0x09,ReadByType-Rsp,,07 13 00 02 14 00 26 2A 15 00 02 16 00 27 2A 17 00 02 18 00 28 2A,22,0x07
old/hci_snoop_2018_01_01_12_06_26.cfa,543,2018-01-01T12:06:41.409Z,sent,f4:db:00:00:00:d9,0x08,ReadByType-Req,,18 00 1E 00 03 28,6,0x18
old/hci_snoop_2018_01_01_12_06_26.cfa,545,2018-01-01T12:06:41.424Z,recv,f4:db:00:00:00:d9,0x09,ReadByType-Rsp,,07 19 00 02 1A 00 29 2A 1B 00 02 1C 00 2A 2A 1D 00 02 1E 00 50 2A,22,0x07
old/hci_snoop_2018_01_01_12_06_26.cfa,546,2018-01-01T12:06:41.424Z,sent,f4:db:00:00:00:d9,0x08,ReadByType-Req,,1E 00 1E 00 03 28,6,0x1E
old/hci_snoop_2018_01_01_12_06_26.cfa,548,2018-01-01T12:06:41.439Z,recv,f4:db:00:00:00:d9,0x01,ErrorRsp,,08 1E 00 0A,4,0x08
old/hci_snoop_2018_01_01_12_06_26.cfa,549,2018-01-01T12:06:41.439Z,sent,f4:db:00:00:00:d9,0x08,ReadByType-Req,,1F 00 FF FF 02 28,6,0x1F
old/hci_snoop_2018_01_01_12_06_26.cfa,551,2018-01-01T12:06:41.454Z,recv,f4:db:00:00:00:d9,0x01,ErrorRsp,,08 1F 00 0A,4,0x08
old/hci_snoop_2018_01_01_12_06_26.cfa,552,2018-01-01T12:06:41.454Z,sent,f4:db:00:00:00:d9,0x08,ReadByType-Req,,1F 00 FF FF 03 28,6,0x1F
old/hci_snoop_2018_01_01_12_06_26.cfa,554,2018-01-01T12:06:41.469Z,recv,f4:db:00:00:00:d9,0x09,ReadByType-Rsp,,07 20 00 08 21 00 F5 FF 23 00 10 24 00 F3 FF,15,0x07
old/hci_snoop_2018_01_01_12_06_26.cfa,555,2018-01-01T12:06:41.469Z,sent,f4:db:00:00:00:d9,0x08,ReadByType-Req,,24 00 FF FF 03 28,6,0x24
old/hci_snoop_2018_01_01_12_06_26.cfa,557,2018-01-01T12:06:41.484Z,recv,f4:db:00:00:00:d9,0x01,ErrorRsp,,08 24 00 0A,4,0x08
old/hci_snoop_2018_01_01_12_06_26.cfa,558,2018-01-01T12:06:41.484Z,sent,f4:db:00:00:00:d9,0x04,FindInfo-Req,,22 00 22 00,4,0x22
old/hci_snoop_2018_01_01_12_06_26.cfa,561,2018-01-01T12:06:41.499Z,recv,f4:db:00:00:00:d9,0x05,FindInfo-Rsp,,01 22 00 01 29,5,0x01
old/hci_snoop_2018_01_01_12_06_26.cfa,562,2018-01-01T12:06:41.499Z,sent,f4:db:00:00:00:d9,0x04,FindInfo-Req,,25 00 FF FF,4,0x25
old/hci_snoop_2018_01_01_12_06_26.cfa,564,2018-01-01T12:06:41.514Z,recv,f4:db:00:00:00:d9,0x05,FindInfo-Rsp,,01 25 00 02 29 26 00 01 29,9,0x01
old/hci_snoop_2018_01_01_12_06_26.cfa,565,2018-01-01T12:06:41.514Z,sent,f4:db:00:00:00:d9,0x04,FindInfo-Req,,27 00 FF FF,4,0x27
old/hci_snoop_2018_01_01_12_06_26.cfa,567,2018-01-01T12:06:41.529Z,recv,f4:db:00:00:00:d9,0x01,ErrorRsp,,04 27 00 0A,4,0x04
old/hci_snoop_2018_01_01_12_06_26.cfa,570,2018-01-01T12:06:41.555Z,sent,f4:db:00:00:00:d9,0x12,Write-Req,0x0025,01 00,2,0x01
old/hci_snoop_2018_01_01_12_06_26.cfa,572,2018-01-01T12:06:41.567Z,recv,f4:db:00:00:00:d9,0x13,Write-Rsp,,,0,
old/hci_snoop_2018_01_01_12_06_26.cfa,573,2018-01-01T12:06:41.587Z,sent,f4:db:00:00:00:d9,0x12,Write-Req,0x0021,1A,1,0x1A
old/hci_snoop_2018_01_01_12_06_26.cfa,576,2018-01-01T12:06:41.619Z,recv,f4:db:00:00:00:d9,0x1B,Notify,0x0024,1A 01 00 01 00 00 00 00 00 00 00 00 00 00 00 00 00 00 00 00,20,0x1A
old/hci_snoop_2018_01_01_12_06_26.cfa,577,2018-01-01T12:06:41.620Z,recv,f4:db:00:00:00:d9,0x13,Write-Rsp,,,0,
old/hci_snoop_2018_01_01_12_06_26.cfa,924,2018-01-01T12:07:34.231Z,sent,f4:db:00:00:00:d9,0x10,ReadByGrp-Req,,01 00 FF FF 00 28,6,0x01
old/hci_snoop_2018_01_01_12_06_26.cfa,927,2018-01-01T12:07:34.315Z,recv,f4:db:00:00:00:d9,0x11,ReadByGrp-Rsp,,06 01 00 07 00 00 18 08 00 0B 00 01 18 0C 00 1E 00 0A 18,19,0x06
old/hci_snoop_2018_01_01_12_06_26.cfa,928,2018-01-01T12:07:34.315Z,sent,f4:db:00:00:00:d9,0x10,ReadByGrp-Req,,1F 00 FF FF 00 28,6,0x1F
old/hci_snoop_2018_01_01_12_06_26.cfa,930,2018-01-01T12:07:34.404Z,recv,f4:db:00:00:00:d9,0x11,ReadByGrp-Rsp,,06 1F 00 FF FF E0 FF,7,0x06
old/hci_snoop_2018_01_01_12_06_26.cfa,931,2018-01-01T12:07:34.405Z,sent,f4:db:00:00:00:d9,0x08,ReadByType-Req,,01 00 07 00 02 28,6,0x01
old/hci_snoop_2018_01_01_12_06_26.cfa,933,2018-01-01T12:07:34.494Z,recv,f4:db:00:00:00:d9,0x01,ErrorRsp,,08 01 00 0A,4,0x08
old/hci_snoop_2018_01_01_12_06_26.cfa,934,2018-01-01T12:07:34.495Z,sent,f4:db:00:00:00:d9,0x08,ReadByType-Req,,01 00 07 00 03 28,6,0x01
old/hci_snoop_2018_01_01_12_06_26.cfa,936,2018-01-01T12:07:34.585Z,recv,f4:db:00:00:00:d9,0x09,ReadByType-Rsp,,07 02 00 02 03 00 00 2A 04 00 02 05 00 01 2A 06 00 02 07 00 04 2A,22,0x07
old/hci_snoop_2018_01_01_12_06_26.cfa,937,2018-01-01T12:07:34.585Z,sent,f4:db:00:00:00:d9,0x08,ReadByType-Req,,07 00 07 00 03 28,6,0x07
old/hci_snoop_2018_01_01_12_06_26.cfa,939,2018-01-01T12:07:34.676Z,recv,f4:db:00:00:00:d9,0x01,ErrorRsp,,08 07 00 0A,4,0x08
old/hci_snoop_2018_01_01_12_06_26.cfa,940,2018-01-01T12:07:34.676Z,sent,f4:db:00:00:00:d9,0x08,ReadByType-Req,,08 00 0B 00 02 28,6,0x08
old/hci_snoop_2018_01_01_12_06_26.cfa,944,2018-01-01T12:07:34.689Z,recv,f4:db:00:00:00:d9,0x01,ErrorRsp,,08 08 00 0A,4,0x08
old/hci_snoop_2018_01_01_12_06_26.cfa,945,2018-01-01T12:07:34.689Z,sent,f4:db:00:00:00:d9,0x08,ReadByType-Req,,08 00 0B 00 03 28,6,0x08
old/hci_snoop_2018_01_01_12_06_26.cfa,947,2018-01-01T12:07:34.712Z,recv,f4:db:00:00:00:d9,0x09,ReadByType-Rsp,,07 09 00 20 0A 00 05 2A,8,0x07
old/hci_snoop_2018_01_01_12_06_26.cfa,948,2018-01-01T12:07:34.712Z,sent,f4:db:00:00:00:d9,0x08,ReadByType-Req,,0A 00 0B 00 03 28,6,0x0A
old/hci_snoop_2018_01_01_12_06_26.cfa,950,2018-01-01T12:07:34.727Z,recv,f4:db:00:00:00:d9,0x01,ErrorRsp,,08 0A 00 0A,4,0x08
old/hci_snoop_2018_01_01_12_06_26.cfa,951,2018-01-01T12:07:34.728Z,sent,f4:db:00:00:00:d9,0x04,FindInfo-Req,,0B 00 0B 00,4,0x0B
old/hci_snoop_2018_01_01_12_06_26.cfa,953,2018-01-01T12:07:34.742Z,recv,f4:db:00:00:00:d9,0x05,FindInfo-Rsp,,01 0B 00 02 29,5,0x01
old/hci_snoop_2018_01_01_12_06_26.cfa,954,2018-01-01T12:07:34.743Z,sent,f4:db:00:00:00:d9,0x08,ReadByType-Req,,0C 00 1E 00 02 28,6,0x0C
old/hci_snoop_2018_01_01_12_06_26.cfa,956,2018-01-01T12:07:34.756Z,recv,f4:db:00:00:00:d9,0x01,ErrorRsp,,08 0C 00 0A,4,0x08
old/hci_snoop_2018_01_01_12_06_26.cfa,957,2018-01-01T12:07:34.757Z,sent,f4:db:00:00:00:d9,0x08,ReadByType-Req,,0C 00 1E 00 03 28,6,0x0C
old/hci_snoop_2018_01_01_12_06_26.cfa,959,2018-01-01T12:07:34.772Z,recv,f4:db:00:00:00:d9,0x09,ReadByType-Rsp,,07 0D 00 02 0E 00 23 2A 0F 00 02 10 00 24 2A 11 00 02 12 00 25 2A,22,0x07
old/hci_snoop_2018_01_01_12_06_26.cfa,960,2018-01-01T12:07:34.772Z,sent,f4:db:00:00:00:d9,0x08,ReadByType-Req,,12 00 1E 00 03 28,6,0x12
old/hci_snoop_2018_01_01_12_06_26.cfa,962,2018-01-01T12:07:34.787Z,recv,f4:db:00:00:00:d9,0x09,ReadByType-Rsp,,07 13 00 02 14 00 26 2A 15 00 02 16 00 27 2A 17 00 02 18 00 28 2A,22,0x07
old/hci_snoop_2018_01_01_12_06_26.cfa,963,2018-01-01T12:07:34.787Z,sent,f4:db:00:00:00:d9,0x08,ReadByType-Req,,18 00 1E 00 03 28,6,0x18
old/hci_snoop_2018_01_01_12_06_26.cfa,965,2018-01-01T12:07:34.802Z,recv,f4:db:00:00:00:d9,0x09,ReadByType-Rsp,,07 19 00 02 1A 00 29 2A 1B 00 02 1C 00 2A 2A 1D 00 02 1E 00 50 2A,22,0x07
old/hci_snoop_2018_01_01_12_06_26.cfa,966,2018-01-01T12:07:34.802Z,sent,f4:db:00:00:00:d9,0x08,ReadByType-Req,,1E 00 1E 00 03 28,6,0x1E
old/hci_snoop_2018_01_01_12_06_26.cfa,968,2018-01-01T12:07:34.816Z,recv,f4:db:00:00:00:d9,0x01,ErrorRsp,,08 1E 00 0A,4,0x08
old/hci_snoop_2018_01_01_12_06_26.cfa,969,2018-01-01T12:07:34.817Z,sent,f4:db:00:00:00:d9,0x08,ReadByType-Req,,1F 00 FF FF 02 28,6,0x1F
old/hci_snoop_2018_01_01_12_06_26.cfa,971,2018-01-01T12:07:34.831Z,recv,f4:db:00:00:00:d9,0x01,ErrorRsp,,08 1F 00 0A,4,0x08
old/hci_snoop_2018_01_01_12_06_26.cfa,972,2018-01-01T12:07:34.832Z,sent,f4:db:00:00:00:d9,0x08,ReadByType-Req,,1F 00 FF FF 03 28,6,0x1F
old/hci_snoop_2018_01_01_12_06_26.cfa,974,2018-01-01T12:07:34.847Z,recv,f4:db:00:00:00:d9,0x09,ReadByType-Rsp,,07 20 00 08 21 00 F5 FF 23 00 10 24 00 F3 FF,15,0x07
old/hci_snoop_2018_01_01_12_06_26.cfa,975,2018-01-01T12:07:34.847Z,sent,f4:db:00:00:00:d9,0x08,ReadByType-Req,,24 00 FF FF 03 28,6,0x24
old/hci_snoop_2018_01_01_12_06_26.cfa,977,2018-01-01T12:07:34.862Z,recv,f4:db:00:00:00:d9,0x01,ErrorRsp,,08 24 00 0A,4,0x08
old/hci_snoop_2018_01_01_12_06_26.cfa,978,2018-01-01T12:07:34.864Z,sent,f4:db:00:00:00:d9,0x04,FindInfo-Req,,22 00 22 00,4,0x22
old/hci_snoop_2018_01_01_12_06_26.cfa,980,2018-01-01T12:07:34.878Z,recv,f4:db:00:00:00:d9,0x05,FindInfo-Rsp,,01 22 00 01 29,5,0x01
old/hci_snoop_2018_01_01_12_06_26.cfa,981,2018-01-01T12:07:34.879Z,sent,f4:db:00:00:00:d9,0x04,FindInfo-Req,,25 00 FF FF,4,0x25
old/hci_snoop_2018_01_01_12_06_26.cfa,983,2018-01-01T12:07:34.893Z,recv,f4:db:00:00:00:d9,0x05,FindInfo-Rsp,,01 25 00 02 29 26 00 01 29,9,0x01
old/hci_snoop_2018_01_01_12_06_26.cfa,984,2018-01-01T12:07:34.893Z,sent,f4:db:00:00:00:d9,0x04,FindInfo-Req,,27 00 FF FF,4,0x27
old/hci_snoop_2018_01_01_12_06_26.cfa,986,2018-01-01T12:07:34.906Z,recv,f4:db:00:00:00:d9,0x01,ErrorRsp,,04 27 00 0A,4,0x04
old/hci_snoop_2018_01_01_12_06_26.cfa,989,2018-01-01T12:07:34.932Z,sent,f4:db:00:00:00:d9,0x12,Write-Req,0x0025,01 00,2,0x01
old/hci_snoop_2018_01_01_12_06_26.cfa,991,2018-01-01T12:07:34.946Z,recv,f4:db:00:00:00:d9,0x13,Write-Rsp,,,0,
old/hci_snoop_2018_01_01_12_06_26.cfa,992,2018-01-01T12:07:34.966Z,sent,f4:db:00:00:00:d9,0x12,Write-Req,0x0021,01,1,0x01
old/hci_snoop_2018_01_01_12_06_26.cfa,994,2018-01-01T12:07:34.989Z,recv,f4:db:00:00:00:d9,0x1B,Notify,0x0024,01 67 02 00 00 00 00 00 00 00 00 00 00 00 00 00 00 00 00 00,20,0x01
old/hci_snoop_2018_01_01_12_06_26.cfa,995,2018-01-01T12:07:34.990Z,recv,f4:db:00:00:00:d9,0x13,Write-Rsp,,,0,
old/hci_snoop_2018_01_01_12_06_26.cfa,997,2018-01-01T12:07:35.027Z,sent,f4:db:00:00:00:d9,0x12,Write-Req,0x0021,07 00 00 00 00 03,6,0x07
old/hci_snoop_2018_01_01_12_06_26.cfa,999,2018-01-01T12:07:35.080Z,recv,f4:db:00:00:00:d9,0x1B,Notify,0x0024,07 00 00 00 00 03 81 01 7B 01 79 01 B4 03 BC 03 CB 03 00 00,20,0x07
old/hci_snoop_2018_01_01_12_06_26.cfa,1000,2018-01-01T12:07:35.169Z,recv,f4:db:00:00:00:d9,0x13,Write-Rsp,,,0,
old/hci_snoop_2018_01_01_12_06_26.cfa,1001,2018-01-01T12:07:35.195Z,sent,f4:db:00:00:00:d9,0x12,Write-Req,0x0021,07 03 00 00 00 03,6,0x07
old/hci_snoop_2018_01_01_12_06_26.cfa,1003,2018-01-01T12:07:35.261Z,recv,f4:db:00:00:00:d9,0x1B,Notify,0x0024,07 03 00 00 00 03 74 01 67 01 5A 01 C0 03 CE 03 EF 03 00 00,20,0x07
old/hci_snoop_2018_01_01_12_06_26.cfa,1004,2018-01-01T12:07:35.350Z,recv,f4:db:00:00:00:d9,0x13,Write-Rsp,,,0,
old/hci_snoop_2018_01_01_12_06_26.cfa,1005,2018-01-01T12:07:35.380Z,sent,f4:db:00:00:00:d9,0x12,Write-Req,0x0021,07 06 00 00 00 03,6,0x07
old/hci_snoop_2018_01_01_12_06_26.cfa,1007,2018-01-01T12:07:35.439Z,recv,f4:db:00:00:00:d9,0x1B,Notify,0x0024,07 06 00 00 00 03 53 01 77 01 5C 01 04 04 BD 03 F4 03 00 00,20,0x07
old/hci_snoop_2018_01_01_12_06_26.cfa,1008,2018-01-01T12:07:35.529Z,recv,f4:db:00:00:00:d9,0x13,Write-Rsp,,,0,
old/hci_snoop_2018_01_01_12_06_26.cfa,1009,2018-01-01T12:07:35.562Z,sent,f4:db:00:00:00:d9,0x12,Write-Req,0x0021,07 09 00 00 00 03,6,0x07
old/hci_snoop_2018_01_01_12_06_26.cfa,1011,2018-01-01T12:07:35.620Z,recv,f4:db:00:00:00:d9,0x1B,Notify,0x0024,07 09 00 00 00 03 62 01 65 01 69 01 F0 03 E9 03 E4 03 00 00,20,0x07
old/hci_snoop_2018_01_01_12_06_26.cfa,1012,2018-01-01T12:07:35.710Z,recv,f4:db:00:00:00:d9,0x13,Write-Rsp,,,0,
old/hci_snoop_2018_01_01_12_06_26.cfa,1013,2018-01-01T12:07:35.745Z,sent,f4:db:00:00:00:d9,0x12,Write-Req,0x0021,07 0C 00 00 00 03,6,0x07
old/hci_snoop_2018_01_01_12_06_26.cfa,1015,2018-01-01T12:07:35.800Z,recv,f4:db:00:00:00:d9,0x1B,Notify,0x0024,07 0C 00 00 00 03 6B 01 6E 01 6F 01 DE 03 D9 03 DC 03 00 00,20,0x07
old/hci_snoop_2018_01_01_12_06_26.cfa,1016,2018-01-01T12:07:35.889Z,recv,f4:db:00:00:00:d9,0x13,Write-Rsp,,,0,
old/hci_snoop_2018_01_01_12_06_26.cfa,1017,2018-01-01T12:07:35.911Z,sent,f4:db:00:00:00:d9,0x12,Write-Req,0x0021,07 0F 00 00 00 03,6,0x07
old/hci_snoop_2018_01_01_12_06_26.cfa,1019,2018-01-01T12:07:35.980Z,recv,f4:db:00:00:00:d9,0x1B,Notify,0x0024,07 0F 00 00 00 03 71 01 72 01 6C 01 D3 03 CF 03 D5 03 00 00,20,0x07
old/hci_snoop_2018_01_01_12_06_26.cfa,1020,2018-01-01T12:07:36.069Z,recv,f4:db:00:00:00:d9,0x13,Write-Rsp,,,0,
old/hci_snoop_2018_01_01_12_06_26.cfa,1021,2018-01-01T12:07:36.095Z,sent,f4:db:00:00:00:d9,0x12,Write-Req,0x0021,07 12 00 00 00 03,6,0x07
old/hci_snoop_2018_01_01_12_06_26.cfa,1023,2018-01-01T12:07:36.162Z,recv,f4:db:00:00:00:d9,0x1B,Notify,0x0024,07 12 00 00 00 03 67 01 63 01 60 01 E1 03 E9 03 F1 03 00 00,20,0x07
old/hci_snoop_2018_01_01_12_06_26.cfa,1024,2018-01-01T12:07:36.249Z,recv,f4:db:00:00:00:d9,0x13,Write-Rsp,,,0,
old/hci_snoop_2018_01_01_12_06_26.cfa,1025,2018-01-01T12:07:36.280Z,sent,f4:db:00:00:00:d9,0x12,Write-Req,0x0021,07 15 00 00 00 03,6,0x07
old/hci_snoop_2018_01_01_12_06_26.cfa,1027,2018-01-01T12:07:36.340Z,recv,f4:db:00:00:00:d9,0x1B,Notify,0x0024,07 15 00 00 00 03 5D 01 5A 01 58 01 F9 03 00 04 06 04 00 00,20,0x07
old/hci_snoop_2018_01_01_12_06_26.cfa,1028,2018-01-01T12:07:36.431Z,recv,f4:db:00:00:00:d9,0x13,Write-Rsp,,,0,
old/hci_snoop_2018_01_01_12_06_26.cfa,1029,2018-01-01T12:07:36.462Z,sent,f4:db:00:00:00:d9,0x12,Write-Req,0x0021,07 18 00 00 00 03,6,0x07
old/hci_snoop_2018_01_01_12_06_26.cfa,1031,2018-01-01T12:07:36.519Z,recv,f4:db:00:00:00:d9,0x1B,Notify,0x0024,07 18 00 00 00 03 56 01 54 01 53 01 0B 04 0E 04 11 04 00 00,20,0x07
old/hci_snoop_2018_01_01_12_06_26.cfa,1032,2018-01-01T12:07:36.610Z,recv,f4:db:00:00:00:d9,0x13,Write-Rsp,,,0,
old/hci_snoop_2018_01_01_12_06_26.cfa,1033,2018-01-01T12:07:36.644Z,sent,f4:db:00:00:00:d9,0x12,Write-Req,0x0021,07 1B 00 00 00 03,6,0x07
old/hci_snoop_2018_01_01_12_06_26.cfa,1035,2018-01-01T12:07:36.700Z,recv,f4:db:00:00:00:d9,0x1B,Notify,0x0024,07 1B 00 00 00 03 52 01 51 01 50 01 13 04 15 04 18 04 00 00,20,0x07
old/hci_snoop_2018_01_01_12_06_26.cfa,1036,2018-01-01T12:07:36.790Z,recv,f4:db:00:00:00:d9,0x13,Write-Rsp,,,0,
old/hci_snoop_2018_01_01_12_06_26.cfa,1037,2018-01-01T12:07:36.827Z,sent,f4:db:00:00:00:d9,0x12,Write-Req,0x0021,07 1E 00 00 00 03,6,0x07
old/hci_snoop_2018_01_01_12_06_26.cfa,1039,2018-01-01T12:07:36.880Z,recv,f4:db:00:00:00:d9,0x1B,Notify,0x0024,07 1E 00 00 00 03 4F 01 4F 01 4E 01 19 04 1B 04 1D 04 00 00,20,0x07
old/hci_snoop_2018_01_01_12_06_26.cfa,1040,2018-01-01T12:07:36.970Z,recv,f4:db:00:00:00:d9,0x13,Write-Rsp,,,0,
old/hci_snoop_2018_01_01_12_06_26.cfa,1041,2018-01-01T12:07:36.996Z,sent,f4:db:00:00:00:d9,0x12,Write-Req,0x0021,07 21 00 00 00 03,6,0x07
old/hci_snoop_2018_01_01_12_06_26.cfa,1043,2018-01-01T12:07:37.061Z,recv,f4:db:00:00:00:d9,0x1B,Notify,0x0024,07 21 00 00 00 03 4D 01 4C 01 4C 01 1F 04 20 04 21 04 00 00,20,0x07
old/hci_snoop_2018_01_01_12_06_26.cfa,1044,2018-01-01T12:07:37.151Z,recv,f4:db:00:00:00:d9,0x13,Write-Rsp,,,0,
old/hci_snoop_2018_01_01_12_06_26.cfa,1045,2018-01-01T12:07:37.203Z,sent,f4:db:00:00:00:d9,0x12,Write-Req,0x0021,07 24 00 00 00 03,6,0x07
old/hci_snoop_2018_01_01_12_06_26.cfa,1047,2018-01-01T12:07:37.284Z,recv,f4:db:00:00:00:d9,0x1B,Notify,0x0024,07 24 00 00 00 03 4B 01 4B 01 4B 01 22 04 24 04 25 04 00 00,20,0x07
old/hci_snoop_2018_01_01_12_06_26.cfa,1048,2018-01-01T12:07:37.375Z,recv,f4:db:00:00:00:d9,0x13,Write-Rsp,,,0,
old/hci_snoop_2018_01_01_12_06_26.cfa,1049,2018-01-01T12:07:37.411Z,sent,f4:db:00:00:00:d9,0x12,Write-Req,0x0021,07 27 00 00 00 03,6,0x07
old/hci_snoop_2018_01_01_12_06_26.cfa,1051,2018-01-01T12:07:37.469Z,recv,f4:db:00:00:00:d9,0x1B,Notify,0x0024,07 27 00 00 00 03 4A 01 49 01 49 01 26 04 27 04 28 04 00 00,20,0x07
old/hci_snoop_2018_01_01_12_06_26.cfa,1052,2018-01-01T12:07:37.554Z,recv,f4:db:00:00:00:d9,0x13,Write-Rsp,,,0,
old/hci_snoop_2018_01_01_12_06_26.cfa,1053,2018-01-01T12:07:37.578Z,sent,f4:db:00:00:00:d9,0x12,Write-Req,0x0021,07 2A 00 00 00 03,6,0x07
old/hci_snoop_2018_01_01_12_06_26.cfa,1055,2018-01-01T12:07:37.646Z,recv,f4:db:00:00:00:d9,0x1B,Notify,0x0024,07 2A 00 00 00 03 49 01 48 01 48 01 28 04 28 04 29 04 00 00,20,0x07
old/hci_snoop_2018_01_01_12_06_26.cfa,1056,2018-01-01T12:07:37.735Z,recv,f4:db:00:00:00:d9,0x13,Write-Rsp,,,0,
old/hci_snoop_2018_01_01_12_06_26.cfa,1057,2018-01-01T12:07:37.761Z,sent,f4:db:00:00:00:d9,0x12,Write-Req,0x0021,07 2D 00 00 00 03,6,0x07
old/hci_snoop_2018_01_01_12_06_26.cfa,1059,2018-01-01T12:07:37.826Z,recv,f4:db:00:00:00:d9,0x1B,Notify,0x0024,07 2D 00 00 00 03 47 01 47 01 47 01 29 04 29 04 2A 04 00 00,20,0x07
old/hci_snoop_2018_01_01_12_06_26.cfa,1060,2018-01-01T12:07:37.919Z,recv,f4:db:00:00:00:d9,0x13,Write-Rsp,,,0,
old/hci_snoop_2018_01_01_12_06_26.cfa,1061,2018-01-01T12:07:37.944Z,sent,f4:db:00:00:00:d9,0x12,Write-Req,0x0021,07 30 00 00 00 03,6,0x07
old/hci_snoop_2018_01_01_12_06_26.cfa,1063,2018-01-01T12:07:38.005Z,recv,f4:db:00:00:00:d9,0x1B,Notify,0x0024,07 30 00 00 00 03 46 01 46 01 46 01 2B 04 2B 04 2C 04 00 00,20,0x07
old/hci_snoop_2018_01_01_12_06_26.cfa,1064,2018-01-01T12:07:38.094Z,recv,f4:db:00:00:00:d9,0x13,Write-Rsp,,,0,
old/hci_snoop_2018_01_01_12_06_26.cfa,1065,2018-01-01T12:07:38.126Z,sent,f4:db:00:00:00:d9,0x12,Write-Req,0x0021,07 33 00 00 00 03,6,0x07
old/hci_snoop_2018_01_01_12_06_26.cfa,1068,2018-01-01T12:07:38.184Z,recv,f4:db:00:00:00:d9,0x1B,Notify,0x0024,07 33 00 00 00 03 46 01 46 01 45 01 2D 04 2D 04 2E 04 00 00,20,0x07
old/hci_snoop_2018_01_01_12_06_26.cfa,1069,2018-01-01T12:07:38.274Z,recv,f4:db:00:00:00:d9,0x13,Write-Rsp,,,0,
old/hci_snoop_2018_01_01_12_06_26.cfa,1070,2018-01-01T12:07:38.311Z,sent,f4:db:00:00:00:d9,0x12,Write-Req,0x0021,07 36 00 00 00 03,6,0x07
old/hci_snoop_2018_01_01_12_06_26.cfa,1072,2018-01-01T12:07:38.365Z,recv,f4:db:00:00:00:d9,0x1B,Notify,0x0024,07 36 00 00 00 03 45 01 45 01 45 01 30 04 31 04 32 04 00 00,20,0x07
old/hci_snoop_2018_01_01_12_06_26.cfa,1073,2018-01-01T12:07:38.454Z,recv,f4:db:00:00:00:d9,0x13,Write-Rsp,,,0,
old/hci_snoop_2018_01_01_12_06_26.cfa,1074,2018-01-01T12:07:38.478Z,sent,f4:db:00:00:00:d9,0x12,Write-Req,0x0021,07 39 00 00 00 03,6,0x07
old/hci_snoop_2018_01_01_12_06_26.cfa,1076,2018-01-01T12:07:38.545Z,recv,f4:db:00:00:00:d9,0x1B,Notify,0x0024,07 39 00 00 00 03 44 01 44 01 45 01 33 04 35 04 3D 04 00 00,20,0x07
old/hci_snoop_2018_01_01_12_06_26.cfa,1077,2018-01-01T12:07:38.635Z,recv,f4:db:00:00:00:d9,0x13,Write-Rsp,,,0,
old/hci_snoop_2018_01_01_12_06_26.cfa,1078,2018-01-01T12:07:38.659Z,sent,f4:db:00:00:00:d9,0x12,Write-Req,0x0021,07 3C 00 00 00 03,6,0x07
old/hci_snoop_2018_01_01_12_06_26.cfa,1080,2018-01-01T12:07:38.770Z,recv,f4:db:00:00:00:d9,0x1B,Notify,0x0024,07 3C 00 00 00 03 44 01 44 01 43 01 3F 04 40 04 41 04 00 00,20,0x07
old/hci_snoop_2018_01_01_12_06_26.cfa,1081,2018-01-01T12:07:38.862Z,recv,f4:db:00:00:00:d9,0x13,Write-Rsp,,,0,
old/hci_snoop_2018_01_01_12_06_26.cfa,1082,2018-01-01T12:07:38.895Z,sent,f4:db:00:00:00:d9,0x12,Write-Req,0x0021,07 3F 00 00 00 03,6,0x07
old/hci_snoop_2018_01_01_12_06_26.cfa,1084,2018-01-01T12:07:38.949Z,recv,f4:db:00:00:00:d9,0x1B,Notify,0x0024,07 3F 00 00 00 03 43 01 43 01 43 01 42 04 44 04 45 04 00 00,20,0x07
old/hci_snoop_2018_01_01_12_06_26.cfa,1085,2018-01-01T12:07:39.040Z,recv,f4:db:00:00:00:d9,0x13,Write-Rsp,,,0,
old/hci_snoop_2018_01_01_12_06_26.cfa,1086,2018-01-01T12:07:39.077Z,sent,f4:db:00:00:00:d9,0x12,Write-Req,0x0021,07 42 00 00 00 03,6,0x07
old/hci_snoop_2018_01_01_12_06_26.cfa,1088,2018-01-01T12:07:39.130Z,recv,f4:db:00:00:00:d9,0x1B,Notify,0x0024,07 42 00 00 00 03 43 01 43 01 43 01 47 04 48 04 4A 04 00 00,20,0x07
old/hci_snoop_2018_01_01_12_06_26.cfa,1089,2018-01-01T12:07:39.219Z,recv,f4:db:00:00:00:d9,0x13,Write-Rsp,,,0,
old/hci_snoop_2018_01_01_12_06_26.cfa,1090,2018-01-01T12:07:39.242Z,sent,f4:db:00:00:00:d9,0x12,Write-Req,0x0021,07 45 00 00 00 03,6,0x07
old/hci_snoop_2018_01_01_12_06_26.cfa,1092,2018-01-01T12:07:39.309Z,recv,f4:db:00:00:00:d9,0x1B,Notify,0x0024,07 45 00 00 00 03 42 01 42 01 42 01 4B 04 4C 04 4C 04 00 00,20,0x07
old/hci_snoop_2018_01_01_12_06_26.cfa,1093,2018-01-01T12:07:39.399Z,recv,f4:db:00:00:00:d9,0x13,Write-Rsp,,,0,
old/hci_snoop_2018_01_01_12_06_26.cfa,1094,2018-01-01T12:07:39.426Z,sent,f4:db:00:00:00:d9,0x12,Write-Req,0x0021,07 48 00 00 00 03,6,0x07
old/hci_snoop_2018_01_01_12_06_26.cfa,1096,2018-01-01T12:07:39.489Z,recv,f4:db:00:00:00:d9,0x1B,Notify,0x0024,07 48 00 00 00 03 42 01 42 01 42 01 4E 04 4F 04 50 04 00 00,20,0x07
old/hci_snoop_2018_01_01_12_06_26.cfa,1097,2018-01-01T12:07:39.579Z,recv,f4:db:00:00:00:d9,0x13,Write-Rsp,,,0,
old/hci_snoop_2018_01_01_12_06_26.cfa,1098,2018-01-01T12:07:39.610Z,sent,f4:db:00:00:00:d9,0x12,Write-Req,0x0021,07 4B 00 00 00 03,6,0x07
old/hci_snoop_2018_01_01_12_06_26.cfa,1100,2018-01-01T12:07:39.715Z,recv,f4:db:00:00:00:d9,0x1B,Notify,0x0024,07 4B 00 00 00 03 42 01 42 01 42 01 52 04 53 04 54 04 00 00,20,0x07
old/hci_snoop_2018_01_01_12_06_26.cfa,1101,2018-01-01T12:07:39.760Z,recv,f4:db:00:00:00:d9,0x13,Write-Rsp,,,0,
old/hci_snoop_2018_01_01_12_06_26.cfa,1102,2018-01-01T12:07:39.792Z,sent,f4:db:00:00:00:d9,0x12,Write-Req,0x0021,07 4E 00 00 00 03,6,0x07
old/hci_snoop_2018_01_01_12_06_26.cfa,1104,2018-01-01T12:07:39.850Z,recv,f4:db:00:00:00:d9,0x1B,Notify,0x0024,07 4E 00 00 00 03 42 01 42 01 41 01 54 04 55 04 56 04 00 00,20,0x07
old/hci_snoop_2018_01_01_12_06_26.cfa,1105,2018-01-01T12:07:39.941Z,recv,f4:db:00:00:00:d9,0x13,Write-Rsp,,,0,
old/hci_snoop_2018_01_01_12_06_26.cfa,1106,2018-01-01T12:07:39.976Z,sent,f4:db:00:00:00:d9,0x12,Write-Req,0x0021,07 51 00 00 00 03,6,0x07
old/hci_snoop_2018_01_01_12_06_26.cfa,1108,2018-01-01T12:07:40.030Z,recv,f4:db:00:00:00:d9,0x1B,Notify,0x0024,07 51 00 00 00 03 42 01 41 01 41 01 57 04 58 04 58 04 00 00,20,0x07
old/hci_snoop_2018_01_01_12_06_26.cfa,1109,2018-01-01T12:07:40.119Z,recv,f4:db:00:00:00:d9,0x13,Write-Rsp,,,0,
old/hci_snoop_2018_01_01_12_06_26.cfa,1114,2018-01-01T12:07:40.141Z,sent,f4:db:00:00:00:d9,0x12,Write-Req,0x0021,07 54 00 00 00 03,6,0x07
old/hci_snoop_2018_01_01_12_06_26.cfa,1116,2018-01-01T12:07:40.210Z,recv,f4:db:00:00:00:d9,0x1B,Notify,0x0024,07 54 00 00 00 03 41 01 41 01 41 01 5A 04 5A 04 5B 04 00 00,20,0x07
old/hci_snoop_2018_01_01_12_06_26.cfa,1117,2018-01-01T12:07:40.299Z,recv,f4:db:00:00:00:d9,0x13,Write-Rsp,,,0,
old/hci_snoop_2018_01_01_12_06_26.cfa,1118,2018-01-01T12:07:40.327Z,sent,f4:db:00:00:00:d9,0x12,Write-Req,0x0021,07 57 00 00 00 03,6,0x07
old/hci_snoop_2018_01_01_12_06_26.cfa,1120,2018-01-01T12:07:40.391Z,recv,f4:db:00:00:00:d9,0x1B,Notify,0x0024,07 57 00 00 00 03 41 01 41 01 41 01 5C 04 5D 04 5E 04 00 00,20,0x07
old/hci_snoop_2018_01_01_12_06_26.cfa,1121,2018-01-01T12:07:40.479Z,recv,f4:db:00:00:00:d9,0x13,Write-Rsp,,,0,
old/hci_snoop_2018_01_01_12_06_26.cfa,1122,2018-01-01T12:07:40.509Z,sent,f4:db:00:00:00:d9,0x12,Write-Req,0x0021,07 5A 00 00 00 03,6,0x07
old/hci_snoop_2018_01_01_12_06_26.cfa,1124,2018-01-01T12:07:40.569Z,recv,f4:db:00:00:00:d9,0x1B,Notify,0x0024,07 5A 00 00 00 03 41 01 41 01 41 01 5F 04 5F 04 5F 04 00 00,20,0x07
old/hci_snoop_2018_01_01_12_06_26.cfa,1126,2018-01-01T12:07:40.660Z,recv,f4:db:00:00:00:d9,0x13,Write-Rsp,,,0,
old/hci_snoop_2018_01_01_12_06_26.cfa,1127,2018-01-01T12:07:40.692Z,sent,f4:db:00:00:00:d9,0x12,Write-Req,0x0021,07 5D 00 00 00 03,6,0x07
old/hci_snoop_2018_01_01_12_06_26.cfa,1129,2018-01-01T12:07:40.842Z,recv,f4:db:00:00:00:d9,0x1B,Notify,0x0024,07 5D 00 00 00 03 41 01 41 01 41 01 60 04 61 04 61 04 00 00,20,0x07
old/hci_snoop_2018_01_01_12_06_26.cfa,1130,2018-01-01T12:07:40.929Z,recv,f4:db:00:00:00:d9,0x13,Write-Rsp,,,0,
old/hci_snoop_2018_01_01_12_06_26.cfa,1131,2018-01-01T12:07:40.962Z,sent,f4:db:00:00:00:d9,0x12,Write-Req,0x0021,07 60 00 00 00 03,6,0x07
old/hci_snoop_2018_01_01_12_06_26.cfa,1134,2018-01-01T12:07:41.110Z,recv,f4:db:00:00:00:d9,0x1B,Notify,0x0024,07 60 00 00 00 03 41 01 41 01 40 01 62 04 62 04 63 04 00 00,20,0x07
old/hci_snoop_2018_01_01_12_06_26.cfa,1135,2018-01-01T12:07:41.199Z,recv,f4:db:00:00:00:d9,0x13,Write-Rsp,,,0,
old/hci_snoop_2018_01_01_12_06_26.cfa,1136,2018-01-01T12:07:41.226Z,sent,f4:db:00:00:00:d9,0x12,Write-Req,0x0021,07 63 00 00 00 03,6,0x07
old/hci_snoop_2018_01_01_12_06_26.cfa,1138,2018-01-01T12:07:41.382Z,recv,f4:db:00:00:00:d9,0x1B,Notify,0x0024,07 63 00 00 00 03 40 01 41 01 40 01 63 04 64 04 65 04 00 00,20,0x07
old/hci_snoop_2018_01_01_12_06_26.cfa,1139,2018-01-01T12:07:41.469Z,recv,f4:db:00:00:00:d9,0x13,Write-Rsp,,,0,
old/hci_snoop_2018_01_01_12_06_26.cfa,1140,2018-01-01T12:07:41.494Z,sent,f4:db:00:00:00:d9,0x12,Write-Req,0x0021,07 66 00 00 00 03,6,0x07
old/hci_snoop_2018_01_01_12_06_26.cfa,1142,2018-01-01T12:07:41.650Z,recv,f4:db:00:00:00:d9,0x1B,Notify,0x0024,07 66 00 00 00 03 40 01 40 01 40 01 65 04 66 04 66 04 00 00,20,0x07
old/hci_snoop_2018_01_01_12_06_26.cfa,1143,2018-01-01T12:07:41.742Z,recv,f4:db:00:00:00:d9,0x13,Write-Rsp,,,0,
old/hci_snoop_2018_01_01_12_06_26.cfa,1144,2018-01-01T12:07:41.775Z,sent,f4:db:00:00:00:d9,0x12,Write-Req,0x0021,07 69 00 00 00 03,6,0x07
old/hci_snoop_2018_01_01_12_06_26.cfa,1146,2018-01-01T12:07:41.920Z,recv,f4:db:00:00:00:d9,0x1B,Notify,0x0024,07 69 00 00 00 03 40 01 40 01 40 01 67 04 67 04 68 04 00 00,20,0x07
old/hci_snoop_2018_01_01_12_06_26.cfa,1147,2018-01-01T12:07:42.014Z,recv,f4:db:00:00:00:d9,0x13,Write-Rsp,,,0,
old/hci_snoop_2018_01_01_12_06_26.cfa,1148,2018-01-01T12:07:42.041Z,sent,f4:db:00:00:00:d9,0x12,Write-Req,0x0021,07 6C 00 00 00 03,6,0x07
old/hci_snoop_2018_01_01_12_06_26.cfa,1150,2018-01-01T12:07:42.191Z,recv,f4:db:00:00:00:d9,0x1B,Notify,0x0024,07 6C 00 00 00 03 40 01 40 01 40 01 68 04 68 04 69 04 00 00,20,0x07
old/hci_snoop_2018_01_01_12_06_26.cfa,1151,2018-01-01T12:07:42.279Z,recv,f4:db:00:00:00:d9,0x13,Write-Rsp,,,0,
old/hci_snoop_2018_01_01_12_06_26.cfa,1152,2018-01-01T12:07:42.308Z,sent,f4:db:00:00:00:d9,0x12,Write-Req,0x0021,07 6F 00 00 00 03,6,0x07
old/hci_snoop_2018_01_01_12_06_26.cfa,1154,2018-01-01T12:07:42.460Z,recv,f4:db:00:00:00:d9,0x1B,Notify,0x0024,07 6F 00 00 00 03 40 01 40 01 40 01 6A 04 69 04 6A 04 00 00,20,0x07
old/hci_snoop_2018_01_01_12_06_26.cfa,1157,2018-01-01T12:07:42.548Z,recv,f4:db:00:00:00:d9,0x13,Write-Rsp,,,0,
old/hci_snoop_2018_01_01_12_06_26.cfa,1158,2018-01-01T12:07:42.549Z,sent,f4:db:00:00:00:d9,0x10,ReadByGrp-Req,,01 00 FF FF 00 28,6,0x01
old/hci_snoop_2018_01_01_12_06_26.cfa,1180,2018-01-01T12:07:42.729Z,recv,f4:db:00:00:00:d9,0x11,ReadByGrp-Rsp,,06 01 00 07 00 00 18 08 00 0B 00 01 18 0C 00 1E 00 0A 18,19,0x06
old/hci_snoop_2018_01_01_12_06_26.cfa,1183,2018-01-01T12:07:43.230Z,sent,f4:db:00:00:00:d9,0x10,ReadByGrp-Req,,01 00 FF FF 00 28,6,0x01
old/hci_snoop_2018_01_01_12_06_26.cfa,1215,2018-01-01T12:07:43.360Z,recv,f4:db:00:00:00:d9,0x11,ReadByGrp-Rsp,,06 01 00 07 00 00 18 08 00 0B 00 01 18 0C 00 1E 00 0A 18,19,0x06
old/hci_snoop_2018_01_01_12_06_26.cfa,1216,2018-01-01T12:07:43.360Z,sent,f4:db:00:00:00:d9,0x10,ReadByGrp-Req,,1F 00 FF FF 00 28,6,0x1F
old/hci_snoop_2018_01_01_12_06_26.cfa,1219,2018-01-01T12:07:43.373Z,recv,f4:db:00:00:00:d9,0x11,ReadByGrp-Rsp,,06 1F 00 FF FF E0 FF,7,0x06
old/hci_snoop_2018_01_01_12_06_26.cfa,1220,2018-01-01T12:07:43.374Z,sent,f4:db:00:00:00:d9,0x08,ReadByType-Req,,01 00 07 00 02 28,6,0x01
old/hci_snoop_2018_01_01_12_06_26.cfa,1222,2018-01-01T12:07:43.388Z,recv,f4:db:00:00:00:d9,0x01,ErrorRsp,,08 01 00 0A,4,0x08
old/hci_snoop_2018_01_01_12_06_26.cfa,1223,2018-01-01T12:07:43.389Z,sent,f4:db:00:00:00:d9,0x08,ReadByType-Req,,01 00 07 00 03 28,6,0x01
old/hci_snoop_2018_01_01_12_06_26.cfa,1225,2018-01-01T12:07:43.404Z,recv,f4:db:00:00:00:d9,0x09,ReadByType-Rsp,,07 02 00 02 03 00 00 2A 04 00 02 05 00 01 2A 06 00 02 07 00 04 2A,22,0x07
old/hci_snoop_2018_01_01_12_06_26.cfa,1226,2018-01-01T12:07:43.404Z,sent,f4:db:00:00:00:d9,0x08,ReadByType-Req,,07 00 07 00 03 28,6,0x07
old/hci_snoop_2018_01_01_12_06_26.cfa,1228,2018-01-01T12:07:43.419Z,recv,f4:db:00:00:00:d9,0x01,ErrorRsp,,08 07 00 0A,4,0x08
old/hci_snoop_2018_01_01_12_06_26.cfa,1229,2018-01-01T12:07:43.419Z,sent,f4:db:00:00:00:d9,0x08,ReadByType-Req,,08 00 0B 00 02 28,6,0x08
old/hci_snoop_2018_01_01_12_06_26.cfa,1231,2018-01-01T12:07:43.434Z,recv,f4:db:00:00:00:d9,0x01,ErrorRsp,,08 08 00 0A,4,0x08
old/hci_snoop_2018_01_01_12_06_26.cfa,1232,2018-01-01T12:07:43.434Z,sent,f4:db:00:00:00:d9,0x08,ReadByType-Req,,08 00 0B 00 03 28,6,0x08
old/hci_snoop_2018_01_01_12_06_26.cfa,1234,2018-01-01T12:07:43.449Z,recv,f4:db:00:00:00:d9,0x09,ReadByType-Rsp,,07 09 00 20 0A 00 05 2A,8,0x07
old/hci_snoop_2018_01_01_12_06_26.cfa,1235,2018-01-01T12:07:43.449Z,sent,f4:db:00:00:00:d9,0x08,ReadByType-Req,,0A 00 0B 00 03 28,6,0x0A
old/hci_snoop_2018_01_01_12_06_26.cfa,1237,2018-01-01T12:07:43.464Z,recv,f4:db:00:00:00:d9,0x01,ErrorRsp,,08 0A 00 0A,4,0x08
old/hci_snoop_2018_01_01_12_06_26.cfa,1238,2018-01-01T12:07:43.464Z,sent,f4:db:00:00:00:d9,0x04,FindInfo-Req,,0B 00 0B 00,4,0x0B
old/hci_snoop_2018_01_01_12_06_26.cfa,1240,2018-01-01T12:07:43.479Z,recv,f4:db:00:00:00:d9,0x05,FindInfo-Rsp,,01 0B 00 02 29,5,0x01
old/hci_snoop_2018_01_01_12_06_26.cfa,1241,2018-01-01T12:07:43.479Z,sent,f4:db:00:00:00:d9,0x08,ReadByType-Req,,0C 00 1E 00 02 28,6,0x0C
old/hci_snoop_2018_01_01_12_06_26.cfa,1245,2018-01-01T12:07:43.494Z,recv,f4:db:00:00:00:d9,0x01,ErrorRsp,,08 0C 00 0A,4,0x08
old/hci_snoop_2018_01_01_12_06_26.cfa,1246,2018-01-01T12:07:43.494Z,sent,f4:db:00:00:00:d9,0x08,ReadByType-Req,,0C 00 1E 00 03 28,6,0x0C
old/hci_snoop_2018_01_01_12_06_26.cfa,1248,2018-01-01T12:07:43.509Z,recv,f4:db:00:00:00:d9,0x09,ReadByType-Rsp,,07 0D 00 02 0E 00 23 2A 0F 00 02 10 00 24 2A 11 00 02 12 00 25 2A,22,0x07
old/hci_snoop_2018_01_01_12_06_26.cfa,1249,2018-01-01T12:07:43.510Z,sent,f4:db:00:00:00:d9,0x08,ReadByType-Req,,12 00 1E 00 03 28,6,0x12
old/hci_snoop_2018_01_01_12_06_26.cfa,1251,2018-01-01T12:07:43.524Z,recv,f4:db:00:00:00:d9,0x09,ReadByType-Rsp,,07 13 00 02 14 00 26 2A 15 00 02 16 00 27 2A 17 00 02 18 00 28 2A,22,0x07
old/hci_snoop_2018_01_01_12_06_26.cfa,1252,2018-01-01T12:07:43.524Z,sent,f4:db:00:00:00:d9,0x08,ReadByType-Req,,18 00 1E 00 03 28,6,0x18
old/hci_snoop_2018_01_01_12_06_26.cfa,1254,2018-01-01T12:07:43.547Z,recv,f4:db:00:00:00:d9,0x09,ReadByType-Rsp,,07 19 00 02 1A 00 29 2A 1B 00 02 1C 00 2A 2A 1D 00 02 1E 00 50 2A,22,0x07
old/hci_snoop_2018_01_01_12_06_26.cfa,1255,2018-01-01T12:07:43.548Z,sent,f4:db:00:00:00:d9,0x08,ReadByType-Req,,1E 00 1E 00 03 28,6,0x1E
old/hci_snoop_2018_01_01_12_06_26.cfa,1257,2018-01-01T12:07:43.562Z,recv,f4:db:00:00:00:d9,0x01,ErrorRsp,,08 1E 00 0A,4,0x08
old/hci_snoop_2018_01_01_12_06_26.cfa,1258,2018-01-01T12:07:43.563Z,sent,f4:db:00:00:00:d9,0x08,ReadByType-Req,,1F 00 FF FF 02 28,6,0x1F
old/hci_snoop_2018_01_01_12_06_26.cfa,1260,2018-01-01T12:07:43.577Z,recv,f4:db:00:00:00:d9,0x01,ErrorRsp,,08 1F 00 0A,4,0x08
old/hci_snoop_2018_01_01_12_06_26.cfa,1261,2018-01-01T12:07:43.578Z,sent,f4:db:00:00:00:d9,0x08,ReadByType-Req,,1F 00 FF FF 03 28,6,0x1F
old/hci_snoop_2018_01_01_12_06_26.cfa,1263,2018-01-01T12:07:43.592Z,recv,f4:db:00:00:00:d9,0x09,ReadByType-Rsp,,07 20 00 08 21 00 F5 FF 23 00 10 24 00 F3 FF,15,0x07
old/hci_snoop_2018_01_01_12_06_26.cfa,1264,2018-01-01T12:07:43.592Z,sent,f4:db:00:00:00:d9,0x08,ReadByType-Req,,24 00 FF FF 03 28,6,0x24
old/hci_snoop_2018_01_01_12_06_26.cfa,1266,2018-01-01T12:07:43.608Z,recv,f4:db:00:00:00:d9,0x01,ErrorRsp,,08 24 00 0A,4,0x08
old/hci_snoop_2018_01_01_12_06_26.cfa,1267,2018-01-01T12:07:43.609Z,sent,f4:db:00:00:00:d9,0x04,FindInfo-Req,,22 00 22 00,4,0x22
old/hci_snoop_2018_01_01_12_06_26.cfa,1269,2018-01-01T12:07:43.622Z,recv,f4:db:00:00:00:d9,0x05,FindInfo-Rsp,,01 22 00 01 29,5,0x01
old/hci_snoop_2018_01_01_12_06_26.cfa,1270,2018-01-01T12:07:43.625Z,sent,f4:db:00:00:00:d9,0x04,FindInfo-Req,,25 00 FF FF,4,0x25
old/hci_snoop_2018_01_01_12_06_26.cfa,1272,2018-01-01T12:07:43.637Z,recv,f4:db:00:00:00:d9,0x05,FindInfo-Rsp,,01 25 00 02 29 26 00 01 29,9,0x01
old/hci_snoop_2018_01_01_12_06_26.cfa,1273,2018-01-01T12:07:43.639Z,sent,f4:db:00:00:00:d9,0x04,FindInfo-Req,,27 00 FF FF,4,0x27
old/hci_snoop_2018_01_01_12_06_26.cfa,1275,2018-01-01T12:07:43.652Z,recv,f4:db:00:00:00:d9,0x01,ErrorRsp,,04 27 00 0A,4,0x04
old/hci_snoop_2018_01_01_12_06_26.cfa,1278,2018-01-01T12:07:43.670Z,sent,f4:db:00:00:00:d9,0x12,Write-Req,0x0025,01 00,2,0x01
old/hci_snoop_2018_01_01_12_06_26.cfa,1280,2018-01-01T12:07:43.681Z,recv,f4:db:00:00:00:d9,0x13,Write-Rsp,,,0,
old/hci_snoop_2018_01_01_12_06_26.cfa,1281,2018-01-01T12:07:43.685Z,sent,f4:db:00:00:00:d9,0x12,Write-Req,0x0021,01,1,0x01
old/hci_snoop_2018_01_01_12_06_26.cfa,1283,2018-01-01T12:07:43.696Z,recv,f4:db:00:00:00:d9,0x1B,Notify,0x0024,01 67 02 00 00 03 40 01 40 01 40 01 6A 04 69 04 6A 04 00 00,20,0x01
old/hci_snoop_2018_01_01_12_06_26.cfa,1284,2018-01-01T12:07:43.696Z,recv,f4:db:00:00:00:d9,0x13,Write-Rsp,,,0,
old/hci_snoop_2018_01_01_12_06_26.cfa,1285,2018-01-01T12:07:43.701Z,sent,f4:db:00:00:00:d9,0x12,Write-Req,0x0021,01,1,0x01
old/hci_snoop_2018_01_01_12_06_26.cfa,1287,2018-01-01T12:07:43.712Z,recv,f4:db:00:00:00:d9,0x1B,Notify,0x0024,01 67 02 00 00 03 40 01 40 01 40 01 6A 04 69 04 6A 04 00 00,20,0x01
old/hci_snoop_2018_01_01_12_06_26.cfa,1288,2018-01-01T12:07:43.712Z,recv,f4:db:00:00:00:d9,0x13,Write-Rsp,,,0,
old/hci_snoop_2018_01_01_12_06_26.cfa,1289,2018-01-01T12:07:43.717Z,sent,f4:db:00:00:00:d9,0x12,Write-Req,0x0021,07 72 00 00 00 03,6,0x07
old/hci_snoop_2018_01_01_12_06_26.cfa,1292,2018-01-01T12:07:43.900Z,recv,f4:db:00:00:00:d9,0x1B,Notify,0x0024,07 72 00 00 00 03 40 01 40 01 40 01 6B 04 6C 04 6C 04 00 00,20,0x07
old/hci_snoop_2018_01_01_12_06_26.cfa,1295,2018-01-01T12:07:43.992Z,recv,f4:db:00:00:00:d9,0x13,Write-Rsp,,,0,
old/hci_snoop_2018_01_01_12_06_26.cfa,1296,2018-01-01T12:07:44.001Z,sent,f4:db:00:00:00:d9,0x12,Write-Req,0x0021,07 72 00 00 00 03,6,0x07
old/hci_snoop_2018_01_01_12_06_26.cfa,1300,2018-01-01T12:07:44.172Z,recv,f4:db:00:00:00:d9,0x1B,Notify,0x0024,07 72 00 00 00 03 40 01 40 01 40 01 6B 04 6C 04 6C 04 00 00,20,0x07
old/hci_snoop_2018_01_01_12_06_26.cfa,1302,2018-01-01T12:07:44.260Z,recv,f4:db:00:00:00:d9,0x13,Write-Rsp,,,0,
old/hci_snoop_2018_01_01_12_06_26.cfa,1303,2018-01-01T12:07:44.265Z,sent,f4:db:00:00:00:d9,0x12,Write-Req,0x0021,07 75 00 00 00 03,6,0x07
old/hci_snoop_2018_01_01_12_06_26.cfa,1307,2018-01-01T12:07:44.440Z,recv,f4:db:00:00:00:d9,0x1B,Notify,0x0024,07 75 00 00 00 03 40 01 40 01 40 01 6E 04 6E 04 6F 04 00 00,20,0x07
old/hci_snoop_2018_01_01_12_06_26.cfa,1308,2018-01-01T12:07:44.530Z,recv,f4:db:00:00:00:d9,0x13,Write-Rsp,,,0,
old/hci_snoop_2018_01_01_12_06_26.cfa,1309,2018-01-01T12:07:44.536Z,sent,f4:db:00:00:00:d9,0x12,Write-Req,0x0021,07 75 00 00 00 03,6,0x07
old/hci_snoop_2018_01_01_12_06_26.cfa,1311,2018-01-01T12:07:44.711Z,recv,f4:db:00:00:00:d9,0x1B,Notify,0x0024,07 75 00 00 00 03 40 01 40 01 40 01 6E 04 6E 04 6F 04 00 00,20,0x07
old/hci_snoop_2018_01_01_12_06_26.cfa,1312,2018-01-01T12:07:44.799Z,recv,f4:db:00:00:00:d9,0x13,Write-Rsp,,,0,
old/hci_snoop_2018_01_01_12_06_26.cfa,1313,2018-01-01T12:07:44.804Z,sent,f4:db:00:00:00:d9,0x12,Write-Req,0x0021,07 78 00 00 00 03,6,0x07
old/hci_snoop_2018_01_01_12_06_26.cfa,1319,2018-01-01T12:07:44.980Z,recv,f4:db:00:00:00:d9,0x1B,Notify,0x0024,07 78 00 00 00 03 40 01 40 01 40 01 6E 04 6F 04 6F 04 00 00,20,0x07
old/hci_snoop_2018_01_01_12_06_26.cfa,1320,2018-01-01T12:07:45.069Z,recv,f4:db:00:00:00:d9,0x13,Write-Rsp,,,0,
old/hci_snoop_2018_01_01_12_06_26.cfa,1321,2018-01-01T12:07:45.074Z,sent,f4:db:00:00:00:d9,0x12,Write-Req,0x0021,07 78 00 00 00 03,6,0x07
old/hci_snoop_2018_01_01_12_06_26.cfa,1325,2018-01-01T12:07:45.250Z,recv,f4:db:00:00:00:d9,0x1B,Notify,0x0024,07 78 00 00 00 03 40 01 40 01 40 01 6E 04 6F 04 6F 04 00 00,20,0x07
old/hci_snoop_2018_01_01_12_06_26.cfa,1326,2018-01-01T12:07:45.340Z,recv,f4:db:00:00:00:d9,0x13,Write-Rsp,,,0,
old/hci_snoop_2018_01_01_12_06_26.cfa,1327,2018-01-01T12:07:45.345Z,sent,f4:db:00:00:00:d9,0x12,Write-Req,0x0021,07 7B 00 00 00 03,6,0x07
old/hci_snoop_2018_01_01_12_06_26.cfa,1329,2018-01-01T12:07:45.520Z,recv,f4:db:00:00:00:d9,0x1B,Notify,0x0024,07 7B 00 00 00 03 40 01 40 01 3B 01 6F 04 6F 04 F2 03 00 00,20,0x07
old/hci_snoop_2018_01_01_12_06_26.cfa,1330,2018-01-01T12:07:45.610Z,recv,f4:db:00:00:00:d9,0x13,Write-Rsp,,,0,
old/hci_snoop_2018_01_01_12_06_26.cfa,1331,2018-01-01T12:07:45.615Z,sent,f4:db:00:00:00:d9,0x12,Write-Req,0x0021,07 7B 00 00 00 03,6,0x07
old/hci_snoop_2018_01_01_12_06_26.cfa,1338,2018-01-01T12:07:45.791Z,recv,f4:db:00:00:00:d9,0x1B,Notify,0x0024,07 7B 00 00 00 03 40 01 40 01 3B 01 6F 04 6F 04 F2 03 00 00,20,0x07
old/hci_snoop_2018_01_01_12_06_26.cfa,1339,2018-01-01T12:07:45.880Z,recv,f4:db:00:00:00:d9,0x13,Write-Rsp,,,0,
old/hci_snoop_2018_01_01_12_06_26.cfa,1340,2018-01-01T12:07:45.885Z,sent,f4:db:00:00:00:d9,0x12,Write-Req,0x0021,07 7E 00 00 00 03,6,0x07
old/hci_snoop_2018_01_01_12_06_26.cfa,1344,2018-01-01T12:07:46.059Z,recv,f4:db:00:00:00:d9,0x1B,Notify,0x0024,07 7E 00 00 00 03 3A 01 3B 01 3C 01 0A 04 28 04 2E 04 00 00,20,0x07
old/hci_snoop_2018_01_01_12_06_26.cfa,1345,2018-01-01T12:07:46.150Z,recv,f4:db:00:00:00:d9,0x13,Write-Rsp,,,0,
old/hci_snoop_2018_01_01_12_06_26.cfa,1346,2018-01-01T12:07:46.154Z,sent,f4:db:00:00:00:d9,0x12,Write-Req,0x0021,07 7E 00 00 00 03,6,0x07
old/hci_snoop_2018_01_01_12_06_26.cfa,1348,2018-01-01T12:07:46.329Z,recv,f4:db:00:00:00:d9,0x1B,Notify,0x0024,07 7E 00 00 00 03 3A 01 3B 01 3C 01 0A 04 28 04 2E 04 00 00,20,0x07
old/hci_snoop_2018_01_01_12_06_26.cfa,1349,2018-01-01T12:07:46.420Z,recv,f4:db:00:00:00:d9,0x13,Write-Rsp,,,0,
old/hci_snoop_2018_01_01_12_06_26.cfa,1350,2018-01-01T12:07:46.424Z,sent,f4:db:00:00:00:d9,0x12,Write-Req,0x0021,07 81 00 00 00 03,6,0x07
old/hci_snoop_2018_01_01_12_06_26.cfa,1356,2018-01-01T12:07:46.600Z,recv,f4:db:00:00:00:d9,0x1B,Notify,0x0024,07 81 00 00 00 03 3C 01 3C 01 3D 01 35 04 3B 04 3F 04 00 00,20,0x07
old/hci_snoop_2018_01_01_12_06_26.cfa,1357,2018-01-01T12:07:46.690Z,recv,f4:db:00:00:00:d9,0x13,Write-Rsp,,,0,
old/hci_snoop_2018_01_01_12_06_26.cfa,1358,2018-01-01T12:07:46.695Z,sent,f4:db:00:00:00:d9,0x12,Write-Req,0x0021,07 81 00 00 00 03,6,0x07
old/hci_snoop_2018_01_01_12_06_26.cfa,1360,2018-01-01T12:07:46.871Z,recv,f4:db:00:00:00:d9,0x1B,Notify,0x0024,07 81 00 00 00 03 3C 01 3C 01 3D 01 35 04 3B 04 3F 04 00 00,20,0x07
old/hci_snoop_2018_01_01_12_06_26.cfa,1363,2018-01-01T12:07:46.961Z,recv,f4:db:00:00:00:d9,0x13,Write-Rsp,,,0,
old/hci_snoop_2018_01_01_12_06_26.cfa,1364,2018-01-01T12:07:46.966Z,sent,f4:db:00:00:00:d9,0x12,Write-Req,0x0021,07 84 00 00 00 03,6,0x07
old/hci_snoop_2018_01_01_12_06_26.cfa,1366,2018-01-01T12:07:47.140Z,recv,f4:db:00:00:00:d9,0x1B,Notify,0x0024,07 84 00 00 00 03 3F 01 3F 01 39 01 48 04 48 04 62 04 00 00,20,0x07
old/hci_snoop_2018_01_01_12_06_26.cfa,1367,2018-01-01T12:07:47.230Z,recv,f4:db:00:00:00:d9,0x13,Write-Rsp,,,0,
old/hci_snoop_2018_01_01_12_06_26.cfa,1368,2018-01-01T12:07:47.235Z,sent,f4:db:00:00:00:d9,0x12,Write-Req,0x0021,07 84 00 00 00 03,6,0x07
old/hci_snoop_2018_01_01_12_06_26.cfa,1374,2018-01-01T12:07:47.409Z,recv,f4:db:00:00:00:d9,0x1B,Notify,0x0024,07 84 00 00 00 03 3F 01 3F 01 39 01 48 04 48 04 62 04 00 00,20,0x07
old/hci_snoop_2018_01_01_12_06_26.cfa,1375,2018-01-01T12:07:47.500Z,recv,f4:db:00:00:00:d9,0x13,Write-Rsp,,,0,
old/hci_snoop_2018_01_01_12_06_26.cfa,1376,2018-01-01T12:07:47.506Z,sent,f4:db:00:00:00:d9,0x12,Write-Req,0x0021,07 87 00 00 00 03,6,0x07
old/hci_snoop_2018_01_01_12_06_26.cfa,1378,2018-01-01T12:07:47.679Z,recv,f4:db:00:00:00:d9,0x1B,Notify,0x0024,07 87 00 00 00 03 36 01 37 01 38 01 76 04 7C 04 80 04 00 00,20,0x07
old/hci_snoop_2018_01_01_12_06_26.cfa,1381,2018-01-01T12:07:47.771Z,recv,f4:db:00:00:00:d9,0x13,Write-Rsp,,,0,
old/hci_snoop_2018_01_01_12_06_26.cfa,1382,2018-01-01T12:07:47.774Z,sent,f4:db:00:00:00:d9,0x12,Write-Req,0x0021,07 87 00 00 00 03,6,0x07
old/hci_snoop_2018_01_01_12_06_26.cfa,1387,2018-01-01T12:07:48.223Z,recv,f4:db:00:00:00:d9,0x1B,Notify,0x0024,07 87 00 00 00 03 36 01 37 01 38 01 76 04 7C 04 80 04 00 00,20,0x07
old/hci_snoop_2018_01_01_12_06_26.cfa,1388,2018-01-01T12:07:48.223Z,recv,f4:db:00:00:00:d9,0x13,Write-Rsp,,,0,
old/hci_snoop_2018_01_01_12_06_26.cfa,1389,2018-01-01T12:07:48.243Z,sent,f4:db:00:00:00:d9,0x12,Write-Req,0x0021,07 8A 00 00 00 03,6,0x07
old/hci_snoop_2018_01_01_12_06_26.cfa,1391,2018-01-01T12:07:48.400Z,recv,f4:db:00:00:00:d9,0x1B,Notify,0x0024,07 8A 00 00 00 03 3A 01 3C 01 3F 01 81 04 85 04 81 04 00 00,20,0x07
old/hci_snoop_2018_01_01_12_06_26.cfa,1392,2018-01-01T12:07:48.490Z,recv,f4:db:00:00:00:d9,0x13,Write-Rsp,,,0,
old/hci_snoop_2018_01_01_12_06_26.cfa,1393,2018-01-01T12:07:48.496Z,sent,f4:db:00:00:00:d9,0x12,Write-Req,0x0021,07 8A 00 00 00 03,6,0x07
old/hci_snoop_2018_01_01_12_06_26.cfa,1397,2018-01-01T12:07:48.675Z,recv,f4:db:00:00:00:d9,0x1B,Notify,0x0024,07 8A 00 00 00 03 3A 01 3C 01 3F 01 81 04 85 04 81 04 00 00,20,0x07
old/hci_snoop_2018_01_01_12_06_26.cfa,1398,2018-01-01T12:07:48.760Z,recv,f4:db:00:00:00:d9,0x13,Write-Rsp,,,0,
old/hci_snoop_2018_01_01_12_06_26.cfa,1399,2018-01-01T12:07:48.764Z,sent,f4:db:00:00:00:d9,0x12,Write-Req,0x0021,07 8D 00 00 00 03,6,0x07
old/hci_snoop_2018_01_01_12_06_26.cfa,1403,2018-01-01T12:07:48.940Z,recv,f4:db:00:00:00:d9,0x1B,Notify,0x0024,07 8D 00 00 00 03 40 01 41 01 46 01 7F 04 83 04 7A 04 00 00,20,0x07
old/hci_snoop_2018_01_01_12_06_26.cfa,1404,2018-01-01T12:07:49.030Z,recv,f4:db:00:00:00:d9,0x13,Write-Rsp,,,0,
old/hci_snoop_2018_01_01_12_06_26.cfa,1405,2018-01-01T12:07:49.035Z,sent,f4:db:00:00:00:d9,0x12,Write-Req,0x0021,07 8D 00 00 00 03,6,0x07
old/hci_snoop_2018_01_01_12_06_26.cfa,1411,2018-01-01T12:07:49.210Z,recv,f4:db:00:00:00:d9,0x1B,Notify,0x0024,07 8D 00 00 00 03 40 01 41 01 46 01 7F 04 83 04 7A 04 00 00,20,0x07
old/hci_snoop_2018_01_01_12_06_26.cfa,1412,2018-01-01T12:07:49.299Z,recv,f4:db:00:00:00:d9,0x13,Write-Rsp,,,0,
old/hci_snoop_2018_01_01_12_06_26.cfa,1413,2018-01-01T12:07:49.325Z,sent,f4:db:00:00:00:d9,0x12,Write-Req,0x0021,07 90 00 00 00 03,6,0x07
old/hci_snoop_2018_01_01_12_06_26.cfa,1417,2018-01-01T12:07:49.481Z,recv,f4:db:00:00:00:d9,0x1B,Notify,0x0024,07 90 00 00 00 03 4B 01 4D 01 4D 01 72 04 65 04 5E 04 00 00,20,0x07
old/hci_snoop_2018_01_01_12_06_26.cfa,1418,2018-01-01T12:07:49.570Z,recv,f4:db:00:00:00:d9,0x13,Write-Rsp,,,0,
old/hci_snoop_2018_01_01_12_06_26.cfa,1419,2018-01-01T12:07:49.579Z,sent,f4:db:00:00:00:d9,0x12,Write-Req,0x0021,07 90 00 00 00 03,6,0x07
old/hci_snoop_2018_01_01_12_06_26.cfa,1423,2018-01-01T12:07:49.751Z,recv,f4:db:00:00:00:d9,0x1B,Notify,0x0024,07 90 00 00 00 03 4B 01 4D 01 4D 01 72 04 65 04 5E 04 00 00,20,0x07
old/hci_snoop_2018_01_01_12_06_26.cfa,1424,2018-01-01T12:07:49.840Z,recv,f4:db:00:00:00:d9,0x13,Write-Rsp,,,0,
old/hci_snoop_2018_01_01_12_06_26.cfa,1425,2018-01-01T12:07:49.846Z,sent,f4:db:00:00:00:d9,0x12,Write-Req,0x0021,07 93 00 00 00 03,6,0x07
old/hci_snoop_2018_01_01_12_06_26.cfa,1431,2018-01-01T12:07:50.021Z,recv,f4:db:00:00:00:d9,0x1B,Notify,0x0024,07 93 00 00 00 03 4D 01 4D 01 4C 01 59 04 58 04 58 04 00 00,20,0x07
old/hci_snoop_2018_01_01_12_06_26.cfa,1432,2018-01-01T12:07:50.110Z,recv,f4:db:00:00:00:d9,0x13,Write-Rsp,,,0,
old/hci_snoop_2018_01_01_12_06_26.cfa,1433,2018-01-01T12:07:50.115Z,sent,f4:db:00:00:00:d9,0x12,Write-Req,0x0021,07 93 00 00 00 03,6,0x07
old/hci_snoop_2018_01_01_12_06_26.cfa,1437,2018-01-01T12:07:50.289Z,recv,f4:db:00:00:00:d9,0x1B,Notify,0x0024,07 93 00 00 00 03 4D 01 4D 01 4C 01 59 04 58 04 58 04 00 00,20,0x07
old/hci_snoop_2018_01_01_12_06_26.cfa,1438,2018-01-01T12:07:50.380Z,recv,f4:db:00:00:00:d9,0x13,Write-Rsp,,,0,
old/hci_snoop_2018_01_01_12_06_26.cfa,1439,2018-01-01T12:07:50.386Z,sent,f4:db:00:00:00:d9,0x12,Write-Req,0x0021,07 96 00 00 00 03,6,0x07
old/hci_snoop_2018_01_01_12_06_26.cfa,1441,2018-01-01T12:07:50.560Z,recv,f4:db:00:00:00:d9,0x1B,Notify,0x0024,07 96 00 00 00 03 4C 01 4C 01 4B 01 57 04 56 04 57 04 00 00,20,0x07
old/hci_snoop_2018_01_01_12_06_26.cfa,1442,2018-01-01T12:07:50.649Z,recv,f4:db:00:00:00:d9,0x13,Write-Rsp,,,0,
old/hci_snoop_2018_01_01_12_06_26.cfa,1443,2018-01-01T12:07:50.658Z,sent,f4:db:00:00:00:d9,0x12,Write-Req,0x0021,07 96 00 00 00 03,6,0x07
old/hci_snoop_2018_01_01_12_06_26.cfa,1449,2018-01-01T12:07:50.829Z,recv,f4:db:00:00:00:d9,0x1B,Notify,0x0024,07 96 00 00 00 03 4C 01 4C 01 4B 01 57 04 56 04 57 04 00 00,20,0x07
old/hci_snoop_2018_01_01_12_06_26.cfa,1450,2018-01-01T12:07:50.923Z,recv,f4:db:00:00:00:d9,0x13,Write-Rsp,,,0,
old/hci_snoop_2018_01_01_12_06_26.cfa,1451,2018-01-01T12:07:50.929Z,sent,f4:db:00:00:00:d9,0x12,Write-Req,0x0021,07 99 00 00 00 03,6,0x07
old/hci_snoop_2018_01_01_12_06_26.cfa,1453,2018-01-01T12:07:51.100Z,recv,f4:db:00:00:00:d9,0x1B,Notify,0x0024,07 99 00 00 00 03 4A 01 4A 01 49 01 5A 04 5A 04 5B 04 00 00,20,0x07
old/hci_snoop_2018_01_01_12_06_26.cfa,1456,2018-01-01T12:07:51.190Z,recv,f4:db:00:00:00:d9,0x13,Write-Rsp,,,0,
old/hci_snoop_2018_01_01_12_06_26.cfa,1457,2018-01-01T12:07:51.196Z,sent,f4:db:00:00:00:d9,0x12,Write-Req,0x0021,07 99 00 00 00 03,6,0x07
old/hci_snoop_2018_01_01_12_06_26.cfa,1459,2018-01-01T12:07:51.370Z,recv,f4:db:00:00:00:d9,0x1B,Notify,0x0024,07 99 00 00 00 03 4A 01 4A 01 49 01 5A 04 5A 04 5B 04 00 00,20,0x07
old/hci_snoop_2018_01_01_12_06_26.cfa,1460,2018-01-01T12:07:51.460Z,recv,f4:db:00:00:00:d9,0x13,Write-Rsp,,,0,
old/hci_snoop_2018_01_01_12_06_26.cfa,1461,2018-01-01T12:07:51.467Z,sent,f4:db:00:00:00:d9,0x12,Write-Req,0x0021,07 9C 00 00 00 03,6,0x07
old/hci_snoop_2018_01_01_12_06_26.cfa,1465,2018-01-01T12:07:51.642Z,recv,f4:db:00:00:00:d9,0x1B,Notify,0x0024,07 9C 00 00 00 03 48 01 48 01 47 01 5C 04 5D 04 5C 04 00 00,20,0x07
old/hci_snoop_2018_01_01_12_06_26.cfa,1466,2018-01-01T12:07:51.730Z,recv,f4:db:00:00:00:d9,0x13,Write-Rsp,,,0,
old/hci_snoop_2018_01_01_12_06_26.cfa,1467,2018-01-01T12:07:51.740Z,sent,f4:db:00:00:00:d9,0x12,Write-Req,0x0021,07 9C 00 00 00 03,6,0x07
old/hci_snoop_2018_01_01_12_06_26.cfa,1469,2018-01-01T12:07:51.910Z,recv,f4:db:00:00:00:d9,0x1B,Notify,0x0024,07 9C 00 00 00 03 48 01 48 01 47 01 5C 04 5D 04 5C 04 00 00,20,0x07
old/hci_snoop_2018_01_01_12_06_26.cfa,1472,2018-01-01T12:07:51.999Z,recv,f4:db:00:00:00:d9,0x13,Write-Rsp,,,0,
old/hci_snoop_2018_01_01_12_06_26.cfa,1473,2018-01-01T12:07:52.004Z,sent,f4:db:00:00:00:d9,0x12,Write-Req,0x0021,07 9F 00 00 00 03,6,0x07
old/hci_snoop_2018_01_01_12_06_26.cfa,1475,2018-01-01T12:07:52.180Z,recv,f4:db:00:00:00:d9,0x1B,Notify,0x0024,07 9F 00 00 00 03 47 01 46 01 46 01 5C 04 5C 04 59 04 00 00,20,0x07
old/hci_snoop_2018_01_01_12_06_26.cfa,1479,2018-01-01T12:07:52.270Z,recv,f4:db:00:00:00:d9,0x13,Write-Rsp,,,0,
old/hci_snoop_2018_01_01_12_06_26.cfa,1480,2018-01-01T12:07:52.282Z,sent,f4:db:00:00:00:d9,0x12,Write-Req,0x0021,07 9F 00 00 00 03,6,0x07
old/hci_snoop_2018_01_01_12_06_26.cfa,1482,2018-01-01T12:07:52.452Z,recv,f4:db:00:00:00:d9,0x1B,Notify,0x0024,07 9F 00 00 00 03 47 01 46 01 46 01 5C 04 5C 04 59 04 00 00,20,0x07
old/hci_snoop_2018_01_01_12_06_26.cfa,1487,2018-01-01T12:07:52.540Z,recv,f4:db:00:00:00:d9,0x13,Write-Rsp,,,0,
old/hci_snoop_2018_01_01_12_06_26.cfa,1488,2018-01-01T12:07:52.546Z,sent,f4:db:00:00:00:d9,0x12,Write-Req,0x0021,07 A2 00 00 00 03,6,0x07
old/hci_snoop_2018_01_01_12_06_26.cfa,1490,2018-01-01T12:07:52.721Z,recv,f4:db:00:00:00:d9,0x1B,Notify,0x0024,07 A2 00 00 00 03 45 01 44 01 43 01 4D 04 3F 04 36 04 00 00,20,0x07
old/hci_snoop_2018_01_01_12_06_26.cfa,1491,2018-01-01T12:07:52.809Z,recv,f4:db:00:00:00:d9,0x13,Write-Rsp,,,0,
old/hci_snoop_2018_01_01_12_06_26.cfa,1492,2018-01-01T12:07:52.812Z,sent,f4:db:00:00:00:d9,0x12,Write-Req,0x0021,07 A2 00 00 00 03,6,0x07
old/hci_snoop_2018_01_01_12_06_26.cfa,1494,2018-01-01T12:07:52.990Z,recv,f4:db:00:00:00:d9,0x1B,Notify,0x0024,07 A2 00 00 00 03 45 01 44 01 43 01 4D 04 3F 04 36 04 00 00,20,0x07
old/hci_snoop_2018_01_01_12_06_26.cfa,1495,2018-01-01T12:07:53.081Z,recv,f4:db:00:00:00:d9,0x13,Write-Rsp,,,0,
old/hci_snoop_2018_01_01_12_06_26.cfa,1496,2018-01-01T12:07:53.088Z,sent,f4:db:00:00:00:d9,0x12,Write-Req,0x0021,07 A5 00 00 00 03,6,0x07
old/hci_snoop_2018_01_01_12_06_26.cfa,1500,2018-01-01T12:07:53.260Z,recv,f4:db:00:00:00:d9,0x1B,Notify,0x0024,07 A5 00 00 00 03 43 01 42 01 41 01 2A 04 29 04 23 04 00 00,20,0x07
old/hci_snoop_2018_01_01_12_06_26.cfa,1503,2018-01-01T12:07:53.349Z,recv,f4:db:00:00:00:d9,0x13,Write-Rsp,,,0,
old/hci_snoop_2018_01_01_12_06_26.cfa,1504,2018-01-01T12:07:53.354Z,sent,f4:db:00:00:00:d9,0x12,Write-Req,0x0021,07 A5 00 00 00 03,6,0x07
old/hci_snoop_2018_01_01_12_06_26.cfa,1506,2018-01-01T12:07:53.530Z,recv,f4:db:00:00:00:d9,0x1B,Notify,0x0024,07 A5 00 00 00 03 43 01 42 01 41 01 2A 04 29 04 23 04 00 00,20,0x07
old/hci_snoop_2018_01_01_12_06_26.cfa,1507,2018-01-01T12:07:53.620Z,recv,f4:db:00:00:00:d9,0x13,Write-Rsp,,,0,
old/hci_snoop_2018_01_01_12_06_26.cfa,1508,2018-01-01T12:07:53.627Z,sent,f4:db:00:00:00:d9,0x12,Write-Req,0x0021,07 A8 00 00 00 03,6,0x07
old/hci_snoop_2018_01_01_12_06_26.cfa,1512,2018-01-01T12:07:53.800Z,recv,f4:db:00:00:00:d9,0x1B,Notify,0x0024,07 A8 00 00 00 03 41 01 40 01 40 01 21 04 18 04 11 04 00 00,20,0x07
old/hci_snoop_2018_01_01_12_06_26.cfa,1513,2018-01-01T12:07:53.889Z,recv,f4:db:00:00:00:d9,0x13,Write-Rsp,,,0,
old/hci_snoop_2018_01_01_12_06_26.cfa,1514,2018-01-01T12:07:53.893Z,sent,f4:db:00:00:00:d9,0x12,Write-Req,0x0021,07 A8 00 00 00 03,6,0x07
old/hci_snoop_2018_01_01_12_06_26.cfa,1516,2018-01-01T12:07:54.071Z,recv,f4:db:00:00:00:d9,0x1B,Notify,0x0024,07 A8 00 00 00 03 41 01 40 01 40 01 21 04 18 04 11 04 00 00,20,0x07
old/hci_snoop_2018_01_01_12_06_26.cfa,1519,2018-01-01T12:07:54.161Z,recv,f4:db:00:00:00:d9,0x13,Write-Rsp,,,0,
old/hci_snoop_2018_01_01_12_06_26.cfa,1520,2018-01-01T12:07:54.165Z,sent,f4:db:00:00:00:d9,0x12,Write-Req,0x0021,07 AB 00 00 00 03,6,0x07
old/hci_snoop_2018_01_01_12_06_26.cfa,1522,2018-01-01T12:07:54.340Z,recv,f4:db:00:00:00:d9,0x1B,Notify,0x0024,07 AB 00 00 00 03 3F 01 3F 01 3E 01 0B 04 01 04 F9 03 00 00,20,0x07
old/hci_snoop_2018_01_01_12_06_26.cfa,1523,2018-01-01T12:07:54.430Z,recv,f4:db:00:00:00:d9,0x13,Write-Rsp,,,0,
old/hci_snoop_2018_01_01_12_06_26.cfa,1524,2018-01-01T12:07:54.438Z,sent,f4:db:00:00:00:d9,0x12,Write-Req,0x0021,07 AB 00 00 00 03,6,0x07
old/hci_snoop_2018_01_01_12_06_26.cfa,1528,2018-01-01T12:07:54.610Z,recv,f4:db:00:00:00:d9,0x1B,Notify,0x0024,07 AB 00 00 00 03 3F 01 3F 01 3E 01 0B 04 01 04 F9 03 00 00,20,0x07
old/hci_snoop_2018_01_01_12_06_26.cfa,1529,2018-01-01T12:07:54.701Z,recv,f4:db:00:00:00:d9,0x13,Write-Rsp,,,0,
old/hci_snoop_2018_01_01_12_06_26.cfa,1530,2018-01-01T12:07:54.706Z,sent,f4:db:00:00:00:d9,0x12,Write-Req,0x0021,07 AE 00 00 00 03,6,0x07
old/hci_snoop_2018_01_01_12_06_26.cfa,1532,2018-01-01T12:07:54.880Z,recv,f4:db:00:00:00:d9,0x1B,Notify,0x0024,07 AE 00 00 00 03 3D 01 3D 01 3C 01 F9 03 F0 03 F0 03 00 00,20,0x07
old/hci_snoop_2018_01_01_12_06_26.cfa,1533,2018-01-01T12:07:54.970Z,recv,f4:db:00:00:00:d9,0x13,Write-Rsp,,,0,
old/hci_snoop_2018_01_01_12_06_26.cfa,1534,2018-01-01T12:07:54.977Z,sent,f4:db:00:00:00:d9,0x12,Write-Req,0x0021,07 AE 00 00 00 03,6,0x07
old/hci_snoop_2018_01_01_12_06_26.cfa,1540,2018-01-01T12:07:55.152Z,recv,f4:db:00:00:00:d9,0x1B,Notify,0x0024,07 AE 00 00 00 03 3D 01 3D 01 3C 01 F9 03 F0 03 F0 03 00 00,20,0x07
old/hci_snoop_2018_01_01_12_06_26.cfa,1541,2018-01-01T12:07:55.240Z,recv,f4:db:00:00:00:d9,0x13,Write-Rsp,,,0,
old/hci_snoop_2018_01_01_12_06_26.cfa,1542,2018-01-01T12:07:55.246Z,sent,f4:db:00:00:00:d9,0x12,Write-Req,0x0021,07 B1 00 00 00 03,6,0x07
old/hci_snoop_2018_01_01_12_06_26.cfa,1546,2018-01-01T12:07:55.420Z,recv,f4:db:00:00:00:d9,0x1B,Notify,0x0024,07 B1 00 00 00 03 3C 01 3B 01 3B 01 E2 03 D6 03 CF 03 00 00,20,0x07
old/hci_snoop_2018_01_01_12_06_26.cfa,1547,2018-01-01T12:07:55.510Z,recv,f4:db:00:00:00:d9,0x13,Write-Rsp,,,0,
old/hci_snoop_2018_01_01_12_06_26.cfa,1548,2018-01-01T12:07:55.515Z,sent,f4:db:00:00:00:d9,0x12,Write-Req,0x0021,07 B1 00 00 00 03,6,0x07
old/hci_snoop_2018_01_01_12_06_26.cfa,1550,2018-01-01T12:07:55.691Z,recv,f4:db:00:00:00:d9,0x1B,Notify,0x0024,07 B1 00 00 00 03 3C 01 3B 01 3B 01 E2 03 D6 03 CF 03 00 00,20,0x07
old/hci_snoop_2018_01_01_12_06_26.cfa,1553,2018-01-01T12:07:55.869Z,recv,f4:db:00:00:00:d9,0x13,Write-Rsp,,,0,
old/hci_snoop_2018_01_01_12_06_26.cfa,1554,2018-01-01T12:07:55.872Z,sent,f4:db:00:00:00:d9,0x12,Write-Req,0x0021,07 B4 00 00 00 03,6,0x07
old/hci_snoop_2018_01_01_12_06_26.cfa,1558,2018-01-01T12:07:56.052Z,recv,f4:db:00:00:00:d9,0x1B,Notify,0x0024,07 B4 00 00 00 03 3A 01 3A 01 3A 01 E4 03 ED 03 F3 03 00 00,20,0x07
old/hci_snoop_2018_01_01_12_06_26.cfa,1559,2018-01-01T12:07:56.140Z,recv,f4:db:00:00:00:d9,0x13,Write-Rsp,,,0,
old/hci_snoop_2018_01_01_12_06_26.cfa,1560,2018-01-01T12:07:56.146Z,sent,f4:db:00:00:00:d9,0x12,Write-Req,0x0021,07 B4 00 00 00 03,6,0x07
old/hci_snoop_2018_01_01_12_06_26.cfa,1564,2018-01-01T12:07:56.320Z,recv,f4:db:00:00:00:d9,0x1B,Notify,0x0024,07 B4 00 00 00 03 3A 01 3A 01 3A 01 E4 03 ED 03 F3 03 00 00,20,0x07
old/hci_snoop_2018_01_01_12_06_26.cfa,1565,2018-01-01T12:07:56.410Z,recv,f4:db:00:00:00:d9,0x13,Write-Rsp,,,0,
old/hci_snoop_2018_01_01_12_06_26.cfa,1566,2018-01-01T12:07:56.416Z,sent,f4:db:00:00:00:d9,0x12,Write-Req,0x0021,07 B7 00 00 00 03,6,0x07
old/hci_snoop_2018_01_01_12_06_26.cfa,1568,2018-01-01T12:07:56.592Z,recv,f4:db:00:00:00:d9,0x1B,Notify,0x0024,07 B7 00 00 00 03 3A 01 3A 01 39 01 FA 03 01 04 07 04 00 00,20,0x07
old/hci_snoop_2018_01_01_12_06_26.cfa,1569,2018-01-01T12:07:56.679Z,recv,f4:db:00:00:00:d9,0x13,Write-Rsp,,,0,
old/hci_snoop_2018_01_01_12_06_26.cfa,1570,2018-01-01T12:07:56.687Z,sent,f4:db:00:00:00:d9,0x12,Write-Req,0x0021,07 B7 00 00 00 03,6,0x07
old/hci_snoop_2018_01_01_12_06_26.cfa,1572,2018-01-01T12:07:56.860Z,recv,f4:db:00:00:00:d9,0x1B,Notify,0x0024,07 B7 00 00 00 03 3A 01 3A 01 39 01 FA 03 01 04 07 04 00 00,20,0x07
old/hci_snoop_2018_01_01_12_06_26.cfa,1573,2018-01-01T12:07:56.950Z,recv,f4:db:00:00:00:d9,0x13,Write-Rsp,,,0,
old/hci_snoop_2018_01_01_12_06_26.cfa,1574,2018-01-01T12:07:56.955Z,sent,f4:db:00:00:00:d9,0x12,Write-Req,0x0021,07 BA 00 00 00 03,6,0x07
old/hci_snoop_2018_01_01_12_06_26.cfa,1585,2018-01-01T12:07:57.129Z,recv,f4:db:00:00:00:d9,0x1B,Notify,0x0024,07 BA 00 00 00 03 39 01 39 01 39 01 0D 04 11 04 13 04 00 00,20,0x07
old/hci_snoop_2018_01_01_12_06_26.cfa,1609,2018-01-01T12:07:57.218Z,recv,f4:db:00:00:00:d9,0x13,Write-Rsp,,,0,
old/hci_snoop_2018_01_01_12_06_26.cfa,1610,2018-01-01T12:07:57.222Z,sent,f4:db:00:00:00:d9,0x12,Write-Req,0x0021,07 BA 00 00 00 03,6,0x07
old/hci_snoop_2018_01_01_12_06_26.cfa,1612,2018-01-01T12:07:57.399Z,recv,f4:db:00:00:00:d9,0x1B,Notify,0x0024,07 BA 00 00 00 03 39 01 39 01 39 01 0D 04 11 04 13 04 00 00,20,0x07
old/hci_snoop_2018_01_01_12_06_26.cfa,1613,2018-01-01T12:07:57.490Z,recv,f4:db:00:00:00:d9,0x13,Write-Rsp,,,0,
old/hci_snoop_2018_01_01_12_06_26.cfa,1614,2018-01-01T12:07:57.496Z,sent,f4:db:00:00:00:d9,0x12,Write-Req,0x0021,07 BD 00 00 00 03,6,0x07
old/hci_snoop_2018_01_01_12_06_26.cfa,1620,2018-01-01T12:07:57.670Z,recv,f4:db:00:00:00:d9,0x1B,Notify,0x0024,07 BD 00 00 00 03 39 01 3A 01 39 01 17 04 1D 04 22 04 00 00,20,0x07
old/hci_snoop_2018_01_01_12_06_26.cfa,1621,2018-01-01T12:07:57.760Z,recv,f4:db:00:00:00:d9,0x13,Write-Rsp,,,0,
old/hci_snoop_2018_01_01_12_06_26.cfa,1622,2018-01-01T12:07:57.764Z,sent,f4:db:00:00:00:d9,0x12,Write-Req,0x0021,07 BD 00 00 00 03,6,0x07
old/hci_snoop_2018_01_01_12_06_26.cfa,1626,2018-01-01T12:07:57.940Z,recv,f4:db:00:00:00:d9,0x1B,Notify,0x0024,07 BD 00 00 00 03 39 01 3A 01 39 01 17 04 1D 04 22 04 00 00,20,0x07
old/hci_snoop_2018_01_01_12_06_26.cfa,1627,2018-01-01T12:07:58.029Z,recv,f4:db:00:00:00:d9,0x13,Write-Rsp,,,0,
old/hci_snoop_2018_01_01_12_06_26.cfa,1628,2018-01-01T12:07:58.032Z,sent,f4:db:00:00:00:d9,0x12,Write-Req,0x0021,07 C0 00 00 00 03,6,0x07
old/hci_snoop_2018_01_01_12_06_26.cfa,1630,2018-01-01T12:07:58.210Z,recv,f4:db:00:00:00:d9,0x1B,Notify,0x0024,07 C0 00 00 00 03 3A 01 39 01 3A 01 26 04 2A 04 2D 04 00 00,20,0x07
old/hci_snoop_2018_01_01_12_06_26.cfa,1631,2018-01-01T12:07:58.302Z,recv,f4:db:00:00:00:d9,0x13,Write-Rsp,,,0,
old/hci_snoop_2018_01_01_12_06_26.cfa,1632,2018-01-01T12:07:58.308Z,sent,f4:db:00:00:00:d9,0x12,Write-Req,0x0021,07 C0 00 00 00 03,6,0x07
old/hci_snoop_2018_01_01_12_06_26.cfa,1638,2018-01-01T12:07:58.480Z,recv,f4:db:00:00:00:d9,0x1B,Notify,0x0024,07 C0 00 00 00 03 3A 01 39 01 3A 01 26 04 2A 04 2D 04 00 00,20,0x07
old/hci_snoop_2018_01_01_12_06_26.cfa,1639,2018-01-01T12:07:58.570Z,recv,f4:db:00:00:00:d9,0x13,Write-Rsp,,,0,
old/hci_snoop_2018_01_01_12_06_26.cfa,1640,2018-01-01T12:07:58.576Z,sent,f4:db:00:00:00:d9,0x12,Write-Req,0x0021,07 C3 00 00 00 03,6,0x07
old/hci_snoop_2018_01_01_12_06_26.cfa,1644,2018-01-01T12:07:58.751Z,recv,f4:db:00:00:00:d9,0x1B,Notify,0x0024,07 C3 00 00 00 03 3A 01 3A 01 3A 01 31 04 34 04 37 04 00 00,20,0x07
old/hci_snoop_2018_01_01_12_06_26.cfa,1645,2018-01-01T12:07:58.840Z,recv,f4:db:00:00:00:d9,0x13,Write-Rsp,,,0,
old/hci_snoop_2018_01_01_12_06_26.cfa,1646,2018-01-01T12:07:58.845Z,sent,f4:db:00:00:00:d9,0x12,Write-Req,0x0021,07 C3 00 00 00 03,6,0x07
old/hci_snoop_2018_01_01_12_06_26.cfa,1648,2018-01-01T12:07:59.020Z,recv,f4:db:00:00:00:d9,0x1B,Notify,0x0024,07 C3 00 00 00 03 3A 01 3A 01 3A 01 31 04 34 04 37 04 00 00,20,0x07
old/hci_snoop_2018_01_01_12_06_26.cfa,1649,2018-01-01T12:07:59.110Z,recv,f4:db:00:00:00:d9,0x13,Write-Rsp,,,0,
old/hci_snoop_2018_01_01_12_06_26.cfa,1650,2018-01-01T12:07:59.117Z,sent,f4:db:00:00:00:d9,0x12,Write-Req,0x0021,07 C6 00 00 00 03,6,0x07
old/hci_snoop_2018_01_01_12_06_26.cfa,1654,2018-01-01T12:07:59.289Z,recv,f4:db:00:00:00:d9,0x1B,Notify,0x0024,07 C6 00 00 00 03 3A 01 3A 01 3A 01 3A 04 3D 04 3F 04 00 00,20,0x07
old/hci_snoop_2018_01_01_12_06_26.cfa,1655,2018-01-01T12:07:59.379Z,recv,f4:db:00:00:00:d9,0x13,Write-Rsp,,,0,
old/hci_snoop_2018_01_01_12_06_26.cfa,1656,2018-01-01T12:07:59.383Z,sent,f4:db:00:00:00:d9,0x12,Write-Req,0x0021,07 C6 00 00 00 03,6,0x07
old/hci_snoop_2018_01_01_12_06_26.cfa,1658,2018-01-01T12:07:59.560Z,recv,f4:db:00:00:00:d9,0x1B,Notify,0x0024,07 C6 00 00 00 03 3A 01 3A 01 3A 01 3A 04 3D 04 3F 04 00 00,20,0x07
old/hci_snoop_2018_01_01_12_06_26.cfa,1661,2018-01-01T12:07:59.650Z,recv,f4:db:00:00:00:d9,0x13,Write-Rsp,,,0,
old/hci_snoop_2018_01_01_12_06_26.cfa,1662,2018-01-01T12:07:59.657Z,sent,f4:db:00:00:00:d9,0x12,Write-Req,0x0021,07 C9 00 00 00 03,6,0x07
old/hci_snoop_2018_01_01_12_06_26.cfa,1664,2018-01-01T12:07:59.830Z,recv,f4:db:00:00:00:d9,0x1B,Notify,0x0024,07 C9 00 00 00 03 3A 01 3A 01 3A 01 42 04 44 04 47 04 00 00,20,0x07
old/hci_snoop_2018_01_01_12_06_26.cfa,1665,2018-01-01T12:07:59.923Z,recv,f4:db:00:00:00:d9,0x13,Write-Rsp,,,0,
old/hci_snoop_2018_01_01_12_06_26.cfa,1666,2018-01-01T12:07:59.934Z,sent,f4:db:00:00:00:d9,0x12,Write-Req,0x0021,07 C9 00 00 00 03,6,0x07
old/hci_snoop_2018_01_01_12_06_26.cfa,1670,2018-01-01T12:08:00.099Z,recv,f4:db:00:00:00:d9,0x1B,Notify,0x0024,07 C9 00 00 00 03 3A 01 3A 01 3A 01 42 04 44 04 47 04 00 00,20,0x07
old/hci_snoop_2018_01_01_12_06_26.cfa,1671,2018-01-01T12:08:00.192Z,recv,f4:db:00:00:00:d9,0x13,Write-Rsp,,,0,
old/hci_snoop_2018_01_01_12_06_26.cfa,1672,2018-01-01T12:08:00.195Z,sent,f4:db:00:00:00:d9,0x12,Write-Req,0x0021,07 CC 00 00 00 03,6,0x07
old/hci_snoop_2018_01_01_12_06_26.cfa,1674,2018-01-01T12:08:00.370Z,recv,f4:db:00:00:00:d9,0x1B,Notify,0x0024,07 CC 00 00 00 03 3A 01 3A 01 3A 01 49 04 4B 04 4D 04 00 00,20,0x07
old/hci_snoop_2018_01_01_12_06_26.cfa,1677,2018-01-01T12:08:00.459Z,recv,f4:db:00:00:00:d9,0x13,Write-Rsp,,,0,
old/hci_snoop_2018_01_01_12_06_26.cfa,1678,2018-01-01T12:08:00.461Z,sent,f4:db:00:00:00:d9,0x12,Write-Req,0x0021,07 CC 00 00 00 03,6,0x07
old/hci_snoop_2018_01_01_12_06_26.cfa,1689,2018-01-01T12:08:00.638Z,recv,f4:db:00:00:00:d9,0x1B,Notify,0x0024,07 CC 00 00 00 03 3A 01 3A 01 3A 01 49 04 4B 04 4D 04 00 00,20,0x07
old/hci_snoop_2018_01_01_12_06_26.cfa,1693,2018-01-01T12:08:00.728Z,recv,f4:db:00:00:00:d9,0x13,Write-Rsp,,,0,
old/hci_snoop_2018_01_01_12_06_26.cfa,1694,2018-01-01T12:08:00.730Z,sent,f4:db:00:00:00:d9,0x12,Write-Req,0x0021,07 CF 00 00 00 03,6,0x07
old/hci_snoop_2018_01_01_12_06_26.cfa,1696,2018-01-01T12:08:00.909Z,recv,f4:db:00:00:00:d9,0x1B,Notify,0x0024,07 CF 00 00 00 03 3A 01 3A 01 3A 01 4E 04 4F 04 51 04 00 00,20,0x07
old/hci_snoop_2018_01_01_12_06_26.cfa,1697,2018-01-01T12:08:00.998Z,recv,f4:db:00:00:00:d9,0x13,Write-Rsp,,,0,
old/hci_snoop_2018_01_01_12_06_26.cfa,1698,2018-01-01T12:08:00.999Z,sent,f4:db:00:00:00:d9,0x12,Write-Req,0x0021,07 CF 00 00 00 03,6,0x07
old/hci_snoop_2018_01_01_12_06_26.cfa,1700,2018-01-01T12:08:01.179Z,recv,f4:db:00:00:00:d9,0x1B,Notify,0x0024,07 CF 00 00 00 03 3A 01 3A 01 3A 01 4E 04 4F 04 51 04 00 00,20,0x07
old/hci_snoop_2018_01_01_12_06_26.cfa,1701,2018-01-01T12:08:01.268Z,recv,f4:db:00:00:00:d9,0x13,Write-Rsp,,,0,
old/hci_snoop_2018_01_01_12_06_26.cfa,1702,2018-01-01T12:08:01.269Z,sent,f4:db:00:00:00:d9,0x12,Write-Req,0x0021,07 D2 00 00 00 03,6,0x07
old/hci_snoop_2018_01_01_12_06_26.cfa,1704,2018-01-01T12:08:01.448Z,recv,f4:db:00:00:00:d9,0x1B,Notify,0x0024,07 D2 00 00 00 03 3B 01 3B 01 3B 01 53 04 55 04 56 04 00 00,20,0x07
old/hci_snoop_2018_01_01_12_06_26.cfa,1705,2018-01-01T12:08:01.538Z,recv,f4:db:00:00:00:d9,0x13,Write-Rsp,,,0,
old/hci_snoop_2018_01_01_12_06_26.cfa,1706,2018-01-01T12:08:01.539Z,sent,f4:db:00:00:00:d9,0x12,Write-Req,0x0021,07 D2 00 00 00 03,6,0x07
old/hci_snoop_2018_01_01_12_06_26.cfa,1708,2018-01-01T12:08:01.719Z,recv,f4:db:00:00:00:d9,0x1B,Notify,0x0024,07 D2 00 00 00 03 3B 01 3B 01 3B 01 53 04 55 04 56 04 00 00,20,0x07
old/hci_snoop_2018_01_01_12_06_26.cfa,1709,2018-01-01T12:08:01.808Z,recv,f4:db:00:00:00:d9,0x13,Write-Rsp,,,0,
old/hci_snoop_2018_01_01_12_06_26.cfa,1710,2018-01-01T12:08:01.809Z,sent,f4:db:00:00:00:d9,0x12,Write-Req,0x0021,07 D5 00 00 00 03,6,0x07
old/hci_snoop_2018_01_01_12_06_26.cfa,1712,2018-01-01T12:08:01.989Z,recv,f4:db:00:00:00:d9,0x1B,Notify,0x0024,07 D5 00 00 00 03 3B 01 3B 01 3B 01 57 04 58 04 59 04 00 00,20,0x07
old/hci_snoop_2018_01_01_12_06_26.cfa,1713,2018-01-01T12:08:02.078Z,recv,f4:db:00:00:00:d9,0x13,Write-Rsp,,,0,
old/hci_snoop_2018_01_01_12_06_26.cfa,1714,2018-01-01T12:08:02.079Z,sent,f4:db:00:00:00:d9,0x12,Write-Req,0x0021,07 D5 00 00 00 03,6,0x07
old/hci_snoop_2018_01_01_12_06_26.cfa,1716,2018-01-01T12:08:02.259Z,recv,f4:db:00:00:00:d9,0x1B,Notify,0x0024,07 D5 00 00 00 03 3B 01 3B 01 3B 01 57 04 58 04 59 04 00 00,20,0x07
old/hci_snoop_2018_01_01_12_06_26.cfa,1717,2018-01-01T12:08:02.348Z,recv,f4:db:00:00:00:d9,0x13,Write-Rsp,,,0,
old/hci_snoop_2018_01_01_12_06_26.cfa,1718,2018-01-01T12:08:02.349Z,sent,f4:db:00:00:00:d9,0x12,Write-Req,0x0021,07 D8 00 00 00 03,6,0x07
old/hci_snoop_2018_01_01_12_06_26.cfa,1720,2018-01-01T12:08:02.528Z,recv,f4:db:00:00:00:d9,0x1B,Notify,0x0024,07 D8 00 00 00 03 3B 01 3B 01 3B 01 5A 04 5B 04 5C 04 00 00,20,0x07
old/hci_snoop_2018_01_01_12_06_26.cfa,1721,2018-01-01T12:08:02.618Z,recv,f4:db:00:00:00:d9,0x13,Write-Rsp,,,0,
old/hci_snoop_2018_01_01_12_06_26.cfa,1722,2018-01-01T12:08:02.619Z,sent,f4:db:00:00:00:d9,0x12,Write-Req,0x0021,07 D8 00 00 00 03,6,0x07
old/hci_snoop_2018_01_01_12_06_26.cfa,1724,2018-01-01T12:08:02.800Z,recv,f4:db:00:00:00:d9,0x1B,Notify,0x0024,07 D8 00 00 00 03 3B 01 3B 01 3B 01 5A 04 5B 04 5C 04 00 00,20,0x07
old/hci_snoop_2018_01_01_12_06_26.cfa,1725,2018-01-01T12:08:02.893Z,recv,f4:db:00:00:00:d9,0x13,Write-Rsp,,,0,
old/hci_snoop_2018_01_01_12_06_26.cfa,1726,2018-01-01T12:08:02.899Z,sent,f4:db:00:00:00:d9,0x12,Write-Req,0x0021,07 DB 00 00 00 03,6,0x07
old/hci_snoop_2018_01_01_12_06_26.cfa,1728,2018-01-01T12:08:03.073Z,recv,f4:db:00:00:00:d9,0x1B,Notify,0x0024,07 DB 00 00 00 03 3B 01 3B 01 3B 01 5D 04 5E 04 5F 04 00 00,20,0x07
old/hci_snoop_2018_01_01_12_06_26.cfa,1729,2018-01-01T12:08:03.159Z,recv,f4:db:00:00:00:d9,0x13,Write-Rsp,,,0,
old/hci_snoop_2018_01_01_12_06_26.cfa,1730,2018-01-01T12:08:03.178Z,sent,f4:db:00:00:00:d9,0x12,Write-Req,0x0021,07 DB 00 00 00 03,6,0x07
old/hci_snoop_2018_01_01_12_06_26.cfa,1750,2018-01-01T12:08:03.339Z,recv,f4:db:00:00:00:d9,0x1B,Notify,0x0024,07 DB 00 00 00 03 3B 01 3B 01 3B 01 5D 04 5E 04 5F 04 00 00,20,0x07
old/hci_snoop_2018_01_01_12_06_26.cfa,1751,2018-01-01T12:08:03.431Z,recv,f4:db:00:00:00:d9,0x13,Write-Rsp,,,0,
old/hci_snoop_2018_01_01_12_06_26.cfa,1752,2018-01-01T12:08:03.435Z,sent,f4:db:00:00:00:d9,0x12,Write-Req,0x0021,07 DE 00 00 00 03,6,0x07
old/hci_snoop_2018_01_01_12_06_26.cfa,1756,2018-01-01T12:08:03.609Z,recv,f4:db:00:00:00:d9,0x1B,Notify,0x0024,07 DE 00 00 00 03 3B 01 3B 01 3B 01 60 04 61 04 61 04 00 00,20,0x07
old/hci_snoop_2018_01_01_12_06_26.cfa,1757,2018-01-01T12:08:03.699Z,recv,f4:db:00:00:00:d9,0x13,Write-Rsp,,,0,
old/hci_snoop_2018_01_01_12_06_26.cfa,1758,2018-01-01T12:08:03.701Z,sent,f4:db:00:00:00:d9,0x12,Write-Req,0x0021,07 DE 00 00 00 03,6,0x07
old/hci_snoop_2018_01_01_12_06_26.cfa,1762,2018-01-01T12:08:03.883Z,recv,f4:db:00:00:00:d9,0x1B,Notify,0x0024,07 DE 00 00 00 03 3B 01 3B 01 3B 01 60 04 61 04 61 04 00 00,20,0x07
old/hci_snoop_2018_01_01_12_06_26.cfa,1763,2018-01-01T12:08:03.969Z,recv,f4:db:00:00:00:d9,0x13,Write-Rsp,,,0,
old/hci_snoop_2018_01_01_12_06_26.cfa,1764,2018-01-01T12:08:03.972Z,sent,f4:db:00:00:00:d9,0x12,Write-Req,0x0021,07 E1 00 00 00 03,6,0x07
old/hci_snoop_2018_01_01_12_06_26.cfa,1766,2018-01-01T12:08:04.152Z,recv,f4:db:00:00:00:d9,0x1B,Notify,0x0024,07 E1 00 00 00 03 3B 01 3B 01 3B 01 63 04 63 04 64 04 00 00,20,0x07
old/hci_snoop_2018_01_01_12_06_26.cfa,1767,2018-01-01T12:08:04.239Z,recv,f4:db:00:00:00:d9,0x13,Write-Rsp,,,0,
old/hci_snoop_2018_01_01_12_06_26.cfa,1768,2018-01-01T12:08:04.244Z,sent,f4:db:00:00:00:d9,0x12,Write-Req,0x0021,07 E1 00 00 00 03,6,0x07
old/hci_snoop_2018_01_01_12_06_26.cfa,1772,2018-01-01T12:08:04.420Z,recv,f4:db:00:00:00:d9,0x1B,Notify,0x0024,07 E1 00 00 00 03 3B 01 3B 01 3B 01 63 04 63 04 64 04 00 00,20,0x07
old/hci_snoop_2018_01_01_12_06_26.cfa,1773,2018-01-01T12:08:04.509Z,recv,f4:db:00:00:00:d9,0x13,Write-Rsp,,,0,
old/hci_snoop_2018_01_01_12_06_26.cfa,1774,2018-01-01T12:08:04.518Z,sent,f4:db:00:00:00:d9,0x12,Write-Req,0x0021,07 E4 00 00 00 03,6,0x07
old/hci_snoop_2018_01_01_12_06_26.cfa,1778,2018-01-01T12:08:04.689Z,recv,f4:db:00:00:00:d9,0x1B,Notify,0x0024,07 E4 00 00 00 03 3B 01 3B 01 3B 01 65 04 66 04 66 04 00 00,20,0x07
old/hci_snoop_2018_01_01_12_06_26.cfa,1779,2018-01-01T12:08:04.781Z,recv,f4:db:00:00:00:d9,0x13,Write-Rsp,,,0,
old/hci_snoop_2018_01_01_12_06_26.cfa,1780,2018-01-01T12:08:04.785Z,sent,f4:db:00:00:00:d9,0x12,Write-Req,0x0021,07 E4 00 00 00 03,6,0x07
old/hci_snoop_2018_01_01_12_06_26.cfa,1789,2018-01-01T12:08:04.959Z,recv,f4:db:00:00:00:d9,0x1B,Notify,0x0024,07 E4 00 00 00 03 3B 01 3B 01 3B 01 65 04 66 04 66 04 00 00,20,0x07
old/hci_snoop_2018_01_01_12_06_26.cfa,1813,2018-01-01T12:08:05.049Z,recv,f4:db:00:00:00:d9,0x13,Write-Rsp,,,0,
old/hci_snoop_2018_01_01_12_06_26.cfa,1814,2018-01-01T12:08:05.051Z,sent,f4:db:00:00:00:d9,0x12,Write-Req,0x0021,07 E7 00 00 00 03,6,0x07
old/hci_snoop_2018_01_01_12_06_26.cfa,1818,2018-01-01T12:08:05.231Z,recv,f4:db:00:00:00:d9,0x1B,Notify,0x0024,07 E7 00 00 00 03 3B 01 3B 01 3A 01 67 04 68 04 69 04 00 00,20,0x07
old/hci_snoop_2018_01_01_12_06_26.cfa,1819,2018-01-01T12:08:05.321Z,recv,f4:db:00:00:00:d9,0x13,Write-Rsp,,,0,
old/hci_snoop_2018_01_01_12_06_26.cfa,1821,2018-01-01T12:08:05.325Z,sent,f4:db:00:00:00:d9,0x12,Write-Req,0x0021,07 E7 00 00 00 03,6,0x07
old/hci_snoop_2018_01_01_12_06_26.cfa,1823,2018-01-01T12:08:05.501Z,recv,f4:db:00:00:00:d9,0x1B,Notify,0x0024,07 E7 00 00 00 03 3B 01 3B 01 3A 01 67 04 68 04 69 04 00 00,20,0x07
old/hci_snoop_2018_01_01_12_06_26.cfa,1826,2018-01-01T12:08:05.590Z,recv,f4:db:00:00:00:d9,0x13,Write-Rsp,,,0,
old/hci_snoop_2018_01_01_12_06_26.cfa,1827,2018-01-01T12:08:05.597Z,sent,f4:db:00:00:00:d9,0x12,Write-Req,0x0021,07 EA 00 00 00 03,6,0x07
old/hci_snoop_2018_01_01_12_06_26.cfa,1829,2018-01-01T12:08:05.769Z,recv,f4:db:00:00:00:d9,0x1B,Notify,0x0024,07 EA 00 00 00 03 3A 01 3B 01 3A 01 6A 04 6B 04 6A 04 00 00,20,0x07
old/hci_snoop_2018_01_01_12_06_26.cfa,1830,2018-01-01T12:08:05.860Z,recv,f4:db:00:00:00:d9,0x13,Write-Rsp,,,0,
old/hci_snoop_2018_01_01_12_06_26.cfa,1831,2018-01-01T12:08:05.866Z,sent,f4:db:00:00:00:d9,0x12,Write-Req,0x0021,07 EA 00 00 00 03,6,0x07
old/hci_snoop_2018_01_01_12_06_26.cfa,1837,2018-01-01T12:08:06.039Z,recv,f4:db:00:00:00:d9,0x1B,Notify,0x0024,07 EA 00 00 00 03 3A 01 3B 01 3A 01 6A 04 6B 04 6A 04 00 00,20,0x07
old/hci_snoop_2018_01_01_12_06_26.cfa,1838,2018-01-01T12:08:06.131Z,recv,f4:db:00:00:00:d9,0x13,Write-Rsp,,,0,
old/hci_snoop_2018_01_01_12_06_26.cfa,1839,2018-01-01T12:08:06.135Z,sent,f4:db:00:00:00:d9,0x12,Write-Req,0x0021,07 ED 00 00 00 03,6,0x07
old/hci_snoop_2018_01_01_12_06_26.cfa,1841,2018-01-01T12:08:06.310Z,recv,f4:db:00:00:00:d9,0x1B,Notify,0x0024,07 ED 00 00 00 03 3A 01 3B 01 3C 01 6A 04 6C 04 6B 04 00 00,20,0x07
old/hci_snoop_2018_01_01_12_06_26.cfa,1844,2018-01-01T12:08:06.398Z,recv,f4:db:00:00:00:d9,0x13,Write-Rsp,,,0,
old/hci_snoop_2018_01_01_12_06_26.cfa,1845,2018-01-01T12:08:06.402Z,sent,f4:db:00:00:00:d9,0x12,Write-Req,0x0021,07 ED 00 00 00 03,6,0x07
old/hci_snoop_2018_01_01_12_06_26.cfa,1847,2018-01-01T12:08:06.580Z,recv,f4:db:00:00:00:d9,0x1B,Notify,0x0024,07 ED 00 00 00 03 3A 01 3B 01 3C 01 6A 04 6C 04 6B 04 00 00,20,0x07
old/hci_snoop_2018_01_01_12_06_26.cfa,1848,2018-01-01T12:08:06.669Z,recv,f4:db:00:00:00:d9,0x13,Write-Rsp,,,0,
old/hci_snoop_2018_01_01_12_06_26.cfa,1849,2018-01-01T12:08:06.673Z,sent,f4:db:00:00:00:d9,0x12,Write-Req,0x0021,07 F0 00 00 00 03,6,0x07
old/hci_snoop_2018_01_01_12_06_26.cfa,1851,2018-01-01T12:08:06.852Z,recv,f4:db:00:00:00:d9,0x1B,Notify,0x0024,07 F0 00 00 00 03 3E 01 40 01 41 01 68 04 64 04 5F 04 00 00,20,0x07
old/hci_snoop_2018_01_01_12_06_26.cfa,1854,2018-01-01T12:08:06.940Z,recv,f4:db:00:00:00:d9,0x13,Write-Rsp,,,0,
old/hci_snoop_2018_01_01_12_06_26.cfa,1855,2018-01-01T12:08:06.947Z,sent,f4:db:00:00:00:d9,0x12,Write-Req,0x0021,07 F0 00 00 00 03,6,0x07
old/hci_snoop_2018_01_01_12_06_26.cfa,1857,2018-01-01T12:08:07.120Z,recv,f4:db:00:00:00:d9,0x1B,Notify,0x0024,07 F0 00 00 00 03 3E 01 40 01 41 01 68 04 64 04 5F 04 00 00,20,0x07
old/hci_snoop_2018_01_01_12_06_26.cfa,1858,2018-01-01T12:08:07.209Z,recv,f4:db:00:00:00:d9,0x13,Write-Rsp,,,0,
old/hci_snoop_2018_01_01_12_06_26.cfa,1859,2018-01-01T12:08:07.212Z,sent,f4:db:00:00:00:d9,0x12,Write-Req,0x0021,07 F3 00 00 00 03,6,0x07
old/hci_snoop_2018_01_01_12_06_26.cfa,1861,2018-01-01T12:08:07.390Z,recv,f4:db:00:00:00:d9,0x1B,Notify,0x0024,07 F3 00 00 00 03 43 01 44 01 45 01 5C 04 58 04 56 04 00 00,20,0x07
old/hci_snoop_2018_01_01_12_06_26.cfa,1862,2018-01-01T12:08:07.480Z,recv,f4:db:00:00:00:d9,0x13,Write-Rsp,,,0,
old/hci_snoop_2018_01_01_12_06_26.cfa,1863,2018-01-01T12:08:07.484Z,sent,f4:db:00:00:00:d9,0x12,Write-Req,0x0021,07 F3 00 00 00 03,6,0x07
old/hci_snoop_2018_01_01_12_06_26.cfa,1865,2018-01-01T12:08:07.660Z,recv,f4:db:00:00:00:d9,0x1B,Notify,0x0024,07 F3 00 00 00 03 43 01 44 01 45 01 5C 04 58 04 56 04 00 00,20,0x07
old/hci_snoop_2018_01_01_12_06_26.cfa,1868,2018-01-01T12:08:07.750Z,recv,f4:db:00:00:00:d9,0x13,Write-Rsp,,,0,
old/hci_snoop_2018_01_01_12_06_26.cfa,1869,2018-01-01T12:08:07.756Z,sent,f4:db:00:00:00:d9,0x12,Write-Req,0x0021,07 F6 00 00 00 03,6,0x07
old/hci_snoop_2018_01_01_12_06_26.cfa,1871,2018-01-01T12:08:07.929Z,recv,f4:db:00:00:00:d9,0x1B,Notify,0x0024,07 F6 00 00 00 03 47 01 48 01 4A 01 56 04 53 04 4D 04 00 00,20,0x07
old/hci_snoop_2018_01_01_12_06_26.cfa,1874,2018-01-01T12:08:08.110Z,recv,f4:db:00:00:00:d9,0x13,Write-Rsp,,,0,
old/hci_snoop_2018_01_01_12_06_26.cfa,1875,2018-01-01T12:08:08.115Z,sent,f4:db:00:00:00:d9,0x12,Write-Req,0x0021,07 F6 00 00 00 03,6,0x07
old/hci_snoop_2018_01_01_12_06_26.cfa,1877,2018-01-01T12:08:08.290Z,recv,f4:db:00:00:00:d9,0x1B,Notify,0x0024,07 F6 00 00 00 03 47 01 48 01 4A 01 56 04 53 04 4D 04 00 00,20,0x07
old/hci_snoop_2018_01_01_12_06_26.cfa,1878,2018-01-01T12:08:08.380Z,recv,f4:db:00:00:00:d9,0x13,Write-Rsp,,,0,
old/hci_snoop_2018_01_01_12_06_26.cfa,1879,2018-01-01T12:08:08.384Z,sent,f4:db:00:00:00:d9,0x12,Write-Req,0x0021,07 F9 00 00 00 03,6,0x07
old/hci_snoop_2018_01_01_12_06_26.cfa,1883,2018-01-01T12:08:08.561Z,recv,f4:db:00:00:00:d9,0x1B,Notify,0x0024,07 F9 00 00 00 03 4C 01 51 01 4F 01 48 04 3D 04 41 04 00 00,20,0x07
old/hci_snoop_2018_01_01_12_06_26.cfa,1886,2018-01-01T12:08:08.649Z,recv,f4:db:00:00:00:d9,0x13,Write-Rsp,,,0,
old/hci_snoop_2018_01_01_12_06_26.cfa,1887,2018-01-01T12:08:08.654Z,sent,f4:db:00:00:00:d9,0x12,Write-Req,0x0021,07 F9 00 00 00 03,6,0x07
old/hci_snoop_2018_01_01_12_06_26.cfa,1889,2018-01-01T12:08:08.830Z,recv,f4:db:00:00:00:d9,0x1B,Notify,0x0024,07 F9 00 00 00 03 4C 01 51 01 4F 01 48 04 3D 04 41 04 00 00,20,0x07
old/hci_snoop_2018_01_01_12_06_26.cfa,1892,2018-01-01T12:08:08.919Z,recv,f4:db:00:00:00:d9,0x13,Write-Rsp,,,0,
old/hci_snoop_2018_01_01_12_06_26.cfa,1893,2018-01-01T12:08:08.922Z,sent,f4:db:00:00:00:d9,0x12,Write-Req,0x0021,07 FC 00 00 00 03,6,0x07
old/hci_snoop_2018_01_01_12_06_26.cfa,1895,2018-01-01T12:08:09.100Z,recv,f4:db:00:00:00:d9,0x1B,Notify,0x0024,07 FC 00 00 00 03 4F 01 4F 01 4F 01 41 04 3F 04 3F 04 00 00,20,0x07
old/hci_snoop_2018_01_01_12_06_26.cfa,1896,2018-01-01T12:08:09.190Z,recv,f4:db:00:00:00:d9,0x13,Write-Rsp,,,0,
old/hci_snoop_2018_01_01_12_06_26.cfa,1897,2018-01-01T12:08:09.193Z,sent,f4:db:00:00:00:d9,0x12,Write-Req,0x0021,07 FC 00 00 00 03,6,0x07
old/hci_snoop_2018_01_01_12_06_26.cfa,1899,2018-01-01T12:08:09.370Z,recv,f4:db:00:00:00:d9,0x1B,Notify,0x0024,07 FC 00 00 00 03 4F 01 4F 01 4F 01 41 04 3F 04 3F 04 00 00,20,0x07
old/hci_snoop_2018_01_01_12_06_26.cfa,1904,2018-01-01T12:08:09.459Z,recv,f4:db:00:00:00:d9,0x13,Write-Rsp,,,0,
old/hci_snoop_2018_01_01_12_06_26.cfa,1905,2018-01-01T12:08:09.464Z,sent,f4:db:00:00:00:d9,0x12,Write-Req,0x0021,07 FF 00 00 00 03,6,0x07
old/hci_snoop_2018_01_01_12_06_26.cfa,1909,2018-01-01T12:08:09.913Z,recv,f4:db:00:00:00:d9,0x1B,Notify,0x0024,07 FF 00 00 00 03 50 01 50 01 50 01 3F 04 3D 04 3C 04 00 00,20,0x07
old/hci_snoop_2018_01_01_12_06_26.cfa,1910,2018-01-01T12:08:09.914Z,recv,f4:db:00:00:00:d9,0x13,Write-Rsp,,,0,
old/hci_snoop_2018_01_01_12_06_26.cfa,1911,2018-01-01T12:08:09.919Z,sent,f4:db:00:00:00:d9,0x12,Write-Req,0x0021,07 FF 00 00 00 03,6,0x07
old/hci_snoop_2018_01_01_12_06_26.cfa,1913,2018-01-01T12:08:10.090Z,recv,f4:db:00:00:00:d9,0x1B,Notify,0x0024,07 FF 00 00 00 03 50 01 50 01 50 01 3F 04 3D 04 3C 04 00 00,20,0x07
old/hci_snoop_2018_01_01_12_06_26.cfa,1914,2018-01-01T12:08:10.180Z,recv,f4:db:00:00:00:d9,0x13,Write-Rsp,,,0,
old/hci_snoop_2018_01_01_12_06_26.cfa,1915,2018-01-01T12:08:10.184Z,sent,f4:db:00:00:00:d9,0x12,Write-Req,0x0021,07 02 01 00 00 03,6,0x07
old/hci_snoop_2018_01_01_12_06_26.cfa,1919,2018-01-01T12:08:10.361Z,recv,f4:db:00:00:00:d9,0x1B,Notify,0x0024,07 02 01 00 00 03 51 01 52 01 53 01 3C 04 3F 04 37 04 00 00,20,0x07
old/hci_snoop_2018_01_01_12_06_26.cfa,1920,2018-01-01T12:08:10.450Z,recv,f4:db:00:00:00:d9,0x13,Write-Rsp,,,0,
old/hci_snoop_2018_01_01_12_06_26.cfa,1921,2018-01-01T12:08:10.454Z,sent,f4:db:00:00:00:d9,0x12,Write-Req,0x0021,07 02 01 00 00 03,6,0x07
old/hci_snoop_2018_01_01_12_06_26.cfa,1925,2018-01-01T12:08:10.629Z,recv,f4:db:00:00:00:d9,0x1B,Notify,0x0024,07 02 01 00 00 03 51 01 52 01 53 01 3C 04 3F 04 37 04 00 00,20,0x07
old/hci_snoop_2018_01_01_12_06_26.cfa,1926,2018-01-01T12:08:10.719Z,recv,f4:db:00:00:00:d9,0x13,Write-Rsp,,,0,
old/hci_snoop_2018_01_01_12_06_26.cfa,1927,2018-01-01T12:08:10.723Z,sent,f4:db:00:00:00:d9,0x12,Write-Req,0x0021,07 05 01 00 00 03,6,0x07
old/hci_snoop_2018_01_01_12_06_26.cfa,1929,2018-01-01T12:08:10.900Z,recv,f4:db:00:00:00:d9,0x1B,Notify,0x0024,07 05 01 00 00 03 54 01 54 01 55 01 36 04 31 04 31 04 00 00,20,0x07
old/hci_snoop_2018_01_01_12_06_26.cfa,1930,2018-01-01T12:08:10.992Z,recv,f4:db:00:00:00:d9,0x13,Write-Rsp,,,0,
old/hci_snoop_2018_01_01_12_06_26.cfa,1931,2018-01-01T12:08:11.038Z,sent,f4:db:00:00:00:d9,0x12,Write-Req,0x0021,07 05 01 00 00 03,6,0x07
old/hci_snoop_2018_01_01_12_06_26.cfa,1937,2018-01-01T12:08:11.170Z,recv,f4:db:00:00:00:d9,0x1B,Notify,0x0024,07 05 01 00 00 03 54 01 54 01 55 01 36 04 31 04 31 04 00 00,20,0x07
old/hci_snoop_2018_01_01_12_06_26.cfa,1938,2018-01-01T12:08:11.262Z,recv,f4:db:00:00:00:d9,0x13,Write-Rsp,,,0,
old/hci_snoop_2018_01_01_12_06_26.cfa,1939,2018-01-01T12:08:11.267Z,sent,f4:db:00:00:00:d9,0x12,Write-Req,0x0021,07 08 01 00 00 03,6,0x07
old/hci_snoop_2018_01_01_12_06_26.cfa,1941,2018-01-01T12:08:11.440Z,recv,f4:db:00:00:00:d9,0x1B,Notify,0x0024,07 08 01 00 00 03 55 01 4A 01 4E 01 2F 04 65 03 A9 03 00 00,20,0x07
old/hci_snoop_2018_01_01_12_06_26.cfa,1944,2018-01-01T12:08:11.530Z,recv,f4:db:00:00:00:d9,0x13,Write-Rsp,,,0,
old/hci_snoop_2018_01_01_12_06_26.cfa,1945,2018-01-01T12:08:11.534Z,sent,f4:db:00:00:00:d9,0x12,Write-Req,0x0021,07 08 01 00 00 03,6,0x07
old/hci_snoop_2018_01_01_12_06_26.cfa,1947,2018-01-01T12:08:11.712Z,recv,f4:db:00:00:00:d9,0x1B,Notify,0x0024,07 08 01 00 00 03 55 01 4A 01 4E 01 2F 04 65 03 A9 03 00 00,20,0x07
old/hci_snoop_2018_01_01_12_06_26.cfa,1948,2018-01-01T12:08:11.800Z,recv,f4:db:00:00:00:d9,0x13,Write-Rsp,,,0,
old/hci_snoop_2018_01_01_12_06_26.cfa,1949,2018-01-01T12:08:11.806Z,sent,f4:db:00:00:00:d9,0x12,Write-Req,0x0021,07 0B 01 00 00 03,6,0x07
old/hci_snoop_2018_01_01_12_06_26.cfa,1955,2018-01-01T12:08:11.979Z,recv,f4:db:00:00:00:d9,0x1B,Notify,0x0024,07 0B 01 00 00 03 51 01 53 01 55 01 B9 03 C2 03 CF 03 00 00,20,0x07
old/hci_snoop_2018_01_01_12_06_26.cfa,1956,2018-01-01T12:08:12.070Z,recv,f4:db:00:00:00:d9,0x13,Write-Rsp,,,0,
old/hci_snoop_2018_01_01_12_06_26.cfa,1957,2018-01-01T12:08:12.074Z,sent,f4:db:00:00:00:d9,0x12,Write-Req,0x0021,07 0B 01 00 00 03,6,0x07
old/hci_snoop_2018_01_01_12_06_26.cfa,1959,2018-01-01T12:08:12.250Z,recv,f4:db:00:00:00:d9,0x1B,Notify,0x0024,07 0B 01 00 00 03 51 01 53 01 55 01 B9 03 C2 03 CF 03 00 00,20,0x07
old/hci_snoop_2018_01_01_12_06_26.cfa,1962,2018-01-01T12:08:12.340Z,recv,f4:db:00:00:00:d9,0x13,Write-Rsp,,,0,
old/hci_snoop_2018_01_01_12_06_26.cfa,1963,2018-01-01T12:08:12.346Z,sent,f4:db:00:00:00:d9,0x12,Write-Req,0x0021,07 0E 01 00 00 03,6,0x07
old/hci_snoop_2018_01_01_12_06_26.cfa,1965,2018-01-01T12:08:12.520Z,recv,f4:db:00:00:00:d9,0x1B,Notify,0x0024,07 0E 01 00 00 03 54 01 52 01 52 01 D3 03 D9 03 E3 03 00 00,20,0x07
old/hci_snoop_2018_01_01_12_06_26.cfa,1966,2018-01-01T12:08:12.611Z,recv,f4:db:00:00:00:d9,0x13,Write-Rsp,,,0,
old/hci_snoop_2018_01_01_12_06_26.cfa,1967,2018-01-01T12:08:12.616Z,sent,f4:db:00:00:00:d9,0x12,Write-Req,0x0021,07 0E 01 00 00 03,6,0x07
old/hci_snoop_2018_01_01_12_06_26.cfa,1971,2018-01-01T12:08:12.789Z,recv,f4:db:00:00:00:d9,0x1B,Notify,0x0024,07 0E 01 00 00 03 54 01 52 01 52 01 D3 03 D9 03 E3 03 00 00,20,0x07
old/hci_snoop_2018_01_01_12_06_26.cfa,1972,2018-01-01T12:08:12.880Z,recv,f4:db:00:00:00:d9,0x13,Write-Rsp,,,0,
old/hci_snoop_2018_01_01_12_06_26.cfa,1973,2018-01-01T12:08:12.886Z,sent,f4:db:00:00:00:d9,0x12,Write-Req,0x0021,07 11 01 00 00 03,6,0x07
old/hci_snoop_2018_01_01_12_06_26.cfa,1975,2018-01-01T12:08:13.060Z,recv,f4:db:00:00:00:d9,0x1B,Notify,0x0024,07 11 01 00 00 03 52 01 50 01 50 01 E6 03 EC 03 F0 03 00 00,20,0x07
old/hci_snoop_2018_01_01_12_06_26.cfa,1978,2018-01-01T12:08:13.149Z,recv,f4:db:00:00:00:d9,0x13,Write-Rsp,,,0,
old/hci_snoop_2018_01_01_12_06_26.cfa,1979,2018-01-01T12:08:13.156Z,sent,f4:db:00:00:00:d9,0x12,Write-Req,0x0021,07 11 01 00 00 03,6,0x07
old/hci_snoop_2018_01_01_12_06_26.cfa,1981,2018-01-01T12:08:13.330Z,recv,f4:db:00:00:00:d9,0x1B,Notify,0x0024,07 11 01 00 00 03 52 01 50 01 50 01 E6 03 EC 03 F0 03 00 00,20,0x07
old/hci_snoop_2018_01_01_12_06_26.cfa,1982,2018-01-01T12:08:13.419Z,recv,f4:db:00:00:00:d9,0x13,Write-Rsp,,,0,
old/hci_snoop_2018_01_01_12_06_26.cfa,1983,2018-01-01T12:08:13.423Z,sent,f4:db:00:00:00:d9,0x12,Write-Req,0x0021,07 14 01 00 00 03,6,0x07
old/hci_snoop_2018_01_01_12_06_26.cfa,1985,2018-01-01T12:08:13.600Z,recv,f4:db:00:00:00:d9,0x1B,Notify,0x0024,07 14 01 00 00 03 4F 01 51 01 53 01 F6 03 F5 03 F6 03 00 00,20,0x07
old/hci_snoop_2018_01_01_12_06_26.cfa,1990,2018-01-01T12:08:13.689Z,recv,f4:db:00:00:00:d9,0x13,Write-Rsp,,,0,
old/hci_snoop_2018_01_01_12_06_26.cfa,1991,2018-01-01T12:08:13.695Z,sent,f4:db:00:00:00:d9,0x12,Write-Req,0x0021,07 14 01 00 00 03,6,0x07
old/hci_snoop_2018_01_01_12_06_26.cfa,1993,2018-01-01T12:08:13.871Z,recv,f4:db:00:00:00:d9,0x1B,Notify,0x0024,07 14 01 00 00 03 4F 01 51 01 53 01 F6 03 F5 03 F6 03 00 00,20,0x07
old/hci_snoop_2018_01_01_12_06_26.cfa,1994,2018-01-01T12:08:13.961Z,recv,f4:db:00:00:00:d9,0x13,Write-Rsp,,,0,
old/hci_snoop_2018_01_01_12_06_26.cfa,1995,2018-01-01T12:08:13.968Z,sent,f4:db:00:00:00:d9,0x12,Write-Req,0x0021,07 17 01 00 00 03,6,0x07
old/hci_snoop_2018_01_01_12_06_26.cfa,1999,2018-01-01T12:08:14.139Z,recv,f4:db:00:00:00:d9,0x1B,Notify,0x0024,07 17 01 00 00 03 54 01 56 01 57 01 F3 03 ED 03 ED 03 00 00,20,0x07
old/hci_snoop_2018_01_01_12_06_26.cfa,2000,2018-01-01T12:08:14.229Z,recv,f4:db:00:00:00:d9,0x13,Write-Rsp,,,0,
old/hci_snoop_2018_01_01_12_06_26.cfa,2001,2018-01-01T12:08:14.233Z,sent,f4:db:00:00:00:d9,0x12,Write-Req,0x0021,07 17 01 00 00 03,6,0x07
old/hci_snoop_2018_01_01_12_06_26.cfa,2003,2018-01-01T12:08:14.410Z,recv,f4:db:00:00:00:d9,0x1B,Notify,0x0024,07 17 01 00 00 03 54 01 56 01 57 01 F3 03 ED 03 ED 03 00 00,20,0x07
old/hci_snoop_2018_01_01_12_06_26.cfa,2006,2018-01-01T12:08:14.499Z,recv,f4:db:00:00:00:d9,0x13,Write-Rsp,,,0,
old/hci_snoop_2018_01_01_12_06_26.cfa,2007,2018-01-01T12:08:14.504Z,sent,f4:db:00:00:00:d9,0x12,Write-Req,0x0021,07 1A 01 00 00 03,6,0x07
old/hci_snoop_2018_01_01_12_06_26.cfa,2011,2018-01-01T12:08:14.685Z,recv,f4:db:00:00:00:d9,0x1B,Notify,0x0024,07 1A 01 00 00 03 58 01 59 01 57 01 EB 03 E8 03 EE 03 00 00,20,0x07
old/hci_snoop_2018_01_01_12_06_26.cfa,2012,2018-01-01T12:08:14.770Z,recv,f4:db:00:00:00:d9,0x13,Write-Rsp,,,0,
old/hci_snoop_2018_01_01_12_06_26.cfa,2013,2018-01-01T12:08:14.775Z,sent,f4:db:00:00:00:d9,0x12,Write-Req,0x0021,07 1A 01 00 00 03,6,0x07
old/hci_snoop_2018_01_01_12_06_26.cfa,2017,2018-01-01T12:08:14.950Z,recv,f4:db:00:00:00:d9,0x1B,Notify,0x0024,07 1A 01 00 00 03 58 01 59 01 57 01 EB 03 E8 03 EE 03 00 00,20,0x07
old/hci_snoop_2018_01_01_12_06_26.cfa,2018,2018-01-01T12:08:15.039Z,recv,f4:db:00:00:00:d9,0x13,Write-Rsp,,,0,
old/hci_snoop_2018_01_01_12_06_26.cfa,2019,2018-01-01T12:08:15.050Z,sent,f4:db:00:00:00:d9,0x12,Write-Req,0x0021,07 1D 01 00 00 03,6,0x07
old/hci_snoop_2018_01_01_12_06_26.cfa,2021,2018-01-01T12:08:15.220Z,recv,f4:db:00:00:00:d9,0x1B,Notify,0x0024,07 1D 01 00 00 03 5A 01 5C 01 5C 01 E6 03 DC 03 D9 03 00 00,20,0x07
old/hci_snoop_2018_01_01_12_06_26.cfa,2022,2018-01-01T12:08:15.309Z,recv,f4:db:00:00:00:d9,0x13,Write-Rsp,,,0,
old/hci_snoop_2018_01_01_12_06_26.cfa,2023,2018-01-01T12:08:15.313Z,sent,f4:db:00:00:00:d9,0x12,Write-Req,0x0021,07 1D 01 00 00 03,6,0x07
old/hci_snoop_2018_01_01_12_06_26.cfa,2027,2018-01-01T12:08:15.490Z,recv,f4:db:00:00:00:d9,0x1B,Notify,0x0024,07 1D 01 00 00 03 5A 01 5C 01 5C 01 E6 03 DC 03 D9 03 00 00,20,0x07
old/hci_snoop_2018_01_01_12_06_26.cfa,2028,2018-01-01T12:08:15.580Z,recv,f4:db:00:00:00:d9,0x13,Write-Rsp,,,0,
old/hci_snoop_2018_01_01_12_06_26.cfa,2029,2018-01-01T12:08:15.585Z,sent,f4:db:00:00:00:d9,0x12,Write-Req,0x0021,07 20 01 00 00 03,6,0x07
old/hci_snoop_2018_01_01_12_06_26.cfa,2031,2018-01-01T12:08:15.763Z,recv,f4:db:00:00:00:d9,0x1B,Notify,0x0024,07 20 01 00 00 03 5C 01 5B 01 59 01 DC 03 DB 03 DF 03 00 00,20,0x07
old/hci_snoop_2018_01_01_12_06_26.cfa,2032,2018-01-01T12:08:15.850Z,recv,f4:db:00:00:00:d9,0x13,Write-Rsp,,,0,
old/hci_snoop_2018_01_01_12_06_26.cfa,2033,2018-01-01T12:08:15.856Z,sent,f4:db:00:00:00:d9,0x12,Write-Req,0x0021,07 20 01 00 00 03,6,0x07
old/hci_snoop_2018_01_01_12_06_26.cfa,2035,2018-01-01T12:08:16.030Z,recv,f4:db:00:00:00:d9,0x1B,Notify,0x0024,07 20 01 00 00 03 5C 01 5B 01 59 01 DC 03 DB 03 DF 03 00 00,20,0x07
old/hci_snoop_2018_01_01_12_06_26.cfa,2036,2018-01-01T12:08:16.120Z,recv,f4:db:00:00:00:d9,0x13,Write-Rsp,,,0,
old/hci_snoop_2018_01_01_12_06_26.cfa,2037,2018-01-01T12:08:16.127Z,sent,f4:db:00:00:00:d9,0x12,Write-Req,0x0021,07 23 01 00 00 03,6,0x07
old/hci_snoop_2018_01_01_12_06_26.cfa,2041,2018-01-01T12:08:16.300Z,recv,f4:db:00:00:00:d9,0x1B,Notify,0x0024,07 23 01 00 00 03 59 01 59 01 59 01 E1 03 E2 03 E0 03 00 00,20,0x07
old/hci_snoop_2018_01_01_12_06_26.cfa,2042,2018-01-01T12:08:16.393Z,recv,f4:db:00:00:00:d9,0x13,Write-Rsp,,,0,
old/hci_snoop_2018_01_01_12_06_26.cfa,2043,2018-01-01T12:08:16.398Z,sent,f4:db:00:00:00:d9,0x12,Write-Req,0x0021,07 23 01 00 00 03,6,0x07
old/hci_snoop_2018_01_01_12_06_26.cfa,2047,2018-01-01T12:08:16.569Z,recv,f4:db:00:00:00:d9,0x1B,Notify,0x0024,07 23 01 00 00 03 59 01 59 01 59 01 E1 03 E2 03 E0 03 00 00,20,0x07
old/hci_snoop_2018_01_01_12_06_26.cfa,2048,2018-01-01T12:08:16.662Z,recv,f4:db:00:00:00:d9,0x13,Write-Rsp,,,0,
old/hci_snoop_2018_01_01_12_06_26.cfa,2049,2018-01-01T12:08:16.667Z,sent,f4:db:00:00:00:d9,0x12,Write-Req,0x0021,07 26 01 00 00 03,6,0x07
old/hci_snoop_2018_01_01_12_06_26.cfa,2051,2018-01-01T12:08:16.841Z,recv,f4:db:00:00:00:d9,0x1B,Notify,0x0024,07 26 01 00 00 03 59 01 58 01 57 01 E0 03 E7 03 E8 03 00 00,20,0x07
old/hci_snoop_2018_01_01_12_06_26.cfa,2052,2018-01-01T12:08:16.930Z,recv,f4:db:00:00:00:d9,0x13,Write-Rsp,,,0,
old/hci_snoop_2018_01_01_12_06_26.cfa,2053,2018-01-01T12:08:16.936Z,sent,f4:db:00:00:00:d9,0x12,Write-Req,0x0021,07 26 01 00 00 03,6,0x07
old/hci_snoop_2018_01_01_12_06_26.cfa,2057,2018-01-01T12:08:17.110Z,recv,f4:db:00:00:00:d9,0x1B,Notify,0x0024,07 26 01 00 00 03 59 01 58 01 57 01 E0 03 E7 03 E8 03 00 00,20,0x07
old/hci_snoop_2018_01_01_12_06_26.cfa,2058,2018-01-01T12:08:17.199Z,recv,f4:db:00:00:00:d9,0x13,Write-Rsp,,,0,
old/hci_snoop_2018_01_01_12_06_26.cfa,2059,2018-01-01T12:08:17.202Z,sent,f4:db:00:00:00:d9,0x12,Write-Req,0x0021,07 29 01 00 00 03,6,0x07
old/hci_snoop_2018_01_01_12_06_26.cfa,2063,2018-01-01T12:08:17.380Z,recv,f4:db:00:00:00:d9,0x1B,Notify,0x0024,07 29 01 00 00 03 54 01 51 01 4E 01 EF 03 F7 03 FF 03 00 00,20,0x07
old/hci_snoop_2018_01_01_12_06_26.cfa,2064,2018-01-01T12:08:17.470Z,recv,f4:db:00:00:00:d9,0x13,Write-Rsp,,,0,
old/hci_snoop_2018_01_01_12_06_26.cfa,2065,2018-01-01T12:08:17.473Z,sent,f4:db:00:00:00:d9,0x12,Write-Req,0x0021,07 29 01 00 00 03,6,0x07
old/hci_snoop_2018_01_01_12_06_26.cfa,2067,2018-01-01T12:08:17.652Z,recv,f4:db:00:00:00:d9,0x1B,Notify,0x0024,07 29 01 00 00 03 54 01 51 01 4E 01 EF 03 F7 03 FF 03 00 00,20,0x07
old/hci_snoop_2018_01_01_12_06_26.cfa,2068,2018-01-01T12:08:17.743Z,recv,f4:db:00:00:00:d9,0x13,Write-Rsp,,,0,
old/hci_snoop_2018_01_01_12_06_26.cfa,2069,2018-01-01T12:08:17.749Z,sent,f4:db:00:00:00:d9,0x12,Write-Req,0x0021,07 2C 01 00 00 03,6,0x07
old/hci_snoop_2018_01_01_12_06_26.cfa,2073,2018-01-01T12:08:18.190Z,recv,f4:db:00:00:00:d9,0x1B,Notify,0x0024,07 2C 01 00 00 03 4C 01 4A 01 48 01 04 04 0A 04 0E 04 00 00,20,0x07
old/hci_snoop_2018_01_01_12_06_26.cfa,2074,2018-01-01T12:08:18.191Z,recv,f4:db:00:00:00:d9,0x13,Write-Rsp,,,0,
old/hci_snoop_2018_01_01_12_06_26.cfa,2075,2018-01-01T12:08:18.199Z,sent,f4:db:00:00:00:d9,0x12,Write-Req,0x0021,07 2C 01 00 00 03,6,0x07
old/hci_snoop_2018_01_01_12_06_26.cfa,2080,2018-01-01T12:08:18.370Z,recv,f4:db:00:00:00:d9,0x1B,Notify,0x0024,07 2C 01 00 00 03 4C 01 4A 01 48 01 04 04 0A 04 0E 04 00 00,20,0x07
old/hci_snoop_2018_01_01_12_06_26.cfa,2081,2018-01-01T12:08:18.461Z,recv,f4:db:00:00:00:d9,0x13,Write-Rsp,,,0,
old/hci_snoop_2018_01_01_12_06_26.cfa,2082,2018-01-01T12:08:18.466Z,sent,f4:db:00:00:00:d9,0x12,Write-Req,0x0021,07 2F 01 00 00 03,6,0x07
old/hci_snoop_2018_01_01_12_06_26.cfa,2084,2018-01-01T12:08:18.641Z,recv,f4:db:00:00:00:d9,0x1B,Notify,0x0024,07 2F 01 00 00 03 46 01 45 01 44 01 12 04 16 04 1A 04 00 00,20,0x07
old/hci_snoop_2018_01_01_12_06_26.cfa,2085,2018-01-01T12:08:18.732Z,recv,f4:db:00:00:00:d9,0x13,Write-Rsp,,,0,
old/hci_snoop_2018_01_01_12_06_26.cfa,2086,2018-01-01T12:08:18.738Z,sent,f4:db:00:00:00:d9,0x12,Write-Req,0x0021,07 2F 01 00 00 03,6,0x07
old/hci_snoop_2018_01_01_12_06_26.cfa,2090,2018-01-01T12:08:18.911Z,recv,f4:db:00:00:00:d9,0x1B,Notify,0x0024,07 2F 01 00 00 03 46 01 45 01 44 01 12 04 16 04 1A 04 00 00,20,0x07
old/hci_snoop_2018_01_01_12_06_26.cfa,2091,2018-01-01T12:08:19.000Z,recv,f4:db:00:00:00:d9,0x13,Write-Rsp,,,0,
old/hci_snoop_2018_01_01_12_06_26.cfa,2092,2018-01-01T12:08:19.057Z,sent,f4:db:00:00:00:d9,0x12,Write-Req,0x0021,07 32 01 00 00 03,6,0x07
old/hci_snoop_2018_01_01_12_06_26.cfa,2096,2018-01-01T12:08:19.180Z,recv,f4:db:00:00:00:d9,0x1B,Notify,0x0024,07 32 01 00 00 03 42 01 42 01 41 01 1D 04 20 04 21 04 00 00,20,0x07
old/hci_snoop_2018_01_01_12_06_26.cfa,2097,2018-01-01T12:08:19.270Z,recv,f4:db:00:00:00:d9,0x13,Write-Rsp,,,0,
old/hci_snoop_2018_01_01_12_06_26.cfa,2098,2018-01-01T12:08:19.278Z,sent,f4:db:00:00:00:d9,0x12,Write-Req,0x0021,07 32 01 00 00 03,6,0x07
old/hci_snoop_2018_01_01_12_06_26.cfa,2100,2018-01-01T12:08:19.451Z,recv,f4:db:00:00:00:d9,0x1B,Notify,0x0024,07 32 01 00 00 03 42 01 42 01 41 01 1D 04 20 04 21 04 00 00,20,0x07
old/hci_snoop_2018_01_01_12_06_26.cfa,2101,2018-01-01T12:08:19.541Z,recv,f4:db:00:00:00:d9,0x13,Write-Rsp,,,0,
old/hci_snoop_2018_01_01_12_06_26.cfa,2102,2018-01-01T12:08:19.546Z,sent,f4:db:00:00:00:d9,0x12,Write-Req,0x0021,07 35 01 00 00 03,6,0x07
old/hci_snoop_2018_01_01_12_06_26.cfa,2106,2018-01-01T12:08:19.720Z,recv,f4:db:00:00:00:d9,0x1B,Notify,0x0024,07 35 01 00 00 03 40 01 3F 01 3F 01 23 04 24 04 27 04 00 00,20,0x07
old/hci_snoop_2018_01_01_12_06_26.cfa,2107,2018-01-01T12:08:19.811Z,recv,f4:db:00:00:00:d9,0x13,Write-Rsp,,,0,
old/hci_snoop_2018_01_01_12_06_26.cfa,2108,2018-01-01T12:08:19.817Z,sent,f4:db:00:00:00:d9,0x12,Write-Req,0x0021,07 35 01 00 00 03,6,0x07
old/hci_snoop_2018_01_01_12_06_26.cfa,2112,2018-01-01T12:08:19.993Z,recv,f4:db:00:00:00:d9,0x1B,Notify,0x0024,07 35 01 00 00 03 40 01 3F 01 3F 01 23 04 24 04 27 04 00 00,20,0x07
old/hci_snoop_2018_01_01_12_06_26.cfa,2113,2018-01-01T12:08:20.080Z,recv,f4:db:00:00:00:d9,0x13,Write-Rsp,,,0,
old/hci_snoop_2018_01_01_12_06_26.cfa,2114,2018-01-01T12:08:20.085Z,sent,f4:db:00:00:00:d9,0x12,Write-Req,0x0021,07 38 01 00 00 03,6,0x07
old/hci_snoop_2018_01_01_12_06_26.cfa,2116,2018-01-01T12:08:20.260Z,recv,f4:db:00:00:00:d9,0x1B,Notify,0x0024,07 38 01 00 00 03 3E 01 3D 01 3D 01 2A 04 2B 04 2E 04 00 00,20,0x07
old/hci_snoop_2018_01_01_12_06_26.cfa,2117,2018-01-01T12:08:20.350Z,recv,f4:db:00:00:00:d9,0x13,Write-Rsp,,,0,
old/hci_snoop_2018_01_01_12_06_26.cfa,2118,2018-01-01T12:08:20.355Z,sent,f4:db:00:00:00:d9,0x12,Write-Req,0x0021,07 38 01 00 00 03,6,0x07
old/hci_snoop_2018_01_01_12_06_26.cfa,2122,2018-01-01T12:08:20.532Z,recv,f4:db:00:00:00:d9,0x1B,Notify,0x0024,07 38 01 00 00 03 3E 01 3D 01 3D 01 2A 04 2B 04 2E 04 00 00,20,0x07
old/hci_snoop_2018_01_01_12_06_26.cfa,2123,2018-01-01T12:08:20.619Z,recv,f4:db:00:00:00:d9,0x13,Write-Rsp,,,0,
old/hci_snoop_2018_01_01_12_06_26.cfa,2124,2018-01-01T12:08:20.623Z,sent,f4:db:00:00:00:d9,0x12,Write-Req,0x0021,07 3B 01 00 00 03,6,0x07
old/hci_snoop_2018_01_01_12_06_26.cfa,2128,2018-01-01T12:08:20.799Z,recv,f4:db:00:00:00:d9,0x1B,Notify,0x0024,07 3B 01 00 00 03 3D 01 42 01 46 01 31 04 2C 04 24 04 00 00,20,0x07
old/hci_snoop_2018_01_01_12_06_26.cfa,2129,2018-01-01T12:08:20.890Z,recv,f4:db:00:00:00:d9,0x13,Write-Rsp,,,0,
old/hci_snoop_2018_01_01_12_06_26.cfa,2130,2018-01-01T12:08:20.893Z,sent,f4:db:00:00:00:d9,0x12,Write-Req,0x0021,07 3B 01 00 00 03,6,0x07
old/hci_snoop_2018_01_01_12_06_26.cfa,2132,2018-01-01T12:08:21.070Z,recv,f4:db:00:00:00:d9,0x1B,Notify,0x0024,07 3B 01 00 00 03 3D 01 42 01 46 01 31 04 2C 04 24 04 00 00,20,0x07
old/hci_snoop_2018_01_01_12_06_26.cfa,2133,2018-01-01T12:08:21.160Z,recv,f4:db:00:00:00:d9,0x13,Write-Rsp,,,0,
old/hci_snoop_2018_01_01_12_06_26.cfa,2134,2018-01-01T12:08:21.166Z,sent,f4:db:00:00:00:d9,0x12,Write-Req,0x0021,07 3E 01 00 00 03,6,0x07
old/hci_snoop_2018_01_01_12_06_26.cfa,2136,2018-01-01T12:08:21.342Z,recv,f4:db:00:00:00:d9,0x1B,Notify,0x0024,07 3E 01 00 00 03 45 01 45 01 45 01 23 04 23 04 21 04 00 00,20,0x07
old/hci_snoop_2018_01_01_12_06_26.cfa,2137,2018-01-01T12:08:21.430Z,recv,f4:db:00:00:00:d9,0x13,Write-Rsp,,,0,
old/hci_snoop_2018_01_01_12_06_26.cfa,2138,2018-01-01T12:08:21.436Z,sent,f4:db:00:00:00:d9,0x12,Write-Req,0x0021,07 3E 01 00 00 03,6,0x07
old/hci_snoop_2018_01_01_12_06_26.cfa,2140,2018-01-01T12:08:21.610Z,recv,f4:db:00:00:00:d9,0x1B,Notify,0x0024,07 3E 01 00 00 03 45 01 45 01 45 01 23 04 23 04 21 04 00 00,20,0x07
old/hci_snoop_2018_01_01_12_06_26.cfa,2141,2018-01-01T12:08:21.700Z,recv,f4:db:00:00:00:d9,0x13,Write-Rsp,,,0,
old/hci_snoop_2018_01_01_12_06_26.cfa,2142,2018-01-01T12:08:21.707Z,sent,f4:db:00:00:00:d9,0x12,Write-Req,0x0021,07 41 01 00 00 03,6,0x07
old/hci_snoop_2018_01_01_12_06_26.cfa,2144,2018-01-01T12:08:21.881Z,recv,f4:db:00:00:00:d9,0x1B,Notify,0x0024,07 41 01 00 00 03 46 01 56 01 54 01 1E 04 02 04 00 04 00 00,20,0x07
old/hci_snoop_2018_01_01_12_06_26.cfa,2145,2018-01-01T12:08:21.970Z,recv,f4:db:00:00:00:d9,0x13,Write-Rsp,,,0,
old/hci_snoop_2018_01_01_12_06_26.cfa,2146,2018-01-01T12:08:21.976Z,sent,f4:db:00:00:00:d9,0x12,Write-Req,0x0021,07 41 01 00 00 03,6,0x07
old/hci_snoop_2018_01_01_12_06_26.cfa,2150,2018-01-01T12:08:22.149Z,recv,f4:db:00:00:00:d9,0x1B,Notify,0x0024,07 41 01 00 00 03 46 01 56 01 54 01 1E 04 02 04 00 04 00 00,20,0x07
old/hci_snoop_2018_01_01_12_06_26.cfa,2151,2018-01-01T12:08:22.240Z,recv,f4:db:00:00:00:d9,0x13,Write-Rsp,,,0,
old/hci_snoop_2018_01_01_12_06_26.cfa,2152,2018-01-01T12:08:22.244Z,sent,f4:db:00:00:00:d9,0x12,Write-Req,0x0021,07 44 01 00 00 03,6,0x07
old/hci_snoop_2018_01_01_12_06_26.cfa,2154,2018-01-01T12:08:22.420Z,recv,f4:db:00:00:00:d9,0x1B,Notify,0x0024,07 44 01 00 00 03 53 01 50 01 4C 01 01 04 03 04 0D 04 00 00,20,0x07
old/hci_snoop_2018_01_01_12_06_26.cfa,2157,2018-01-01T12:08:22.509Z,recv,f4:db:00:00:00:d9,0x13,Write-Rsp,,,0,
old/hci_snoop_2018_01_01_12_06_26.cfa,2158,2018-01-01T12:08:22.514Z,sent,f4:db:00:00:00:d9,0x12,Write-Req,0x0021,07 44 01 00 00 03,6,0x07
old/hci_snoop_2018_01_01_12_06_26.cfa,2160,2018-01-01T12:08:22.691Z,recv,f4:db:00:00:00:d9,0x1B,Notify,0x0024,07 44 01 00 00 03 53 01 50 01 4C 01 01 04 03 04 0D 04 00 00,20,0x07
old/hci_snoop_2018_01_01_12_06_26.cfa,2161,2018-01-01T12:08:22.780Z,recv,f4:db:00:00:00:d9,0x13,Write-Rsp,,,0,
old/hci_snoop_2018_01_01_12_06_26.cfa,2162,2018-01-01T12:08:22.785Z,sent,f4:db:00:00:00:d9,0x12,Write-Req,0x0021,07 47 01 00 00 03,6,0x07
old/hci_snoop_2018_01_01_12_06_26.cfa,2166,2018-01-01T12:08:22.959Z,recv,f4:db:00:00:00:d9,0x1B,Notify,0x0024,07 47 01 00 00 03 4A 01 48 01 46 01 12 04 16 04 19 04 00 00,20,0x07
old/hci_snoop_2018_01_01_12_06_26.cfa,2167,2018-01-01T12:08:23.049Z,recv,f4:db:00:00:00:d9,0x13,Write-Rsp,,,0,
old/hci_snoop_2018_01_01_12_06_26.cfa,2168,2018-01-01T12:08:23.053Z,sent,f4:db:00:00:00:d9,0x12,Write-Req,0x0021,07 47 01 00 00 03,6,0x07
old/hci_snoop_2018_01_01_12_06_26.cfa,2170,2018-01-01T12:08:23.230Z,recv,f4:db:00:00:00:d9,0x1B,Notify,0x0024,07 47 01 00 00 03 4A 01 48 01 46 01 12 04 16 04 19 04 00 00,20,0x07
old/hci_snoop_2018_01_01_12_06_26.cfa,2173,2018-01-01T12:08:23.319Z,recv,f4:db:00:00:00:d9,0x13,Write-Rsp,,,0,
old/hci_snoop_2018_01_01_12_06_26.cfa,2174,2018-01-01T12:08:23.325Z,sent,f4:db:00:00:00:d9,0x12,Write-Req,0x0021,07 4A 01 00 00 03,6,0x07
old/hci_snoop_2018_01_01_12_06_26.cfa,2176,2018-01-01T12:08:23.500Z,recv,f4:db:00:00:00:d9,0x1B,Notify,0x0024,07 4A 01 00 00 03 45 01 43 01 42 01 1D 04 20 04 23 04 00 00,20,0x07
old/hci_snoop_2018_01_01_12_06_26.cfa,2177,2018-01-01T12:08:23.589Z,recv,f4:db:00:00:00:d9,0x13,Write-Rsp,,,0,
old/hci_snoop_2018_01_01_12_06_26.cfa,2178,2018-01-01T12:08:23.594Z,sent,f4:db:00:00:00:d9,0x12,Write-Req,0x0021,07 4A 01 00 00 03,6,0x07
old/hci_snoop_2018_01_01_12_06_26.cfa,2180,2018-01-01T12:08:23.769Z,recv,f4:db:00:00:00:d9,0x1B,Notify,0x0024,07 4A 01 00 00 03 45 01 43 01 42 01 1D 04 20 04 23 04 00 00,20,0x07
old/hci_snoop_2018_01_01_12_06_26.cfa,2183,2018-01-01T12:08:23.860Z,recv,f4:db:00:00:00:d9,0x13,Write-Rsp,,,0,
old/hci_snoop_2018_01_01_12_06_26.cfa,2184,2018-01-01T12:08:23.866Z,sent,f4:db:00:00:00:d9,0x12,Write-Req,0x0021,07 4D 01 00 00 03,6,0x07
old/hci_snoop_2018_01_01_12_06_26.cfa,2186,2018-01-01T12:08:24.129Z,recv,f4:db:00:00:00:d9,0x1B,Notify,0x0024,07 4D 01 00 00 03 41 01 40 01 3F 01 26 04 29 04 2C 04 00 00,20,0x07
old/hci_snoop_2018_01_01_12_06_26.cfa,2187,2018-01-01T12:08:24.131Z,recv,f4:db:00:00:00:d9,0x13,Write-Rsp,,,0,
old/hci_snoop_2018_01_01_12_06_26.cfa,2188,2018-01-01T12:08:24.134Z,sent,f4:db:00:00:00:d9,0x12,Write-Req,0x0021,07 4D 01 00 00 03,6,0x07
old/hci_snoop_2018_01_01_12_06_26.cfa,2192,2018-01-01T12:08:24.309Z,recv,f4:db:00:00:00:d9,0x1B,Notify,0x0024,07 4D 01 00 00 03 41 01 40 01 3F 01 26 04 29 04 2C 04 00 00,20,0x07
old/hci_snoop_2018_01_01_12_06_26.cfa,2193,2018-01-01T12:08:24.399Z,recv,f4:db:00:00:00:d9,0x13,Write-Rsp,,,0,
old/hci_snoop_2018_01_01_12_06_26.cfa,2194,2018-01-01T12:08:24.404Z,sent,f4:db:00:00:00:d9,0x12,Write-Req,0x0021,07 50 01 00 00 03,6,0x07
old/hci_snoop_2018_01_01_12_06_26.cfa,2196,2018-01-01T12:08:24.580Z,recv,f4:db:00:00:00:d9,0x1B,Notify,0x0024,07 50 01 00 00 03 3D 01 3D 01 3C 01 2F 04 32 04 34 04 00 00,20,0x07
old/hci_snoop_2018_01_01_12_06_26.cfa,2199,2018-01-01T12:08:24.760Z,recv,f4:db:00:00:00:d9,0x13,Write-Rsp,,,0,
old/hci_snoop_2018_01_01_12_06_26.cfa,2200,2018-01-01T12:08:24.766Z,sent,f4:db:00:00:00:d9,0x12,Write-Req,0x0021,07 50 01 00 00 03,6,0x07
old/hci_snoop_2018_01_01_12_06_26.cfa,2202,2018-01-01T12:08:24.941Z,recv,f4:db:00:00:00:d9,0x1B,Notify,0x0024,07 50 01 00 00 03 3D 01 3D 01 3C 01 2F 04 32 04 34 04 00 00,20,0x07
old/hci_snoop_2018_01_01_12_06_26.cfa,2205,2018-01-01T12:08:25.029Z,recv,f4:db:00:00:00:d9,0x13,Write-Rsp,,,0,
old/hci_snoop_2018_01_01_12_06_26.cfa,2206,2018-01-01T12:08:25.043Z,sent,f4:db:00:00:00:d9,0x12,Write-Req,0x0021,07 53 01 00 00 03,6,0x07
old/hci_snoop_2018_01_01_12_06_26.cfa,2208,2018-01-01T12:08:25.210Z,recv,f4:db:00:00:00:d9,0x1B,Notify,0x0024,07 53 01 00 00 03 3C 01 3B 01 3A 01 37 04 3A 04 3D 04 00 00,20,0x07
old/hci_snoop_2018_01_01_12_06_26.cfa,2209,2018-01-01T12:08:25.299Z,recv,f4:db:00:00:00:d9,0x13,Write-Rsp,,,0,
old/hci_snoop_2018_01_01_12_06_26.cfa,2210,2018-01-01T12:08:25.302Z,sent,f4:db:00:00:00:d9,0x12,Write-Req,0x0021,07 53 01 00 00 03,6,0x07
old/hci_snoop_2018_01_01_12_06_26.cfa,2212,2018-01-01T12:08:25.479Z,recv,f4:db:00:00:00:d9,0x1B,Notify,0x0024,07 53 01 00 00 03 3C 01 3B 01 3A 01 37 04 3A 04 3D 04 00 00,20,0x07
old/hci_snoop_2018_01_01_12_06_26.cfa,2217,2018-01-01T12:08:25.569Z,recv,f4:db:00:00:00:d9,0x13,Write-Rsp,,,0,
old/hci_snoop_2018_01_01_12_06_26.cfa,2218,2018-01-01T12:08:25.576Z,sent,f4:db:00:00:00:d9,0x12,Write-Req,0x0021,07 56 01 00 00 03,6,0x07
old/hci_snoop_2018_01_01_12_06_26.cfa,2220,2018-01-01T12:08:25.750Z,recv,f4:db:00:00:00:d9,0x1B,Notify,0x0024,07 56 01 00 00 03 3A 01 39 01 39 01 40 04 42 04 44 04 00 00,20,0x07
old/hci_snoop_2018_01_01_12_06_26.cfa,2221,2018-01-01T12:08:25.840Z,recv,f4:db:00:00:00:d9,0x13,Write-Rsp,,,0,
old/hci_snoop_2018_01_01_12_06_26.cfa,2223,2018-01-01T12:08:25.846Z,sent,f4:db:00:00:00:d9,0x12,Write-Req,0x0021,07 56 01 00 00 03,6,0x07
old/hci_snoop_2018_01_01_12_06_26.cfa,2226,2018-01-01T12:08:26.019Z,recv,f4:db:00:00:00:d9,0x1B,Notify,0x0024,07 56 01 00 00 03 3A 01 39 01 39 01 40 04 42 04 44 04 00 00,20,0x07
old/hci_snoop_2018_01_01_12_06_26.cfa,2227,2018-01-01T12:08:26.110Z,recv,f4:db:00:00:00:d9,0x13,Write-Rsp,,,0,
old/hci_snoop_2018_01_01_12_06_26.cfa,2228,2018-01-01T12:08:26.114Z,sent,f4:db:00:00:00:d9,0x12,Write-Req,0x0021,07 59 01 00 00 03,6,0x07
old/hci_snoop_2018_01_01_12_06_26.cfa,2230,2018-01-01T12:08:26.290Z,recv,f4:db:00:00:00:d9,0x1B,Notify,0x0024,07 59 01 00 00 03 39 01 38 01 38 01 46 04 48 04 49 04 00 00,20,0x07
old/hci_snoop_2018_01_01_12_06_26.cfa,2235,2018-01-01T12:08:26.378Z,recv,f4:db:00:00:00:d9,0x13,Write-Rsp,,,0,
old/hci_snoop_2018_01_01_12_06_26.cfa,2236,2018-01-01T12:08:26.382Z,sent,f4:db:00:00:00:d9,0x12,Write-Req,0x0021,07 59 01 00 00 03,6,0x07
old/hci_snoop_2018_01_01_12_06_26.cfa,2238,2018-01-01T12:08:26.560Z,recv,f4:db:00:00:00:d9,0x1B,Notify,0x0024,07 59 01 00 00 03 39 01 38 01 38 01 46 04 48 04 49 04 00 00,20,0x07
old/hci_snoop_2018_01_01_12_06_26.cfa,2239,2018-01-01T12:08:26.650Z,recv,f4:db:00:00:00:d9,0x13,Write-Rsp,,,0,
old/hci_snoop_2018_01_01_12_06_26.cfa,2241,2018-01-01T12:08:26.653Z,sent,f4:db:00:00:00:d9,0x12,Write-Req,0x0021,07 5C 01 00 00 03,6,0x07
old/hci_snoop_2018_01_01_12_06_26.cfa,2245,2018-01-01T12:08:26.830Z,recv,f4:db:00:00:00:d9,0x1B,Notify,0x0024,07 5C 01 00 00 03 37 01 37 01 37 01 4A 04 4B 04 4B 04 00 00,20,0x07
old/hci_snoop_2018_01_01_12_06_26.cfa,2246,2018-01-01T12:08:26.921Z,recv,f4:db:00:00:00:d9,0x13,Write-Rsp,,,0,
old/hci_snoop_2018_01_01_12_06_26.cfa,2247,2018-01-01T12:08:26.924Z,sent,f4:db:00:00:00:d9,0x12,Write-Req,0x0021,07 5C 01 00 00 03,6,0x07
old/hci_snoop_2018_01_01_12_06_26.cfa,2249,2018-01-01T12:08:27.100Z,recv,f4:db:00:00:00:d9,0x1B,Notify,0x0024,07 5C 01 00 00 03 37 01 37 01 37 01 4A 04 4B 04 4B 04 00 00,20,0x07
old/hci_snoop_2018_01_01_12_06_26.cfa,2252,2018-01-01T12:08:27.189Z,recv,f4:db:00:00:00:d9,0x13,Write-Rsp,,,0,
old/hci_snoop_2018_01_01_12_06_26.cfa,2253,2018-01-01T12:08:27.197Z,sent,f4:db:00:00:00:d9,0x12,Write-Req,0x0021,07 5F 01 00 00 03,6,0x07
old/hci_snoop_2018_01_01_12_06_26.cfa,2255,2018-01-01T12:08:27.371Z,recv,f4:db:00:00:00:d9,0x1B,Notify,0x0024,07 5F 01 00 00 03 37 01 36 01 36 01 4C 04 4D 04 4E 04 00 00,20,0x07
old/hci_snoop_2018_01_01_12_06_26.cfa,2256,2018-01-01T12:08:27.460Z,recv,f4:db:00:00:00:d9,0x13,Write-Rsp,,,0,
old/hci_snoop_2018_01_01_12_06_26.cfa,2257,2018-01-01T12:08:27.464Z,sent,f4:db:00:00:00:d9,0x12,Write-Req,0x0021,07 5F 01 00 00 03,6,0x07
old/hci_snoop_2018_01_01_12_06_26.cfa,2261,2018-01-01T12:08:27.640Z,recv,f4:db:00:00:00:d9,0x1B,Notify,0x0024,07 5F 01 00 00 03 37 01 36 01 36 01 4C 04 4D 04 4E 04 00 00,20,0x07
old/hci_snoop_2018_01_01_12_06_26.cfa,2262,2018-01-01T12:08:27.729Z,recv,f4:db:00:00:00:d9,0x13,Write-Rsp,,,0,
old/hci_snoop_2018_01_01_12_06_26.cfa,2263,2018-01-01T12:08:27.733Z,sent,f4:db:00:00:00:d9,0x12,Write-Req,0x0021,07 62 01 00 00 03,6,0x07
old/hci_snoop_2018_01_01_12_06_26.cfa,2265,2018-01-01T12:08:27.910Z,recv,f4:db:00:00:00:d9,0x1B,Notify,0x0024,07 62 01 00 00 03 36 01 36 01 35 01 4F 04 50 04 51 04 00 00,20,0x07
old/hci_snoop_2018_01_01_12_06_26.cfa,2266,2018-01-01T12:08:27.999Z,recv,f4:db:00:00:00:d9,0x13,Write-Rsp,,,0,
old/hci_snoop_2018_01_01_12_06_26.cfa,2267,2018-01-01T12:08:28.003Z,sent,f4:db:00:00:00:d9,0x12,Write-Req,0x0021,07 62 01 00 00 03,6,0x07
old/hci_snoop_2018_01_01_12_06_26.cfa,2271,2018-01-01T12:08:28.180Z,recv,f4:db:00:00:00:d9,0x1B,Notify,0x0024,07 62 01 00 00 03 36 01 36 01 35 01 4F 04 50 04 51 04 00 00,20,0x07
old/hci_snoop_2018_01_01_12_06_26.cfa,2272,2018-01-01T12:08:28.270Z,recv,f4:db:00:00:00:d9,0x13,Write-Rsp,,,0,
old/hci_snoop_2018_01_01_12_06_26.cfa,2273,2018-01-01T12:08:28.274Z,sent,f4:db:00:00:00:d9,0x12,Write-Req,0x0021,07 65 01 00 00 03,6,0x07
old/hci_snoop_2018_01_01_12_06_26.cfa,2277,2018-01-01T12:08:28.450Z,recv,f4:db:00:00:00:d9,0x1B,Notify,0x0024,07 65 01 00 00 03 35 01 35 01 35 01 53 04 55 04 55 04 00 00,20,0x07
old/hci_snoop_2018_01_01_12_06_26.cfa,2278,2018-01-01T12:08:28.540Z,recv,f4:db:00:00:00:d9,0x13,Write-Rsp,,,0,
old/hci_snoop_2018_01_01_12_06_26.cfa,2279,2018-01-01T12:08:28.544Z,sent,f4:db:00:00:00:d9,0x12,Write-Req,0x0021,07 65 01 00 00 03,6,0x07
old/hci_snoop_2018_01_01_12_06_26.cfa,2281,2018-01-01T12:08:28.720Z,recv,f4:db:00:00:00:d9,0x1B,Notify,0x0024,07 65 01 00 00 03 35 01 35 01 35 01 53 04 55 04 55 04 00 00,20,0x07
old/hci_snoop_2018_01_01_12_06_26.cfa,2282,2018-01-01T12:08:28.811Z,recv,f4:db:00:00:00:d9,0x13,Write-Rsp,,,0,
old/hci_snoop_2018_01_01_12_06_26.cfa,2284,2018-01-01T12:08:28.817Z,sent,f4:db:00:00:00:d9,0x12,Write-Req,0x0021,07 68 01 00 00 03,6,0x07
old/hci_snoop_2018_01_01_12_06_26.cfa,2290,2018-01-01T12:08:28.990Z,recv,f4:db:00:00:00:d9,0x1B,Notify,0x0024,07 68 01 00 00 03 34 01 34 01 34 01 55 04 57 04 58 04 00 00,20,0x07
old/hci_snoop_2018_01_01_12_06_26.cfa,2291,2018-01-01T12:08:29.079Z,recv,f4:db:00:00:00:d9,0x13,Write-Rsp,,,0,
old/hci_snoop_2018_01_01_12_06_26.cfa,2292,2018-01-01T12:08:29.082Z,sent,f4:db:00:00:00:d9,0x12,Write-Req,0x0021,07 68 01 00 00 03,6,0x07
old/hci_snoop_2018_01_01_12_06_26.cfa,2296,2018-01-01T12:08:29.259Z,recv,f4:db:00:00:00:d9,0x1B,Notify,0x0024,07 68 01 00 00 03 34 01 34 01 34 01 55 04 57 04 58 04 00 00,20,0x07
old/hci_snoop_2018_01_01_12_06_26.cfa,2297,2018-01-01T12:08:29.350Z,recv,f4:db:00:00:00:d9,0x13,Write-Rsp,,,0,
old/hci_snoop_2018_01_01_12_06_26.cfa,2298,2018-01-01T12:08:29.358Z,sent,f4:db:00:00:00:d9,0x12,Write-Req,0x0021,07 6B 01 00 00 03,6,0x07
old/hci_snoop_2018_01_01_12_06_26.cfa,2300,2018-01-01T12:08:29.530Z,recv,f4:db:00:00:00:d9,0x1B,Notify,0x0024,07 6B 01 00 00 03 34 01 34 01 33 01 59 04 5A 04 5A 04 00 00,20,0x07
old/hci_snoop_2018_01_01_12_06_26.cfa,2301,2018-01-01T12:08:29.620Z,recv,f4:db:00:00:00:d9,0x13,Write-Rsp,,,0,
old/hci_snoop_2018_01_01_12_06_26.cfa,2302,2018-01-01T12:08:29.625Z,sent,f4:db:00:00:00:d9,0x12,Write-Req,0x0021,07 6B 01 00 00 03,6,0x07
old/hci_snoop_2018_01_01_12_06_26.cfa,2306,2018-01-01T12:08:29.800Z,recv,f4:db:00:00:00:d9,0x1B,Notify,0x0024,07 6B 01 00 00 03 34 01 34 01 33 01 59 04 5A 04 5A 04 00 00,20,0x07
old/hci_snoop_2018_01_01_12_06_26.cfa,2307,2018-01-01T12:08:29.889Z,recv,f4:db:00:00:00:d9,0x13,Write-Rsp,,,0,
old/hci_snoop_2018_01_01_12_06_26.cfa,2308,2018-01-01T12:08:29.893Z,sent,f4:db:00:00:00:d9,0x12,Write-Req,0x0021,07 6E 01 00 00 03,6,0x07
old/hci_snoop_2018_01_01_12_06_26.cfa,2310,2018-01-01T12:08:30.071Z,recv,f4:db:00:00:00:d9,0x1B,Notify,0x0024,07 6E 01 00 00 03 33 01 33 01 33 01 5A 04 5B 04 5B 04 00 00,20,0x07
old/hci_snoop_2018_01_01_12_06_26.cfa,2311,2018-01-01T12:08:30.160Z,recv,f4:db:00:00:00:d9,0x13,Write-Rsp,,,0,
old/hci_snoop_2018_01_01_12_06_26.cfa,2312,2018-01-01T12:08:30.165Z,sent,f4:db:00:00:00:d9,0x12,Write-Req,0x0021,07 6E 01 00 00 03,6,0x07
old/hci_snoop_2018_01_01_12_06_26.cfa,2314,2018-01-01T12:08:30.341Z,recv,f4:db:00:00:00:d9,0x1B,Notify,0x0024,07 6E 01 00 00 03 33 01 33 01 33 01 5A 04 5B 04 5B 04 00 00,20,0x07
old/hci_snoop_2018_01_01_12_06_26.cfa,2315,2018-01-01T12:08:30.430Z,recv,f4:db:00:00:00:d9,0x13,Write-Rsp,,,0,
old/hci_snoop_2018_01_01_12_06_26.cfa,2316,2018-01-01T12:08:30.435Z,sent,f4:db:00:00:00:d9,0x12,Write-Req,0x0021,07 71 01 00 00 03,6,0x07
old/hci_snoop_2018_01_01_12_06_26.cfa,2318,2018-01-01T12:08:30.609Z,recv,f4:db:00:00:00:d9,0x1B,Notify,0x0024,07 71 01 00 00 03 33 01 33 01 32 01 5C 04 5B 04 5C 04 00 00,20,0x07
old/hci_snoop_2018_01_01_12_06_26.cfa,2319,2018-01-01T12:08:30.700Z,recv,f4:db:00:00:00:d9,0x13,Write-Rsp,,,0,
old/hci_snoop_2018_01_01_12_06_26.cfa,2320,2018-01-01T12:08:30.706Z,sent,f4:db:00:00:00:d9,0x12,Write-Req,0x0021,07 71 01 00 00 03,6,0x07
old/hci_snoop_2018_01_01_12_06_26.cfa,2322,2018-01-01T12:08:30.880Z,recv,f4:db:00:00:00:d9,0x1B,Notify,0x0024,07 71 01 00 00 03 33 01 33 01 32 01 5C 04 5B 04 5C 04 00 00,20,0x07
old/hci_snoop_2018_01_01_12_06_26.cfa,2325,2018-01-01T12:08:30.970Z,recv,f4:db:00:00:00:d9,0x13,Write-Rsp,,,0,
old/hci_snoop_2018_01_01_12_06_26.cfa,2326,2018-01-01T12:08:30.974Z,sent,f4:db:00:00:00:d9,0x12,Write-Req,0x0021,07 74 01 00 00 03,6,0x07
old/hci_snoop_2018_01_01_12_06_26.cfa,2328,2018-01-01T12:08:31.150Z,recv,f4:db:00:00:00:d9,0x1B,Notify,0x0024,07 74 01 00 00 03 32 01 32 01 32 01 5C 04 5C 04 5C 04 00 00,20,0x07
old/hci_snoop_2018_01_01_12_06_26.cfa,2329,2018-01-01T12:08:31.240Z,recv,f4:db:00:00:00:d9,0x13,Write-Rsp,,,0,
old/hci_snoop_2018_01_01_12_06_26.cfa,2330,2018-01-01T12:08:31.244Z,sent,f4:db:00:00:00:d9,0x12,Write-Req,0x0021,07 74 01 00 00 03,6,0x07
old/hci_snoop_2018_01_01_12_06_26.cfa,2332,2018-01-01T12:08:31.421Z,recv,f4:db:00:00:00:d9,0x1B,Notify,0x0024,07 74 01 00 00 03 32 01 32 01 32 01 5C 04 5C 04 5C 04 00 00,20,0x07
old/hci_snoop_2018_01_01_12_06_26.cfa,2335,2018-01-01T12:08:31.510Z,recv,f4:db:00:00:00:d9,0x13,Write-Rsp,,,0,
old/hci_snoop_2018_01_01_12_06_26.cfa,2336,2018-01-01T12:08:31.515Z,sent,f4:db:00:00:00:d9,0x12,Write-Req,0x0021,07 77 01 00 00 03,6,0x07
old/hci_snoop_2018_01_01_12_06_26.cfa,2338,2018-01-01T12:08:31.779Z,recv,f4:db:00:00:00:d9,0x1B,Notify,0x0024,07 77 01 00 00 03 31 01 31 01 31 01 5D 04 5D 04 60 04 00 00,20,0x07
old/hci_snoop_2018_01_01_12_06_26.cfa,2339,2018-01-01T12:08:31.781Z,recv,f4:db:00:00:00:d9,0x13,Write-Rsp,,,0,
old/hci_snoop_2018_01_01_12_06_26.cfa,2340,2018-01-01T12:08:31.785Z,sent,f4:db:00:00:00:d9,0x12,Write-Req,0x0021,07 77 01 00 00 03,6,0x07
old/hci_snoop_2018_01_01_12_06_26.cfa,2342,2018-01-01T12:08:31.960Z,recv,f4:db:00:00:00:d9,0x1B,Notify,0x0024,07 77 01 00 00 03 31 01 31 01 31 01 5D 04 5D 04 60 04 00 00,20,0x07
old/hci_snoop_2018_01_01_12_06_26.cfa,2343,2018-01-01T12:08:32.049Z,recv,f4:db:00:00:00:d9,0x13,Write-Rsp,,,0,
old/hci_snoop_2018_01_01_12_06_26.cfa,2344,2018-01-01T12:08:32.059Z,sent,f4:db:00:00:00:d9,0x12,Write-Req,0x0021,07 7A 01 00 00 03,6,0x07
old/hci_snoop_2018_01_01_12_06_26.cfa,2346,2018-01-01T12:08:32.230Z,recv,f4:db:00:00:00:d9,0x1B,Notify,0x0024,07 7A 01 00 00 03 31 01 31 01 31 01 61 04 60 04 5F 04 00 00,20,0x07
old/hci_snoop_2018_01_01_12_06_26.cfa,2349,2018-01-01T12:08:32.319Z,recv,f4:db:00:00:00:d9,0x13,Write-Rsp,,,0,
old/hci_snoop_2018_01_01_12_06_26.cfa,2350,2018-01-01T12:08:32.323Z,sent,f4:db:00:00:00:d9,0x12,Write-Req,0x0021,07 7A 01 00 00 03,6,0x07
old/hci_snoop_2018_01_01_12_06_26.cfa,2352,2018-01-01T12:08:32.499Z,recv,f4:db:00:00:00:d9,0x1B,Notify,0x0024,07 7A 01 00 00 03 31 01 31 01 31 01 61 04 60 04 5F 04 00 00,20,0x07
old/hci_snoop_2018_01_01_12_06_26.cfa,2353,2018-01-01T12:08:32.590Z,recv,f4:db:00:00:00:d9,0x13,Write-Rsp,,,0,
old/hci_snoop_2018_01_01_12_06_26.cfa,2354,2018-01-01T12:08:32.595Z,sent,f4:db:00:00:00:d9,0x12,Write-Req,0x0021,07 7D 01 00 00 03,6,0x07
old/hci_snoop_2018_01_01_12_06_26.cfa,2358,2018-01-01T12:08:32.769Z,recv,f4:db:00:00:00:d9,0x1B,Notify,0x0024,07 7D 01 00 00 03 31 01 31 01 31 01 5F 04 5F 04 5F 04 00 00,20,0x07
old/hci_snoop_2018_01_01_12_06_26.cfa,2359,2018-01-01T12:08:32.863Z,recv,f4:db:00:00:00:d9,0x13,Write-Rsp,,,0,
old/hci_snoop_2018_01_01_12_06_26.cfa,2360,2018-01-01T12:08:32.869Z,sent,f4:db:00:00:00:d9,0x12,Write-Req,0x0021,07 7D 01 00 00 03,6,0x07
old/hci_snoop_2018_01_01_12_06_26.cfa,2362,2018-01-01T12:08:33.040Z,recv,f4:db:00:00:00:d9,0x1B,Notify,0x0024,07 7D 01 00 00 03 31 01 31 01 31 01 5F 04 5F 04 5F 04 00 00,20,0x07
old/hci_snoop_2018_01_01_12_06_26.cfa,2363,2018-01-01T12:08:33.129Z,recv,f4:db:00:00:00:d9,0x13,Write-Rsp,,,0,
old/hci_snoop_2018_01_01_12_06_26.cfa,2364,2018-01-01T12:08:33.132Z,sent,f4:db:00:00:00:d9,0x12,Write-Req,0x0021,07 80 01 00 00 03,6,0x07
old/hci_snoop_2018_01_01_12_06_26.cfa,2368,2018-01-01T12:08:33.310Z,recv,f4:db:00:00:00:d9,0x1B,Notify,0x0024,07 80 01 00 00 03 30 01 30 01 30 01 5F 04 5E 04 5E 04 00 00,20,0x07
old/hci_snoop_2018_01_01_12_06_26.cfa,2369,2018-01-01T12:08:33.399Z,recv,f4:db:00:00:00:d9,0x13,Write-Rsp,,,0,
old/hci_snoop_2018_01_01_12_06_26.cfa,2370,2018-01-01T12:08:33.404Z,sent,f4:db:00:00:00:d9,0x12,Write-Req,0x0021,07 80 01 00 00 03,6,0x07
old/hci_snoop_2018_01_01_12_06_26.cfa,2374,2018-01-01T12:08:33.579Z,recv,f4:db:00:00:00:d9,0x1B,Notify,0x0024,07 80 01 00 00 03 30 01 30 01 30 01 5F 04 5E 04 5E 04 00 00,20,0x07
old/hci_snoop_2018_01_01_12_06_26.cfa,2375,2018-01-01T12:08:33.670Z,recv,f4:db:00:00:00:d9,0x13,Write-Rsp,,,0,
old/hci_snoop_2018_01_01_12_06_26.cfa,2376,2018-01-01T12:08:33.676Z,sent,f4:db:00:00:00:d9,0x12,Write-Req,0x0021,07 83 01 00 00 03,6,0x07
old/hci_snoop_2018_01_01_12_06_26.cfa,2378,2018-01-01T12:08:33.850Z,recv,f4:db:00:00:00:d9,0x1B,Notify,0x0024,07 83 01 00 00 03 30 01 30 01 2F 01 5E 04 5D 04 5D 04 00 00,20,0x07
old/hci_snoop_2018_01_01_12_06_26.cfa,2379,2018-01-01T12:08:33.940Z,recv,f4:db:00:00:00:d9,0x13,Write-Rsp,,,0,
old/hci_snoop_2018_01_01_12_06_26.cfa,2380,2018-01-01T12:08:33.946Z,sent,f4:db:00:00:00:d9,0x12,Write-Req,0x0021,07 83 01 00 00 03,6,0x07
old/hci_snoop_2018_01_01_12_06_26.cfa,2382,2018-01-01T12:08:34.120Z,recv,f4:db:00:00:00:d9,0x1B,Notify,0x0024,07 83 01 00 00 03 30 01 30 01 2F 01 5E 04 5D 04 5D 04 00 00,20,0x07
old/hci_snoop_2018_01_01_12_06_26.cfa,2383,2018-01-01T12:08:34.210Z,recv,f4:db:00:00:00:d9,0x13,Write-Rsp,,,0,
old/hci_snoop_2018_01_01_12_06_26.cfa,2384,2018-01-01T12:08:34.215Z,sent,f4:db:00:00:00:d9,0x12,Write-Req,0x0021,07 86 01 00 00 03,6,0x07
old/hci_snoop_2018_01_01_12_06_26.cfa,2388,2018-01-01T12:08:34.391Z,recv,f4:db:00:00:00:d9,0x1B,Notify,0x0024,07 86 01 00 00 03 2F 01 2F 01 2F 01 5D 04 5C 04 5C 04 00 00,20,0x07
old/hci_snoop_2018_01_01_12_06_26.cfa,2389,2018-01-01T12:08:34.479Z,recv,f4:db:00:00:00:d9,0x13,Write-Rsp,,,0,
old/hci_snoop_2018_01_01_12_06_26.cfa,2390,2018-01-01T12:08:34.485Z,sent,f4:db:00:00:00:d9,0x12,Write-Req,0x0021,07 86 01 00 00 03,6,0x07
old/hci_snoop_2018_01_01_12_06_26.cfa,2392,2018-01-01T12:08:34.660Z,recv,f4:db:00:00:00:d9,0x1B,Notify,0x0024,07 86 01 00 00 03 2F 01 2F 01 2F 01 5D 04 5C 04 5C 04 00 00,20,0x07
old/hci_snoop_2018_01_01_12_06_26.cfa,2393,2018-01-01T12:08:34.750Z,recv,f4:db:00:00:00:d9,0x13,Write-Rsp,,,0,
old/hci_snoop_2018_01_01_12_06_26.cfa,2394,2018-01-01T12:08:34.756Z,sent,f4:db:00:00:00:d9,0x12,Write-Req,0x0021,07 89 01 00 00 03,6,0x07
old/hci_snoop_2018_01_01_12_06_26.cfa,2398,2018-01-01T12:08:34.930Z,recv,f4:db:00:00:00:d9,0x1B,Notify,0x0024,07 89 01 00 00 03 30 01 30 01 31 01 5B 04 59 04 57 04 00 00,20,0x07
old/hci_snoop_2018_01_01_12_06_26.cfa,2399,2018-01-01T12:08:35.025Z,recv,f4:db:00:00:00:d9,0x13,Write-Rsp,,,0,
old/hci_snoop_2018_01_01_12_06_26.cfa,2400,2018-01-01T12:08:35.056Z,sent,f4:db:00:00:00:d9,0x12,Write-Req,0x0021,07 89 01 00 00 03,6,0x07
old/hci_snoop_2018_01_01_12_06_26.cfa,2404,2018-01-01T12:08:35.200Z,recv,f4:db:00:00:00:d9,0x1B,Notify,0x0024,07 89 01 00 00 03 30 01 30 01 31 01 5B 04 59 04 57 04 00 00,20,0x07
old/hci_snoop_2018_01_01_12_06_26.cfa,2405,2018-01-01T12:08:35.289Z,recv,f4:db:00:00:00:d9,0x13,Write-Rsp,,,0,
old/hci_snoop_2018_01_01_12_06_26.cfa,2406,2018-01-01T12:08:35.295Z,sent,f4:db:00:00:00:d9,0x12,Write-Req,0x0021,07 8C 01 00 00 03,6,0x07
old/hci_snoop_2018_01_01_12_06_26.cfa,2408,2018-01-01T12:08:35.473Z,recv,f4:db:00:00:00:d9,0x1B,Notify,0x0024,07 8C 01 00 00 03 30 01 31 01 3B 01 57 04 57 04 45 04 00 00,20,0x07
old/hci_snoop_2018_01_01_12_06_26.cfa,2409,2018-01-01T12:08:35.561Z,recv,f4:db:00:00:00:d9,0x13,Write-Rsp,,,0,
old/hci_snoop_2018_01_01_12_06_26.cfa,2410,2018-01-01T12:08:35.568Z,sent,f4:db:00:00:00:d9,0x12,Write-Req,0x0021,07 8C 01 00 00 03,6,0x07
old/hci_snoop_2018_01_01_12_06_26.cfa,2414,2018-01-01T12:08:35.741Z,recv,f4:db:00:00:00:d9,0x1B,Notify,0x0024,07 8C 01 00 00 03 30 01 31 01 3B 01 57 04 57 04 45 04 00 00,20,0x07
old/hci_snoop_2018_01_01_12_06_26.cfa,2415,2018-01-01T12:08:35.830Z,recv,f4:db:00:00:00:d9,0x13,Write-Rsp,,,0,
old/hci_snoop_2018_01_01_12_06_26.cfa,2416,2018-01-01T12:08:35.836Z,sent,f4:db:00:00:00:d9,0x12,Write-Req,0x0021,07 8F 01 00 00 03,6,0x07
old/hci_snoop_2018_01_01_12_06_26.cfa,2418,2018-01-01T12:08:36.010Z,recv,f4:db:00:00:00:d9,0x1B,Notify,0x0024,07 8F 01 00 00 03 3D 01 3D 01 3A 01 3A 04 32 04 39 04 00 00,20,0x07
old/hci_snoop_2018_01_01_12_06_26.cfa,2419,2018-01-01T12:08:36.099Z,recv,f4:db:00:00:00:d9,0x13,Write-Rsp,,,0,
old/hci_snoop_2018_01_01_12_06_26.cfa,2420,2018-01-01T12:08:36.104Z,sent,f4:db:00:00:00:d9,0x12,Write-Req,0x0021,07 8F 01 00 00 03,6,0x07
old/hci_snoop_2018_01_01_12_06_26.cfa,2422,2018-01-01T12:08:36.282Z,recv,f4:db:00:00:00:d9,0x1B,Notify,0x0024,07 8F 01 00 00 03 3D 01 3D 01 3A 01 3A 04 32 04 39 04 00 00,20,0x07
old/hci_snoop_2018_01_01_12_06_26.cfa,2423,2018-01-01T12:08:36.373Z,recv,f4:db:00:00:00:d9,0x13,Write-Rsp,,,0,
old/hci_snoop_2018_01_01_12_06_26.cfa,2424,2018-01-01T12:08:36.381Z,sent,f4:db:00:00:00:d9,0x12,Write-Req,0x0021,07 92 01 00 00 03,6,0x07
old/hci_snoop_2018_01_01_12_06_26.cfa,2430,2018-01-01T12:08:36.550Z,recv,f4:db:00:00:00:d9,0x1B,Notify,0x0024,07 92 01 00 00 03 40 01 3F 01 3B 01 36 04 29 04 33 04 00 00,20,0x07
old/hci_snoop_2018_01_01_12_06_26.cfa,2431,2018-01-01T12:08:36.641Z,recv,f4:db:00:00:00:d9,0x13,Write-Rsp,,,0,
old/hci_snoop_2018_01_01_12_06_26.cfa,2432,2018-01-01T12:08:36.650Z,sent,f4:db:00:00:00:d9,0x12,Write-Req,0x0021,07 92 01 00 00 03,6,0x07
old/hci_snoop_2018_01_01_12_06_26.cfa,2434,2018-01-01T12:08:36.824Z,recv,f4:db:00:00:00:d9,0x1B,Notify,0x0024,07 92 01 00 00 03 40 01 3F 01 3B 01 36 04 29 04 33 04 00 00,20,0x07
old/hci_snoop_2018_01_01_12_06_26.cfa,2435,2018-01-01T12:08:36.913Z,recv,f4:db:00:00:00:d9,0x13,Write-Rsp,,,0,
old/hci_snoop_2018_01_01_12_06_26.cfa,2436,2018-01-01T12:08:36.921Z,sent,f4:db:00:00:00:d9,0x12,Write-Req,0x0021,07 95 01 00 00 03,6,0x07
old/hci_snoop_2018_01_01_12_06_26.cfa,2438,2018-01-01T12:08:37.090Z,recv,f4:db:00:00:00:d9,0x1B,Notify,0x0024,07 95 01 00 00 03 38 01 37 01 35 01 39 04 3C 04 3F 04 00 00,20,0x07
old/hci_snoop_2018_01_01_12_06_26.cfa,2439,2018-01-01T12:08:37.180Z,recv,f4:db:00:00:00:d9,0x13,Write-Rsp,,,0,
old/hci_snoop_2018_01_01_12_06_26.cfa,2440,2018-01-01T12:08:37.187Z,sent,f4:db:00:00:00:d9,0x12,Write-Req,0x0021,07 95 01 00 00 03,6,0x07
old/hci_snoop_2018_01_01_12_06_26.cfa,2444,2018-01-01T12:08:37.360Z,recv,f4:db:00:00:00:d9,0x1B,Notify,0x0024,07 95 01 00 00 03 38 01 37 01 35 01 39 04 3C 04 3F 04 00 00,20,0x07
old/hci_snoop_2018_01_01_12_06_26.cfa,2445,2018-01-01T12:08:37.453Z,recv,f4:db:00:00:00:d9,0x13,Write-Rsp,,,0,
old/hci_snoop_2018_01_01_12_06_26.cfa,2446,2018-01-01T12:08:37.460Z,sent,f4:db:00:00:00:d9,0x12,Write-Req,0x0021,07 98 01 00 00 03,6,0x07
old/hci_snoop_2018_01_01_12_06_26.cfa,2448,2018-01-01T12:08:37.634Z,recv,f4:db:00:00:00:d9,0x1B,Notify,0x0024,07 98 01 00 00 03 34 01 33 01 33 01 42 04 44 04 45 04 00 00,20,0x07
old/hci_snoop_2018_01_01_12_06_26.cfa,2451,2018-01-01T12:08:37.720Z,recv,f4:db:00:00:00:d9,0x13,Write-Rsp,,,0,
old/hci_snoop_2018_01_01_12_06_26.cfa,2452,2018-01-01T12:08:37.728Z,sent,f4:db:00:00:00:d9,0x12,Write-Req,0x0021,07 98 01 00 00 03,6,0x07
old/hci_snoop_2018_01_01_12_06_26.cfa,2454,2018-01-01T12:08:37.904Z,recv,f4:db:00:00:00:d9,0x1B,Notify,0x0024,07 98 01 00 00 03 34 01 33 01 33 01 42 04 44 04 45 04 00 00,20,0x07
old/hci_snoop_2018_01_01_12_06_26.cfa,2455,2018-01-01T12:08:37.992Z,recv,f4:db:00:00:00:d9,0x13,Write-Rsp,,,0,
old/hci_snoop_2018_01_01_12_06_26.cfa,2456,2018-01-01T12:08:37.997Z,sent,f4:db:00:00:00:d9,0x12,Write-Req,0x0021,07 9B 01 00 00 03,6,0x07
old/hci_snoop_2018_01_01_12_06_26.cfa,2458,2018-01-01T12:08:38.172Z,recv,f4:db:00:00:00:d9,0x1B,Notify,0x0024,07 9B 01 00 00 03 32 01 32 01 32 01 46 04 47 04 48 04 00 00,20,0x07
old/hci_snoop_2018_01_01_12_06_26.cfa,2459,2018-01-01T12:08:38.263Z,recv,f4:db:00:00:00:d9,0x13,Write-Rsp,,,0,
old/hci_snoop_2018_01_01_12_06_26.cfa,2460,2018-01-01T12:08:38.273Z,sent,f4:db:00:00:00:d9,0x12,Write-Req,0x0021,07 9B 01 00 00 03,6,0x07
old/hci_snoop_2018_01_01_12_06_26.cfa,2464,2018-01-01T12:08:38.713Z,recv,f4:db:00:00:00:d9,0x1B,Notify,0x0024,07 9B 01 00 00 03 32 01 32 01 32 01 46 04 47 04 48 04 00 00,20,0x07
old/hci_snoop_2018_01_01_12_06_26.cfa,2465,2018-01-01T12:08:38.715Z,recv,f4:db:00:00:00:d9,0x13,Write-Rsp,,,0,
old/hci_snoop_2018_01_01_12_06_26.cfa,2466,2018-01-01T12:08:38.728Z,sent,f4:db:00:00:00:d9,0x12,Write-Req,0x0021,07 9E 01 00 00 03,6,0x07
old/hci_snoop_2018_01_01_12_06_26.cfa,2468,2018-01-01T12:08:38.893Z,recv,f4:db:00:00:00:d9,0x1B,Notify,0x0024,07 9E 01 00 00 03 31 01 31 01 30 01 49 04 4A 04 4B 04 00 00,20,0x07
old/hci_snoop_2018_01_01_12_06_26.cfa,2469,2018-01-01T12:08:38.983Z,recv,f4:db:00:00:00:d9,0x13,Write-Rsp,,,0,
old/hci_snoop_2018_01_01_12_06_26.cfa,2470,2018-01-01T12:08:38.992Z,sent,f4:db:00:00:00:d9,0x12,Write-Req,0x0021,07 9E 01 00 00 03,6,0x07
old/hci_snoop_2018_01_01_12_06_26.cfa,2474,2018-01-01T12:08:39.160Z,recv,f4:db:00:00:00:d9,0x1B,Notify,0x0024,07 9E 01 00 00 03 31 01 31 01 30 01 49 04 4A 04 4B 04 00 00,20,0x07
old/hci_snoop_2018_01_01_12_06_26.cfa,2475,2018-01-01T12:08:39.253Z,recv,f4:db:00:00:00:d9,0x13,Write-Rsp,,,0,
old/hci_snoop_2018_01_01_12_06_26.cfa,2476,2018-01-01T12:08:39.261Z,sent,f4:db:00:00:00:d9,0x12,Write-Req,0x0021,07 A1 01 00 00 03,6,0x07
old/hci_snoop_2018_01_01_12_06_26.cfa,2480,2018-01-01T12:08:39.430Z,recv,f4:db:00:00:00:d9,0x1B,Notify,0x0024,07 A1 01 00 00 03 30 01 30 01 2F 01 4B 04 4C 04 4D 04 00 00,20,0x07
old/hci_snoop_2018_01_01_12_06_26.cfa,2481,2018-01-01T12:08:39.522Z,recv,f4:db:00:00:00:d9,0x13,Write-Rsp,,,0,
old/hci_snoop_2018_01_01_12_06_26.cfa,2482,2018-01-01T12:08:39.530Z,sent,f4:db:00:00:00:d9,0x12,Write-Req,0x0021,07 A1 01 00 00 03,6,0x07
old/hci_snoop_2018_01_01_12_06_26.cfa,2484,2018-01-01T12:08:39.704Z,recv,f4:db:00:00:00:d9,0x1B,Notify,0x0024,07 A1 01 00 00 03 30 01 30 01 2F 01 4B 04 4C 04 4D 04 00 00,20,0x07
old/hci_snoop_2018_01_01_12_06_26.cfa,2485,2018-01-01T12:08:39.793Z,recv,f4:db:00:00:00:d9,0x13,Write-Rsp,,,0,
old/hci_snoop_2018_01_01_12_06_26.cfa,2486,2018-01-01T12:08:39.801Z,sent,f4:db:00:00:00:d9,0x12,Write-Req,0x0021,07 A4 01 00 00 03,6,0x07
old/hci_snoop_2018_01_01_12_06_26.cfa,2490,2018-01-01T12:08:39.974Z,recv,f4:db:00:00:00:d9,0x1B,Notify,0x0024,07 A4 01 00 00 03 2F 01 2F 01 2F 01 4E 04 4E 04 4E 04 00 00,20,0x07
old/hci_snoop_2018_01_01_12_06_26.cfa,2491,2018-01-01T12:08:40.060Z,recv,f4:db:00:00:00:d9,0x13,Write-Rsp,,,0,
old/hci_snoop_2018_01_01_12_06_26.cfa,2492,2018-01-01T12:08:40.076Z,sent,f4:db:00:00:00:d9,0x12,Write-Req,0x0021,07 A4 01 00 00 03,6,0x07
old/hci_snoop_2018_01_01_12_06_26.cfa,2494,2018-01-01T12:08:40.245Z,recv,f4:db:00:00:00:d9,0x1B,Notify,0x0024,07 A4 01 00 00 03 2F 01 2F 01 2F 01 4E 04 4E 04 4E 04 00 00,20,0x07
old/hci_snoop_2018_01_01_12_06_26.cfa,2497,2018-01-01T12:08:40.333Z,recv,f4:db:00:00:00:d9,0x13,Write-Rsp,,,0,
old/hci_snoop_2018_01_01_12_06_26.cfa,2498,2018-01-01T12:08:40.341Z,sent,f4:db:00:00:00:d9,0x12,Write-Req,0x0021,07 A7 01 00 00 03,6,0x07
old/hci_snoop_2018_01_01_12_06_26.cfa,2500,2018-01-01T12:08:40.509Z,recv,f4:db:00:00:00:d9,0x1B,Notify,0x0024,07 A7 01 00 00 03 2F 01 2F 01 2E 01 4E 04 4E 04 4F 04 00 00,20,0x07
old/hci_snoop_2018_01_01_12_06_26.cfa,2501,2018-01-01T12:08:40.603Z,recv,f4:db:00:00:00:d9,0x13,Write-Rsp,,,0,
old/hci_snoop_2018_01_01_12_06_26.cfa,2502,2018-01-01T12:08:40.609Z,sent,f4:db:00:00:00:d9,0x12,Write-Req,0x0021,07 A7 01 00 00 03,6,0x07
old/hci_snoop_2018_01_01_12_06_26.cfa,2504,2018-01-01T12:08:40.784Z,recv,f4:db:00:00:00:d9,0x1B,Notify,0x0024,07 A7 01 00 00 03 2F 01 2F 01 2E 01 4E 04 4E 04 4F 04 00 00,20,0x07
old/hci_snoop_2018_01_01_12_06_26.cfa,2505,2018-01-01T12:08:40.874Z,recv,f4:db:00:00:00:d9,0x13,Write-Rsp,,,0,
old/hci_snoop_2018_01_01_12_06_26.cfa,2506,2018-01-01T12:08:40.881Z,sent,f4:db:00:00:00:d9,0x12,Write-Req,0x0021,07 AA 01 00 00 03,6,0x07
old/hci_snoop_2018_01_01_12_06_26.cfa,2508,2018-01-01T12:08:41.054Z,recv,f4:db:00:00:00:d9,0x1B,Notify,0x0024,07 AA 01 00 00 03 2E 01 2E 01 2E 01 4F 04 4F 04 50 04 00 00,20,0x07
old/hci_snoop_2018_01_01_12_06_26.cfa,2511,2018-01-01T12:08:41.139Z,recv,f4:db:00:00:00:d9,0x13,Write-Rsp,,,0,
old/hci_snoop_2018_01_01_12_06_26.cfa,2512,2018-01-01T12:08:41.144Z,sent,f4:db:00:00:00:d9,0x12,Write-Req,0x0021,07 AA 01 00 00 03,6,0x07
old/hci_snoop_2018_01_01_12_06_26.cfa,2514,2018-01-01T12:08:41.324Z,recv,f4:db:00:00:00:d9,0x1B,Notify,0x0024,07 AA 01 00 00 03 2E 01 2E 01 2E 01 4F 04 4F 04 50 04 00 00,20,0x07
old/hci_snoop_2018_01_01_12_06_26.cfa,2515,2018-01-01T12:08:41.413Z,recv,f4:db:00:00:00:d9,0x13,Write-Rsp,,,0,
old/hci_snoop_2018_01_01_12_06_26.cfa,2516,2018-01-01T12:08:41.421Z,sent,f4:db:00:00:00:d9,0x12,Write-Req,0x0021,07 AD 01 00 00 03,6,0x07
old/hci_snoop_2018_01_01_12_06_26.cfa,2520,2018-01-01T12:08:41.589Z,recv,f4:db:00:00:00:d9,0x1B,Notify,0x0024,07 AD 01 00 00 03 2D 01 2D 01 2D 01 50 04 51 04 52 04 00 00,20,0x07
old/hci_snoop_2018_01_01_12_06_26.cfa,2523,2018-01-01T12:08:41.683Z,recv,f4:db:00:00:00:d9,0x13,Write-Rsp,,,0,
old/hci_snoop_2018_01_01_12_06_26.cfa,2524,2018-01-01T12:08:41.690Z,sent,f4:db:00:00:00:d9,0x12,Write-Req,0x0021,07 AD 01 00 00 03,6,0x07
old/hci_snoop_2018_01_01_12_06_26.cfa,2526,2018-01-01T12:08:41.863Z,recv,f4:db:00:00:00:d9,0x1B,Notify,0x0024,07 AD 01 00 00 03 2D 01 2D 01 2D 01 50 04 51 04 52 04 00 00,20,0x07
old/hci_snoop_2018_01_01_12_06_26.cfa,2529,2018-01-01T12:08:41.948Z,recv,f4:db:00:00:00:d9,0x13,Write-Rsp,,,0,
old/hci_snoop_2018_01_01_12_06_26.cfa,2530,2018-01-01T12:08:41.950Z,sent,f4:db:00:00:00:d9,0x12,Write-Req,0x0021,07 B0 01 00 00 03,6,0x07
old/hci_snoop_2018_01_01_12_06_26.cfa,2533,2018-01-01T12:08:42.130Z,recv,f4:db:00:00:00:d9,0x1B,Notify,0x0024,07 B0 01 00 00 03 2D 01 2D 01 2C 01 52 04 52 04 52 04 00 00,20,0x07
old/hci_snoop_2018_01_01_12_06_26.cfa,2534,2018-01-01T12:08:42.221Z,recv,f4:db:00:00:00:d9,0x13,Write-Rsp,,,0,
old/hci_snoop_2018_01_01_12_06_26.cfa,2535,2018-01-01T12:08:42.228Z,sent,f4:db:00:00:00:d9,0x12,Write-Req,0x0021,07 B0 01 00 00 03,6,0x07
old/hci_snoop_2018_01_01_12_06_26.cfa,2537,2018-01-01T12:08:42.401Z,recv,f4:db:00:00:00:d9,0x1B,Notify,0x0024,07 B0 01 00 00 03 2D 01 2D 01 2C 01 52 04 52 04 52 04 00 00,20,0x07
old/hci_snoop_2018_01_01_12_06_26.cfa,2542,2018-01-01T12:08:42.491Z,recv,f4:db:00:00:00:d9,0x13,Write-Rsp,,,0,
old/hci_snoop_2018_01_01_12_06_26.cfa,2543,2018-01-01T12:08:42.499Z,sent,f4:db:00:00:00:d9,0x12,Write-Req,0x0021,07 B3 01 00 00 03,6,0x07
old/hci_snoop_2018_01_01_12_06_26.cfa,2545,2018-01-01T12:08:42.674Z,recv,f4:db:00:00:00:d9,0x1B,Notify,0x0024,07 B3 01 00 00 03 2C 01 2C 01 2C 01 52 04 52 04 52 04 00 00,20,0x07
old/hci_snoop_2018_01_01_12_06_26.cfa,2546,2018-01-01T12:08:42.763Z,recv,f4:db:00:00:00:d9,0x13,Write-Rsp,,,0,
old/hci_snoop_2018_01_01_12_06_26.cfa,2547,2018-01-01T12:08:42.770Z,sent,f4:db:00:00:00:d9,0x12,Write-Req,0x0021,07 B3 01 00 00 03,6,0x07
old/hci_snoop_2018_01_01_12_06_26.cfa,2551,2018-01-01T12:08:42.942Z,recv,f4:db:00:00:00:d9,0x1B,Notify,0x0024,07 B3 01 00 00 03 2C 01 2C 01 2C 01 52 04 52 04 52 04 00 00,20,0x07
old/hci_snoop_2018_01_01_12_06_26.cfa,2552,2018-01-01T12:08:43.036Z,recv,f4:db:00:00:00:d9,0x13,Write-Rsp,,,0,
old/hci_snoop_2018_01_01_12_06_26.cfa,2553,2018-01-01T12:08:43.080Z,sent,f4:db:00:00:00:d9,0x12,Write-Req,0x0021,07 B6 01 00 00 03,6,0x07
old/hci_snoop_2018_01_01_12_06_26.cfa,2555,2018-01-01T12:08:43.212Z,recv,f4:db:00:00:00:d9,0x1B,Notify,0x0024,07 B6 01 00 00 03 2C 01 2B 01 2B 01 53 04 53 04 53 04 00 00,20,0x07
old/hci_snoop_2018_01_01_12_06_26.cfa,2558,2018-01-01T12:08:43.299Z,recv,f4:db:00:00:00:d9,0x13,Write-Rsp,,,0,
old/hci_snoop_2018_01_01_12_06_26.cfa,2559,2018-01-01T12:08:43.302Z,sent,f4:db:00:00:00:d9,0x12,Write-Req,0x0021,07 B6 01 00 00 03,6,0x07
old/hci_snoop_2018_01_01_12_06_26.cfa,2561,2018-01-01T12:08:43.484Z,recv,f4:db:00:00:00:d9,0x1B,Notify,0x0024,07 B6 01 00 00 03 2C 01 2B 01 2B 01 53 04 53 04 53 04 00 00,20,0x07
old/hci_snoop_2018_01_01_12_06_26.cfa,2562,2018-01-01T12:08:43.573Z,recv,f4:db:00:00:00:d9,0x13,Write-Rsp,,,0,
old/hci_snoop_2018_01_01_12_06_26.cfa,2563,2018-01-01T12:08:43.581Z,sent,f4:db:00:00:00:d9,0x12,Write-Req,0x0021,07 B9 01 00 00 03,6,0x07
old/hci_snoop_2018_01_01_12_06_26.cfa,2567,2018-01-01T12:08:43.754Z,recv,f4:db:00:00:00:d9,0x1B,Notify,0x0024,07 B9 01 00 00 03 2B 01 2B 01 2C 01 54 04 54 04 53 04 00 00,20,0x07
old/hci_snoop_2018_01_01_12_06_26.cfa,2568,2018-01-01T12:08:43.843Z,recv,f4:db:00:00:00:d9,0x13,Write-Rsp,,,0,
old/hci_snoop_2018_01_01_12_06_26.cfa,2569,2018-01-01T12:08:43.852Z,sent,f4:db:00:00:00:d9,0x12,Write-Req,0x0021,07 B9 01 00 00 03,6,0x07
old/hci_snoop_2018_01_01_12_06_26.cfa,2571,2018-01-01T12:08:44.024Z,recv,f4:db:00:00:00:d9,0x1B,Notify,0x0024,07 B9 01 00 00 03 2B 01 2B 01 2C 01 54 04 54 04 53 04 00 00,20,0x07
old/hci_snoop_2018_01_01_12_06_26.cfa,2572,2018-01-01T12:08:44.110Z,recv,f4:db:00:00:00:d9,0x13,Write-Rsp,,,0,
old/hci_snoop_2018_01_01_12_06_26.cfa,2573,2018-01-01T12:08:44.114Z,sent,f4:db:00:00:00:d9,0x12,Write-Req,0x0021,07 BC 01 00 00 03,6,0x07
old/hci_snoop_2018_01_01_12_06_26.cfa,2577,2018-01-01T12:08:44.294Z,recv,f4:db:00:00:00:d9,0x1B,Notify,0x0024,07 BC 01 00 00 03 2B 01 2B 01 2B 01 55 04 55 04 55 04 00 00,20,0x07
old/hci_snoop_2018_01_01_12_06_26.cfa,2578,2018-01-01T12:08:44.383Z,recv,f4:db:00:00:00:d9,0x13,Write-Rsp,,,0,
old/hci_snoop_2018_01_01_12_06_26.cfa,2579,2018-01-01T12:08:44.391Z,sent,f4:db:00:00:00:d9,0x12,Write-Req,0x0021,07 BC 01 00 00 03,6,0x07
old/hci_snoop_2018_01_01_12_06_26.cfa,2583,2018-01-01T12:08:44.564Z,recv,f4:db:00:00:00:d9,0x1B,Notify,0x0024,07 BC 01 00 00 03 2B 01 2B 01 2B 01 55 04 55 04 55 04 00 00,20,0x07
old/hci_snoop_2018_01_01_12_06_26.cfa,2584,2018-01-01T12:08:44.653Z,recv,f4:db:00:00:00:d9,0x13,Write-Rsp,,,0,
old/hci_snoop_2018_01_01_12_06_26.cfa,2585,2018-01-01T12:08:44.661Z,sent,f4:db:00:00:00:d9,0x12,Write-Req,0x0021,07 BF 01 00 00 03,6,0x07
old/hci_snoop_2018_01_01_12_06_26.cfa,2587,2018-01-01T12:08:44.834Z,recv,f4:db:00:00:00:d9,0x1B,Notify,0x0024,07 BF 01 00 00 03 2B 01 2B 01 2B 01 55 04 55 04 55 04 00 00,20,0x07
old/hci_snoop_2018_01_01_12_06_26.cfa,2588,2018-01-01T12:08:44.923Z,recv,f4:db:00:00:00:d9,0x13,Write-Rsp,,,0,
old/hci_snoop_2018_01_01_12_06_26.cfa,2589,2018-01-01T12:08:44.930Z,sent,f4:db:00:00:00:d9,0x12,Write-Req,0x0021,07 BF 01 00 00 03,6,0x07
old/hci_snoop_2018_01_01_12_06_26.cfa,2595,2018-01-01T12:08:45.100Z,recv,f4:db:00:00:00:d9,0x1B,Notify,0x0024,07 BF 01 00 00 03 2B 01 2B 01 2B 01 55 04 55 04 55 04 00 00,20,0x07
old/hci_snoop_2018_01_01_12_06_26.cfa,2596,2018-01-01T12:08:45.195Z,recv,f4:db:00:00:00:d9,0x13,Write-Rsp,,,0,
old/hci_snoop_2018_01_01_12_06_26.cfa,2597,2018-01-01T12:08:45.200Z,sent,f4:db:00:00:00:d9,0x12,Write-Req,0x0021,07 C2 01 00 00 03,6,0x07
old/hci_snoop_2018_01_01_12_06_26.cfa,2601,2018-01-01T12:08:45.373Z,recv,f4:db:00:00:00:d9,0x1B,Notify,0x0024,07 C2 01 00 00 03 2B 01 2C 01 2B 01 55 04 55 04 21 04 00 00,20,0x07
old/hci_snoop_2018_01_01_12_06_26.cfa,2602,2018-01-01T12:08:45.463Z,recv,f4:db:00:00:00:d9,0x13,Write-Rsp,,,0,
old/hci_snoop_2018_01_01_12_06_26.cfa,2603,2018-01-01T12:08:45.471Z,sent,f4:db:00:00:00:d9,0x12,Write-Req,0x0021,07 C2 01 00 00 03,6,0x07
old/hci_snoop_2018_01_01_12_06_26.cfa,2605,2018-01-01T12:08:45.644Z,recv,f4:db:00:00:00:d9,0x1B,Notify,0x0024,07 C2 01 00 00 03 2B 01 2C 01 2B 01 55 04 55 04 21 04 00 00,20,0x07
old/hci_snoop_2018_01_01_12_06_26.cfa,2606,2018-01-01T12:08:45.733Z,recv,f4:db:00:00:00:d9,0x13,Write-Rsp,,,0,
old/hci_snoop_2018_01_01_12_06_26.cfa,2607,2018-01-01T12:08:45.741Z,sent,f4:db:00:00:00:d9,0x12,Write-Req,0x0021,07 C5 01 00 00 03,6,0x07
old/hci_snoop_2018_01_01_12_06_26.cfa,2609,2018-01-01T12:08:45.913Z,recv,f4:db:00:00:00:d9,0x1B,Notify,0x0024,07 C5 01 00 00 03 2C 01 2D 01 2E 01 2D 04 32 04 36 04 00 00,20,0x07
old/hci_snoop_2018_01_01_12_06_26.cfa,2610,2018-01-01T12:08:46.003Z,recv,f4:db:00:00:00:d9,0x13,Write-Rsp,,,0,
old/hci_snoop_2018_01_01_12_06_26.cfa,2611,2018-01-01T12:08:46.011Z,sent,f4:db:00:00:00:d9,0x12,Write-Req,0x0021,07 C5 01 00 00 03,6,0x07
old/hci_snoop_2018_01_01_12_06_26.cfa,2615,2018-01-01T12:08:46.179Z,recv,f4:db:00:00:00:d9,0x1B,Notify,0x0024,07 C5 01 00 00 03 2C 01 2D 01 2E 01 2D 04 32 04 36 04 00 00,20,0x07
old/hci_snoop_2018_01_01_12_06_26.cfa,2616,2018-01-01T12:08:46.273Z,recv,f4:db:00:00:00:d9,0x13,Write-Rsp,,,0,
old/hci_snoop_2018_01_01_12_06_26.cfa,2617,2018-01-01T12:08:46.280Z,sent,f4:db:00:00:00:d9,0x12,Write-Req,0x0021,07 C8 01 00 00 03,6,0x07
old/hci_snoop_2018_01_01_12_06_26.cfa,2621,2018-01-01T12:08:46.720Z,recv,f4:db:00:00:00:d9,0x1B,Notify,0x0024,07 C8 01 00 00 03 2F 01 30 01 31 01 39 04 3D 04 3A 04 00 00,20,0x07
old/hci_snoop_2018_01_01_12_06_26.cfa,2622,2018-01-01T12:08:46.721Z,recv,f4:db:00:00:00:d9,0x13,Write-Rsp,,,0,
old/hci_snoop_2018_01_01_12_06_26.cfa,2623,2018-01-01T12:08:46.726Z,sent,f4:db:00:00:00:d9,0x12,Write-Req,0x0021,07 C8 01 00 00 03,6,0x07
old/hci_snoop_2018_01_01_12_06_26.cfa,2625,2018-01-01T12:08:46.901Z,recv,f4:db:00:00:00:d9,0x1B,Notify,0x0024,07 C8 01 00 00 03 2F 01 30 01 31 01 39 04 3D 04 3A 04 00 00,20,0x07
old/hci_snoop_2018_01_01_12_06_26.cfa,2626,2018-01-01T12:08:46.993Z,recv,f4:db:00:00:00:d9,0x13,Write-Rsp,,,0,
old/hci_snoop_2018_01_01_12_06_26.cfa,2627,2018-01-01T12:08:47.002Z,sent,f4:db:00:00:00:d9,0x12,Write-Req,0x0021,07 CB 01 00 00 03,6,0x07
old/hci_snoop_2018_01_01_12_06_26.cfa,2631,2018-01-01T12:08:47.170Z,recv,f4:db:00:00:00:d9,0x1B,Notify,0x0024,07 CB 01 00 00 03 32 01 33 01 35 01 3B 04 3C 04 3C 04 00 00,20,0x07
old/hci_snoop_2018_01_01_12_06_26.cfa,2632,2018-01-01T12:08:47.263Z,recv,f4:db:00:00:00:d9,0x13,Write-Rsp,,,0,
old/hci_snoop_2018_01_01_12_06_26.cfa,2633,2018-01-01T12:08:47.271Z,sent,f4:db:00:00:00:d9,0x12,Write-Req,0x0021,07 CB 01 00 00 03,6,0x07
old/hci_snoop_2018_01_01_12_06_26.cfa,2635,2018-01-01T12:08:47.444Z,recv,f4:db:00:00:00:d9,0x1B,Notify,0x0024,07 CB 01 00 00 03 32 01 33 01 35 01 3B 04 3C 04 3C 04 00 00,20,0x07
old/hci_snoop_2018_01_01_12_06_26.cfa,2636,2018-01-01T12:08:47.533Z,recv,f4:db:00:00:00:d9,0x13,Write-Rsp,,,0,
old/hci_snoop_2018_01_01_12_06_26.cfa,2637,2018-01-01T12:08:47.544Z,sent,f4:db:00:00:00:d9,0x12,Write-Req,0x0021,07 CE 01 00 00 03,6,0x07
old/hci_snoop_2018_01_01_12_06_26.cfa,2639,2018-01-01T12:08:47.709Z,recv,f4:db:00:00:00:d9,0x1B,Notify,0x0024,07 CE 01 00 00 03 36 01 3F 01 43 01 3E 04 34 04 30 04 00 00,20,0x07
old/hci_snoop_2018_01_01_12_06_26.cfa,2640,2018-01-01T12:08:47.799Z,recv,f4:db:00:00:00:d9,0x13,Write-Rsp,,,0,
old/hci_snoop_2018_01_01_12_06_26.cfa,2641,2018-01-01T12:08:47.805Z,sent,f4:db:00:00:00:d9,0x12,Write-Req,0x0021,07 CE 01 00 00 03,6,0x07
old/hci_snoop_2018_01_01_12_06_26.cfa,2645,2018-01-01T12:08:47.979Z,recv,f4:db:00:00:00:d9,0x1B,Notify,0x0024,07 CE 01 00 00 03 36 01 3F 01 43 01 3E 04 34 04 30 04 00 00,20,0x07
old/hci_snoop_2018_01_01_12_06_26.cfa,2646,2018-01-01T12:08:48.073Z,recv,f4:db:00:00:00:d9,0x13,Write-Rsp,,,0,
old/hci_snoop_2018_01_01_12_06_26.cfa,2647,2018-01-01T12:08:48.075Z,sent,f4:db:00:00:00:d9,0x12,Write-Req,0x0021,07 D1 01 00 00 03,6,0x07
old/hci_snoop_2018_01_01_12_06_26.cfa,2649,2018-01-01T12:08:48.250Z,recv,f4:db:00:00:00:d9,0x1B,Notify,0x0024,07 D1 01 00 00 03 46 01 48 01 4B 01 2E 04 2A 04 28 04 00 00,20,0x07
old/hci_snoop_2018_01_01_12_06_26.cfa,2650,2018-01-01T12:08:48.340Z,recv,f4:db:00:00:00:d9,0x13,Write-Rsp,,,0,
old/hci_snoop_2018_01_01_12_06_26.cfa,2651,2018-01-01T12:08:48.345Z,sent,f4:db:00:00:00:d9,0x12,Write-Req,0x0021,07 D1 01 00 00 03,6,0x07
old/hci_snoop_2018_01_01_12_06_26.cfa,2655,2018-01-01T12:08:48.520Z,recv,f4:db:00:00:00:d9,0x1B,Notify,0x0024,07 D1 01 00 00 03 46 01 48 01 4B 01 2E 04 2A 04 28 04 00 00,20,0x07
old/hci_snoop_2018_01_01_12_06_26.cfa,2656,2018-01-01T12:08:48.609Z,recv,f4:db:00:00:00:d9,0x13,Write-Rsp,,,0,
old/hci_snoop_2018_01_01_12_06_26.cfa,2657,2018-01-01T12:08:48.615Z,sent,f4:db:00:00:00:d9,0x12,Write-Req,0x0021,07 D4 01 00 00 03,6,0x07
old/hci_snoop_2018_01_01_12_06_26.cfa,2661,2018-01-01T12:08:48.790Z,recv,f4:db:00:00:00:d9,0x1B,Notify,0x0024,07 D4 01 00 00 03 4D 01 4F 01 50 01 26 04 24 04 23 04 00 00,20,0x07
old/hci_snoop_2018_01_01_12_06_26.cfa,2662,2018-01-01T12:08:48.880Z,recv,f4:db:00:00:00:d9,0x13,Write-Rsp,,,0,
old/hci_snoop_2018_01_01_12_06_26.cfa,2663,2018-01-01T12:08:48.885Z,sent,f4:db:00:00:00:d9,0x12,Write-Req,0x0021,07 D4 01 00 00 03,6,0x07
old/hci_snoop_2018_01_01_12_06_26.cfa,2665,2018-01-01T12:08:49.060Z,recv,f4:db:00:00:00:d9,0x1B,Notify,0x0024,07 D4 01 00 00 03 4D 01 4F 01 50 01 26 04 24 04 23 04 00 00,20,0x07
old/hci_snoop_2018_01_01_12_06_26.cfa,2666,2018-01-01T12:08:49.149Z,recv,f4:db:00:00:00:d9,0x13,Write-Rsp,,,0,
old/hci_snoop_2018_01_01_12_06_26.cfa,2667,2018-01-01T12:08:49.153Z,sent,f4:db:00:00:00:d9,0x12,Write-Req,0x0021,07 D7 01 00 00 03,6,0x07
old/hci_snoop_2018_01_01_12_06_26.cfa,2671,2018-01-01T12:08:49.330Z,recv,f4:db:00:00:00:d9,0x1B,Notify,0x0024,07 D7 01 00 00 03 51 01 52 01 51 01 25 04 23 04 1D 04 00 00,20,0x07
old/hci_snoop_2018_01_01_12_06_26.cfa,2672,2018-01-01T12:08:49.420Z,recv,f4:db:00:00:00:d9,0x13,Write-Rsp,,,0,
old/hci_snoop_2018_01_01_12_06_26.cfa,2673,2018-01-01T12:08:49.424Z,sent,f4:db:00:00:00:d9,0x12,Write-Req,0x0021,07 D7 01 00 00 03,6,0x07
old/hci_snoop_2018_01_01_12_06_26.cfa,2677,2018-01-01T12:08:49.599Z,recv,f4:db:00:00:00:d9,0x1B,Notify,0x0024,07 D7 01 00 00 03 51 01 52 01 51 01 25 04 23 04 1D 04 00 00,20,0x07
old/hci_snoop_2018_01_01_12_06_26.cfa,2678,2018-01-01T12:08:49.690Z,recv,f4:db:00:00:00:d9,0x13,Write-Rsp,,,0,
old/hci_snoop_2018_01_01_12_06_26.cfa,2679,2018-01-01T12:08:49.695Z,sent,f4:db:00:00:00:d9,0x12,Write-Req,0x0021,07 DA 01 00 00 03,6,0x07
old/hci_snoop_2018_01_01_12_06_26.cfa,2681,2018-01-01T12:08:49.870Z,recv,f4:db:00:00:00:d9,0x1B,Notify,0x0024,07 DA 01 00 00 03 4E 01 4D 01 4B 01 23 04 25 04 27 04 00 00,20,0x07
old/hci_snoop_2018_01_01_12_06_26.cfa,2682,2018-01-01T12:08:49.959Z,recv,f4:db:00:00:00:d9,0x13,Write-Rsp,,,0,
old/hci_snoop_2018_01_01_12_06_26.cfa,2683,2018-01-01T12:08:49.964Z,sent,f4:db:00:00:00:d9,0x12,Write-Req,0x0021,07 DA 01 00 00 03,6,0x07
old/hci_snoop_2018_01_01_12_06_26.cfa,2687,2018-01-01T12:08:50.140Z,recv,f4:db:00:00:00:d9,0x1B,Notify,0x0024,07 DA 01 00 00 03 4E 01 4D 01 4B 01 23 04 25 04 27 04 00 00,20,0x07
old/hci_snoop_2018_01_01_12_06_26.cfa,2688,2018-01-01T12:08:50.230Z,recv,f4:db:00:00:00:d9,0x13,Write-Rsp,,,0,
old/hci_snoop_2018_01_01_12_06_26.cfa,2689,2018-01-01T12:08:50.234Z,sent,f4:db:00:00:00:d9,0x12,Write-Req,0x0021,07 DD 01 00 00 03,6,0x07
old/hci_snoop_2018_01_01_12_06_26.cfa,2693,2018-01-01T12:08:50.409Z,recv,f4:db:00:00:00:d9,0x1B,Notify,0x0024,07 DD 01 00 00 03 4B 01 4A 01 49 01 29 04 2A 04 2C 04 00 00,20,0x07
old/hci_snoop_2018_01_01_12_06_26.cfa,2694,2018-01-01T12:08:50.500Z,recv,f4:db:00:00:00:d9,0x13,Write-Rsp,,,0,
old/hci_snoop_2018_01_01_12_06_26.cfa,2695,2018-01-01T12:08:50.504Z,sent,f4:db:00:00:00:d9,0x12,Write-Req,0x0021,07 DD 01 00 00 03,6,0x07
old/hci_snoop_2018_01_01_12_06_26.cfa,2697,2018-01-01T12:08:50.679Z,recv,f4:db:00:00:00:d9,0x1B,Notify,0x0024,07 DD 01 00 00 03 4B 01 4A 01 49 01 29 04 2A 04 2C 04 00 00,20,0x07
old/hci_snoop_2018_01_01_12_06_26.cfa,2698,2018-01-01T12:08:50.769Z,recv,f4:db:00:00:00:d9,0x13,Write-Rsp,,,0,
old/hci_snoop_2018_01_01_12_06_26.cfa,2699,2018-01-01T12:08:50.774Z,sent,f4:db:00:00:00:d9,0x12,Write-Req,0x0021,07 E0 01 00 00 03,6,0x07
old/hci_snoop_2018_01_01_12_06_26.cfa,2705,2018-01-01T12:08:50.949Z,recv,f4:db:00:00:00:d9,0x1B,Notify,0x0024,07 E0 01 00 00 03 49 01 49 01 49 01 2D 04 2E 04 30 04 00 00,20,0x07
old/hci_snoop_2018_01_01_12_06_26.cfa,2706,2018-01-01T12:08:51.040Z,recv,f4:db:00:00:00:d9,0x13,Write-Rsp,,,0,
old/hci_snoop_2018_01_01_12_06_26.cfa,2707,2018-01-01T12:08:51.044Z,sent,f4:db:00:00:00:d9,0x12,Write-Req,0x0021,07 E0 01 00 00 03,6,0x07
old/hci_snoop_2018_01_01_12_06_26.cfa,2709,2018-01-01T12:08:51.221Z,recv,f4:db:00:00:00:d9,0x1B,Notify,0x0024,07 E0 01 00 00 03 49 01 49 01 49 01 2D 04 2E 04 30 04 00 00,20,0x07
old/hci_snoop_2018_01_01_12_06_26.cfa,2712,2018-01-01T12:08:51.309Z,recv,f4:db:00:00:00:d9,0x13,Write-Rsp,,,0,
old/hci_snoop_2018_01_01_12_06_26.cfa,2713,2018-01-01T12:08:51.314Z,sent,f4:db:00:00:00:d9,0x12,Write-Req,0x0021,07 E3 01 00 00 03,6,0x07
old/hci_snoop_2018_01_01_12_06_26.cfa,2715,2018-01-01T12:08:51.489Z,recv,f4:db:00:00:00:d9,0x1B,Notify,0x0024,07 E3 01 00 00 03 49 01 49 01 49 01 31 04 32 04 32 04 00 00,20,0x07
old/hci_snoop_2018_01_01_12_06_26.cfa,2716,2018-01-01T12:08:51.579Z,recv,f4:db:00:00:00:d9,0x13,Write-Rsp,,,0,
old/hci_snoop_2018_01_01_12_06_26.cfa,2717,2018-01-01T12:08:51.584Z,sent,f4:db:00:00:00:d9,0x12,Write-Req,0x0021,07 E3 01 00 00 03,6,0x07
old/hci_snoop_2018_01_01_12_06_26.cfa,2721,2018-01-01T12:08:51.759Z,recv,f4:db:00:00:00:d9,0x1B,Notify,0x0024,07 E3 01 00 00 03 49 01 49 01 49 01 31 04 32 04 32 04 00 00,20,0x07
old/hci_snoop_2018_01_01_12_06_26.cfa,2724,2018-01-01T12:08:51.849Z,recv,f4:db:00:00:00:d9,0x13,Write-Rsp,,,0,
old/hci_snoop_2018_01_01_12_06_26.cfa,2725,2018-01-01T12:08:51.854Z,sent,f4:db:00:00:00:d9,0x12,Write-Req,0x0021,07 E6 01 00 00 03,6,0x07
old/hci_snoop_2018_01_01_12_06_26.cfa,2727,2018-01-01T12:08:52.029Z,recv,f4:db:00:00:00:d9,0x1B,Notify,0x0024,07 E6 01 00 00 03 4A 01 4A 01 4A 01 33 04 33 04 33 04 00 00,20,0x07
old/hci_snoop_2018_01_01_12_06_26.cfa,2730,2018-01-01T12:08:52.119Z,recv,f4:db:00:00:00:d9,0x13,Write-Rsp,,,0,
old/hci_snoop_2018_01_01_12_06_26.cfa,2731,2018-01-01T12:08:52.122Z,sent,f4:db:00:00:00:d9,0x12,Write-Req,0x0021,07 E6 01 00 00 03,6,0x07
old/hci_snoop_2018_01_01_12_06_26.cfa,2733,2018-01-01T12:08:52.299Z,recv,f4:db:00:00:00:d9,0x1B,Notify,0x0024,07 E6 01 00 00 03 4A 01 4A 01 4A 01 33 04 33 04 33 04 00 00,20,0x07
old/hci_snoop_2018_01_01_12_06_26.cfa,2734,2018-01-01T12:08:52.389Z,recv,f4:db:00:00:00:d9,0x13,Write-Rsp,,,0,
old/hci_snoop_2018_01_01_12_06_26.cfa,2735,2018-01-01T12:08:52.394Z,sent,f4:db:00:00:00:d9,0x12,Write-Req,0x0021,07 E9 01 00 00 03,6,0x07
old/hci_snoop_2018_01_01_12_06_26.cfa,2737,2018-01-01T12:08:52.569Z,recv,f4:db:00:00:00:d9,0x1B,Notify,0x0024,07 E9 01 00 00 03 4B 01 4B 01 4B 01 33 04 33 04 33 04 00 00,20,0x07
old/hci_snoop_2018_01_01_12_06_26.cfa,2742,2018-01-01T12:08:52.659Z,recv,f4:db:00:00:00:d9,0x13,Write-Rsp,,,0,
old/hci_snoop_2018_01_01_12_06_26.cfa,2743,2018-01-01T12:08:52.663Z,sent,f4:db:00:00:00:d9,0x12,Write-Req,0x0021,07 E9 01 00 00 03,6,0x07
old/hci_snoop_2018_01_01_12_06_26.cfa,2745,2018-01-01T12:08:52.839Z,recv,f4:db:00:00:00:d9,0x1B,Notify,0x0024,07 E9 01 00 00 03 4B 01 4B 01 4B 01 33 04 33 04 33 04 00 00,20,0x07
old/hci_snoop_2018_01_01_12_06_26.cfa,2748,2018-01-01T12:08:53.019Z,recv,f4:db:00:00:00:d9,0x13,Write-Rsp,,,0,
old/hci_snoop_2018_01_01_12_06_26.cfa,2749,2018-01-01T12:08:53.024Z,sent,f4:db:00:00:00:d9,0x12,Write-Req,0x0021,07 EC 01 00 00 03,6,0x07
old/hci_snoop_2018_01_01_12_06_26.cfa,2751,2018-01-01T12:08:53.201Z,recv,f4:db:00:00:00:d9,0x1B,Notify,0x0024,07 EC 01 00 00 03 4B 01 4C 01 4C 01 32 04 32 04 32 04 00 00,20,0x07
old/hci_snoop_2018_01_01_12_06_26.cfa,2752,2018-01-01T12:08:53.290Z,recv,f4:db:00:00:00:d9,0x13,Write-Rsp,,,0,
old/hci_snoop_2018_01_01_12_06_26.cfa,2753,2018-01-01T12:08:53.294Z,sent,f4:db:00:00:00:d9,0x12,Write-Req,0x0021,07 EC 01 00 00 03,6,0x07
old/hci_snoop_2018_01_01_12_06_26.cfa,2759,2018-01-01T12:08:53.469Z,recv,f4:db:00:00:00:d9,0x1B,Notify,0x0024,07 EC 01 00 00 03 4B 01 4C 01 4C 01 32 04 32 04 32 04 00 00,20,0x07
old/hci_snoop_2018_01_01_12_06_26.cfa,2760,2018-01-01T12:08:53.560Z,recv,f4:db:00:00:00:d9,0x13,Write-Rsp,,,0,
old/hci_snoop_2018_01_01_12_06_26.cfa,2761,2018-01-01T12:08:53.564Z,sent,f4:db:00:00:00:d9,0x12,Write-Req,0x0021,07 EF 01 00 00 03,6,0x07
old/hci_snoop_2018_01_01_12_06_26.cfa,2763,2018-01-01T12:08:53.742Z,recv,f4:db:00:00:00:d9,0x1B,Notify,0x0024,07 EF 01 00 00 03 4C 01 4D 01 4D 01 31 04 31 04 31 04 00 00,20,0x07
old/hci_snoop_2018_01_01_12_06_26.cfa,2766,2018-01-01T12:08:53.830Z,recv,f4:db:00:00:00:d9,0x13,Write-Rsp,,,0,
old/hci_snoop_2018_01_01_12_06_26.cfa,2767,2018-01-01T12:08:53.835Z,sent,f4:db:00:00:00:d9,0x12,Write-Req,0x0021,07 EF 01 00 00 03,6,0x07
old/hci_snoop_2018_01_01_12_06_26.cfa,2769,2018-01-01T12:08:54.010Z,recv,f4:db:00:00:00:d9,0x1B,Notify,0x0024,07 EF 01 00 00 03 4C 01 4D 01 4D 01 31 04 31 04 31 04 00 00,20,0x07
old/hci_snoop_2018_01_01_12_06_26.cfa,2770,2018-01-01T12:08:54.100Z,recv,f4:db:00:00:00:d9,0x13,Write-Rsp,,,0,
old/hci_snoop_2018_01_01_12_06_26.cfa,2771,2018-01-01T12:08:54.109Z,sent,f4:db:00:00:00:d9,0x12,Write-Req,0x0021,07 F2 01 00 00 03,6,0x07
old/hci_snoop_2018_01_01_12_06_26.cfa,2773,2018-01-01T12:08:54.284Z,recv,f4:db:00:00:00:d9,0x1B,Notify,0x0024,07 F2 01 00 00 03 4E 01 4E 01 4E 01 30 04 2F 04 2F 04 00 00,20,0x07
old/hci_snoop_2018_01_01_12_06_26.cfa,2778,2018-01-01T12:08:54.372Z,recv,f4:db:00:00:00:d9,0x13,Write-Rsp,,,0,
old/hci_snoop_2018_01_01_12_06_26.cfa,2779,2018-01-01T12:08:54.379Z,sent,f4:db:00:00:00:d9,0x12,Write-Req,0x0021,07 F2 01 00 00 03,6,0x07
old/hci_snoop_2018_01_01_12_06_26.cfa,2781,2018-01-01T12:08:54.554Z,recv,f4:db:00:00:00:d9,0x1B,Notify,0x0024,07 F2 01 00 00 03 4E 01 4E 01 4E 01 30 04 2F 04 2F 04 00 00,20,0x07
old/hci_snoop_2018_01_01_12_06_26.cfa,2782,2018-01-01T12:08:54.644Z,recv,f4:db:00:00:00:d9,0x13,Write-Rsp,,,0,
old/hci_snoop_2018_01_01_12_06_26.cfa,2785,2018-01-01T12:08:54.658Z,sent,f4:db:00:00:00:d9,0x12,Write-Req,0x0021,07 F5 01 00 00 03,6,0x07
old/hci_snoop_2018_01_01_12_06_26.cfa,2787,2018-01-01T12:08:54.824Z,recv,f4:db:00:00:00:d9,0x1B,Notify,0x0024,07 F5 01 00 00 03 4E 01 4E 01 4E 01 2F 04 2E 04 2E 04 00 00,20,0x07
old/hci_snoop_2018_01_01_12_06_26.cfa,2788,2018-01-01T12:08:54.913Z,recv,f4:db:00:00:00:d9,0x13,Write-Rsp,,,0,
old/hci_snoop_2018_01_01_12_06_26.cfa,2789,2018-01-01T12:08:54.921Z,sent,f4:db:00:00:00:d9,0x12,Write-Req,0x0021,07 F5 01 00 00 03,6,0x07
old/hci_snoop_2018_01_01_12_06_26.cfa,2791,2018-01-01T12:08:55.090Z,recv,f4:db:00:00:00:d9,0x1B,Notify,0x0024,07 F5 01 00 00 03 4E 01 4E 01 4E 01 2F 04 2E 04 2E 04 00 00,20,0x07
old/hci_snoop_2018_01_01_12_06_26.cfa,2796,2018-01-01T12:08:55.179Z,recv,f4:db:00:00:00:d9,0x13,Write-Rsp,,,0,
old/hci_snoop_2018_01_01_12_06_26.cfa,2797,2018-01-01T12:08:55.182Z,sent,f4:db:00:00:00:d9,0x12,Write-Req,0x0021,07 F8 01 00 00 03,6,0x07
old/hci_snoop_2018_01_01_12_06_26.cfa,2799,2018-01-01T12:08:55.364Z,recv,f4:db:00:00:00:d9,0x1B,Notify,0x0024,07 F8 01 00 00 03 4E 01 4E 01 4E 01 2E 04 2F 04 2F 04 00 00,20,0x07
old/hci_snoop_2018_01_01_12_06_26.cfa,2800,2018-01-01T12:08:55.454Z,recv,f4:db:00:00:00:d9,0x13,Write-Rsp,,,0,
old/hci_snoop_2018_01_01_12_06_26.cfa,2801,2018-01-01T12:08:55.460Z,sent,f4:db:00:00:00:d9,0x12,Write-Req,0x0021,07 F8 01 00 00 03,6,0x07
old/hci_snoop_2018_01_01_12_06_26.cfa,2805,2018-01-01T12:08:55.634Z,recv,f4:db:00:00:00:d9,0x1B,Notify,0x0024,07 F8 01 00 00 03 4E 01 4E 01 4E 01 2E 04 2F 04 2F 04 00 00,20,0x07
old/hci_snoop_2018_01_01_12_06_26.cfa,2806,2018-01-01T12:08:55.723Z,recv,f4:db:00:00:00:d9,0x13,Write-Rsp,,,0,
old/hci_snoop_2018_01_01_12_06_26.cfa,2807,2018-01-01T12:08:55.732Z,sent,f4:db:00:00:00:d9,0x12,Write-Req,0x0021,07 FB 01 00 00 03,6,0x07
old/hci_snoop_2018_01_01_12_06_26.cfa,2809,2018-01-01T12:08:55.904Z,recv,f4:db:00:00:00:d9,0x1B,Notify,0x0024,07 FB 01 00 00 03 4E 01 4E 01 4D 01 2F 04 2F 04 2F 04 00 00,20,0x07
old/hci_snoop_2018_01_01_12_06_26.cfa,2812,2018-01-01T12:08:55.989Z,recv,f4:db:00:00:00:d9,0x13,Write-Rsp,,,0,
old/hci_snoop_2018_01_01_12_06_26.cfa,2813,2018-01-01T12:08:55.999Z,sent,f4:db:00:00:00:d9,0x12,Write-Req,0x0021,07 FB 01 00 00 03,6,0x07
old/hci_snoop_2018_01_01_12_06_26.cfa,2818,2018-01-01T12:08:56.170Z,recv,f4:db:00:00:00:d9,0x1B,Notify,0x0024,07 FB 01 00 00 03 4E 01 4E 01 4D 01 2F 04 2F 04 2F 04 00 00,20,0x07
old/hci_snoop_2018_01_01_12_06_26.cfa,2819,2018-01-01T12:08:56.260Z,recv,f4:db:00:00:00:d9,0x13,Write-Rsp,,,0,
old/hci_snoop_2018_01_01_12_06_26.cfa,2820,2018-01-01T12:08:56.267Z,sent,f4:db:00:00:00:d9,0x12,Write-Req,0x0021,07 FE 01 00 00 03,6,0x07
old/hci_snoop_2018_01_01_12_06_26.cfa,2824,2018-01-01T12:08:56.442Z,recv,f4:db:00:00:00:d9,0x1B,Notify,0x0024,07 FE 01 00 00 03 4D 01 4D 01 4C 01 2F 04 2F 04 2F 04 00 00,20,0x07
old/hci_snoop_2018_01_01_12_06_26.cfa,2825,2018-01-01T12:08:56.530Z,recv,f4:db:00:00:00:d9,0x13,Write-Rsp,,,0,
old/hci_snoop_2018_01_01_12_06_26.cfa,2826,2018-01-01T12:08:56.537Z,sent,f4:db:00:00:00:d9,0x12,Write-Req,0x0021,07 FE 01 00 00 03,6,0x07
old/hci_snoop_2018_01_01_12_06_26.cfa,2828,2018-01-01T12:08:56.710Z,recv,f4:db:00:00:00:d9,0x1B,Notify,0x0024,07 FE 01 00 00 03 4D 01 4D 01 4C 01 2F 04 2F 04 2F 04 00 00,20,0x07
old/hci_snoop_2018_01_01_12_06_26.cfa,2829,2018-01-01T12:08:56.799Z,recv,f4:db:00:00:00:d9,0x13,Write-Rsp,,,0,
old/hci_snoop_2018_01_01_12_06_26.cfa,2830,2018-01-01T12:08:56.802Z,sent,f4:db:00:00:00:d9,0x12,Write-Req,0x0021,07 01 02 00 00 03,6,0x07
old/hci_snoop_2018_01_01_12_06_26.cfa,2836,2018-01-01T12:08:56.980Z,recv,f4:db:00:00:00:d9,0x1B,Notify,0x0024,07 01 02 00 00 03 4C 01 4C 01 4C 01 30 04 30 04 30 04 00 00,20,0x07
old/hci_snoop_2018_01_01_12_06_26.cfa,2837,2018-01-01T12:08:57.073Z,recv,f4:db:00:00:00:d9,0x13,Write-Rsp,,,0,
old/hci_snoop_2018_01_01_12_06_26.cfa,2838,2018-01-01T12:08:57.098Z,sent,f4:db:00:00:00:d9,0x12,Write-Req,0x0021,07 01 02 00 00 03,6,0x07
old/hci_snoop_2018_01_01_12_06_26.cfa,2842,2018-01-01T12:08:57.251Z,recv,f4:db:00:00:00:d9,0x1B,Notify,0x0024,07 01 02 00 00 03 4C 01 4C 01 4C 01 30 04 30 04 30 04 00 00,20,0x07
old/hci_snoop_2018_01_01_12_06_26.cfa,2843,2018-01-01T12:08:57.343Z,recv,f4:db:00:00:00:d9,0x13,Write-Rsp,,,0,
old/hci_snoop_2018_01_01_12_06_26.cfa,2844,2018-01-01T12:08:57.352Z,sent,f4:db:00:00:00:d9,0x12,Write-Req,0x0021,07 04 02 00 00 03,6,0x07
old/hci_snoop_2018_01_01_12_06_26.cfa,2846,2018-01-01T12:08:57.524Z,recv,f4:db:00:00:00:d9,0x1B,Notify,0x0024,07 04 02 00 00 03 4C 01 4C 01 4C 01 30 04 30 04 30 04 00 00,20,0x07
old/hci_snoop_2018_01_01_12_06_26.cfa,2847,2018-01-01T12:08:57.612Z,recv,f4:db:00:00:00:d9,0x13,Write-Rsp,,,0,
old/hci_snoop_2018_01_01_12_06_26.cfa,2848,2018-01-01T12:08:57.619Z,sent,f4:db:00:00:00:d9,0x12,Write-Req,0x0021,07 04 02 00 00 03,6,0x07
old/hci_snoop_2018_01_01_12_06_26.cfa,2854,2018-01-01T12:08:57.794Z,recv,f4:db:00:00:00:d9,0x1B,Notify,0x0024,07 04 02 00 00 03 4C 01 4C 01 4C 01 30 04 30 04 30 04 00 00,20,0x07
old/hci_snoop_2018_01_01_12_06_26.cfa,2855,2018-01-01T12:08:57.883Z,recv,f4:db:00:00:00:d9,0x13,Write-Rsp,,,0,
old/hci_snoop_2018_01_01_12_06_26.cfa,2856,2018-01-01T12:08:57.891Z,sent,f4:db:00:00:00:d9,0x12,Write-Req,0x0021,07 07 02 00 00 03,6,0x07
old/hci_snoop_2018_01_01_12_06_26.cfa,2860,2018-01-01T12:08:58.059Z,recv,f4:db:00:00:00:d9,0x1B,Notify,0x0024,07 07 02 00 00 03 4C 01 4C 01 4C 01 30 04 30 04 30 04 00 00,20,0x07
old/hci_snoop_2018_01_01_12_06_26.cfa,2861,2018-01-01T12:08:58.149Z,recv,f4:db:00:00:00:d9,0x13,Write-Rsp,,,0,
old/hci_snoop_2018_01_01_12_06_26.cfa,2862,2018-01-01T12:08:58.154Z,sent,f4:db:00:00:00:d9,0x12,Write-Req,0x0021,07 07 02 00 00 03,6,0x07
old/hci_snoop_2018_01_01_12_06_26.cfa,2864,2018-01-01T12:08:58.334Z,recv,f4:db:00:00:00:d9,0x1B,Notify,0x0024,07 07 02 00 00 03 4C 01 4C 01 4C 01 30 04 30 04 30 04 00 00,20,0x07
old/hci_snoop_2018_01_01_12_06_26.cfa,2865,2018-01-01T12:08:58.421Z,recv,f4:db:00:00:00:d9,0x13,Write-Rsp,,,0,
old/hci_snoop_2018_01_01_12_06_26.cfa,2866,2018-01-01T12:08:58.425Z,sent,f4:db:00:00:00:d9,0x12,Write-Req,0x0021,07 0A 02 00 00 03,6,0x07
old/hci_snoop_2018_01_01_12_06_26.cfa,2872,2018-01-01T12:08:58.602Z,recv,f4:db:00:00:00:d9,0x1B,Notify,0x0024,07 0A 02 00 00 03 4B 01 4C 01 4B 01 30 04 31 04 31 04 00 00,20,0x07
old/hci_snoop_2018_01_01_12_06_26.cfa,2873,2018-01-01T12:08:58.689Z,recv,f4:db:00:00:00:d9,0x13,Write-Rsp,,,0,
old/hci_snoop_2018_01_01_12_06_26.cfa,2874,2018-01-01T12:08:58.695Z,sent,f4:db:00:00:00:d9,0x12,Write-Req,0x0021,07 0A 02 00 00 03,6,0x07
old/hci_snoop_2018_01_01_12_06_26.cfa,2876,2018-01-01T12:08:58.871Z,recv,f4:db:00:00:00:d9,0x1B,Notify,0x0024,07 0A 02 00 00 03 4B 01 4C 01 4B 01 30 04 31 04 31 04 00 00,20,0x07
old/hci_snoop_2018_01_01_12_06_26.cfa,2879,2018-01-01T12:08:58.960Z,recv,f4:db:00:00:00:d9,0x13,Write-Rsp,,,0,
old/hci_snoop_2018_01_01_12_06_26.cfa,2880,2018-01-01T12:08:58.963Z,sent,f4:db:00:00:00:d9,0x12,Write-Req,0x0021,07 0D 02 00 00 03,6,0x07
old/hci_snoop_2018_01_01_12_06_26.cfa,2882,2018-01-01T12:08:59.139Z,recv,f4:db:00:00:00:d9,0x1B,Notify,0x0024,07 0D 02 00 00 03 4C 01 4C 01 4C 01 31 04 31 04 31 04 00 00,20,0x07
old/hci_snoop_2018_01_01_12_06_26.cfa,2883,2018-01-01T12:08:59.230Z,recv,f4:db:00:00:00:d9,0x13,Write-Rsp,,,0,
old/hci_snoop_2018_01_01_12_06_26.cfa,2884,2018-01-01T12:08:59.235Z,sent,f4:db:00:00:00:d9,0x12,Write-Req,0x0021,07 0D 02 00 00 03,6,0x07
old/hci_snoop_2018_01_01_12_06_26.cfa,2890,2018-01-01T12:08:59.411Z,recv,f4:db:00:00:00:d9,0x1B,Notify,0x0024,07 0D 02 00 00 03 4C 01 4C 01 4C 01 31 04 31 04 31 04 00 00,20,0x07
old/hci_snoop_2018_01_01_12_06_26.cfa,2891,2018-01-01T12:08:59.503Z,recv,f4:db:00:00:00:d9,0x13,Write-Rsp,,,0,
old/hci_snoop_2018_01_01_12_06_26.cfa,2892,2018-01-01T12:08:59.510Z,sent,f4:db:00:00:00:d9,0x12,Write-Req,0x0021,07 10 02 00 00 03,6,0x07
old/hci_snoop_2018_01_01_12_06_26.cfa,2894,2018-01-01T12:08:59.682Z,recv,f4:db:00:00:00:d9,0x1B,Notify,0x0024,07 10 02 00 00 03 4C 01 4C 01 4C 01 31 04 30 04 2F 04 00 00,20,0x07
old/hci_snoop_2018_01_01_12_06_26.cfa,2897,2018-01-01T12:08:59.770Z,recv,f4:db:00:00:00:d9,0x13,Write-Rsp,,,0,
old/hci_snoop_2018_01_01_12_06_26.cfa,2898,2018-01-01T12:08:59.774Z,sent,f4:db:00:00:00:d9,0x12,Write-Req,0x0021,07 10 02 00 00 03,6,0x07
old/hci_snoop_2018_01_01_12_06_26.cfa,2900,2018-01-01T12:08:59.949Z,recv,f4:db:00:00:00:d9,0x1B,Notify,0x0024,07 10 02 00 00 03 4C 01 4C 01 4C 01 31 04 30 04 2F 04 00 00,20,0x07
old/hci_snoop_2018_01_01_12_06_26.cfa,2901,2018-01-01T12:09:00.039Z,recv,f4:db:00:00:00:d9,0x13,Write-Rsp,,,0,
old/hci_snoop_2018_01_01_12_06_26.cfa,2902,2018-01-01T12:09:00.042Z,sent,f4:db:00:00:00:d9,0x12,Write-Req,0x0021,07 13 02 00 00 03,6,0x07
old/hci_snoop_2018_01_01_12_06_26.cfa,2904,2018-01-01T12:09:00.221Z,recv,f4:db:00:00:00:d9,0x1B,Notify,0x0024,07 13 02 00 00 03 4C 01 4D 01 4F 01 2F 04 31 04 2A 04 00 00,20,0x07
old/hci_snoop_2018_01_01_12_06_26.cfa,2907,2018-01-01T12:09:00.313Z,recv,f4:db:00:00:00:d9,0x13,Write-Rsp,,,0,
old/hci_snoop_2018_01_01_12_06_26.cfa,2908,2018-01-01T12:09:00.321Z,sent,f4:db:00:00:00:d9,0x12,Write-Req,0x0021,07 13 02 00 00 03,6,0x07
old/hci_snoop_2018_01_01_12_06_26.cfa,2910,2018-01-01T12:09:00.494Z,recv,f4:db:00:00:00:d9,0x1B,Notify,0x0024,07 13 02 00 00 03 4C 01 4D 01 4F 01 2F 04 31 04 2A 04 00 00,20,0x07
old/hci_snoop_2018_01_01_12_06_26.cfa,2913,2018-01-01T12:09:00.580Z,recv,f4:db:00:00:00:d9,0x13,Write-Rsp,,,0,
old/hci_snoop_2018_01_01_12_06_26.cfa,2914,2018-01-01T12:09:00.598Z,sent,f4:db:00:00:00:d9,0x12,Write-Req,0x0021,07 16 02 00 00 03,6,0x07
old/hci_snoop_2018_01_01_12_06_26.cfa,2916,2018-01-01T12:09:00.764Z,recv,f4:db:00:00:00:d9,0x1B,Notify,0x0024,07 16 02 00 00 03 3A 01 42 01 46 01 5A 03 85 03 A0 03 00 00,20,0x07
old/hci_snoop_2018_01_01_12_06_26.cfa,2917,2018-01-01T12:09:00.853Z,recv,f4:db:00:00:00:d9,0x13,Write-Rsp,,,0,
old/hci_snoop_2018_01_01_12_06_26.cfa,2918,2018-01-01T12:09:00.857Z,sent,f4:db:00:00:00:d9,0x12,Write-Req,0x0021,07 16 02 00 00 03,6,0x07
old/hci_snoop_2018_01_01_12_06_26.cfa,2920,2018-01-01T12:09:01.035Z,recv,f4:db:00:00:00:d9,0x1B,Notify,0x0024,07 16 02 00 00 03 3A 01 42 01 46 01 5A 03 85 03 A0 03 00 00,20,0x07
old/hci_snoop_2018_01_01_12_06_26.cfa,2923,2018-01-01T12:09:01.118Z,recv,f4:db:00:00:00:d9,0x13,Write-Rsp,,,0,
old/hci_snoop_2018_01_01_12_06_26.cfa,2924,2018-01-01T12:09:01.122Z,sent,f4:db:00:00:00:d9,0x12,Write-Req,0x0021,07 19 02 00 00 03,6,0x07
old/hci_snoop_2018_01_01_12_06_26.cfa,2926,2018-01-01T12:09:01.304Z,recv,f4:db:00:00:00:d9,0x1B,Notify,0x0024,07 19 02 00 00 03 4A 01 4C 01 4D 01 AE 03 B7 03 BD 03 00 00,20,0x07
old/hci_snoop_2018_01_01_12_06_26.cfa,2927,2018-01-01T12:09:01.394Z,recv,f4:db:00:00:00:d9,0x13,Write-Rsp,,,0,
old/hci_snoop_2018_01_01_12_06_26.cfa,2928,2018-01-01T12:09:01.400Z,sent,f4:db:00:00:00:d9,0x12,Write-Req,0x0021,07 19 02 00 00 03,6,0x07
old/hci_snoop_2018_01_01_12_06_26.cfa,2932,2018-01-01T12:09:01.574Z,recv,f4:db:00:00:00:d9,0x1B,Notify,0x0024,07 19 02 00 00 03 4A 01 4C 01 4D 01 AE 03 B7 03 BD 03 00 00,20,0x07
old/hci_snoop_2018_01_01_12_06_26.cfa,2933,2018-01-01T12:09:01.663Z,recv,f4:db:00:00:00:d9,0x13,Write-Rsp,,,0,
old/hci_snoop_2018_01_01_12_06_26.cfa,2934,2018-01-01T12:09:01.671Z,sent,f4:db:00:00:00:d9,0x12,Write-Req,0x0021,07 1C 02 00 00 03,6,0x07
old/hci_snoop_2018_01_01_12_06_26.cfa,2936,2018-01-01T12:09:01.843Z,recv,f4:db:00:00:00:d9,0x1B,Notify,0x0024,07 1C 02 00 00 03 4E 01 50 01 54 01 C2 03 C5 03 C9 03 00 00,20,0x07
old/hci_snoop_2018_01_01_12_06_26.cfa,2937,2018-01-01T12:09:01.931Z,recv,f4:db:00:00:00:d9,0x13,Write-Rsp,,,0,
old/hci_snoop_2018_01_01_12_06_26.cfa,2938,2018-01-01T12:09:01.935Z,sent,f4:db:00:00:00:d9,0x12,Write-Req,0x0021,07 1C 02 00 00 03,6,0x07
old/hci_snoop_2018_01_01_12_06_26.cfa,2940,2018-01-01T12:09:02.110Z,recv,f4:db:00:00:00:d9,0x1B,Notify,0x0024,07 1C 02 00 00 03 4E 01 50 01 54 01 C2 03 C5 03 C9 03 00 00,20,0x07
old/hci_snoop_2018_01_01_12_06_26.cfa,2941,2018-01-01T12:09:02.200Z,recv,f4:db:00:00:00:d9,0x13,Write-Rsp,,,0,
old/hci_snoop_2018_01_01_12_06_26.cfa,2942,2018-01-01T12:09:02.205Z,sent,f4:db:00:00:00:d9,0x12,Write-Req,0x0021,07 1F 02 00 00 03,6,0x07
old/hci_snoop_2018_01_01_12_06_26.cfa,2946,2018-01-01T12:09:02.384Z,recv,f4:db:00:00:00:d9,0x1B,Notify,0x0024,07 1F 02 00 00 03 58 01 5A 01 5D 01 CF 03 D1 03 D2 03 00 00,20,0x07
old/hci_snoop_2018_01_01_12_06_26.cfa,2947,2018-01-01T12:09:02.473Z,recv,f4:db:00:00:00:d9,0x13,Write-Rsp,,,0,
old/hci_snoop_2018_01_01_12_06_26.cfa,2948,2018-01-01T12:09:02.481Z,sent,f4:db:00:00:00:d9,0x12,Write-Req,0x0021,07 1F 02 00 00 03,6,0x07
old/hci_snoop_2018_01_01_12_06_26.cfa,2950,2018-01-01T12:09:02.651Z,recv,f4:db:00:00:00:d9,0x1B,Notify,0x0024,07 1F 02 00 00 03 58 01 5A 01 5D 01 CF 03 D1 03 D2 03 00 00,20,0x07
old/hci_snoop_2018_01_01_12_06_26.cfa,2951,2018-01-01T12:09:02.743Z,recv,f4:db:00:00:00:d9,0x13,Write-Rsp,,,0,
old/hci_snoop_2018_01_01_12_06_26.cfa,2952,2018-01-01T12:09:02.751Z,sent,f4:db:00:00:00:d9,0x12,Write-Req,0x0021,07 22 02 00 00 03,6,0x07
old/hci_snoop_2018_01_01_12_06_26.cfa,2956,2018-01-01T12:09:02.921Z,recv,f4:db:00:00:00:d9,0x1B,Notify,0x0024,07 22 02 00 00 03 5C 01 5C 01 5D 01 C6 03 C6 03 C9 03 00 00,20,0x07
old/hci_snoop_2018_01_01_12_06_26.cfa,2957,2018-01-01T12:09:03.011Z,recv,f4:db:00:00:00:d9,0x13,Write-Rsp,,,0,
old/hci_snoop_2018_01_01_12_06_26.cfa,2958,2018-01-01T12:09:03.015Z,sent,f4:db:00:00:00:d9,0x12,Write-Req,0x0021,07 22 02 00 00 03,6,0x07
old/hci_snoop_2018_01_01_12_06_26.cfa,2962,2018-01-01T12:09:03.190Z,recv,f4:db:00:00:00:d9,0x1B,Notify,0x0024,07 22 02 00 00 03 5C 01 5C 01 5D 01 C6 03 C6 03 C9 03 00 00,20,0x07
old/hci_snoop_2018_01_01_12_06_26.cfa,2963,2018-01-01T12:09:03.284Z,recv,f4:db:00:00:00:d9,0x13,Write-Rsp,,,0,
old/hci_snoop_2018_01_01_12_06_26.cfa,2964,2018-01-01T12:09:03.290Z,sent,f4:db:00:00:00:d9,0x12,Write-Req,0x0021,07 25 02 00 00 03,6,0x07
old/hci_snoop_2018_01_01_12_06_26.cfa,2966,2018-01-01T12:09:03.464Z,recv,f4:db:00:00:00:d9,0x1B,Notify,0x0024,07 25 02 00 00 03 5C 01 5E 01 5E 01 CB 03 D3 03 D5 03 00 00,20,0x07
old/hci_snoop_2018_01_01_12_06_26.cfa,2967,2018-01-01T12:09:03.553Z,recv,f4:db:00:00:00:d9,0x13,Write-Rsp,,,0,
old/hci_snoop_2018_01_01_12_06_26.cfa,2968,2018-01-01T12:09:03.559Z,sent,f4:db:00:00:00:d9,0x12,Write-Req,0x0021,07 25 02 00 00 03,6,0x07
old/hci_snoop_2018_01_01_12_06_26.cfa,2972,2018-01-01T12:09:03.734Z,recv,f4:db:00:00:00:d9,0x1B,Notify,0x0024,07 25 02 00 00 03 5C 01 5E 01 5E 01 CB 03 D3 03 D5 03 00 00,20,0x07
old/hci_snoop_2018_01_01_12_06_26.cfa,2973,2018-01-01T12:09:03.823Z,recv,f4:db:00:00:00:d9,0x13,Write-Rsp,,,0,
old/hci_snoop_2018_01_01_12_06_26.cfa,2974,2018-01-01T12:09:03.831Z,sent,f4:db:00:00:00:d9,0x12,Write-Req,0x0021,07 28 02 00 00 03,6,0x07
old/hci_snoop_2018_01_01_12_06_26.cfa,2976,2018-01-01T12:09:04.004Z,recv,f4:db:00:00:00:d9,0x1B,Notify,0x0024,07 28 02 00 00 03 62 01 65 01 67 01 D7 03 CF 03 CD 03 00 00,20,0x07
old/hci_snoop_2018_01_01_12_06_26.cfa,2977,2018-01-01T12:09:04.102Z,recv,f4:db:00:00:00:d9,0x13,Write-Rsp,,,0,
old/hci_snoop_2018_01_01_12_06_26.cfa,2978,2018-01-01T12:09:04.120Z,sent,f4:db:00:00:00:d9,0x12,Write-Req,0x0021,07 28 02 00 00 03,6,0x07
old/hci_snoop_2018_01_01_12_06_26.cfa,2980,2018-01-01T12:09:04.273Z,recv,f4:db:00:00:00:d9,0x1B,Notify,0x0024,07 28 02 00 00 03 62 01 65 01 67 01 D7 03 CF 03 CD 03 00 00,20,0x07
old/hci_snoop_2018_01_01_12_06_26.cfa,2981,2018-01-01T12:09:04.363Z,recv,f4:db:00:00:00:d9,0x13,Write-Rsp,,,0,
old/hci_snoop_2018_01_01_12_06_26.cfa,2982,2018-01-01T12:09:04.370Z,sent,f4:db:00:00:00:d9,0x12,Write-Req,0x0021,07 2B 02 00 00 03,6,0x07
old/hci_snoop_2018_01_01_12_06_26.cfa,2986,2018-01-01T12:09:04.544Z,recv,f4:db:00:00:00:d9,0x1B,Notify,0x0024,07 2B 02 00 00 03 66 01 67 01 67 01 D1 03 D0 03 D2 03 00 00,20,0x07
old/hci_snoop_2018_01_01_12_06_26.cfa,2987,2018-01-01T12:09:04.633Z,recv,f4:db:00:00:00:d9,0x13,Write-Rsp,,,0,
old/hci_snoop_2018_01_01_12_06_26.cfa,2988,2018-01-01T12:09:04.641Z,sent,f4:db:00:00:00:d9,0x12,Write-Req,0x0021,07 2B 02 00 00 03,6,0x07
old/hci_snoop_2018_01_01_12_06_26.cfa,2990,2018-01-01T12:09:04.812Z,recv,f4:db:00:00:00:d9,0x1B,Notify,0x0024,07 2B 02 00 00 03 66 01 67 01 67 01 D1 03 D0 03 D2 03 00 00,20,0x07
old/hci_snoop_2018_01_01_12_06_26.cfa,2991,2018-01-01T12:09:04.903Z,recv,f4:db:00:00:00:d9,0x13,Write-Rsp,,,0,
old/hci_snoop_2018_01_01_12_06_26.cfa,2992,2018-01-01T12:09:04.911Z,sent,f4:db:00:00:00:d9,0x12,Write-Req,0x0021,07 2E 02 00 00 03,6,0x07
old/hci_snoop_2018_01_01_12_06_26.cfa,2994,2018-01-01T12:09:05.082Z,recv,f4:db:00:00:00:d9,0x1B,Notify,0x0024,07 2E 02 00 00 03 63 01 60 01 5E 01 DA 03 E3 03 EB 03 00 00,20,0x07
old/hci_snoop_2018_01_01_12_06_26.cfa,2995,2018-01-01T12:09:05.169Z,recv,f4:db:00:00:00:d9,0x13,Write-Rsp,,,0,
old/hci_snoop_2018_01_01_12_06_26.cfa,2996,2018-01-01T12:09:05.175Z,sent,f4:db:00:00:00:d9,0x12,Write-Req,0x0021,07 2E 02 00 00 03,6,0x07
old/hci_snoop_2018_01_01_12_06_26.cfa,3000,2018-01-01T12:09:05.349Z,recv,f4:db:00:00:00:d9,0x1B,Notify,0x0024,07 2E 02 00 00 03 63 01 60 01 5E 01 DA 03 E3 03 EB 03 00 00,20,0x07
old/hci_snoop_2018_01_01_12_06_26.cfa,3001,2018-01-01T12:09:05.441Z,recv,f4:db:00:00:00:d9,0x13,Write-Rsp,,,0,
old/hci_snoop_2018_01_01_12_06_26.cfa,3002,2018-01-01T12:09:05.445Z,sent,f4:db:00:00:00:d9,0x12,Write-Req,0x0021,07 31 02 00 00 03,6,0x07
old/hci_snoop_2018_01_01_12_06_26.cfa,3004,2018-01-01T12:09:05.622Z,recv,f4:db:00:00:00:d9,0x1B,Notify,0x0024,07 31 02 00 00 03 5D 01 5D 01 5E 01 F1 03 F5 03 FA 03 00 00,20,0x07
old/hci_snoop_2018_01_01_12_06_26.cfa,3007,2018-01-01T12:09:05.712Z,recv,f4:db:00:00:00:d9,0x13,Write-Rsp,,,0,
old/hci_snoop_2018_01_01_12_06_26.cfa,3008,2018-01-01T12:09:05.719Z,sent,f4:db:00:00:00:d9,0x12,Write-Req,0x0021,07 31 02 00 00 03,6,0x07
old/hci_snoop_2018_01_01_12_06_26.cfa,3010,2018-01-01T12:09:05.894Z,recv,f4:db:00:00:00:d9,0x1B,Notify,0x0024,07 31 02 00 00 03 5D 01 5D 01 5E 01 F1 03 F5 03 FA 03 00 00,20,0x07
old/hci_snoop_2018_01_01_12_06_26.cfa,3011,2018-01-01T12:09:05.980Z,recv,f4:db:00:00:00:d9,0x13,Write-Rsp,,,0,
old/hci_snoop_2018_01_01_12_06_26.cfa,3012,2018-01-01T12:09:05.984Z,sent,f4:db:00:00:00:d9,0x12,Write-Req,0x0021,07 34 02 00 00 03,6,0x07
old/hci_snoop_2018_01_01_12_06_26.cfa,3016,2018-01-01T12:09:06.159Z,recv,f4:db:00:00:00:d9,0x1B,Notify,0x0024,07 34 02 00 00 03 5D 01 5B 01 5C 01 F9 03 5B 03 90 03 00 00,20,0x07
old/hci_snoop_2018_01_01_12_06_26.cfa,3019,2018-01-01T12:09:06.250Z,recv,f4:db:00:00:00:d9,0x13,Write-Rsp,,,0,
old/hci_snoop_2018_01_01_12_06_26.cfa,3020,2018-01-01T12:09:06.255Z,sent,f4:db:00:00:00:d9,0x12,Write-Req,0x0021,07 34 02 00 00 03,6,0x07
old/hci_snoop_2018_01_01_12_06_26.cfa,3022,2018-01-01T12:09:06.434Z,recv,f4:db:00:00:00:d9,0x1B,Notify,0x0024,07 34 02 00 00 03 5D 01 5B 01 5C 01 F9 03 5B 03 90 03 00 00,20,0x07
old/hci_snoop_2018_01_01_12_06_26.cfa,3025,2018-01-01T12:09:06.519Z,recv,f4:db:00:00:00:d9,0x13,Write-Rsp,,,0,
old/hci_snoop_2018_01_01_12_06_26.cfa,3026,2018-01-01T12:09:06.522Z,sent,f4:db:00:00:00:d9,0x12,Write-Req,0x0021,07 37 02 00 00 03,6,0x07
old/hci_snoop_2018_01_01_12_06_26.cfa,3028,2018-01-01T12:09:06.702Z,recv,f4:db:00:00:00:d9,0x1B,Notify,0x0024,07 37 02 00 00 03 5E 01 5F 01 5F 01 A6 03 AD 03 BA 03 00 00,20,0x07
old/hci_snoop_2018_01_01_12_06_26.cfa,3029,2018-01-01T12:09:06.793Z,recv,f4:db:00:00:00:d9,0x13,Write-Rsp,,,0,
old/hci_snoop_2018_01_01_12_06_26.cfa,3030,2018-01-01T12:09:06.802Z,sent,f4:db:00:00:00:d9,0x12,Write-Req,0x0021,07 37 02 00 00 03,6,0x07
old/hci_snoop_2018_01_01_12_06_26.cfa,3032,2018-01-01T12:09:06.974Z,recv,f4:db:00:00:00:d9,0x1B,Notify,0x0024,07 37 02 00 00 03 5E 01 5F 01 5F 01 A6 03 AD 03 BA 03 00 00,20,0x07
old/hci_snoop_2018_01_01_12_06_26.cfa,3037,2018-01-01T12:09:07.060Z,recv,f4:db:00:00:00:d9,0x13,Write-Rsp,,,0,
old/hci_snoop_2018_01_01_12_06_26.cfa,3038,2018-01-01T12:09:07.068Z,sent,f4:db:00:00:00:d9,0x12,Write-Req,0x0021,07 3A 02 00 00 03,6,0x07
old/hci_snoop_2018_01_01_12_06_26.cfa,3040,2018-01-01T12:09:07.244Z,recv,f4:db:00:00:00:d9,0x1B,Notify,0x0024,07 3A 02 00 00 03 61 01 63 01 64 01 BC 03 BE 03 C1 03 00 00,20,0x07
old/hci_snoop_2018_01_01_12_06_26.cfa,3041,2018-01-01T12:09:07.332Z,recv,f4:db:00:00:00:d9,0x13,Write-Rsp,,,0,
old/hci_snoop_2018_01_01_12_06_26.cfa,3042,2018-01-01T12:09:07.335Z,sent,f4:db:00:00:00:d9,0x12,Write-Req,0x0021,07 3A 02 00 00 03,6,0x07
old/hci_snoop_2018_01_01_12_06_26.cfa,3044,2018-01-01T12:09:07.514Z,recv,f4:db:00:00:00:d9,0x1B,Notify,0x0024,07 3A 02 00 00 03 61 01 63 01 64 01 BC 03 BE 03 C1 03 00 00,20,0x07
old/hci_snoop_2018_01_01_12_06_26.cfa,3045,2018-01-01T12:09:07.601Z,recv,f4:db:00:00:00:d9,0x13,Write-Rsp,,,0,
old/hci_snoop_2018_01_01_12_06_26.cfa,3046,2018-01-01T12:09:07.613Z,sent,f4:db:00:00:00:d9,0x12,Write-Req,0x0021,07 3D 02 00 00 03,6,0x07
old/hci_snoop_2018_01_01_12_06_26.cfa,3048,2018-01-01T12:09:07.784Z,recv,f4:db:00:00:00:d9,0x1B,Notify,0x0024,07 3D 02 00 00 03 66 01 68 01 68 01 C1 03 C2 03 C3 03 00 00,20,0x07
old/hci_snoop_2018_01_01_12_06_26.cfa,3051,2018-01-01T12:09:07.872Z,recv,f4:db:00:00:00:d9,0x13,Write-Rsp,,,0,
old/hci_snoop_2018_01_01_12_06_26.cfa,3052,2018-01-01T12:09:07.880Z,sent,f4:db:00:00:00:d9,0x12,Write-Req,0x0021,07 3D 02 00 00 03,6,0x07
old/hci_snoop_2018_01_01_12_06_26.cfa,3054,2018-01-01T12:09:08.053Z,recv,f4:db:00:00:00:d9,0x1B,Notify,0x0024,07 3D 02 00 00 03 66 01 68 01 68 01 C1 03 C2 03 C3 03 00 00,20,0x07
old/hci_snoop_2018_01_01_12_06_26.cfa,3055,2018-01-01T12:09:08.139Z,recv,f4:db:00:00:00:d9,0x13,Write-Rsp,,,0,
old/hci_snoop_2018_01_01_12_06_26.cfa,3056,2018-01-01T12:09:08.141Z,sent,f4:db:00:00:00:d9,0x12,Write-Req,0x0021,07 40 02 00 00 03,6,0x07
old/hci_snoop_2018_01_01_12_06_26.cfa,3060,2018-01-01T12:09:08.324Z,recv,f4:db:00:00:00:d9,0x1B,Notify,0x0024,07 40 02 00 00 03 69 01 69 01 68 01 C6 03 C7 03 C6 03 00 00,20,0x07
old/hci_snoop_2018_01_01_12_06_26.cfa,3061,2018-01-01T12:09:08.413Z,recv,f4:db:00:00:00:d9,0x13,Write-Rsp,,,0,
old/hci_snoop_2018_01_01_12_06_26.cfa,3062,2018-01-01T12:09:08.421Z,sent,f4:db:00:00:00:d9,0x12,Write-Req,0x0021,07 40 02 00 00 03,6,0x07
old/hci_snoop_2018_01_01_12_06_26.cfa,3064,2018-01-01T12:09:08.593Z,recv,f4:db:00:00:00:d9,0x1B,Notify,0x0024,07 40 02 00 00 03 69 01 69 01 68 01 C6 03 C7 03 C6 03 00 00,20,0x07
old/hci_snoop_2018_01_01_12_06_26.cfa,3067,2018-01-01T12:09:08.685Z,recv,f4:db:00:00:00:d9,0x13,Write-Rsp,,,0,
old/hci_snoop_2018_01_01_12_06_26.cfa,3068,2018-01-01T12:09:08.701Z,sent,f4:db:00:00:00:d9,0x12,Write-Req,0x0021,07 43 02 00 00 03,6,0x07
old/hci_snoop_2018_01_01_12_06_26.cfa,3072,2018-01-01T12:09:08.864Z,recv,f4:db:00:00:00:d9,0x1B,Notify,0x0024,07 43 02 00 00 03 65 01 65 01 65 01 9D 03 B2 03 BC 03 00 00,20,0x07
old/hci_snoop_2018_01_01_12_06_26.cfa,3073,2018-01-01T12:09:08.953Z,recv,f4:db:00:00:00:d9,0x13,Write-Rsp,,,0,
old/hci_snoop_2018_01_01_12_06_26.cfa,3074,2018-01-01T12:09:08.961Z,sent,f4:db:00:00:00:d9,0x12,Write-Req,0x0021,07 43 02 00 00 03,6,0x07
old/hci_snoop_2018_01_01_12_06_26.cfa,3076,2018-01-01T12:09:09.404Z,recv,f4:db:00:00:00:d9,0x1B,Notify,0x0024,07 43 02 00 00 03 65 01 65 01 65 01 9D 03 B2 03 BC 03 00 00,20,0x07
old/hci_snoop_2018_01_01_12_06_26.cfa,3077,2018-01-01T12:09:09.406Z,recv,f4:db:00:00:00:d9,0x13,Write-Rsp,,,0,
old/hci_snoop_2018_01_01_12_06_26.cfa,3078,2018-01-01T12:09:09.415Z,sent,f4:db:00:00:00:d9,0x12,Write-Req,0x0021,07 46 02 00 00 03,6,0x07
old/hci_snoop_2018_01_01_12_06_26.cfa,3084,2018-01-01T12:09:09.579Z,recv,f4:db:00:00:00:d9,0x1B,Notify,0x0024,07 46 02 00 00 03 65 01 63 01 60 01 C1 03 C7 03 CF 03 00 00,20,0x07
old/hci_snoop_2018_01_01_12_06_26.cfa,3085,2018-01-01T12:09:09.675Z,recv,f4:db:00:00:00:d9,0x13,Write-Rsp,,,0,
old/hci_snoop_2018_01_01_12_06_26.cfa,3087,2018-01-01T12:09:09.683Z,sent,f4:db:00:00:00:d9,0x12,Write-Req,0x0021,07 46 02 00 00 03,6,0x07
old/hci_snoop_2018_01_01_12_06_26.cfa,3089,2018-01-01T12:09:09.853Z,recv,f4:db:00:00:00:d9,0x1B,Notify,0x0024,07 46 02 00 00 03 65 01 63 01 60 01 C1 03 C7 03 CF 03 00 00,20,0x07
old/hci_snoop_2018_01_01_12_06_26.cfa,3090,2018-01-01T12:09:09.943Z,recv,f4:db:00:00:00:d9,0x13,Write-Rsp,,,0,
old/hci_snoop_2018_01_01_12_06_26.cfa,3091,2018-01-01T12:09:09.951Z,sent,f4:db:00:00:00:d9,0x12,Write-Req,0x0021,07 49 02 00 00 03,6,0x07
old/hci_snoop_2018_01_01_12_06_26.cfa,3093,2018-01-01T12:09:10.120Z,recv,f4:db:00:00:00:d9,0x1B,Notify,0x0024,07 49 02 00 00 03 5E 01 5A 01 59 01 D7 03 D3 03 D7 03 00 00,20,0x07
old/hci_snoop_2018_01_01_12_06_26.cfa,3094,2018-01-01T12:09:10.209Z,recv,f4:db:00:00:00:d9,0x13,Write-Rsp,,,0,
old/hci_snoop_2018_01_01_12_06_26.cfa,3095,2018-01-01T12:09:10.214Z,sent,f4:db:00:00:00:d9,0x12,Write-Req,0x0021,07 49 02 00 00 03,6,0x07
old/hci_snoop_2018_01_01_12_06_26.cfa,3099,2018-01-01T12:09:10.389Z,recv,f4:db:00:00:00:d9,0x1B,Notify,0x0024,07 49 02 00 00 03 5E 01 5A 01 59 01 D7 03 D3 03 D7 03 00 00,20,0x07
old/hci_snoop_2018_01_01_12_06_26.cfa,3102,2018-01-01T12:09:10.483Z,recv,f4:db:00:00:00:d9,0x13,Write-Rsp,,,0,
old/hci_snoop_2018_01_01_12_06_26.cfa,3103,2018-01-01T12:09:10.490Z,sent,f4:db:00:00:00:d9,0x12,Write-Req,0x0021,07 4C 02 00 00 03,6,0x07
old/hci_snoop_2018_01_01_12_06_26.cfa,3105,2018-01-01T12:09:10.663Z,recv,f4:db:00:00:00:d9,0x1B,Notify,0x0024,07 4C 02 00 00 03 57 01 55 01 54 01 DD 03 E3 03 E9 03 00 00,20,0x07
old/hci_snoop_2018_01_01_12_06_26.cfa,3108,2018-01-01T12:09:10.749Z,recv,f4:db:00:00:00:d9,0x13,Write-Rsp,,,0,
old/hci_snoop_2018_01_01_12_06_26.cfa,3109,2018-01-01T12:09:10.761Z,sent,f4:db:00:00:00:d9,0x12,Write-Req,0x0021,07 4C 02 00 00 03,6,0x07
old/hci_snoop_2018_01_01_12_06_26.cfa,3111,2018-01-01T12:09:10.934Z,recv,f4:db:00:00:00:d9,0x1B,Notify,0x0024,07 4C 02 00 00 03 57 01 55 01 54 01 DD 03 E3 03 E9 03 00 00,20,0x07
old/hci_snoop_2018_01_01_12_06_26.cfa,3112,2018-01-01T12:09:11.023Z,recv,f4:db:00:00:00:d9,0x13,Write-Rsp,,,0,
old/hci_snoop_2018_01_01_12_06_26.cfa,3113,2018-01-01T12:09:11.031Z,sent,f4:db:00:00:00:d9,0x12,Write-Req,0x0021,07 4F 02 00 00 03,6,0x07
old/hci_snoop_2018_01_01_12_06_26.cfa,3115,2018-01-01T12:09:11.200Z,recv,f4:db:00:00:00:d9,0x1B,Notify,0x0024,07 4F 02 00 00 03 52 01 51 01 50 01 EF 03 F4 03 F8 03 00 00,20,0x07
old/hci_snoop_2018_01_01_12_06_26.cfa,3118,2018-01-01T12:09:11.291Z,recv,f4:db:00:00:00:d9,0x13,Write-Rsp,,,0,
old/hci_snoop_2018_01_01_12_06_26.cfa,3119,2018-01-01T12:09:11.298Z,sent,f4:db:00:00:00:d9,0x12,Write-Req,0x0021,07 4F 02 00 00 03,6,0x07
old/hci_snoop_2018_01_01_12_06_26.cfa,3121,2018-01-01T12:09:11.473Z,recv,f4:db:00:00:00:d9,0x1B,Notify,0x0024,07 4F 02 00 00 03 52 01 51 01 50 01 EF 03 F4 03 F8 03 00 00,20,0x07
old/hci_snoop_2018_01_01_12_06_26.cfa,3122,2018-01-01T12:09:11.563Z,recv,f4:db:00:00:00:d9,0x13,Write-Rsp,,,0,
old/hci_snoop_2018_01_01_12_06_26.cfa,3123,2018-01-01T12:09:11.568Z,sent,f4:db:00:00:00:d9,0x12,Write-Req,0x0021,07 52 02 00 00 03,6,0x07
old/hci_snoop_2018_01_01_12_06_26.cfa,3125,2018-01-01T12:09:11.743Z,recv,f4:db:00:00:00:d9,0x1B,Notify,0x0024,07 52 02 00 00 03 4F 01 4F 01 4E 01 FD 03 01 04 04 04 00 00,20,0x07
old/hci_snoop_2018_01_01_12_06_26.cfa,3126,2018-01-01T12:09:11.919Z,recv,f4:db:00:00:00:d9,0x13,Write-Rsp,,,0,
old/hci_snoop_2018_01_01_12_06_26.cfa,3127,2018-01-01T12:09:11.923Z,sent,f4:db:00:00:00:d9,0x12,Write-Req,0x0021,07 52 02 00 00 03,6,0x07
old/hci_snoop_2018_01_01_12_06_26.cfa,3138,2018-01-01T12:09:12.099Z,recv,f4:db:00:00:00:d9,0x1B,Notify,0x0024,07 52 02 00 00 03 4F 01 4F 01 4E 01 FD 03 01 04 04 04 00 00,20,0x07
old/hci_snoop_2018_01_01_12_06_26.cfa,3141,2018-01-01T12:09:12.189Z,recv,f4:db:00:00:00:d9,0x13,Write-Rsp,,,0,
old/hci_snoop_2018_01_01_12_06_26.cfa,3142,2018-01-01T12:09:12.191Z,sent,f4:db:00:00:00:d9,0x12,Write-Req,0x0021,07 55 02 00 00 03,6,0x07
old/hci_snoop_2018_01_01_12_06_26.cfa,3144,2018-01-01T12:09:12.374Z,recv,f4:db:00:00:00:d9,0x1B,Notify,0x0024,07 55 02 00 00 03 4E 01 4D 01 4D 01 07 04 0B 04 0E 04 00 00,20,0x07
old/hci_snoop_2018_01_01_12_06_26.cfa,3147,2018-01-01T12:09:12.459Z,recv,f4:db:00:00:00:d9,0x13,Write-Rsp,,,0,
old/hci_snoop_2018_01_01_12_06_26.cfa,3148,2018-01-01T12:09:12.464Z,sent,f4:db:00:00:00:d9,0x12,Write-Req,0x0021,07 55 02 00 00 03,6,0x07
old/hci_snoop_2018_01_01_12_06_26.cfa,3150,2018-01-01T12:09:12.644Z,recv,f4:db:00:00:00:d9,0x1B,Notify,0x0024,07 55 02 00 00 03 4E 01 4D 01 4D 01 07 04 0B 04 0E 04 00 00,20,0x07
old/hci_snoop_2018_01_01_12_06_26.cfa,3151,2018-01-01T12:09:12.733Z,recv,f4:db:00:00:00:d9,0x13,Write-Rsp,,,0,
old/hci_snoop_2018_01_01_12_06_26.cfa,3152,2018-01-01T12:09:12.741Z,sent,f4:db:00:00:00:d9,0x12,Write-Req,0x0021,07 58 02 00 00 03,6,0x07
old/hci_snoop_2018_01_01_12_06_26.cfa,3154,2018-01-01T12:09:12.914Z,recv,f4:db:00:00:00:d9,0x1B,Notify,0x0024,07 58 02 00 00 03 4C 01 4C 01 4C 01 11 04 15 04 18 04 00 00,20,0x07
old/hci_snoop_2018_01_01_12_06_26.cfa,3159,2018-01-01T12:09:13.002Z,recv,f4:db:00:00:00:d9,0x13,Write-Rsp,,,0,
old/hci_snoop_2018_01_01_12_06_26.cfa,3160,2018-01-01T12:09:13.010Z,sent,f4:db:00:00:00:d9,0x12,Write-Req,0x0021,07 58 02 00 00 03,6,0x07
old/hci_snoop_2018_01_01_12_06_26.cfa,3162,2018-01-01T12:09:13.181Z,recv,f4:db:00:00:00:d9,0x1B,Notify,0x0024,07 58 02 00 00 03 4C 01 4C 01 4C 01 11 04 15 04 18 04 00 00,20,0x07
old/hci_snoop_2018_01_01_12_06_26.cfa,3163,2018-01-01T12:09:13.270Z,recv,f4:db:00:00:00:d9,0x13,Write-Rsp,,,0,
old/hci_snoop_2018_01_01_12_06_26.cfa,3166,2018-01-01T12:09:13.284Z,sent,f4:db:00:00:00:d9,0x12,Write-Req,0x0021,07 5B 02 00 00 03,6,0x07
old/hci_snoop_2018_01_01_12_06_26.cfa,3168,2018-01-01T12:09:13.451Z,recv,f4:db:00:00:00:d9,0x1B,Notify,0x0024,07 5B 02 00 00 03 4C 01 4C 01 4D 01 1B 04 1E 04 23 04 00 00,20,0x07
old/hci_snoop_2018_01_01_12_06_26.cfa,3169,2018-01-01T12:09:13.543Z,recv,f4:db:00:00:00:d9,0x13,Write-Rsp,,,0,
old/hci_snoop_2018_01_01_12_06_26.cfa,3170,2018-01-01T12:09:13.550Z,sent,f4:db:00:00:00:d9,0x12,Write-Req,0x0021,07 5B 02 00 00 03,6,0x07
old/hci_snoop_2018_01_01_12_06_26.cfa,3172,2018-01-01T12:09:13.724Z,recv,f4:db:00:00:00:d9,0x1B,Notify,0x0024,07 5B 02 00 00 03 4C 01 4C 01 4D 01 1B 04 1E 04 23 04 00 00,20,0x07
old/hci_snoop_2018_01_01_12_06_26.cfa,3177,2018-01-01T12:09:13.809Z,recv,f4:db:00:00:00:d9,0x13,Write-Rsp,,,0,
old/hci_snoop_2018_01_01_12_06_26.cfa,3178,2018-01-01T12:09:13.820Z,sent,f4:db:00:00:00:d9,0x12,Write-Req,0x0021,07 5E 02 00 00 03,6,0x07
old/hci_snoop_2018_01_01_12_06_26.cfa,3180,2018-01-01T12:09:13.994Z,recv,f4:db:00:00:00:d9,0x1B,Notify,0x0024,07 5E 02 00 00 03 50 01 54 01 58 01 23 04 1D 04 1A 04 00 00,20,0x07
old/hci_snoop_2018_01_01_12_06_26.cfa,3181,2018-01-01T12:09:14.081Z,recv,f4:db:00:00:00:d9,0x13,Write-Rsp,,,0,
old/hci_snoop_2018_01_01_12_06_26.cfa,3182,2018-01-01T12:09:14.085Z,sent,f4:db:00:00:00:d9,0x12,Write-Req,0x0021,07 5E 02 00 00 03,6,0x07
old/hci_snoop_2018_01_01_12_06_26.cfa,3187,2018-01-01T12:09:14.261Z,recv,f4:db:00:00:00:d9,0x1B,Notify,0x0024,07 5E 02 00 00 03 50 01 54 01 58 01 23 04 1D 04 1A 04 00 00,20,0x07
old/hci_snoop_2018_01_01_12_06_26.cfa,3188,2018-01-01T12:09:14.350Z,recv,f4:db:00:00:00:d9,0x13,Write-Rsp,,,0,
old/hci_snoop_2018_01_01_12_06_26.cfa,3189,2018-01-01T12:09:14.354Z,sent,f4:db:00:00:00:d9,0x12,Write-Req,0x0021,07 61 02 00 00 03,6,0x07
old/hci_snoop_2018_01_01_12_06_26.cfa,3191,2018-01-01T12:09:14.531Z,recv,f4:db:00:00:00:d9,0x1B,Notify,0x0024,07 61 02 00 00 03 5D 01 61 01 67 01 13 04 0B 04 0B 04 00 00,20,0x07
old/hci_snoop_2018_01_01_12_06_26.cfa,3194,2018-01-01T12:09:14.619Z,recv,f4:db:00:00:00:d9,0x13,Write-Rsp,,,0,
old/hci_snoop_2018_01_01_12_06_26.cfa,3195,2018-01-01T12:09:14.621Z,sent,f4:db:00:00:00:d9,0x12,Write-Req,0x0021,07 61 02 00 00 03,6,0x07
old/hci_snoop_2018_01_01_12_06_26.cfa,3199,2018-01-01T12:09:14.801Z,recv,f4:db:00:00:00:d9,0x1B,Notify,0x0024,07 61 02 00 00 03 5D 01 61 01 67 01 13 04 0B 04 0B 04 00 00,20,0x07
old/hci_snoop_2018_01_01_12_06_26.cfa,3200,2018-01-01T12:09:14.891Z,recv,f4:db:00:00:00:d9,0x13,Write-Rsp,,,0,
old/hci_snoop_2018_01_01_12_06_26.cfa,3201,2018-01-01T12:09:14.895Z,sent,f4:db:00:00:00:d9,0x12,Write-Req,0x0021,07 64 02 00 00 03,6,0x07
old/hci_snoop_2018_01_01_12_06_26.cfa,3205,2018-01-01T12:09:15.071Z,recv,f4:db:00:00:00:d9,0x1B,Notify,0x0024,07 64 02 00 00 03 6B 01 6D 01 6F 01 FD 03 F6 03 F2 03 00 00,20,0x07
old/hci_snoop_2018_01_01_12_06_26.cfa,3206,2018-01-01T12:09:15.159Z,recv,f4:db:00:00:00:d9,0x13,Write-Rsp,,,0,
old/hci_snoop_2018_01_01_12_06_26.cfa,3207,2018-01-01T12:09:15.161Z,sent,f4:db:00:00:00:d9,0x12,Write-Req,0x0021,07 64 02 00 00 03,6,0x07
old/hci_snoop_2018_01_01_12_06_26.cfa,3209,2018-01-01T12:09:15.341Z,recv,f4:db:00:00:00:d9,0x1B,Notify,0x0024,07 64 02 00 00 03 6B 01 6D 01 6F 01 FD 03 F6 03 F2 03 00 00,20,0x07
old/hci_snoop_2018_01_01_12_06_26.cfa,3210,2018-01-01T12:09:15.431Z,recv,f4:db:00:00:00:d9,0x13,Write-Rsp,,,0,
old/hci_snoop_2025_11_21_07_45_17.cfa,253,2025-11-21T07:45:24.604Z,sent,f4:db:00:00:00:d9,0x10,ReadByGrp-Req,,01 00 FF FF 00 28,6,0x01
old/hci_snoop_2025_11_21_07_45_17.cfa,256,2025-11-21T07:45:24.685Z,recv,f4:db:00:00:00:d9,0x11,ReadByGrp-Rsp,,06 01 00 07 00 00 18 08 00 0B 00 01 18 0C 00 1E 00 0A 18,19,0x06
old/hci_snoop_2025_11_21_07_45_17.cfa,257,2025-11-21T07:45:24.686Z,sent,f4:db:00:00:00:d9,0x10,ReadByGrp-Req,,1F 00 FF FF 00 28,6,0x1F
old/hci_snoop_2025_11_21_07_45_17.cfa,259,2025-11-21T07:45:24.776Z,recv,f4:db:00:00:00:d9,0x11,ReadByGrp-Rsp,,06 1F 00 FF FF E0 FF,7,0x06
old/hci_snoop_2025_11_21_07_45_17.cfa,260,2025-11-21T07:45:24.777Z,sent,f4:db:00:00:00:d9,0x08,ReadByType-Req,,01 00 07 00 02 28,6,0x01
old/hci_snoop_2025_11_21_07_45_17.cfa,262,2025-11-21T07:45:24.865Z,recv,f4:db:00:00:00:d9,0x01,ErrorRsp,,08 01 00 0A,4,0x08
old/hci_snoop_2025_11_21_07_45_17.cfa,263,2025-11-21T07:45:24.866Z,sent,f4:db:00:00:00:d9,0x08,ReadByType-Req,,01 00 07 00 03 28,6,0x01
old/hci_snoop_2025_11_21_07_45_17.cfa,265,2025-11-21T07:45:24.956Z,recv,f4:db:00:00:00:d9,0x09,ReadByType-Rsp,,07 02 00 02 03 00 00 2A 04 00 02 05 00 01 2A 06 00 02 07 00 04 2A,22,0x07
old/hci_snoop_2025_11_21_07_45_17.cfa,266,2025-11-21T07:45:24.957Z,sent,f4:db:00:00:00:d9,0x08,ReadByType-Req,,07 00 07 00 03 28,6,0x07
old/hci_snoop_2025_11_21_07_45_17.cfa,268,2025-11-21T07:45:25.048Z,recv,f4:db:00:00:00:d9,0x01,ErrorRsp,,08 07 00 0A,4,0x08
old/hci_snoop_2025_11_21_07_45_17.cfa,269,2025-11-21T07:45:25.050Z,sent,f4:db:00:00:00:d9,0x08,ReadByType-Req,,08 00 0B 00 02 28,6,0x08
old/hci_snoop_2025_11_21_07_45_17.cfa,273,2025-11-21T07:45:25.068Z,recv,f4:db:00:00:00:d9,0x01,ErrorRsp,,08 08 00 0A,4,0x08
old/hci_snoop_2025_11_21_07_45_17.cfa,274,2025-11-21T07:45:25.070Z,sent,f4:db:00:00:00:d9,0x08,ReadByType-Req,,08 00 0B 00 03 28,6,0x08
old/hci_snoop_2025_11_21_07_45_17.cfa,276,2025-11-21T07:45:25.084Z,recv,f4:db:00:00:00:d9,0x09,ReadByType-Rsp,,07 09 00 20 0A 00 05 2A,8,0x07
old/hci_snoop_2025_11_21_07_45_17.cfa,277,2025-11-21T07:45:25.084Z,sent,f4:db:00:00:00:d9,0x08,ReadByType-Req,,0A 00 0B 00 03 28,6,0x0A
old/hci_snoop_2025_11_21_07_45_17.cfa,279,2025-11-21T07:45:25.097Z,recv,f4:db:00:00:00:d9,0x01,ErrorRsp,,08 0A 00 0A,4,0x08
old/hci_snoop_2025_11_21_07_45_17.cfa,280,2025-11-21T07:45:25.097Z,sent,f4:db:00:00:00:d9,0x04,FindInfo-Req,,0B 00 0B 00,4,0x0B
old/hci_snoop_2025_11_21_07_45_17.cfa,282,2025-11-21T07:45:25.114Z,recv,f4:db:00:00:00:d9,0x05,FindInfo-Rsp,,01 0B 00 02 29,5,0x01
old/hci_snoop_2025_11_21_07_45_17.cfa,283,2025-11-21T07:45:25.116Z,sent,f4:db:00:00:00:d9,0x08,ReadByType-Req,,0C 00 1E 00 02 28,6,0x0C
old/hci_snoop_2025_11_21_07_45_17.cfa,287,2025-11-21T07:45:25.128Z,recv,f4:db:00:00:00:d9,0x01,ErrorRsp,,08 0C 00 0A,4,0x08
old/hci_snoop_2025_11_21_07_45_17.cfa,288,2025-11-21T07:45:25.128Z,sent,f4:db:00:00:00:d9,0x08,ReadByType-Req,,0C 00 1E 00 03 28,6,0x0C
old/hci_snoop_2025_11_21_07_45_17.cfa,290,2025-11-21T07:45:25.145Z,recv,f4:db:00:00:00:d9,0x09,ReadByType-Rsp,,07 0D 00 02 0E 00 23 2A 0F 00 02 10 00 24 2A 11 00 02 12 00 25 2A,22,0x07
old/hci_snoop_2025_11_21_07_45_17.cfa,291,2025-11-21T07:45:25.146Z,sent,f4:db:00:00:00:d9,0x08,ReadByType-Req,,12 00 1E 00 03 28,6,0x12
old/hci_snoop_2025_11_21_07_45_17.cfa,293,2025-11-21T07:45:25.159Z,recv,f4:db:00:00:00:d9,0x09,ReadByType-Rsp,,07 13 00 02 14 00 26 2A 15 00 02 16 00 27 2A 17 00 02 18 00 28 2A,22,0x07
old/hci_snoop_2025_11_21_07_45_17.cfa,294,2025-11-21T07:45:25.161Z,sent,f4:db:00:00:00:d9,0x08,ReadByType-Req,,18 00 1E 00 03 28,6,0x18
old/hci_snoop_2025_11_21_07_45_17.cfa,296,2025-11-21T07:45:25.196Z,recv,f4:db:00:00:00:d9,0x09,ReadByType-Rsp,,07 19 00 02 1A 00 29 2A 1B 00 02 1C 00 2A 2A 1D 00 02 1E 00 50 2A,22,0x07
old/hci_snoop_2025_11_21_07_45_17.cfa,297,2025-11-21T07:45:25.197Z,sent,f4:db:00:00:00:d9,0x08,ReadByType-Req,,1E 00 1E 00 03 28,6,0x1E
old/hci_snoop_2025_11_21_07_45_17.cfa,299,2025-11-21T07:45:25.211Z,recv,f4:db:00:00:00:d9,0x01,ErrorRsp,,08 1E 00 0A,4,0x08
old/hci_snoop_2025_11_21_07_45_17.cfa,300,2025-11-21T07:45:25.211Z,sent,f4:db:00:00:00:d9,0x08,ReadByType-Req,,1F 00 FF FF 02 28,6,0x1F
old/hci_snoop_2025_11_21_07_45_17.cfa,302,2025-11-21T07:45:25.227Z,recv,f4:db:00:00:00:d9,0x01,ErrorRsp,,08 1F 00 0A,4,0x08
old/hci_snoop_2025_11_21_07_45_17.cfa,303,2025-11-21T07:45:25.229Z,sent,f4:db:00:00:00:d9,0x08,ReadByType-Req,,1F 00 FF FF 03 28,6,0x1F
old/hci_snoop_2025_11_21_07_45_17.cfa,305,2025-11-21T07:45:25.240Z,recv,f4:db:00:00:00:d9,0x09,ReadByType-Rsp,,07 20 00 08 21 00 F5 FF 23 00 10 24 00 F3 FF,15,0x07
old/hci_snoop_2025_11_21_07_45_17.cfa,306,2025-11-21T07:45:25.241Z,sent,f4:db:00:00:00:d9,0x08,ReadByType-Req,,24 00 FF FF 03 28,6,0x24
old/hci_snoop_2025_11_21_07_45_17.cfa,308,2025-11-21T07:45:25.255Z,recv,f4:db:00:00:00:d9,0x01,ErrorRsp,,08 24 00 0A,4,0x08
old/hci_snoop_2025_11_21_07_45_17.cfa,309,2025-11-21T07:45:25.258Z,sent,f4:db:00:00:00:d9,0x04,FindInfo-Req,,22 00 22 00,4,0x22
old/hci_snoop_2025_11_21_07_45_17.cfa,311,2025-11-21T07:45:25.269Z,recv,f4:db:00:00:00:d9,0x05,FindInfo-Rsp,,01 22 00 01 29,5,0x01
old/hci_snoop_2025_11_21_07_45_17.cfa,312,2025-11-21T07:45:25.270Z,sent,f4:db:00:00:00:d9,0x04,FindInfo-Req,,25 00 FF FF,4,0x25
old/hci_snoop_2025_11_21_07_45_17.cfa,314,2025-11-21T07:45:25.284Z,recv,f4:db:00:00:00:d9,0x05,FindInfo-Rsp,,01 25 00 02 29 26 00 01 29,9,0x01
old/hci_snoop_2025_11_21_07_45_17.cfa,315,2025-11-21T07:45:25.285Z,sent,f4:db:00:00:00:d9,0x04,FindInfo-Req,,27 00 FF FF,4,0x27
old/hci_snoop_2025_11_21_07_45_17.cfa,317,2025-11-21T07:45:25.299Z,recv,f4:db:00:00:00:d9,0x01,ErrorRsp,,04 27 00 0A,4,0x04
old/hci_snoop_2025_11_21_07_45_17.cfa,320,2025-11-21T07:45:25.315Z,sent,f4:db:00:00:00:d9,0x12,Write-Req,0x0025,01 00,2,0x01
old/hci_snoop_2025_11_21_07_45_17.cfa,322,2025-11-21T07:45:25.329Z,recv,f4:db:00:00:00:d9,0x13,Write-Rsp,,,0,
old/hci_snoop_2025_11_21_07_45_17.cfa,323,2025-11-21T07:45:25.332Z,sent,f4:db:00:00:00:d9,0x12,Write-Req,0x0021,18 01 00 10,4,0x18
old/hci_snoop_2025_11_21_07_45_17.cfa,325,2025-11-21T07:45:25.344Z,recv,f4:db:00:00:00:d9,0x13,Write-Rsp,,,0,
old/hci_snoop_2025_11_21_07_45_17.cfa,326,2025-11-21T07:45:25.348Z,sent,f4:db:00:00:00:d9,0x12,Write-Req,0x0021,19 01 00 10,4,0x19
old/hci_snoop_2025_11_21_07_45_17.cfa,328,2025-11-21T07:45:25.359Z,recv,f4:db:00:00:00:d9,0x13,Write-Rsp,,,0,
old/hci_snoop_2025_11_21_07_45_17.cfa,329,2025-11-21T07:45:25.365Z,sent,f4:db:00:00:00:d9,0x12,Write-Req,0x0021,05 FF FF FF FF FF FF FF FF,9,0x05
old/hci_snoop_2025_11_21_07_45_17.cfa,334,2025-11-21T07:45:25.589Z,recv,f4:db:00:00:00:d9,0x13,Write-Rsp,,,0,
old/hci_snoop_2025_11_21_07_45_17.cfa,335,2025-11-21T07:45:25.596Z,sent,f4:db:00:00:00:d9,0x12,Write-Req,0x0021,0F 01,2,0x0F
old/hci_snoop_2025_11_21_07_45_17.cfa,337,2025-11-21T07:45:25.676Z,recv,f4:db:00:00:00:d9,0x13,Write-Rsp,,,0,
old/hci_snoop_2025_11_21_07_45_17.cfa,347,2025-11-21T07:45:25.837Z,sent,f4:db:00:00:00:d9,0x10,ReadByGrp-Req,,01 00 FF FF 00 28,6,0x01
old/hci_snoop_2025_11_21_07_45_17.cfa,354,2025-11-21T07:45:25.901Z,recv,f4:db:00:00:00:d9,0x11,ReadByGrp-Rsp,,06 01 00 07 00 00 18 08 00 0B 00 01 18 0C 00 1E 00 0A 18,19,0x06
old/hci_snoop_2025_11_21_07_45_17.cfa,355,2025-11-21T07:45:25.903Z,sent,f4:db:00:00:00:d9,0x10,ReadByGrp-Req,,1F 00 FF FF 00 28,6,0x1F
old/hci_snoop_2025_11_21_07_45_17.cfa,357,2025-11-21T07:45:25.990Z,recv,f4:db:00:00:00:d9,0x11,ReadByGrp-Rsp,,06 1F 00 FF FF E0 FF,7,0x06
old/hci_snoop_2025_11_21_07_45_17.cfa,358,2025-11-21T07:45:25.990Z,sent,f4:db:00:00:00:d9,0x08,ReadByType-Req,,01 00 07 00 02 28,6,0x01
old/hci_snoop_2025_11_21_07_45_17.cfa,360,2025-11-21T07:45:26.080Z,recv,f4:db:00:00:00:d9,0x01,ErrorRsp,,08 01 00 0A,4,0x08
old/hci_snoop_2025_11_21_07_45_17.cfa,361,2025-11-21T07:45:26.080Z,sent,f4:db:00:00:00:d9,0x08,ReadByType-Req,,01 00 07 00 03 28,6,0x01
old/hci_snoop_2025_11_21_07_45_17.cfa,363,2025-11-21T07:45:26.171Z,recv,f4:db:00:00:00:d9,0x09,ReadByType-Rsp,,07 02 00 02 03 00 00 2A 04 00 02 05 00 01 2A 06 00 02 07 00 04 2A,22,0x07
old/hci_snoop_2025_11_21_07_45_17.cfa,364,2025-11-21T07:45:26.171Z,sent,f4:db:00:00:00:d9,0x08,ReadByType-Req,,07 00 07 00 03 28,6,0x07
old/hci_snoop_2025_11_21_07_45_17.cfa,366,2025-11-21T07:45:26.260Z,recv,f4:db:00:00:00:d9,0x01,ErrorRsp,,08 07 00 0A,4,0x08
old/hci_snoop_2025_11_21_07_45_17.cfa,367,2025-11-21T07:45:26.261Z,sent,f4:db:00:00:00:d9,0x08,ReadByType-Req,,08 00 0B 00 02 28,6,0x08
old/hci_snoop_2025_11_21_07_45_17.cfa,370,2025-11-21T07:45:26.341Z,recv,f4:db:00:00:00:d9,0x01,ErrorRsp,,08 08 00 0A,4,0x08
old/hci_snoop_2025_11_21_07_45_17.cfa,371,2025-11-21T07:45:26.342Z,sent,f4:db:00:00:00:d9,0x08,ReadByType-Req,,08 00 0B 00 03 28,6,0x08
old/hci_snoop_2025_11_21_07_45_17.cfa,373,2025-11-21T07:45:26.357Z,recv,f4:db:00:00:00:d9,0x09,ReadByType-Rsp,,07 09 00 20 0A 00 05 2A,8,0x07
old/hci_snoop_2025_11_21_07_45_17.cfa,374,2025-11-21T07:45:26.357Z,sent,f4:db:00:00:00:d9,0x08,ReadByType-Req,,0A 00 0B 00 03 28,6,0x0A
old/hci_snoop_2025_11_21_07_45_17.cfa,376,2025-11-21T07:45:26.372Z,recv,f4:db:00:00:00:d9,0x01,ErrorRsp,,08 0A 00 0A,4,0x08
old/hci_snoop_2025_11_21_07_45_17.cfa,377,2025-11-21T07:45:26.372Z,sent,f4:db:00:00:00:d9,0x04,FindInfo-Req,,0B 00 0B 00,4,0x0B
old/hci_snoop_2025_11_21_07_45_17.cfa,379,2025-11-21T07:45:26.387Z,recv,f4:db:00:00:00:d9,0x05,FindInfo-Rsp,,01 0B 00 02 29,5,0x01
old/hci_snoop_2025_11_21_07_45_17.cfa,380,2025-11-21T07:45:26.388Z,sent,f4:db:00:00:00:d9,0x08,ReadByType-Req,,0C 00 1E 00 02 28,6,0x0C
old/hci_snoop_2025_11_21_07_45_17.cfa,382,2025-11-21T07:45:26.402Z,recv,f4:db:00:00:00:d9,0x01,ErrorRsp,,08 0C 00 0A,4,0x08
old/hci_snoop_2025_11_21_07_45_17.cfa,383,2025-11-21T07:45:26.403Z,sent,f4:db:00:00:00:d9,0x08,ReadByType-Req,,0C 00 1E 00 03 28,6,0x0C
old/hci_snoop_2025_11_21_07_45_17.cfa,385,2025-11-21T07:45:26.418Z,recv,f4:db:00:00:00:d9,0x09,ReadByType-Rsp,,07 0D 00 02 0E 00 23 2A 0F 00 02 10 00 24 2A 11 00 02 12 00 25 2A,22,0x07
old/hci_snoop_2025_11_21_07_45_17.cfa,386,2025-11-21T07:45:26.419Z,sent,f4:db:00:00:00:d9,0x08,ReadByType-Req,,12 00 1E 00 03 28,6,0x12
old/hci_snoop_2025_11_21_07_45_17.cfa,388,2025-11-21T07:45:26.432Z,recv,f4:db:00:00:00:d9,0x09,ReadByType-Rsp,,07 13 00 02 14 00 26 2A 15 00 02 16 00 27 2A 17 00 02 18 00 28 2A,22,0x07
old/hci_snoop_2025_11_21_07_45_17.cfa,389,2025-11-21T07:45:26.432Z,sent,f4:db:00:00:00:d9,0x08,ReadByType-Req,,18 00 1E 00 03 28,6,0x18
old/hci_snoop_2025_11_21_07_45_17.cfa,391,2025-11-21T07:45:26.455Z,recv,f4:db:00:00:00:d9,0x09,ReadByType-Rsp,,07 19 00 02 1A 00 29 2A 1B 00 02 1C 00 2A 2A 1D 00 02 1E 00 50 2A,22,0x07
old/hci_snoop_2025_11_21_07_45_17.cfa,392,2025-11-21T07:45:26.456Z,sent,f4:db:00:00:00:d9,0x08,ReadByType-Req,,1E 00 1E 00 03 28,6,0x1E
old/hci_snoop_2025_11_21_07_45_17.cfa,394,2025-11-21T07:45:26.469Z,recv,f4:db:00:00:00:d9,0x01,ErrorRsp,,08 1E 00 0A,4,0x08
old/hci_snoop_2025_11_21_07_45_17.cfa,395,2025-11-21T07:45:26.470Z,sent,f4:db:00:00:00:d9,0x08,ReadByType-Req,,1F 00 FF FF 02 28,6,0x1F
old/hci_snoop_2025_11_21_07_45_17.cfa,397,2025-11-21T07:45:26.485Z,recv,f4:db:00:00:00:d9,0x01,ErrorRsp,,08 1F 00 0A,4,0x08
old/hci_snoop_2025_11_21_07_45_17.cfa,398,2025-11-21T07:45:26.485Z,sent,f4:db:00:00:00:d9,0x08,ReadByType-Req,,1F 00 FF FF 03 28,6,0x1F
old/hci_snoop_2025_11_21_07_45_17.cfa,400,2025-11-21T07:45:26.500Z,recv,f4:db:00:00:00:d9,0x09,ReadByType-Rsp,,07 20 00 08 21 00 F5 FF 23 00 10 24 00 F3 FF,15,0x07
old/hci_snoop_2025_11_21_07_45_17.cfa,401,2025-11-21T07:45:26.500Z,sent,f4:db:00:00:00:d9,0x08,ReadByType-Req,,24 00 FF FF 03 28,6,0x24
old/hci_snoop_2025_11_21_07_45_17.cfa,403,2025-11-21T07:45:26.515Z,recv,f4:db:00:00:00:d9,0x01,ErrorRsp,,08 24 00 0A,4,0x08
old/hci_snoop_2025_11_21_07_45_17.cfa,404,2025-11-21T07:45:26.515Z,sent,f4:db:00:00:00:d9,0x04,FindInfo-Req,,22 00 22 00,4,0x22
old/hci_snoop_2025_11_21_07_45_17.cfa,406,2025-11-21T07:45:26.530Z,recv,f4:db:00:00:00:d9,0x05,FindInfo-Rsp,,01 22 00 01 29,5,0x01
old/hci_snoop_2025_11_21_07_45_17.cfa,407,2025-11-21T07:45:26.531Z,sent,f4:db:00:00:00:d9,0x04,FindInfo-Req,,25 00 FF FF,4,0x25
old/hci_snoop_2025_11_21_07_45_17.cfa,409,2025-11-21T07:45:26.544Z,recv,f4:db:00:00:00:d9,0x05,FindInfo-Rsp,,01 25 00 02 29 26 00 01 29,9,0x01
old/hci_snoop_2025_11_21_07_45_17.cfa,410,2025-11-21T07:45:26.545Z,sent,f4:db:00:00:00:d9,0x04,FindInfo-Req,,27 00 FF FF,4,0x27
old/hci_snoop_2025_11_21_07_45_17.cfa,412,2025-11-21T07:45:26.560Z,recv,f4:db:00:00:00:d9,0x01,ErrorRsp,,04 27 00 0A,4,0x04
old/hci_snoop_2025_11_21_07_45_17.cfa,415,2025-11-21T07:45:26.577Z,sent,f4:db:00:00:00:d9,0x12,Write-Req,0x0025,01 00,2,0x01
old/hci_snoop_2025_11_21_07_45_17.cfa,417,2025-11-21T07:45:26.592Z,recv,f4:db:00:00:00:d9,0x13,Write-Rsp,,,0,
old/hci_snoop_2025_11_21_07_45_17.cfa,418,2025-11-21T07:45:26.604Z,sent,f4:db:00:00:00:d9,0x12,Write-Req,0x0021,01,1,0x01
old/hci_snoop_2025_11_21_07_45_17.cfa,420,2025-11-21T07:45:26.619Z,recv,f4:db:00:00:00:d9,0x1B,Notify,0x0024,01 34 03 00 00 03 6B 01 6D 01 6F 01 FD 03 F6 03 F2 03 00 00,20,0x01
old/hci_snoop_2025_11_21_07_45_17.cfa,421,2025-11-21T07:45:26.621Z,recv,f4:db:00:00:00:d9,0x13,Write-Rsp,,,0,
old/hci_snoop_2025_11_21_07_45_17.cfa,422,2025-11-21T07:45:26.656Z,sent,f4:db:00:00:00:d9,0x12,Write-Req,0x0021,07 00 00 00 00 03,6,0x07
old/hci_snoop_2025_11_21_07_45_17.cfa,426,2025-11-21T07:45:26.711Z,recv,f4:db:00:00:00:d9,0x1B,Notify,0x0024,07 00 00 00 00 03 81 01 7B 01 79 01 B4 03 BC 03 CB 03 00 00,20,0x07
old/hci_snoop_2025_11_21_07_45_17.cfa,427,2025-11-21T07:45:26.801Z,recv,f4:db:00:00:00:d9,0x13,Write-Rsp,,,0,
old/hci_snoop_2025_11_21_07_45_17.cfa,428,2025-11-21T07:45:26.837Z,sent,f4:db:00:00:00:d9,0x12,Write-Req,0x0021,07 03 00 00 00 03,6,0x07
old/hci_snoop_2025_11_21_07_45_17.cfa,430,2025-11-21T07:45:26.890Z,recv,f4:db:00:00:00:d9,0x1B,Notify,0x0024,07 03 00 00 00 03 74 01 67 01 5A 01 C0 03 CE 03 EF 03 00 00,20,0x07
old/hci_snoop_2025_11_21_07_45_17.cfa,431,2025-11-21T07:45:26.981Z,recv,f4:db:00:00:00:d9,0x13,Write-Rsp,,,0,
old/hci_snoop_2025_11_21_07_45_17.cfa,432,2025-11-21T07:45:27.019Z,sent,f4:db:00:00:00:d9,0x12,Write-Req,0x0021,07 06 00 00 00 03,6,0x07
old/hci_snoop_2025_11_21_07_45_17.cfa,434,2025-11-21T07:45:27.070Z,recv,f4:db:00:00:00:d9,0x1B,Notify,0x0024,07 06 00 00 00 03 53 01 77 01 5C 01 04 04 BD 03 F4 03 00 00,20,0x07
old/hci_snoop_2025_11_21_07_45_17.cfa,435,2025-11-21T07:45:27.160Z,recv,f4:db:00:00:00:d9,0x13,Write-Rsp,,,0,
old/hci_snoop_2025_11_21_07_45_17.cfa,436,2025-11-21T07:45:27.188Z,sent,f4:db:00:00:00:d9,0x12,Write-Req,0x0021,07 09 00 00 00 03,6,0x07
old/hci_snoop_2025_11_21_07_45_17.cfa,438,2025-11-21T07:45:27.252Z,recv,f4:db:00:00:00:d9,0x1B,Notify,0x0024,07 09 00 00 00 03 62 01 65 01 69 01 F0 03 E9 03 E4 03 00 00,20,0x07
old/hci_snoop_2025_11_21_07_45_17.cfa,439,2025-11-21T07:45:27.341Z,recv,f4:db:00:00:00:d9,0x13,Write-Rsp,,,0,
old/hci_snoop_2025_11_21_07_45_17.cfa,440,2025-11-21T07:45:27.371Z,sent,f4:db:00:00:00:d9,0x12,Write-Req,0x0021,07 0C 00 00 00 03,6,0x07
old/hci_snoop_2025_11_21_07_45_17.cfa,442,2025-11-21T07:45:27.431Z,recv,f4:db:00:00:00:d9,0x1B,Notify,0x0024,07 0C 00 00 00 03 6B 01 6E 01 6F 01 DE 03 D9 03 DC 03 00 00,20,0x07
old/hci_snoop_2025_11_21_07_45_17.cfa,443,2025-11-21T07:45:27.523Z,recv,f4:db:00:00:00:d9,0x13,Write-Rsp,,,0,
old/hci_snoop_2025_11_21_07_45_17.cfa,444,2025-11-21T07:45:27.555Z,sent,f4:db:00:00:00:d9,0x12,Write-Req,0x0021,07 0F 00 00 00 03,6,0x07
old/hci_snoop_2025_11_21_07_45_17.cfa,446,2025-11-21T07:45:27.610Z,recv,f4:db:00:00:00:d9,0x1B,Notify,0x0024,07 0F 00 00 00 03 71 01 72 01 6C 01 D3 03 CF 03 D5 03 00 00,20,0x07
old/hci_snoop_2025_11_21_07_45_17.cfa,447,2025-11-21T07:45:27.701Z,recv,f4:db:00:00:00:d9,0x13,Write-Rsp,,,0,
old/hci_snoop_2025_11_21_07_45_17.cfa,448,2025-11-21T07:45:27.738Z,sent,f4:db:00:00:00:d9,0x12,Write-Req,0x0021,07 12 00 00 00 03,6,0x07
old/hci_snoop_2025_11_21_07_45_17.cfa,450,2025-11-21T07:45:27.791Z,recv,f4:db:00:00:00:d9,0x1B,Notify,0x0024,07 12 00 00 00 03 67 01 63 01 60 01 E1 03 E9 03 F1 03 00 00,20,0x07
old/hci_snoop_2025_11_21_07_45_17.cfa,451,2025-11-21T07:45:27.880Z,recv,f4:db:00:00:00:d9,0x13,Write-Rsp,,,0,
old/hci_snoop_2025_11_21_07_45_17.cfa,452,2025-11-21T07:45:27.905Z,sent,f4:db:00:00:00:d9,0x12,Write-Req,0x0021,07 15 00 00 00 03,6,0x07
old/hci_snoop_2025_11_21_07_45_17.cfa,454,2025-11-21T07:45:27.972Z,recv,f4:db:00:00:00:d9,0x1B,Notify,0x0024,07 15 00 00 00 03 5D 01 5A 01 58 01 F9 03 00 04 06 04 00 00,20,0x07
old/hci_snoop_2025_11_21_07_45_17.cfa,455,2025-11-21T07:45:28.060Z,recv,f4:db:00:00:00:d9,0x13,Write-Rsp,,,0,
old/hci_snoop_2025_11_21_07_45_17.cfa,456,2025-11-21T07:45:28.090Z,sent,f4:db:00:00:00:d9,0x12,Write-Req,0x0021,07 18 00 00 00 03,6,0x07
old/hci_snoop_2025_11_21_07_45_17.cfa,458,2025-11-21T07:45:28.150Z,recv,f4:db:00:00:00:d9,0x1B,Notify,0x0024,07 18 00 00 00 03 56 01 54 01 53 01 0B 04 0E 04 11 04 00 00,20,0x07
old/hci_snoop_2025_11_21_07_45_17.cfa,459,2025-11-21T07:45:28.239Z,recv,f4:db:00:00:00:d9,0x13,Write-Rsp,,,0,
old/hci_snoop_2025_11_21_07_45_17.cfa,460,2025-11-21T07:45:28.302Z,sent,f4:db:00:00:00:d9,0x12,Write-Req,0x0021,07 1B 00 00 00 03,6,0x07
old/hci_snoop_2025_11_21_07_45_17.cfa,462,2025-11-21T07:45:28.376Z,recv,f4:db:00:00:00:d9,0x1B,Notify,0x0024,07 1B 00 00 00 03 52 01 51 01 50 01 13 04 15 04 18 04 00 00,20,0x07
old/hci_snoop_2025_11_21_07_45_17.cfa,463,2025-11-21T07:45:28.465Z,recv,f4:db:00:00:00:d9,0x13,Write-Rsp,,,0,
old/hci_snoop_2025_11_21_07_45_17.cfa,464,2025-11-21T07:45:28.489Z,sent,f4:db:00:00:00:d9,0x12,Write-Req,0x0021,07 1E 00 00 00 03,6,0x07
old/hci_snoop_2025_11_21_07_45_17.cfa,466,2025-11-21T07:45:28.555Z,recv,f4:db:00:00:00:d9,0x1B,Notify,0x0024,07 1E 00 00 00 03 4F 01 4F 01 4E 01 19 04 1B 04 1D 04 00 00,20,0x07
old/hci_snoop_2025_11_21_07_45_17.cfa,467,2025-11-21T07:45:28.644Z,recv,f4:db:00:00:00:d9,0x13,Write-Rsp,,,0,
old/hci_snoop_2025_11_21_07_45_17.cfa,468,2025-11-21T07:45:28.671Z,sent,f4:db:00:00:00:d9,0x12,Write-Req,0x0021,07 21 00 00 00 03,6,0x07
old/hci_snoop_2025_11_21_07_45_17.cfa,470,2025-11-21T07:45:28.736Z,recv,f4:db:00:00:00:d9,0x1B,Notify,0x0024,07 21 00 00 00 03 4D 01 4C 01 4C 01 1F 04 20 04 21 04 00 00,20,0x07
old/hci_snoop_2025_11_21_07_45_17.cfa,471,2025-11-21T07:45:28.825Z,recv,f4:db:00:00:00:d9,0x13,Write-Rsp,,,0,
old/hci_snoop_2025_11_21_07_45_17.cfa,472,2025-11-21T07:45:28.854Z,sent,f4:db:00:00:00:d9,0x12,Write-Req,0x0021,07 24 00 00 00 03,6,0x07
old/hci_snoop_2025_11_21_07_45_17.cfa,474,2025-11-21T07:45:28.915Z,recv,f4:db:00:00:00:d9,0x1B,Notify,0x0024,07 24 00 00 00 03 4B 01 4B 01 4B 01 22 04 24 04 25 04 00 00,20,0x07
old/hci_snoop_2025_11_21_07_45_17.cfa,475,2025-11-21T07:45:29.005Z,recv,f4:db:00:00:00:d9,0x13,Write-Rsp,,,0,
old/hci_snoop_2025_11_21_07_45_17.cfa,476,2025-11-21T07:45:29.039Z,sent,f4:db:00:00:00:d9,0x12,Write-Req,0x0021,07 27 00 00 00 03,6,0x07
old/hci_snoop_2025_11_21_07_45_17.cfa,478,2025-11-21T07:45:29.095Z,recv,f4:db:00:00:00:d9,0x1B,Notify,0x0024,07 27 00 00 00 03 4A 01 49 01 49 01 26 04 27 04 28 04 00 00,20,0x07
old/hci_snoop_2025_11_21_07_45_17.cfa,479,2025-11-21T07:45:29.185Z,recv,f4:db:00:00:00:d9,0x13,Write-Rsp,,,0,
old/hci_snoop_2025_11_21_07_45_17.cfa,480,2025-11-21T07:45:29.221Z,sent,f4:db:00:00:00:d9,0x12,Write-Req,0x0021,07 2A 00 00 00 03,6,0x07
old/hci_snoop_2025_11_21_07_45_17.cfa,482,2025-11-21T07:45:29.280Z,recv,f4:db:00:00:00:d9,0x1B,Notify,0x0024,07 2A 00 00 00 03 49 01 48 01 48 01 28 04 28 04 29 04 00 00,20,0x07
old/hci_snoop_2025_11_21_07_45_17.cfa,483,2025-11-21T07:45:29.365Z,recv,f4:db:00:00:00:d9,0x13,Write-Rsp,,,0,
old/hci_snoop_2025_11_21_07_45_17.cfa,484,2025-11-21T07:45:29.387Z,sent,f4:db:00:00:00:d9,0x12,Write-Req,0x0021,07 2D 00 00 00 03,6,0x07
old/hci_snoop_2025_11_21_07_45_17.cfa,486,2025-11-21T07:45:29.455Z,recv,f4:db:00:00:00:d9,0x1B,Notify,0x0024,07 2D 00 00 00 03 47 01 47 01 47 01 29 04 29 04 2A 04 00 00,20,0x07
old/hci_snoop_2025_11_21_07_45_17.cfa,487,2025-11-21T07:45:29.545Z,recv,f4:db:00:00:00:d9,0x13,Write-Rsp,,,0,
old/hci_snoop_2025_11_21_07_45_17.cfa,488,2025-11-21T07:45:29.572Z,sent,f4:db:00:00:00:d9,0x12,Write-Req,0x0021,07 30 00 00 00 03,6,0x07
old/hci_snoop_2025_11_21_07_45_17.cfa,490,2025-11-21T07:45:29.636Z,recv,f4:db:00:00:00:d9,0x1B,Notify,0x0024,07 30 00 00 00 03 46 01 46 01 46 01 2B 04 2B 04 2C 04 00 00,20,0x07
old/hci_snoop_2025_11_21_07_45_17.cfa,491,2025-11-21T07:45:29.725Z,recv,f4:db:00:00:00:d9,0x13,Write-Rsp,,,0,
old/hci_snoop_2025_11_21_07_45_17.cfa,492,2025-11-21T07:45:29.755Z,sent,f4:db:00:00:00:d9,0x12,Write-Req,0x0021,07 33 00 00 00 03,6,0x07
old/hci_snoop_2025_11_21_07_45_17.cfa,494,2025-11-21T07:45:29.815Z,recv,f4:db:00:00:00:d9,0x1B,Notify,0x0024,07 33 00 00 00 03 46 01 46 01 45 01 2D 04 2D 04 2E 04 00 00,20,0x07
old/hci_snoop_2025_11_21_07_45_17.cfa,495,2025-11-21T07:45:29.909Z,recv,f4:db:00:00:00:d9,0x13,Write-Rsp,,,0,
old/hci_snoop_2025_11_21_07_45_17.cfa,496,2025-11-21T07:45:29.940Z,sent,f4:db:00:00:00:d9,0x12,Write-Req,0x0021,07 36 00 00 00 03,6,0x07
old/hci_snoop_2025_11_21_07_45_17.cfa,498,2025-11-21T07:45:29.995Z,recv,f4:db:00:00:00:d9,0x1B,Notify,0x0024,07 36 00 00 00 03 45 01 45 01 45 01 30 04 31 04 32 04 00 00,20,0x07
old/hci_snoop_2025_11_21_07_45_17.cfa,499,2025-11-21T07:45:30.085Z,recv,f4:db:00:00:00:d9,0x13,Write-Rsp,,,0,
old/hci_snoop_2025_11_21_07_45_17.cfa,500,2025-11-21T07:45:30.123Z,sent,f4:db:00:00:00:d9,0x12,Write-Req,0x0021,07 39 00 00 00 03,6,0x07
old/hci_snoop_2025_11_21_07_45_17.cfa,502,2025-11-21T07:45:30.175Z,recv,f4:db:00:00:00:d9,0x1B,Notify,0x0024,07 39 00 00 00 03 44 01 44 01 45 01 33 04 35 04 3D 04 00 00,20,0x07
old/hci_snoop_2025_11_21_07_45_17.cfa,503,2025-11-21T07:45:30.265Z,recv,f4:db:00:00:00:d9,0x13,Write-Rsp,,,0,
old/hci_snoop_2025_11_21_07_45_17.cfa,504,2025-11-21T07:45:30.311Z,sent,f4:db:00:00:00:d9,0x12,Write-Req,0x0021,07 3C 00 00 00 03,6,0x07
old/hci_snoop_2025_11_21_07_45_17.cfa,506,2025-11-21T07:45:30.400Z,recv,f4:db:00:00:00:d9,0x1B,Notify,0x0024,07 3C 00 00 00 03 44 01 44 01 43 01 3F 04 40 04 41 04 00 00,20,0x07
old/hci_snoop_2025_11_21_07_45_17.cfa,507,2025-11-21T07:45:30.490Z,recv,f4:db:00:00:00:d9,0x13,Write-Rsp,,,0,
old/hci_snoop_2025_11_21_07_45_17.cfa,512,2025-11-21T07:45:30.521Z,sent,f4:db:00:00:00:d9,0x12,Write-Req,0x0021,07 3F 00 00 00 03,6,0x07
old/hci_snoop_2025_11_21_07_45_17.cfa,514,2025-11-21T07:45:30.580Z,recv,f4:db:00:00:00:d9,0x1B,Notify,0x0024,07 3F 00 00 00 03 43 01 43 01 43 01 42 04 44 04 45 04 00 00,20,0x07
old/hci_snoop_2025_11_21_07_45_17.cfa,515,2025-11-21T07:45:30.671Z,recv,f4:db:00:00:00:d9,0x13,Write-Rsp,,,0,
old/hci_snoop_2025_11_21_07_45_17.cfa,516,2025-11-21T07:45:30.704Z,sent,f4:db:00:00:00:d9,0x12,Write-Req,0x0021,07 42 00 00 00 03,6,0x07
old/hci_snoop_2025_11_21_07_45_17.cfa,518,2025-11-21T07:45:30.760Z,recv,f4:db:00:00:00:d9,0x1B,Notify,0x0024,07 42 00 00 00 03 43 01 43 01 43 01 47 04 48 04 4A 04 00 00,20,0x07
old/hci_snoop_2025_11_21_07_45_17.cfa,519,2025-11-21T07:45:30.850Z,recv,f4:db:00:00:00:d9,0x13,Write-Rsp,,,0,
old/hci_snoop_2025_11_21_07_45_17.cfa,520,2025-11-21T07:45:30.873Z,sent,f4:db:00:00:00:d9,0x12,Write-Req,0x0021,07 45 00 00 00 03,6,0x07
old/hci_snoop_2025_11_21_07_45_17.cfa,522,2025-11-21T07:45:30.986Z,recv,f4:db:00:00:00:d9,0x1B,Notify,0x0024,07 45 00 00 00 03 42 01 42 01 42 01 4B 04 4C 04 4C 04 00 00,20,0x07
old/hci_snoop_2025_11_21_07_45_17.cfa,524,2025-11-21T07:45:31.075Z,recv,f4:db:00:00:00:d9,0x13,Write-Rsp,,,0,
old/hci_snoop_2025_11_21_07_45_17.cfa,525,2025-11-21T07:45:31.105Z,sent,f4:db:00:00:00:d9,0x12,Write-Req,0x0021,07 48 00 00 00 03,6,0x07
old/hci_snoop_2025_11_21_07_45_17.cfa,527,2025-11-21T07:45:31.256Z,recv,f4:db:00:00:00:d9,0x1B,Notify,0x0024,07 48 00 00 00 03 42 01 42 01 42 01 4E 04 4F 04 50 04 00 00,20,0x07
old/hci_snoop_2025_11_21_07_45_17.cfa,528,2025-11-21T07:45:31.345Z,recv,f4:db:00:00:00:d9,0x13,Write-Rsp,,,0,
old/hci_snoop_2025_11_21_07_45_17.cfa,529,2025-11-21T07:45:31.372Z,sent,f4:db:00:00:00:d9,0x12,Write-Req,0x0021,07 4B 00 00 00 03,6,0x07
old/hci_snoop_2025_11_21_07_45_17.cfa,531,2025-11-21T07:45:31.526Z,recv,f4:db:00:00:00:d9,0x1B,Notify,0x0024,07 4B 00 00 00 03 42 01 42 01 42 01 52 04 53 04 54 04 00 00,20,0x07
old/hci_snoop_2025_11_21_07_45_17.cfa,532,2025-11-21T07:45:31.615Z,recv,f4:db:00:00:00:d9,0x13,Write-Rsp,,,0,
old/hci_snoop_2025_11_21_07_45_17.cfa,533,2025-11-21T07:45:31.641Z,sent,f4:db:00:00:00:d9,0x12,Write-Req,0x0021,07 4E 00 00 00 03,6,0x07
old/hci_snoop_2025_11_21_07_45_17.cfa,535,2025-11-21T07:45:31.795Z,recv,f4:db:00:00:00:d9,0x1B,Notify,0x0024,07 4E 00 00 00 03 42 01 42 01 41 01 54 04 55 04 56 04 00 00,20,0x07
old/hci_snoop_2025_11_21_07_45_17.cfa,536,2025-11-21T07:45:31.885Z,recv,f4:db:00:00:00:d9,0x13,Write-Rsp,,,0,
old/hci_snoop_2025_11_21_07_45_17.cfa,537,2025-11-21T07:45:31.922Z,sent,f4:db:00:00:00:d9,0x12,Write-Req,0x0021,07 51 00 00 00 03,6,0x07
old/hci_snoop_2025_11_21_07_45_17.cfa,539,2025-11-21T07:45:32.065Z,recv,f4:db:00:00:00:d9,0x1B,Notify,0x0024,07 51 00 00 00 03 42 01 41 01 41 01 57 04 58 04 58 04 00 00,20,0x07
old/hci_snoop_2025_11_21_07_45_17.cfa,540,2025-11-21T07:45:32.156Z,recv,f4:db:00:00:00:d9,0x13,Write-Rsp,,,0,
old/hci_snoop_2025_11_21_07_45_17.cfa,541,2025-11-21T07:45:32.191Z,sent,f4:db:00:00:00:d9,0x12,Write-Req,0x0021,07 54 00 00 00 03,6,0x07
old/hci_snoop_2025_11_21_07_45_17.cfa,543,2025-11-21T07:45:32.335Z,recv,f4:db:00:00:00:d9,0x1B,Notify,0x0024,07 54 00 00 00 03 41 01 41 01 41 01 5A 04 5A 04 5B 04 00 00,20,0x07
old/hci_snoop_2025_11_21_07_45_17.cfa,544,2025-11-21T07:45:32.425Z,recv,f4:db:00:00:00:d9,0x13,Write-Rsp,,,0,
old/hci_snoop_2025_11_21_07_45_17.cfa,545,2025-11-21T07:45:32.456Z,sent,f4:db:00:00:00:d9,0x12,Write-Req,0x0021,07 57 00 00 00 03,6,0x07
old/hci_snoop_2025_11_21_07_45_17.cfa,547,2025-11-21T07:45:32.606Z,recv,f4:db:00:00:00:d9,0x1B,Notify,0x0024,07 57 00 00 00 03 41 01 41 01 41 01 5C 04 5D 04 5E 04 00 00,20,0x07
old/hci_snoop_2025_11_21_07_45_17.cfa,548,2025-11-21T07:45:32.695Z,recv,f4:db:00:00:00:d9,0x13,Write-Rsp,,,0,
old/hci_snoop_2025_11_21_07_45_17.cfa,549,2025-11-21T07:45:32.722Z,sent,f4:db:00:00:00:d9,0x12,Write-Req,0x0021,07 5A 00 00 00 03,6,0x07
old/hci_snoop_2025_11_21_07_45_17.cfa,551,2025-11-21T07:45:32.876Z,recv,f4:db:00:00:00:d9,0x1B,Notify,0x0024,07 5A 00 00 00 03 41 01 41 01 41 01 5F 04 5F 04 5F 04 00 00,20,0x07
old/hci_snoop_2025_11_21_07_45_17.cfa,552,2025-11-21T07:45:32.965Z,recv,f4:db:00:00:00:d9,0x13,Write-Rsp,,,0,
old/hci_snoop_2025_11_21_07_45_17.cfa,553,2025-11-21T07:45:32.989Z,sent,f4:db:00:00:00:d9,0x12,Write-Req,0x0021,07 5D 00 00 00 03,6,0x07
old/hci_snoop_2025_11_21_07_45_17.cfa,555,2025-11-21T07:45:33.146Z,recv,f4:db:00:00:00:d9,0x1B,Notify,0x0024,07 5D 00 00 00 03 41 01 41 01 41 01 60 04 61 04 61 04 00 00,20,0x07
old/hci_snoop_2025_11_21_07_45_17.cfa,556,2025-11-21T07:45:33.235Z,recv,f4:db:00:00:00:d9,0x13,Write-Rsp,,,0,
old/hci_snoop_2025_11_21_07_45_17.cfa,557,2025-11-21T07:45:33.256Z,sent,f4:db:00:00:00:d9,0x12,Write-Req,0x0021,07 60 00 00 00 03,6,0x07
old/hci_snoop_2025_11_21_07_45_17.cfa,559,2025-11-21T07:45:33.416Z,recv,f4:db:00:00:00:d9,0x1B,Notify,0x0024,07 60 00 00 00 03 41 01 41 01 40 01 62 04 62 04 63 04 00 00,20,0x07
old/hci_snoop_2025_11_21_07_45_17.cfa,560,2025-11-21T07:45:33.505Z,recv,f4:db:00:00:00:d9,0x13,Write-Rsp,,,0,
old/hci_snoop_2025_11_21_07_45_17.cfa,561,2025-11-21T07:45:33.540Z,sent,f4:db:00:00:00:d9,0x12,Write-Req,0x0021,07 63 00 00 00 03,6,0x07
old/hci_snoop_2025_11_21_07_45_17.cfa,563,2025-11-21T07:45:33.685Z,recv,f4:db:00:00:00:d9,0x1B,Notify,0x0024,07 63 00 00 00 03 40 01 41 01 40 01 63 04 64 04 65 04 00 00,20,0x07
old/hci_snoop_2025_11_21_07_45_17.cfa,564,2025-11-21T07:45:33.775Z,recv,f4:db:00:00:00:d9,0x13,Write-Rsp,,,0,
old/hci_snoop_2025_11_21_07_45_17.cfa,565,2025-11-21T07:45:33.810Z,sent,f4:db:00:00:00:d9,0x12,Write-Req,0x0021,07 66 00 00 00 03,6,0x07
old/hci_snoop_2025_11_21_07_45_17.cfa,567,2025-11-21T07:45:34.046Z,recv,f4:db:00:00:00:d9,0x1B,Notify,0x0024,07 66 00 00 00 03 40 01 40 01 40 01 65 04 66 04 66 04 00 00,20,0x07
old/hci_snoop_2025_11_21_07_45_17.cfa,568,2025-11-21T07:45:34.135Z,recv,f4:db:00:00:00:d9,0x13,Write-Rsp,,,0,
old/hci_snoop_2025_11_21_07_45_17.cfa,569,2025-11-21T07:45:34.174Z,sent,f4:db:00:00:00:d9,0x12,Write-Req,0x0021,07 69 00 00 00 03,6,0x07
old/hci_snoop_2025_11_21_07_45_17.cfa,571,2025-11-21T07:45:34.316Z,recv,f4:db:00:00:00:d9,0x1B,Notify,0x0024,07 69 00 00 00 03 40 01 40 01 40 01 67 04 67 04 68 04 00 00,20,0x07
old/hci_snoop_2025_11_21_07_45_17.cfa,572,2025-11-21T07:45:34.405Z,recv,f4:db:00:00:00:d9,0x13,Write-Rsp,,,0,
old/hci_snoop_2025_11_21_07_45_17.cfa,573,2025-11-21T07:45:34.438Z,sent,f4:db:00:00:00:d9,0x12,Write-Req,0x0021,07 6C 00 00 00 03,6,0x07
old/hci_snoop_2025_11_21_07_45_17.cfa,575,2025-11-21T07:45:34.585Z,recv,f4:db:00:00:00:d9,0x1B,Notify,0x0024,07 6C 00 00 00 03 40 01 40 01 40 01 68 04 68 04 69 04 00 00,20,0x07
old/hci_snoop_2025_11_21_07_45_17.cfa,576,2025-11-21T07:45:34.674Z,recv,f4:db:00:00:00:d9,0x13,Write-Rsp,,,0,
old/hci_snoop_2025_11_21_07_45_17.cfa,577,2025-11-21T07:45:34.710Z,sent,f4:db:00:00:00:d9,0x12,Write-Req,0x0021,07 6F 00 00 00 03,6,0x07
old/hci_snoop_2025_11_21_07_45_17.cfa,579,2025-11-21T07:45:34.855Z,recv,f4:db:00:00:00:d9,0x1B,Notify,0x0024,07 6F 00 00 00 03 40 01 40 01 40 01 6A 04 69 04 6A 04 00 00,20,0x07
old/hci_snoop_2025_11_21_07_45_17.cfa,580,2025-11-21T07:45:34.945Z,recv,f4:db:00:00:00:d9,0x13,Write-Rsp,,,0,
old/hci_snoop_2025_11_21_07_45_17.cfa,581,2025-11-21T07:45:34.976Z,sent,f4:db:00:00:00:d9,0x12,Write-Req,0x0021,07 72 00 00 00 03,6,0x07
old/hci_snoop_2025_11_21_07_45_17.cfa,583,2025-11-21T07:45:35.125Z,recv,f4:db:00:00:00:d9,0x1B,Notify,0x0024,07 72 00 00 00 03 40 01 40 01 40 01 6B 04 6C 04 6C 04 00 00,20,0x07
old/hci_snoop_2025_11_21_07_45_17.cfa,584,2025-11-21T07:45:35.215Z,recv,f4:db:00:00:00:d9,0x13,Write-Rsp,,,0,
old/hci_snoop_2025_11_21_07_45_17.cfa,585,2025-11-21T07:45:35.242Z,sent,f4:db:00:00:00:d9,0x12,Write-Req,0x0021,07 75 00 00 00 03,6,0x07
old/hci_snoop_2025_11_21_07_45_17.cfa,587,2025-11-21T07:45:35.395Z,recv,f4:db:00:00:00:d9,0x1B,Notify,0x0024,07 75 00 00 00 03 40 01 40 01 40 01 6E 04 6E 04 6F 04 00 00,20,0x07
old/hci_snoop_2025_11_21_07_45_17.cfa,588,2025-11-21T07:45:35.485Z,recv,f4:db:00:00:00:d9,0x13,Write-Rsp,,,0,
old/hci_snoop_2025_11_21_07_45_17.cfa,589,2025-11-21T07:45:35.525Z,sent,f4:db:00:00:00:d9,0x12,Write-Req,0x0021,07 78 00 00 00 03,6,0x07
old/hci_snoop_2025_11_21_07_45_17.cfa,591,2025-11-21T07:45:35.665Z,recv,f4:db:00:00:00:d9,0x1B,Notify,0x0024,07 78 00 00 00 03 40 01 40 01 40 01 6E 04 6F 04 6F 04 00 00,20,0x07
old/hci_snoop_2025_11_21_07_45_17.cfa,592,2025-11-21T07:45:35.756Z,recv,f4:db:00:00:00:d9,0x13,Write-Rsp,,,0,
old/hci_snoop_2025_11_21_07_45_17.cfa,593,2025-11-21T07:45:35.791Z,sent,f4:db:00:00:00:d9,0x12,Write-Req,0x0021,07 7B 00 00 00 03,6,0x07
old/hci_snoop_2025_11_21_07_45_17.cfa,595,2025-11-21T07:45:35.935Z,recv,f4:db:00:00:00:d9,0x1B,Notify,0x0024,07 7B 00 00 00 03 40 01 40 01 3B 01 6F 04 6F 04 F2 03 00 00,20,0x07
old/hci_snoop_2025_11_21_07_45_17.cfa,596,2025-11-21T07:45:36.025Z,recv,f4:db:00:00:00:d9,0x13,Write-Rsp,,,0,
old/hci_snoop_2025_11_21_07_45_17.cfa,597,2025-11-21T07:45:36.059Z,sent,f4:db:00:00:00:d9,0x12,Write-Req,0x0021,07 7E 00 00 00 03,6,0x07
old/hci_snoop_2025_11_21_07_45_17.cfa,599,2025-11-21T07:45:36.206Z,recv,f4:db:00:00:00:d9,0x1B,Notify,0x0024,07 7E 00 00 00 03 3A 01 3B 01 3C 01 0A 04 28 04 2E 04 00 00,20,0x07
old/hci_snoop_2025_11_21_07_45_17.cfa,600,2025-11-21T07:45:36.295Z,recv,f4:db:00:00:00:d9,0x13,Write-Rsp,,,0,
old/hci_snoop_2025_11_21_07_45_17.cfa,601,2025-11-21T07:45:36.325Z,sent,f4:db:00:00:00:d9,0x12,Write-Req,0x0021,07 81 00 00 00 03,6,0x07
old/hci_snoop_2025_11_21_07_45_17.cfa,603,2025-11-21T07:45:36.566Z,recv,f4:db:00:00:00:d9,0x1B,Notify,0x0024,07 81 00 00 00 03 3C 01 3C 01 3D 01 35 04 3B 04 3F 04 00 00,20,0x07
old/hci_snoop_2025_11_21_07_45_17.cfa,604,2025-11-21T07:45:36.567Z,recv,f4:db:00:00:00:d9,0x13,Write-Rsp,,,0,
old/hci_snoop_2025_11_21_07_45_17.cfa,605,2025-11-21T07:45:36.606Z,sent,f4:db:00:00:00:d9,0x12,Write-Req,0x0021,07 84 00 00 00 03,6,0x07
old/hci_snoop_2025_11_21_07_45_17.cfa,607,2025-11-21T07:45:36.745Z,recv,f4:db:00:00:00:d9,0x1B,Notify,0x0024,07 84 00 00 00 03 3F 01 3F 01 39 01 48 04 48 04 62 04 00 00,20,0x07
old/hci_snoop_2025_11_21_07_45_17.cfa,608,2025-11-21T07:45:36.835Z,recv,f4:db:00:00:00:d9,0x13,Write-Rsp,,,0,
old/hci_snoop_2025_11_21_07_45_17.cfa,609,2025-11-21T07:45:36.860Z,sent,f4:db:00:00:00:d9,0x12,Write-Req,0x0021,07 87 00 00 00 03,6,0x07
old/hci_snoop_2025_11_21_07_45_17.cfa,611,2025-11-21T07:45:37.016Z,recv,f4:db:00:00:00:d9,0x1B,Notify,0x0024,07 87 00 00 00 03 36 01 37 01 38 01 76 04 7C 04 80 04 00 00,20,0x07
old/hci_snoop_2025_11_21_07_45_17.cfa,612,2025-11-21T07:45:37.106Z,recv,f4:db:00:00:00:d9,0x13,Write-Rsp,,,0,
old/hci_snoop_2025_11_21_07_45_17.cfa,613,2025-11-21T07:45:37.142Z,sent,f4:db:00:00:00:d9,0x12,Write-Req,0x0021,07 8A 00 00 00 03,6,0x07
old/hci_snoop_2025_11_21_07_45_17.cfa,615,2025-11-21T07:45:37.285Z,recv,f4:db:00:00:00:d9,0x1B,Notify,0x0024,07 8A 00 00 00 03 3A 01 3C 01 3F 01 81 04 85 04 81 04 00 00,20,0x07
old/hci_snoop_2025_11_21_07_45_17.cfa,616,2025-11-21T07:45:37.375Z,recv,f4:db:00:00:00:d9,0x13,Write-Rsp,,,0,
old/hci_snoop_2025_11_21_07_45_17.cfa,617,2025-11-21T07:45:37.405Z,sent,f4:db:00:00:00:d9,0x12,Write-Req,0x0021,07 8D 00 00 00 03,6,0x07
old/hci_snoop_2025_11_21_07_45_17.cfa,619,2025-11-21T07:45:37.555Z,recv,f4:db:00:00:00:d9,0x1B,Notify,0x0024,07 8D 00 00 00 03 40 01 41 01 46 01 7F 04 83 04 7A 04 00 00,20,0x07
old/hci_snoop_2025_11_21_07_45_17.cfa,620,2025-11-21T07:45:37.645Z,recv,f4:db:00:00:00:d9,0x13,Write-Rsp,,,0,
old/hci_snoop_2025_11_21_07_45_17.cfa,621,2025-11-21T07:45:37.675Z,sent,f4:db:00:00:00:d9,0x12,Write-Req,0x0021,07 90 00 00 00 03,6,0x07
old/hci_snoop_2025_11_21_07_45_17.cfa,623,2025-11-21T07:45:37.825Z,recv,f4:db:00:00:00:d9,0x1B,Notify,0x0024,07 90 00 00 00 03 4B 01 4D 01 4D 01 72 04 65 04 5E 04 00 00,20,0x07
old/hci_snoop_2025_11_21_07_45_17.cfa,624,2025-11-21T07:45:37.915Z,recv,f4:db:00:00:00:d9,0x13,Write-Rsp,,,0,
old/hci_snoop_2025_11_21_07_45_17.cfa,625,2025-11-21T07:45:37.941Z,sent,f4:db:00:00:00:d9,0x12,Write-Req,0x0021,07 93 00 00 00 03,6,0x07
old/hci_snoop_2025_11_21_07_45_17.cfa,627,2025-11-21T07:45:38.096Z,recv,f4:db:00:00:00:d9,0x1B,Notify,0x0024,07 93 00 00 00 03 4D 01 4D 01 4C 01 59 04 58 04 58 04 00 00,20,0x07
old/hci_snoop_2025_11_21_07_45_17.cfa,628,2025-11-21T07:45:38.185Z,recv,f4:db:00:00:00:d9,0x13,Write-Rsp,,,0,
old/hci_snoop_2025_11_21_07_45_17.cfa,629,2025-11-21T07:45:38.208Z,sent,f4:db:00:00:00:d9,0x12,Write-Req,0x0021,07 96 00 00 00 03,6,0x07
old/hci_snoop_2025_11_21_07_45_17.cfa,631,2025-11-21T07:45:38.365Z,recv,f4:db:00:00:00:d9,0x1B,Notify,0x0024,07 96 00 00 00 03 4C 01 4C 01 4B 01 57 04 56 04 57 04 00 00,20,0x07
old/hci_snoop_2025_11_21_07_45_17.cfa,632,2025-11-21T07:45:38.455Z,recv,f4:db:00:00:00:d9,0x13,Write-Rsp,,,0,
old/hci_snoop_2025_11_21_07_45_17.cfa,633,2025-11-21T07:45:38.490Z,sent,f4:db:00:00:00:d9,0x12,Write-Req,0x0021,07 99 00 00 00 03,6,0x07
old/hci_snoop_2025_11_21_07_45_17.cfa,635,2025-11-21T07:45:38.636Z,recv,f4:db:00:00:00:d9,0x1B,Notify,0x0024,07 99 00 00 00 03 4A 01 4A 01 49 01 5A 04 5A 04 5B 04 00 00,20,0x07
old/hci_snoop_2025_11_21_07_45_17.cfa,636,2025-11-21T07:45:38.731Z,recv,f4:db:00:00:00:d9,0x13,Write-Rsp,,,0,
old/hci_snoop_2025_11_21_07_45_17.cfa,637,2025-11-21T07:45:38.759Z,sent,f4:db:00:00:00:d9,0x12,Write-Req,0x0021,07 9C 00 00 00 03,6,0x07
old/hci_snoop_2025_11_21_07_45_17.cfa,639,2025-11-21T07:45:38.908Z,recv,f4:db:00:00:00:d9,0x1B,Notify,0x0024,07 9C 00 00 00 03 48 01 48 01 47 01 5C 04 5D 04 5C 04 00 00,20,0x07
old/hci_snoop_2025_11_21_07_45_17.cfa,640,2025-11-21T07:45:38.995Z,recv,f4:db:00:00:00:d9,0x13,Write-Rsp,,,0,
old/hci_snoop_2025_11_21_07_45_17.cfa,641,2025-11-21T07:45:39.025Z,sent,f4:db:00:00:00:d9,0x12,Write-Req,0x0021,07 9F 00 00 00 03,6,0x07
old/hci_snoop_2025_11_21_07_45_17.cfa,643,2025-11-21T07:45:39.176Z,recv,f4:db:00:00:00:d9,0x1B,Notify,0x0024,07 9F 00 00 00 03 47 01 46 01 46 01 5C 04 5C 04 59 04 00 00,20,0x07
old/hci_snoop_2025_11_21_07_45_17.cfa,644,2025-11-21T07:45:39.266Z,recv,f4:db:00:00:00:d9,0x13,Write-Rsp,,,0,
old/hci_snoop_2025_11_21_07_45_17.cfa,645,2025-11-21T07:45:39.290Z,sent,f4:db:00:00:00:d9,0x12,Write-Req,0x0021,07 A2 00 00 00 03,6,0x07
old/hci_snoop_2025_11_21_07_45_17.cfa,647,2025-11-21T07:45:39.536Z,recv,f4:db:00:00:00:d9,0x1B,Notify,0x0024,07 A2 00 00 00 03 45 01 44 01 43 01 4D 04 3F 04 36 04 00 00,20,0x07
old/hci_snoop_2025_11_21_07_45_17.cfa,648,2025-11-21T07:45:39.539Z,recv,f4:db:00:00:00:d9,0x13,Write-Rsp,,,0,
old/hci_snoop_2025_11_21_07_45_17.cfa,649,2025-11-21T07:45:39.572Z,sent,f4:db:00:00:00:d9,0x12,Write-Req,0x0021,07 A5 00 00 00 03,6,0x07
old/hci_snoop_2025_11_21_07_45_17.cfa,651,2025-11-21T07:45:39.717Z,recv,f4:db:00:00:00:d9,0x1B,Notify,0x0024,07 A5 00 00 00 03 43 01 42 01 41 01 2A 04 29 04 23 04 00 00,20,0x07
old/hci_snoop_2025_11_21_07_45_17.cfa,652,2025-11-21T07:45:39.805Z,recv,f4:db:00:00:00:d9,0x13,Write-Rsp,,,0,
old/hci_snoop_2025_11_21_07_45_17.cfa,653,2025-11-21T07:45:39.842Z,sent,f4:db:00:00:00:d9,0x12,Write-Req,0x0021,07 A8 00 00 00 03,6,0x07
old/hci_snoop_2025_11_21_07_45_17.cfa,655,2025-11-21T07:45:39.985Z,recv,f4:db:00:00:00:d9,0x1B,Notify,0x0024,07 A8 00 00 00 03 41 01 40 01 40 01 21 04 18 04 11 04 00 00,20,0x07
old/hci_snoop_2025_11_21_07_45_17.cfa,656,2025-11-21T07:45:40.075Z,recv,f4:db:00:00:00:d9,0x13,Write-Rsp,,,0,
old/hci_snoop_2025_11_21_07_45_17.cfa,657,2025-11-21T07:45:40.110Z,sent,f4:db:00:00:00:d9,0x12,Write-Req,0x0021,07 AB 00 00 00 03,6,0x07
old/hci_snoop_2025_11_21_07_45_17.cfa,659,2025-11-21T07:45:40.257Z,recv,f4:db:00:00:00:d9,0x1B,Notify,0x0024,07 AB 00 00 00 03 3F 01 3F 01 3E 01 0B 04 01 04 F9 03 00 00,20,0x07
old/hci_snoop_2025_11_21_07_45_17.cfa,660,2025-11-21T07:45:40.346Z,recv,f4:db:00:00:00:d9,0x13,Write-Rsp,,,0,
old/hci_snoop_2025_11_21_07_45_17.cfa,661,2025-11-21T07:45:40.374Z,sent,f4:db:00:00:00:d9,0x12,Write-Req,0x0021,07 AE 00 00 00 03,6,0x07
old/hci_snoop_2025_11_21_07_45_17.cfa,663,2025-11-21T07:45:40.526Z,recv,f4:db:00:00:00:d9,0x1B,Notify,0x0024,07 AE 00 00 00 03 3D 01 3D 01 3C 01 F9 03 F0 03 F0 03 00 00,20,0x07
old/hci_snoop_2025_11_21_07_45_17.cfa,664,2025-11-21T07:45:40.615Z,recv,f4:db:00:00:00:d9,0x13,Write-Rsp,,,0,
old/hci_snoop_2025_11_21_07_45_17.cfa,665,2025-11-21T07:45:40.641Z,sent,f4:db:00:00:00:d9,0x12,Write-Req,0x0021,07 B1 00 00 00 03,6,0x07
old/hci_snoop_2025_11_21_07_45_17.cfa,667,2025-11-21T07:45:40.796Z,recv,f4:db:00:00:00:d9,0x1B,Notify,0x0024,07 B1 00 00 00 03 3C 01 3B 01 3B 01 E2 03 D6 03 CF 03 00 00,20,0x07
old/hci_snoop_2025_11_21_07_45_17.cfa,668,2025-11-21T07:45:40.886Z,recv,f4:db:00:00:00:d9,0x13,Write-Rsp,,,0,
old/hci_snoop_2025_11_21_07_45_17.cfa,669,2025-11-21T07:45:40.908Z,sent,f4:db:00:00:00:d9,0x12,Write-Req,0x0021,07 B4 00 00 00 03,6,0x07
old/hci_snoop_2025_11_21_07_45_17.cfa,671,2025-11-21T07:45:41.066Z,recv,f4:db:00:00:00:d9,0x1B,Notify,0x0024,07 B4 00 00 00 03 3A 01 3A 01 3A 01 E4 03 ED 03 F3 03 00 00,20,0x07
old/hci_snoop_2025_11_21_07_45_17.cfa,672,2025-11-21T07:45:41.156Z,recv,f4:db:00:00:00:d9,0x13,Write-Rsp,,,0,
old/hci_snoop_2025_11_21_07_45_17.cfa,673,2025-11-21T07:45:41.190Z,sent,f4:db:00:00:00:d9,0x12,Write-Req,0x0021,07 B7 00 00 00 03,6,0x07
old/hci_snoop_2025_11_21_07_45_17.cfa,675,2025-11-21T07:45:41.336Z,recv,f4:db:00:00:00:d9,0x1B,Notify,0x0024,07 B7 00 00 00 03 3A 01 3A 01 39 01 FA 03 01 04 07 04 00 00,20,0x07
old/hci_snoop_2025_11_21_07_45_17.cfa,676,2025-11-21T07:45:41.426Z,recv,f4:db:00:00:00:d9,0x13,Write-Rsp,,,0,
old/hci_snoop_2025_11_21_07_45_17.cfa,677,2025-11-21T07:45:41.459Z,sent,f4:db:00:00:00:d9,0x12,Write-Req,0x0021,07 BA 00 00 00 03,6,0x07
old/hci_snoop_2025_11_21_07_45_17.cfa,679,2025-11-21T07:45:41.608Z,recv,f4:db:00:00:00:d9,0x1B,Notify,0x0024,07 BA 00 00 00 03 39 01 39 01 39 01 0D 04 11 04 13 04 00 00,20,0x07
old/hci_snoop_2025_11_21_07_45_17.cfa,680,2025-11-21T07:45:41.697Z,recv,f4:db:00:00:00:d9,0x13,Write-Rsp,,,0,
old/hci_snoop_2025_11_21_07_45_17.cfa,681,2025-11-21T07:45:41.725Z,sent,f4:db:00:00:00:d9,0x12,Write-Req,0x0021,07 BD 00 00 00 03,6,0x07
old/hci_snoop_2025_11_21_07_45_17.cfa,683,2025-11-21T07:45:41.875Z,recv,f4:db:00:00:00:d9,0x1B,Notify,0x0024,07 BD 00 00 00 03 39 01 3A 01 39 01 17 04 1D 04 22 04 00 00,20,0x07
old/hci_snoop_2025_11_21_07_45_17.cfa,684,2025-11-21T07:45:41.966Z,recv,f4:db:00:00:00:d9,0x13,Write-Rsp,,,0,
old/hci_snoop_2025_11_21_07_45_17.cfa,685,2025-11-21T07:45:41.991Z,sent,f4:db:00:00:00:d9,0x12,Write-Req,0x0021,07 C0 00 00 00 03,6,0x07
old/hci_snoop_2025_11_21_07_45_17.cfa,687,2025-11-21T07:45:42.148Z,recv,f4:db:00:00:00:d9,0x1B,Notify,0x0024,07 C0 00 00 00 03 3A 01 39 01 3A 01 26 04 2A 04 2D 04 00 00,20,0x07
old/hci_snoop_2025_11_21_07_45_17.cfa,688,2025-11-21T07:45:42.236Z,recv,f4:db:00:00:00:d9,0x13,Write-Rsp,,,0,
old/hci_snoop_2025_11_21_07_45_17.cfa,689,2025-11-21T07:45:42.274Z,sent,f4:db:00:00:00:d9,0x12,Write-Req,0x0021,07 C3 00 00 00 03,6,0x07
old/hci_snoop_2025_11_21_07_45_17.cfa,691,2025-11-21T07:45:42.416Z,recv,f4:db:00:00:00:d9,0x1B,Notify,0x0024,07 C3 00 00 00 03 3A 01 3A 01 3A 01 31 04 34 04 37 04 00 00,20,0x07
old/hci_snoop_2025_11_21_07_45_17.cfa,692,2025-11-21T07:45:42.505Z,recv,f4:db:00:00:00:d9,0x13,Write-Rsp,,,0,
old/hci_snoop_2025_11_21_07_45_17.cfa,693,2025-11-21T07:45:42.545Z,sent,f4:db:00:00:00:d9,0x12,Write-Req,0x0021,07 C6 00 00 00 03,6,0x07
old/hci_snoop_2025_11_21_07_45_17.cfa,695,2025-11-21T07:45:42.686Z,recv,f4:db:00:00:00:d9,0x1B,Notify,0x0024,07 C6 00 00 00 03 3A 01 3A 01 3A 01 3A 04 3D 04 3F 04 00 00,20,0x07
old/hci_snoop_2025_11_21_07_45_17.cfa,696,2025-11-21T07:45:42.775Z,recv,f4:db:00:00:00:d9,0x13,Write-Rsp,,,0,
old/hci_snoop_2025_11_21_07_45_17.cfa,697,2025-11-21T07:45:42.808Z,sent,f4:db:00:00:00:d9,0x12,Write-Req,0x0021,07 C9 00 00 00 03,6,0x07
old/hci_snoop_2025_11_21_07_45_17.cfa,699,2025-11-21T07:45:42.957Z,recv,f4:db:00:00:00:d9,0x1B,Notify,0x0024,07 C9 00 00 00 03 3A 01 3A 01 3A 01 42 04 44 04 47 04 00 00,20,0x07
old/hci_snoop_2025_11_21_07_45_17.cfa,700,2025-11-21T07:45:43.045Z,recv,f4:db:00:00:00:d9,0x13,Write-Rsp,,,0,
old/hci_snoop_2025_11_21_07_45_17.cfa,701,2025-11-21T07:45:43.078Z,sent,f4:db:00:00:00:d9,0x12,Write-Req,0x0021,07 CC 00 00 00 03,6,0x07
old/hci_snoop_2025_11_21_07_45_17.cfa,703,2025-11-21T07:45:43.226Z,recv,f4:db:00:00:00:d9,0x1B,Notify,0x0024,07 CC 00 00 00 03 3A 01 3A 01 3A 01 49 04 4B 04 4D 04 00 00,20,0x07
old/hci_snoop_2025_11_21_07_45_17.cfa,704,2025-11-21T07:45:43.315Z,recv,f4:db:00:00:00:d9,0x13,Write-Rsp,,,0,
old/hci_snoop_2025_11_21_07_45_17.cfa,705,2025-11-21T07:45:43.342Z,sent,f4:db:00:00:00:d9,0x12,Write-Req,0x0021,07 CF 00 00 00 03,6,0x07
old/hci_snoop_2025_11_21_07_45_17.cfa,707,2025-11-21T07:45:43.496Z,recv,f4:db:00:00:00:d9,0x1B,Notify,0x0024,07 CF 00 00 00 03 3A 01 3A 01 3A 01 4E 04 4F 04 51 04 00 00,20,0x07
old/hci_snoop_2025_11_21_07_45_17.cfa,708,2025-11-21T07:45:43.585Z,recv,f4:db:00:00:00:d9,0x13,Write-Rsp,,,0,
old/hci_snoop_2025_11_21_07_45_17.cfa,709,2025-11-21T07:45:43.608Z,sent,f4:db:00:00:00:d9,0x12,Write-Req,0x0021,07 D2 00 00 00 03,6,0x07
old/hci_snoop_2025_11_21_07_45_17.cfa,711,2025-11-21T07:45:43.768Z,recv,f4:db:00:00:00:d9,0x1B,Notify,0x0024,07 D2 00 00 00 03 3B 01 3B 01 3B 01 53 04 55 04 56 04 00 00,20,0x07
old/hci_snoop_2025_11_21_07_45_17.cfa,712,2025-11-21T07:45:43.855Z,recv,f4:db:00:00:00:d9,0x13,Write-Rsp,,,0,
old/hci_snoop_2025_11_21_07_45_17.cfa,713,2025-11-21T07:45:43.894Z,sent,f4:db:00:00:00:d9,0x12,Write-Req,0x0021,07 D5 00 00 00 03,6,0x07
old/hci_snoop_2025_11_21_07_45_17.cfa,715,2025-11-21T07:45:44.036Z,recv,f4:db:00:00:00:d9,0x1B,Notify,0x0024,07 D5 00 00 00 03 3B 01 3B 01 3B 01 57 04 58 04 59 04 00 00,20,0x07
old/hci_snoop_2025_11_21_07_45_17.cfa,716,2025-11-21T07:45:44.125Z,recv,f4:db:00:00:00:d9,0x13,Write-Rsp,,,0,
old/hci_snoop_2025_11_21_07_45_17.cfa,717,2025-11-21T07:45:44.160Z,sent,f4:db:00:00:00:d9,0x12,Write-Req,0x0021,07 D8 00 00 00 03,6,0x07
old/hci_snoop_2025_11_21_07_45_17.cfa,719,2025-11-21T07:45:44.308Z,recv,f4:db:00:00:00:d9,0x1B,Notify,0x0024,07 D8 00 00 00 03 3B 01 3B 01 3B 01 5A 04 5B 04 5C 04 00 00,20,0x07
old/hci_snoop_2025_11_21_07_45_17.cfa,721,2025-11-21T07:45:44.395Z,recv,f4:db:00:00:00:d9,0x13,Write-Rsp,,,0,
old/hci_snoop_2025_11_21_07_45_17.cfa,722,2025-11-21T07:45:44.429Z,sent,f4:db:00:00:00:d9,0x12,Write-Req,0x0021,07 DB 00 00 00 03,6,0x07
old/hci_snoop_2025_11_21_07_45_17.cfa,724,2025-11-21T07:45:44.577Z,recv,f4:db:00:00:00:d9,0x1B,Notify,0x0024,07 DB 00 00 00 03 3B 01 3B 01 3B 01 5D 04 5E 04 5F 04 00 00,20,0x07
old/hci_snoop_2025_11_21_07_45_17.cfa,725,2025-11-21T07:45:44.666Z,recv,f4:db:00:00:00:d9,0x13,Write-Rsp,,,0,
old/hci_snoop_2025_11_21_07_45_17.cfa,726,2025-11-21T07:45:44.694Z,sent,f4:db:00:00:00:d9,0x12,Write-Req,0x0021,07 DE 00 00 00 03,6,0x07
old/hci_snoop_2025_11_21_07_45_17.cfa,728,2025-11-21T07:45:44.846Z,recv,f4:db:00:00:00:d9,0x1B,Notify,0x0024,07 DE 00 00 00 03 3B 01 3B 01 3B 01 60 04 61 04 61 04 00 00,20,0x07
old/hci_snoop_2025_11_21_07_45_17.cfa,729,2025-11-21T07:45:44.935Z,recv,f4:db:00:00:00:d9,0x13,Write-Rsp,,,0,
old/hci_snoop_2025_11_21_07_45_17.cfa,730,2025-11-21T07:45:44.959Z,sent,f4:db:00:00:00:d9,0x12,Write-Req,0x0021,07 E1 00 00 00 03,6,0x07
old/hci_snoop_2025_11_21_07_45_17.cfa,732,2025-11-21T07:45:45.116Z,recv,f4:db:00:00:00:d9,0x1B,Notify,0x0024,07 E1 00 00 00 03 3B 01 3B 01 3B 01 63 04 63 04 64 04 00 00,20,0x07
old/hci_snoop_2025_11_21_07_45_17.cfa,733,2025-11-21T07:45:45.205Z,recv,f4:db:00:00:00:d9,0x13,Write-Rsp,,,0,
old/hci_snoop_2025_11_21_07_45_17.cfa,734,2025-11-21T07:45:45.242Z,sent,f4:db:00:00:00:d9,0x12,Write-Req,0x0021,07 E4 00 00 00 03,6,0x07
old/hci_snoop_2025_11_21_07_45_17.cfa,736,2025-11-21T07:45:45.386Z,recv,f4:db:00:00:00:d9,0x1B,Notify,0x0024,07 E4 00 00 00 03 3B 01 3B 01 3B 01 65 04 66 04 66 04 00 00,20,0x07
old/hci_snoop_2025_11_21_07_45_17.cfa,737,2025-11-21T07:45:45.475Z,recv,f4:db:00:00:00:d9,0x13,Write-Rsp,,,0,
old/hci_snoop_2025_11_21_07_45_17.cfa,738,2025-11-21T07:45:45.511Z,sent,f4:db:00:00:00:d9,0x12,Write-Req,0x0021,07 E7 00 00 00 03,6,0x07
old/hci_snoop_2025_11_21_07_45_17.cfa,740,2025-11-21T07:45:45.655Z,recv,f4:db:00:00:00:d9,0x1B,Notify,0x0024,07 E7 00 00 00 03 3B 01 3B 01 3A 01 67 04 68 04 69 04 00 00,20,0x07
old/hci_snoop_2025_11_21_07_45_17.cfa,741,2025-11-21T07:45:45.745Z,recv,f4:db:00:00:00:d9,0x13,Write-Rsp,,,0,
old/hci_snoop_2025_11_21_07_45_17.cfa,742,2025-11-21T07:45:45.776Z,sent,f4:db:00:00:00:d9,0x12,Write-Req,0x0021,07 EA 00 00 00 03,6,0x07
old/hci_snoop_2025_11_21_07_45_17.cfa,744,2025-11-21T07:45:45.925Z,recv,f4:db:00:00:00:d9,0x1B,Notify,0x0024,07 EA 00 00 00 03 3A 01 3B 01 3A 01 6A 04 6B 04 6A 04 00 00,20,0x07
old/hci_snoop_2025_11_21_07_45_17.cfa,745,2025-11-21T07:45:46.015Z,recv,f4:db:00:00:00:d9,0x13,Write-Rsp,,,0,
old/hci_snoop_2025_11_21_07_45_17.cfa,746,2025-11-21T07:45:46.043Z,sent,f4:db:00:00:00:d9,0x12,Write-Req,0x0021,07 ED 00 00 00 03,6,0x07
old/hci_snoop_2025_11_21_07_45_17.cfa,748,2025-11-21T07:45:46.196Z,recv,f4:db:00:00:00:d9,0x1B,Notify,0x0024,07 ED 00 00 00 03 3A 01 3B 01 3C 01 6A 04 6C 04 6B 04 00 00,20,0x07
old/hci_snoop_2025_11_21_07_45_17.cfa,749,2025-11-21T07:45:46.285Z,recv,f4:db:00:00:00:d9,0x13,Write-Rsp,,,0,
old/hci_snoop_2025_11_21_07_45_17.cfa,750,2025-11-21T07:45:46.310Z,sent,f4:db:00:00:00:d9,0x12,Write-Req,0x0021,07 F0 00 00 00 03,6,0x07
old/hci_snoop_2025_11_21_07_45_17.cfa,752,2025-11-21T07:45:46.465Z,recv,f4:db:00:00:00:d9,0x1B,Notify,0x0024,07 F0 00 00 00 03 3E 01 40 01 41 01 68 04 64 04 5F 04 00 00,20,0x07
old/hci_snoop_2025_11_21_07_45_17.cfa,753,2025-11-21T07:45:46.555Z,recv,f4:db:00:00:00:d9,0x13,Write-Rsp,,,0,
old/hci_snoop_2025_11_21_07_45_17.cfa,754,2025-11-21T07:45:46.579Z,sent,f4:db:00:00:00:d9,0x12,Write-Req,0x0021,07 F3 00 00 00 03,6,0x07
old/hci_snoop_2025_11_21_07_45_17.cfa,756,2025-11-21T07:45:46.736Z,recv,f4:db:00:00:00:d9,0x1B,Notify,0x0024,07 F3 00 00 00 03 43 01 44 01 45 01 5C 04 58 04 56 04 00 00,20,0x07
old/hci_snoop_2025_11_21_07_45_17.cfa,757,2025-11-21T07:45:46.826Z,recv,f4:db:00:00:00:d9,0x13,Write-Rsp,,,0,
old/hci_snoop_2025_11_21_07_45_17.cfa,758,2025-11-21T07:45:46.861Z,sent,f4:db:00:00:00:d9,0x12,Write-Req,0x0021,07 F6 00 00 00 03,6,0x07
old/hci_snoop_2025_11_21_07_45_17.cfa,760,2025-11-21T07:45:47.005Z,recv,f4:db:00:00:00:d9,0x1B,Notify,0x0024,07 F6 00 00 00 03 47 01 48 01 4A 01 56 04 53 04 4D 04 00 00,20,0x07
old/hci_snoop_2025_11_21_07_45_17.cfa,761,2025-11-21T07:45:47.095Z,recv,f4:db:00:00:00:d9,0x13,Write-Rsp,,,0,
old/hci_snoop_2025_11_21_07_45_17.cfa,762,2025-11-21T07:45:47.128Z,sent,f4:db:00:00:00:d9,0x12,Write-Req,0x0021,07 F9 00 00 00 03,6,0x07
old/hci_snoop_2025_11_21_07_45_17.cfa,764,2025-11-21T07:45:47.277Z,recv,f4:db:00:00:00:d9,0x1B,Notify,0x0024,07 F9 00 00 00 03 4C 01 51 01 4F 01 48 04 3D 04 41 04 00 00,20,0x07
old/hci_snoop_2025_11_21_07_45_17.cfa,765,2025-11-21T07:45:47.365Z,recv,f4:db:00:00:00:d9,0x13,Write-Rsp,,,0,
old/hci_snoop_2025_11_21_07_45_17.cfa,766,2025-11-21T07:45:47.394Z,sent,f4:db:00:00:00:d9,0x12,Write-Req,0x0021,07 FC 00 00 00 03,6,0x07
old/hci_snoop_2025_11_21_07_45_17.cfa,768,2025-11-21T07:45:47.552Z,recv,f4:db:00:00:00:d9,0x1B,Notify,0x0024,07 FC 00 00 00 03 4F 01 4F 01 4F 01 41 04 3F 04 3F 04 00 00,20,0x07
old/hci_snoop_2025_11_21_07_45_17.cfa,769,2025-11-21T07:45:47.635Z,recv,f4:db:00:00:00:d9,0x13,Write-Rsp,,,0,
old/hci_snoop_2025_11_21_07_45_17.cfa,770,2025-11-21T07:45:47.662Z,sent,f4:db:00:00:00:d9,0x12,Write-Req,0x0021,07 FF 00 00 00 03,6,0x07
old/hci_snoop_2025_11_21_07_45_17.cfa,772,2025-11-21T07:45:47.815Z,recv,f4:db:00:00:00:d9,0x1B,Notify,0x0024,07 FF 00 00 00 03 50 01 50 01 50 01 3F 04 3D 04 3C 04 00 00,20,0x07
old/hci_snoop_2025_11_21_07_45_17.cfa,773,2025-11-21T07:45:47.905Z,recv,f4:db:00:00:00:d9,0x13,Write-Rsp,,,0,
old/hci_snoop_2025_11_21_07_45_17.cfa,774,2025-11-21T07:45:47.929Z,sent,f4:db:00:00:00:d9,0x12,Write-Req,0x0021,07 02 01 00 00 03,6,0x07
old/hci_snoop_2025_11_21_07_45_17.cfa,776,2025-11-21T07:45:48.086Z,recv,f4:db:00:00:00:d9,0x1B,Notify,0x0024,07 02 01 00 00 03 51 01 52 01 53 01 3C 04 3F 04 37 04 00 00,20,0x07
old/hci_snoop_2025_11_21_07_45_17.cfa,777,2025-11-21T07:45:48.176Z,recv,f4:db:00:00:00:d9,0x13,Write-Rsp,,,0,
old/hci_snoop_2025_11_21_07_45_17.cfa,778,2025-11-21T07:45:48.210Z,sent,f4:db:00:00:00:d9,0x12,Write-Req,0x0021,07 05 01 00 00 03,6,0x07
old/hci_snoop_2025_11_21_07_45_17.cfa,780,2025-11-21T07:45:48.356Z,recv,f4:db:00:00:00:d9,0x1B,Notify,0x0024,07 05 01 00 00 03 54 01 54 01 55 01 36 04 31 04 31 04 00 00,20,0x07
old/hci_snoop_2025_11_21_07_45_17.cfa,781,2025-11-21T07:45:48.445Z,recv,f4:db:00:00:00:d9,0x13,Write-Rsp,,,0,
old/hci_snoop_2025_11_21_07_45_17.cfa,782,2025-11-21T07:45:48.476Z,sent,f4:db:00:00:00:d9,0x12,Write-Req,0x0021,07 08 01 00 00 03,6,0x07
old/hci_snoop_2025_11_21_07_45_17.cfa,784,2025-11-21T07:45:48.629Z,recv,f4:db:00:00:00:d9,0x1B,Notify,0x0024,07 08 01 00 00 03 55 01 4A 01 4E 01 2F 04 65 03 A9 03 00 00,20,0x07
old/hci_snoop_2025_11_21_07_45_17.cfa,785,2025-11-21T07:45:48.805Z,recv,f4:db:00:00:00:d9,0x13,Write-Rsp,,,0,
old/hci_snoop_2025_11_21_07_45_17.cfa,786,2025-11-21T07:45:48.828Z,sent,f4:db:00:00:00:d9,0x12,Write-Req,0x0021,07 0B 01 00 00 03,6,0x07
old/hci_snoop_2025_11_21_07_45_17.cfa,788,2025-11-21T07:45:48.988Z,recv,f4:db:00:00:00:d9,0x1B,Notify,0x0024,07 0B 01 00 00 03 51 01 53 01 55 01 B9 03 C2 03 CF 03 00 00,20,0x07
old/hci_snoop_2025_11_21_07_45_17.cfa,789,2025-11-21T07:45:49.075Z,recv,f4:db:00:00:00:d9,0x13,Write-Rsp,,,0,
old/hci_snoop_2025_11_21_07_45_17.cfa,790,2025-11-21T07:45:49.111Z,sent,f4:db:00:00:00:d9,0x12,Write-Req,0x0021,07 0E 01 00 00 03,6,0x07
old/hci_snoop_2025_11_21_07_45_17.cfa,792,2025-11-21T07:45:49.256Z,recv,f4:db:00:00:00:d9,0x1B,Notify,0x0024,07 0E 01 00 00 03 54 01 52 01 52 01 D3 03 D9 03 E3 03 00 00,20,0x07
old/hci_snoop_2025_11_21_07_45_17.cfa,793,2025-11-21T07:45:49.345Z,recv,f4:db:00:00:00:d9,0x13,Write-Rsp,,,0,
old/hci_snoop_2025_11_21_07_45_17.cfa,794,2025-11-21T07:45:49.379Z,sent,f4:db:00:00:00:d9,0x12,Write-Req,0x0021,07 11 01 00 00 03,6,0x07
old/hci_snoop_2025_11_21_07_45_17.cfa,796,2025-11-21T07:45:49.526Z,recv,f4:db:00:00:00:d9,0x1B,Notify,0x0024,07 11 01 00 00 03 52 01 50 01 50 01 E6 03 EC 03 F0 03 00 00,20,0x07
old/hci_snoop_2025_11_21_07_45_17.cfa,797,2025-11-21T07:45:49.614Z,recv,f4:db:00:00:00:d9,0x13,Write-Rsp,,,0,
old/hci_snoop_2025_11_21_07_45_17.cfa,798,2025-11-21T07:45:49.645Z,sent,f4:db:00:00:00:d9,0x12,Write-Req,0x0021,07 14 01 00 00 03,6,0x07
old/hci_snoop_2025_11_21_07_45_17.cfa,800,2025-11-21T07:45:49.796Z,recv,f4:db:00:00:00:d9,0x1B,Notify,0x0024,07 14 01 00 00 03 4F 01 51 01 53 01 F6 03 F5 03 F6 03 00 00,20,0x07
old/hci_snoop_2025_11_21_07_45_17.cfa,801,2025-11-21T07:45:49.885Z,recv,f4:db:00:00:00:d9,0x13,Write-Rsp,,,0,
old/hci_snoop_2025_11_21_07_45_17.cfa,802,2025-11-21T07:45:49.911Z,sent,f4:db:00:00:00:d9,0x12,Write-Req,0x0021,07 17 01 00 00 03,6,0x07
old/hci_snoop_2025_11_21_07_45_17.cfa,804,2025-11-21T07:45:50.065Z,recv,f4:db:00:00:00:d9,0x1B,Notify,0x0024,07 17 01 00 00 03 54 01 56 01 57 01 F3 03 ED 03 ED 03 00 00,20,0x07
old/hci_snoop_2025_11_21_07_45_17.cfa,805,2025-11-21T07:45:50.155Z,recv,f4:db:00:00:00:d9,0x13,Write-Rsp,,,0,
old/hci_snoop_2025_11_21_07_45_17.cfa,806,2025-11-21T07:45:50.180Z,sent,f4:db:00:00:00:d9,0x12,Write-Req,0x0021,07 1A 01 00 00 03,6,0x07
old/hci_snoop_2025_11_21_07_45_17.cfa,808,2025-11-21T07:45:50.336Z,recv,f4:db:00:00:00:d9,0x1B,Notify,0x0024,07 1A 01 00 00 03 58 01 59 01 57 01 EB 03 E8 03 EE 03 00 00,20,0x07
old/hci_snoop_2025_11_21_07_45_17.cfa,809,2025-11-21T07:45:50.429Z,recv,f4:db:00:00:00:d9,0x13,Write-Rsp,,,0,
old/hci_snoop_2025_11_21_07_45_17.cfa,810,2025-11-21T07:45:50.461Z,sent,f4:db:00:00:00:d9,0x12,Write-Req,0x0021,07 1D 01 00 00 03,6,0x07
old/hci_snoop_2025_11_21_07_45_17.cfa,812,2025-11-21T07:45:50.605Z,recv,f4:db:00:00:00:d9,0x1B,Notify,0x0024,07 1D 01 00 00 03 5A 01 5C 01 5C 01 E6 03 DC 03 D9 03 00 00,20,0x07
old/hci_snoop_2025_11_21_07_45_17.cfa,813,2025-11-21T07:45:50.696Z,recv,f4:db:00:00:00:d9,0x13,Write-Rsp,,,0,
old/hci_snoop_2025_11_21_07_45_17.cfa,814,2025-11-21T07:45:50.729Z,sent,f4:db:00:00:00:d9,0x12,Write-Req,0x0021,07 20 01 00 00 03,6,0x07
old/hci_snoop_2025_11_21_07_45_17.cfa,816,2025-11-21T07:45:50.876Z,recv,f4:db:00:00:00:d9,0x1B,Notify,0x0024,07 20 01 00 00 03 5C 01 5B 01 59 01 DC 03 DB 03 DF 03 00 00,20,0x07
old/hci_snoop_2025_11_21_07_45_17.cfa,817,2025-11-21T07:45:50.965Z,recv,f4:db:00:00:00:d9,0x13,Write-Rsp,,,0,
old/hci_snoop_2025_11_21_07_45_17.cfa,818,2025-11-21T07:45:50.997Z,sent,f4:db:00:00:00:d9,0x12,Write-Req,0x0021,07 23 01 00 00 03,6,0x07
old/hci_snoop_2025_11_21_07_45_17.cfa,820,2025-11-21T07:45:51.145Z,recv,f4:db:00:00:00:d9,0x1B,Notify,0x0024,07 23 01 00 00 03 59 01 59 01 59 01 E1 03 E2 03 E0 03 00 00,20,0x07
old/hci_snoop_2025_11_21_07_45_17.cfa,821,2025-11-21T07:45:51.235Z,recv,f4:db:00:00:00:d9,0x13,Write-Rsp,,,0,
old/hci_snoop_2025_11_21_07_45_17.cfa,822,2025-11-21T07:45:51.263Z,sent,f4:db:00:00:00:d9,0x12,Write-Req,0x0021,07 26 01 00 00 03,6,0x07
old/hci_snoop_2025_11_21_07_45_17.cfa,824,2025-11-21T07:45:51.415Z,recv,f4:db:00:00:00:d9,0x1B,Notify,0x0024,07 26 01 00 00 03 59 01 58 01 57 01 E0 03 E7 03 E8 03 00 00,20,0x07
old/hci_snoop_2025_11_21_07_45_17.cfa,825,2025-11-21T07:45:51.505Z,recv,f4:db:00:00:00:d9,0x13,Write-Rsp,,,0,
old/hci_snoop_2025_11_21_07_45_17.cfa,826,2025-11-21T07:45:51.528Z,sent,f4:db:00:00:00:d9,0x12,Write-Req,0x0021,07 29 01 00 00 03,6,0x07
old/hci_snoop_2025_11_21_07_45_17.cfa,828,2025-11-21T07:45:51.686Z,recv,f4:db:00:00:00:d9,0x1B,Notify,0x0024,07 29 01 00 00 03 54 01 51 01 4E 01 EF 03 F7 03 FF 03 00 00,20,0x07
old/hci_snoop_2025_11_21_07_45_17.cfa,829,2025-11-21T07:45:51.775Z,recv,f4:db:00:00:00:d9,0x13,Write-Rsp,,,0,
old/hci_snoop_2025_11_21_07_45_17.cfa,830,2025-11-21T07:45:51.811Z,sent,f4:db:00:00:00:d9,0x12,Write-Req,0x0021,07 2C 01 00 00 03,6,0x07
old/hci_snoop_2025_11_21_07_45_17.cfa,832,2025-11-21T07:45:51.955Z,recv,f4:db:00:00:00:d9,0x1B,Notify,0x0024,07 2C 01 00 00 03 4C 01 4A 01 48 01 04 04 0A 04 0E 04 00 00,20,0x07
old/hci_snoop_2025_11_21_07_45_17.cfa,833,2025-11-21T07:45:52.045Z,recv,f4:db:00:00:00:d9,0x13,Write-Rsp,,,0,
old/hci_snoop_2025_11_21_07_45_17.cfa,834,2025-11-21T07:45:52.080Z,sent,f4:db:00:00:00:d9,0x12,Write-Req,0x0021,07 2F 01 00 00 03,6,0x07
old/hci_snoop_2025_11_21_07_45_17.cfa,836,2025-11-21T07:45:52.226Z,recv,f4:db:00:00:00:d9,0x1B,Notify,0x0024,07 2F 01 00 00 03 46 01 45 01 44 01 12 04 16 04 1A 04 00 00,20,0x07
old/hci_snoop_2025_11_21_07_45_17.cfa,837,2025-11-21T07:45:52.315Z,recv,f4:db:00:00:00:d9,0x13,Write-Rsp,,,0,
old/hci_snoop_2025_11_21_07_45_17.cfa,838,2025-11-21T07:45:52.346Z,sent,f4:db:00:00:00:d9,0x12,Write-Req,0x0021,07 32 01 00 00 03,6,0x07
old/hci_snoop_2025_11_21_07_45_17.cfa,840,2025-11-21T07:45:52.495Z,recv,f4:db:00:00:00:d9,0x1B,Notify,0x0024,07 32 01 00 00 03 42 01 42 01 41 01 1D 04 20 04 21 04 00 00,20,0x07
old/hci_snoop_2025_11_21_07_45_17.cfa,841,2025-11-21T07:45:52.585Z,recv,f4:db:00:00:00:d9,0x13,Write-Rsp,,,0,
old/hci_snoop_2025_11_21_07_45_17.cfa,842,2025-11-21T07:45:52.615Z,sent,f4:db:00:00:00:d9,0x12,Write-Req,0x0021,07 35 01 00 00 03,6,0x07
old/hci_snoop_2025_11_21_07_45_17.cfa,844,2025-11-21T07:45:52.765Z,recv,f4:db:00:00:00:d9,0x1B,Notify,0x0024,07 35 01 00 00 03 40 01 3F 01 3F 01 23 04 24 04 27 04 00 00,20,0x07
old/hci_snoop_2025_11_21_07_45_17.cfa,845,2025-11-21T07:45:52.856Z,recv,f4:db:00:00:00:d9,0x13,Write-Rsp,,,0,
old/hci_snoop_2025_11_21_07_45_17.cfa,846,2025-11-21T07:45:52.880Z,sent,f4:db:00:00:00:d9,0x12,Write-Req,0x0021,07 38 01 00 00 03,6,0x07
old/hci_snoop_2025_11_21_07_45_17.cfa,848,2025-11-21T07:45:53.125Z,recv,f4:db:00:00:00:d9,0x1B,Notify,0x0024,07 38 01 00 00 03 3E 01 3D 01 3D 01 2A 04 2B 04 2E 04 00 00,20,0x07
old/hci_snoop_2025_11_21_07_45_17.cfa,849,2025-11-21T07:45:53.215Z,recv,f4:db:00:00:00:d9,0x13,Write-Rsp,,,0,
old/hci_snoop_2025_11_21_07_45_17.cfa,850,2025-11-21T07:45:53.248Z,sent,f4:db:00:00:00:d9,0x12,Write-Req,0x0021,07 3B 01 00 00 03,6,0x07
old/hci_snoop_2025_11_21_07_45_17.cfa,852,2025-11-21T07:45:53.395Z,recv,f4:db:00:00:00:d9,0x1B,Notify,0x0024,07 3B 01 00 00 03 3D 01 42 01 46 01 31 04 2C 04 24 04 00 00,20,0x07
old/hci_snoop_2025_11_21_07_45_17.cfa,853,2025-11-21T07:45:53.486Z,recv,f4:db:00:00:00:d9,0x13,Write-Rsp,,,0,
old/hci_snoop_2025_11_21_07_45_17.cfa,854,2025-11-21T07:45:53.513Z,sent,f4:db:00:00:00:d9,0x12,Write-Req,0x0021,07 3E 01 00 00 03,6,0x07
old/hci_snoop_2025_11_21_07_45_17.cfa,856,2025-11-21T07:45:53.666Z,recv,f4:db:00:00:00:d9,0x1B,Notify,0x0024,07 3E 01 00 00 03 45 01 45 01 45 01 23 04 23 04 21 04 00 00,20,0x07
old/hci_snoop_2025_11_21_07_45_17.cfa,857,2025-11-21T07:45:53.755Z,recv,f4:db:00:00:00:d9,0x13,Write-Rsp,,,0,
old/hci_snoop_2025_11_21_07_45_17.cfa,858,2025-11-21T07:45:53.779Z,sent,f4:db:00:00:00:d9,0x12,Write-Req,0x0021,07 41 01 00 00 03,6,0x07
old/hci_snoop_2025_11_21_07_45_17.cfa,860,2025-11-21T07:45:53.935Z,recv,f4:db:00:00:00:d9,0x1B,Notify,0x0024,07 41 01 00 00 03 46 01 56 01 54 01 1E 04 02 04 00 04 00 00,20,0x07
old/hci_snoop_2025_11_21_07_45_17.cfa,861,2025-11-21T07:45:54.025Z,recv,f4:db:00:00:00:d9,0x13,Write-Rsp,,,0,
old/hci_snoop_2025_11_21_07_45_17.cfa,862,2025-11-21T07:45:54.064Z,sent,f4:db:00:00:00:d9,0x12,Write-Req,0x0021,07 44 01 00 00 03,6,0x07
old/hci_snoop_2025_11_21_07_45_17.cfa,864,2025-11-21T07:45:54.205Z,recv,f4:db:00:00:00:d9,0x1B,Notify,0x0024,07 44 01 00 00 03 53 01 50 01 4C 01 01 04 03 04 0D 04 00 00,20,0x07
old/hci_snoop_2025_11_21_07_45_17.cfa,865,2025-11-21T07:45:54.296Z,recv,f4:db:00:00:00:d9,0x13,Write-Rsp,,,0,
old/hci_snoop_2025_11_21_07_45_17.cfa,866,2025-11-21T07:45:54.330Z,sent,f4:db:00:00:00:d9,0x12,Write-Req,0x0021,07 47 01 00 00 03,6,0x07
old/hci_snoop_2025_11_21_07_45_17.cfa,868,2025-11-21T07:45:54.476Z,recv,f4:db:00:00:00:d9,0x1B,Notify,0x0024,07 47 01 00 00 03 4A 01 48 01 46 01 12 04 16 04 19 04 00 00,20,0x07
old/hci_snoop_2025_11_21_07_45_17.cfa,869,2025-11-21T07:45:54.568Z,recv,f4:db:00:00:00:d9,0x13,Write-Rsp,,,0,
old/hci_snoop_2025_11_21_07_45_17.cfa,870,2025-11-21T07:45:54.599Z,sent,f4:db:00:00:00:d9,0x12,Write-Req,0x0021,07 4A 01 00 00 03,6,0x07
old/hci_snoop_2025_11_21_07_45_17.cfa,872,2025-11-21T07:45:54.747Z,recv,f4:db:00:00:00:d9,0x1B,Notify,0x0024,07 4A 01 00 00 03 45 01 43 01 42 01 1D 04 20 04 23 04 00 00,20,0x07
old/hci_snoop_2025_11_21_07_45_17.cfa,873,2025-11-21T07:45:54.926Z,recv,f4:db:00:00:00:d9,0x13,Write-Rsp,,,0,
old/hci_snoop_2025_11_21_07_45_17.cfa,874,2025-11-21T07:45:54.963Z,sent,f4:db:00:00:00:d9,0x12,Write-Req,0x0021,07 4D 01 00 00 03,6,0x07
old/hci_snoop_2025_11_21_07_45_17.cfa,876,2025-11-21T07:45:55.105Z,recv,f4:db:00:00:00:d9,0x1B,Notify,0x0024,07 4D 01 00 00 03 41 01 40 01 3F 01 26 04 29 04 2C 04 00 00,20,0x07
old/hci_snoop_2025_11_21_07_45_17.cfa,877,2025-11-21T07:45:55.195Z,recv,f4:db:00:00:00:d9,0x13,Write-Rsp,,,0,
old/hci_snoop_2025_11_21_07_45_17.cfa,878,2025-11-21T07:45:55.229Z,sent,f4:db:00:00:00:d9,0x12,Write-Req,0x0021,07 50 01 00 00 03,6,0x07
old/hci_snoop_2025_11_21_07_45_17.cfa,880,2025-11-21T07:45:55.375Z,recv,f4:db:00:00:00:d9,0x1B,Notify,0x0024,07 50 01 00 00 03 3D 01 3D 01 3C 01 2F 04 32 04 34 04 00 00,20,0x07
old/hci_snoop_2025_11_21_07_45_17.cfa,881,2025-11-21T07:45:55.465Z,recv,f4:db:00:00:00:d9,0x13,Write-Rsp,,,0,
old/hci_snoop_2025_11_21_07_45_17.cfa,882,2025-11-21T07:45:55.498Z,sent,f4:db:00:00:00:d9,0x12,Write-Req,0x0021,07 53 01 00 00 03,6,0x07
old/hci_snoop_2025_11_21_07_45_17.cfa,884,2025-11-21T07:45:55.645Z,recv,f4:db:00:00:00:d9,0x1B,Notify,0x0024,07 53 01 00 00 03 3C 01 3B 01 3A 01 37 04 3A 04 3D 04 00 00,20,0x07
old/hci_snoop_2025_11_21_07_45_17.cfa,885,2025-11-21T07:45:55.735Z,recv,f4:db:00:00:00:d9,0x13,Write-Rsp,,,0,
old/hci_snoop_2025_11_21_07_45_17.cfa,886,2025-11-21T07:45:55.766Z,sent,f4:db:00:00:00:d9,0x12,Write-Req,0x0021,07 56 01 00 00 03,6,0x07
old/hci_snoop_2025_11_21_07_45_17.cfa,888,2025-11-21T07:45:55.920Z,recv,f4:db:00:00:00:d9,0x1B,Notify,0x0024,07 56 01 00 00 03 3A 01 39 01 39 01 40 04 42 04 44 04 00 00,20,0x07
old/hci_snoop_2025_11_21_07_45_17.cfa,889,2025-11-21T07:45:56.004Z,recv,f4:db:00:00:00:d9,0x13,Write-Rsp,,,0,
old/hci_snoop_2025_11_21_07_45_17.cfa,890,2025-11-21T07:45:56.029Z,sent,f4:db:00:00:00:d9,0x12,Write-Req,0x0021,07 59 01 00 00 03,6,0x07
old/hci_snoop_2025_11_21_07_45_17.cfa,892,2025-11-21T07:45:56.186Z,recv,f4:db:00:00:00:d9,0x1B,Notify,0x0024,07 59 01 00 00 03 39 01 38 01 38 01 46 04 48 04 49 04 00 00,20,0x07
old/hci_snoop_2025_11_21_07_45_17.cfa,893,2025-11-21T07:45:56.275Z,recv,f4:db:00:00:00:d9,0x13,Write-Rsp,,,0,
old/hci_snoop_2025_11_21_07_45_17.cfa,894,2025-11-21T07:45:56.299Z,sent,f4:db:00:00:00:d9,0x12,Write-Req,0x0021,07 5C 01 00 00 03,6,0x07
old/hci_snoop_2025_11_21_07_45_17.cfa,896,2025-11-21T07:45:56.456Z,recv,f4:db:00:00:00:d9,0x1B,Notify,0x0024,07 5C 01 00 00 03 37 01 37 01 37 01 4A 04 4B 04 4B 04 00 00,20,0x07
old/hci_snoop_2025_11_21_07_45_17.cfa,897,2025-11-21T07:45:56.545Z,recv,f4:db:00:00:00:d9,0x13,Write-Rsp,,,0,
old/hci_snoop_2025_11_21_07_45_17.cfa,898,2025-11-21T07:45:56.579Z,sent,f4:db:00:00:00:d9,0x12,Write-Req,0x0021,07 5F 01 00 00 03,6,0x07
old/hci_snoop_2025_11_21_07_45_17.cfa,900,2025-11-21T07:45:56.725Z,recv,f4:db:00:00:00:d9,0x1B,Notify,0x0024,07 5F 01 00 00 03 37 01 36 01 36 01 4C 04 4D 04 4E 04 00 00,20,0x07
old/hci_snoop_2025_11_21_07_45_17.cfa,901,2025-11-21T07:45:56.815Z,recv,f4:db:00:00:00:d9,0x13,Write-Rsp,,,0,
old/hci_snoop_2025_11_21_07_45_17.cfa,902,2025-11-21T07:45:56.846Z,sent,f4:db:00:00:00:d9,0x12,Write-Req,0x0021,07 62 01 00 00 03,6,0x07
old/hci_snoop_2025_11_21_07_45_17.cfa,904,2025-11-21T07:45:56.995Z,recv,f4:db:00:00:00:d9,0x1B,Notify,0x0024,07 62 01 00 00 03 36 01 36 01 35 01 4F 04 50 04 51 04 00 00,20,0x07
old/hci_snoop_2025_11_21_07_45_17.cfa,905,2025-11-21T07:45:57.085Z,recv,f4:db:00:00:00:d9,0x13,Write-Rsp,,,0,
old/hci_snoop_2025_11_21_07_45_17.cfa,906,2025-11-21T07:45:57.114Z,sent,f4:db:00:00:00:d9,0x12,Write-Req,0x0021,07 65 01 00 00 03,6,0x07
old/hci_snoop_2025_11_21_07_45_17.cfa,908,2025-11-21T07:45:57.265Z,recv,f4:db:00:00:00:d9,0x1B,Notify,0x0024,07 65 01 00 00 03 35 01 35 01 35 01 53 04 55 04 55 04 00 00,20,0x07
old/hci_snoop_2025_11_21_07_45_17.cfa,909,2025-11-21T07:45:57.355Z,recv,f4:db:00:00:00:d9,0x13,Write-Rsp,,,0,
old/hci_snoop_2025_11_21_07_45_17.cfa,910,2025-11-21T07:45:57.382Z,sent,f4:db:00:00:00:d9,0x12,Write-Req,0x0021,07 68 01 00 00 03,6,0x07
old/hci_snoop_2025_11_21_07_45_17.cfa,912,2025-11-21T07:45:57.536Z,recv,f4:db:00:00:00:d9,0x1B,Notify,0x0024,07 68 01 00 00 03 34 01 34 01 34 01 55 04 57 04 58 04 00 00,20,0x07
old/hci_snoop_2025_11_21_07_45_17.cfa,913,2025-11-21T07:45:57.625Z,recv,f4:db:00:00:00:d9,0x13,Write-Rsp,,,0,
old/hci_snoop_2025_11_21_07_45_17.cfa,914,2025-11-21T07:45:57.665Z,sent,f4:db:00:00:00:d9,0x12,Write-Req,0x0021,07 6B 01 00 00 03,6,0x07
old/hci_snoop_2025_11_21_07_45_17.cfa,916,2025-11-21T07:45:57.897Z,recv,f4:db:00:00:00:d9,0x1B,Notify,0x0024,07 6B 01 00 00 03 34 01 34 01 33 01 59 04 5A 04 5A 04 00 00,20,0x07
old/hci_snoop_2025_11_21_07_45_17.cfa,917,2025-11-21T07:45:57.985Z,recv,f4:db:00:00:00:d9,0x13,Write-Rsp,,,0,
old/hci_snoop_2025_11_21_07_45_17.cfa,918,2025-11-21T07:45:58.015Z,sent,f4:db:00:00:00:d9,0x12,Write-Req,0x0021,07 6E 01 00 00 03,6,0x07
old/hci_snoop_2025_11_21_07_45_17.cfa,920,2025-11-21T07:45:58.165Z,recv,f4:db:00:00:00:d9,0x1B,Notify,0x0024,07 6E 01 00 00 03 33 01 33 01 33 01 5A 04 5B 04 5B 04 00 00,20,0x07
old/hci_snoop_2025_11_21_07_45_17.cfa,921,2025-11-21T07:45:58.255Z,recv,f4:db:00:00:00:d9,0x13,Write-Rsp,,,0,
old/hci_snoop_2025_11_21_07_45_17.cfa,922,2025-11-21T07:45:58.282Z,sent,f4:db:00:00:00:d9,0x12,Write-Req,0x0021,07 71 01 00 00 03,6,0x07
old/hci_snoop_2025_11_21_07_45_17.cfa,924,2025-11-21T07:45:58.526Z,recv,f4:db:00:00:00:d9,0x1B,Notify,0x0024,07 71 01 00 00 03 33 01 33 01 32 01 5C 04 5B 04 5C 04 00 00,20,0x07
old/hci_snoop_2025_11_21_07_45_17.cfa,925,2025-11-21T07:45:58.615Z,recv,f4:db:00:00:00:d9,0x13,Write-Rsp,,,0,
old/hci_snoop_2025_11_21_07_45_17.cfa,926,2025-11-21T07:45:58.647Z,sent,f4:db:00:00:00:d9,0x12,Write-Req,0x0021,07 74 01 00 00 03,6,0x07
old/hci_snoop_2025_11_21_07_45_17.cfa,928,2025-11-21T07:45:58.798Z,recv,f4:db:00:00:00:d9,0x1B,Notify,0x0024,07 74 01 00 00 03 32 01 32 01 32 01 5C 04 5C 04 5C 04 00 00,20,0x07
old/hci_snoop_2025_11_21_07_45_17.cfa,929,2025-11-21T07:45:58.886Z,recv,f4:db:00:00:00:d9,0x13,Write-Rsp,,,0,
old/hci_snoop_2025_11_21_07_45_17.cfa,930,2025-11-21T07:45:58.913Z,sent,f4:db:00:00:00:d9,0x12,Write-Req,0x0021,07 77 01 00 00 03,6,0x07
old/hci_snoop_2025_11_21_07_45_17.cfa,932,2025-11-21T07:45:59.156Z,recv,f4:db:00:00:00:d9,0x1B,Notify,0x0024,07 77 01 00 00 03 31 01 31 01 31 01 5D 04 5D 04 60 04 00 00,20,0x07
old/hci_snoop_2025_11_21_07_45_17.cfa,933,2025-11-21T07:45:59.245Z,recv,f4:db:00:00:00:d9,0x13,Write-Rsp,,,0,
old/hci_snoop_2025_11_21_07_45_17.cfa,934,2025-11-21T07:45:59.281Z,sent,f4:db:00:00:00:d9,0x12,Write-Req,0x0021,07 7A 01 00 00 03,6,0x07
old/hci_snoop_2025_11_21_07_45_17.cfa,936,2025-11-21T07:45:59.426Z,recv,f4:db:00:00:00:d9,0x1B,Notify,0x0024,07 7A 01 00 00 03 31 01 31 01 31 01 61 04 60 04 5F 04 00 00,20,0x07
old/hci_snoop_2025_11_21_07_45_17.cfa,937,2025-11-21T07:45:59.515Z,recv,f4:db:00:00:00:d9,0x13,Write-Rsp,,,0,
old/hci_snoop_2025_11_21_07_45_17.cfa,938,2025-11-21T07:45:59.549Z,sent,f4:db:00:00:00:d9,0x12,Write-Req,0x0021,07 7D 01 00 00 03,6,0x07
old/hci_snoop_2025_11_21_07_45_17.cfa,940,2025-11-21T07:45:59.785Z,recv,f4:db:00:00:00:d9,0x1B,Notify,0x0024,07 7D 01 00 00 03 31 01 31 01 31 01 5F 04 5F 04 5F 04 00 00,20,0x07
old/hci_snoop_2025_11_21_07_45_17.cfa,941,2025-11-21T07:45:59.875Z,recv,f4:db:00:00:00:d9,0x13,Write-Rsp,,,0,
old/hci_snoop_2025_11_21_07_45_17.cfa,942,2025-11-21T07:45:59.899Z,sent,f4:db:00:00:00:d9,0x12,Write-Req,0x0021,07 80 01 00 00 03,6,0x07
old/hci_snoop_2025_11_21_07_45_17.cfa,944,2025-11-21T07:46:00.055Z,recv,f4:db:00:00:00:d9,0x1B,Notify,0x0024,07 80 01 00 00 03 30 01 30 01 30 01 5F 04 5E 04 5E 04 00 00,20,0x07
old/hci_snoop_2025_11_21_07_45_17.cfa,945,2025-11-21T07:46:00.145Z,recv,f4:db:00:00:00:d9,0x13,Write-Rsp,,,0,
old/hci_snoop_2025_11_21_07_45_17.cfa,946,2025-11-21T07:46:00.182Z,sent,f4:db:00:00:00:d9,0x12,Write-Req,0x0021,07 83 01 00 00 03,6,0x07
old/hci_snoop_2025_11_21_07_45_17.cfa,948,2025-11-21T07:46:00.325Z,recv,f4:db:00:00:00:d9,0x1B,Notify,0x0024,07 83 01 00 00 03 30 01 30 01 2F 01 5E 04 5D 04 5D 04 00 00,20,0x07
old/hci_snoop_2025_11_21_07_45_17.cfa,949,2025-11-21T07:46:00.415Z,recv,f4:db:00:00:00:d9,0x13,Write-Rsp,,,0,
old/hci_snoop_2025_11_21_07_45_17.cfa,950,2025-11-21T07:46:00.449Z,sent,f4:db:00:00:00:d9,0x12,Write-Req,0x0021,07 86 01 00 00 03,6,0x07
old/hci_snoop_2025_11_21_07_45_17.cfa,952,2025-11-21T07:46:00.595Z,recv,f4:db:00:00:00:d9,0x1B,Notify,0x0024,07 86 01 00 00 03 2F 01 2F 01 2F 01 5D 04 5C 04 5C 04 00 00,20,0x07
old/hci_snoop_2025_11_21_07_45_17.cfa,953,2025-11-21T07:46:00.689Z,recv,f4:db:00:00:00:d9,0x13,Write-Rsp,,,0,
old/hci_snoop_2025_11_21_07_45_17.cfa,954,2025-11-21T07:46:00.715Z,sent,f4:db:00:00:00:d9,0x12,Write-Req,0x0021,07 89 01 00 00 03,6,0x07
old/hci_snoop_2025_11_21_07_45_17.cfa,956,2025-11-21T07:46:00.866Z,recv,f4:db:00:00:00:d9,0x1B,Notify,0x0024,07 89 01 00 00 03 30 01 30 01 31 01 5B 04 59 04 57 04 00 00,20,0x07
old/hci_snoop_2025_11_21_07_45_17.cfa,957,2025-11-21T07:46:01.045Z,recv,f4:db:00:00:00:d9,0x13,Write-Rsp,,,0,
old/hci_snoop_2025_11_21_07_45_17.cfa,958,2025-11-21T07:46:01.083Z,sent,f4:db:00:00:00:d9,0x12,Write-Req,0x0021,07 8C 01 00 00 03,6,0x07
old/hci_snoop_2025_11_21_07_45_17.cfa,960,2025-11-21T07:46:01.225Z,recv,f4:db:00:00:00:d9,0x1B,Notify,0x0024,07 8C 01 00 00 03 30 01 31 01 3B 01 57 04 57 04 45 04 00 00,20,0x07
old/hci_snoop_2025_11_21_07_45_17.cfa,961,2025-11-21T07:46:01.315Z,recv,f4:db:00:00:00:d9,0x13,Write-Rsp,,,0,
old/hci_snoop_2025_11_21_07_45_17.cfa,962,2025-11-21T07:46:01.350Z,sent,f4:db:00:00:00:d9,0x12,Write-Req,0x0021,07 8F 01 00 00 03,6,0x07
old/hci_snoop_2025_11_21_07_45_17.cfa,964,2025-11-21T07:46:01.497Z,recv,f4:db:00:00:00:d9,0x1B,Notify,0x0024,07 8F 01 00 00 03 3D 01 3D 01 3A 01 3A 04 32 04 39 04 00 00,20,0x07
old/hci_snoop_2025_11_21_07_45_17.cfa,965,2025-11-21T07:46:01.586Z,recv,f4:db:00:00:00:d9,0x13,Write-Rsp,,,0,
old/hci_snoop_2025_11_21_07_45_17.cfa,966,2025-11-21T07:46:01.617Z,sent,f4:db:00:00:00:d9,0x12,Write-Req,0x0021,07 92 01 00 00 03,6,0x07
old/hci_snoop_2025_11_21_07_45_17.cfa,968,2025-11-21T07:46:01.765Z,recv,f4:db:00:00:00:d9,0x1B,Notify,0x0024,07 92 01 00 00 03 40 01 3F 01 3B 01 36 04 29 04 33 04 00 00,20,0x07
old/hci_snoop_2025_11_21_07_45_17.cfa,969,2025-11-21T07:46:01.855Z,recv,f4:db:00:00:00:d9,0x13,Write-Rsp,,,0,
old/hci_snoop_2025_11_21_07_45_17.cfa,970,2025-11-21T07:46:01.881Z,sent,f4:db:00:00:00:d9,0x12,Write-Req,0x0021,07 95 01 00 00 03,6,0x07
old/hci_snoop_2025_11_21_07_45_17.cfa,972,2025-11-21T07:46:02.035Z,recv,f4:db:00:00:00:d9,0x1B,Notify,0x0024,07 95 01 00 00 03 38 01 37 01 35 01 39 04 3C 04 3F 04 00 00,20,0x07
old/hci_snoop_2025_11_21_07_45_17.cfa,973,2025-11-21T07:46:02.125Z,recv,f4:db:00:00:00:d9,0x13,Write-Rsp,,,0,
old/hci_snoop_2025_11_21_07_45_17.cfa,974,2025-11-21T07:46:02.149Z,sent,f4:db:00:00:00:d9,0x12,Write-Req,0x0021,07 98 01 00 00 03,6,0x07
old/hci_snoop_2025_11_21_07_45_17.cfa,976,2025-11-21T07:46:02.308Z,recv,f4:db:00:00:00:d9,0x1B,Notify,0x0024,07 98 01 00 00 03 34 01 33 01 33 01 42 04 44 04 45 04 00 00,20,0x07
old/hci_snoop_2025_11_21_07_45_17.cfa,977,2025-11-21T07:46:02.395Z,recv,f4:db:00:00:00:d9,0x13,Write-Rsp,,,0,
old/hci_snoop_2025_11_21_07_45_17.cfa,978,2025-11-21T07:46:02.431Z,sent,f4:db:00:00:00:d9,0x12,Write-Req,0x0021,07 9B 01 00 00 03,6,0x07
old/hci_snoop_2025_11_21_07_45_17.cfa,980,2025-11-21T07:46:02.575Z,recv,f4:db:00:00:00:d9,0x1B,Notify,0x0024,07 9B 01 00 00 03 32 01 32 01 32 01 46 04 47 04 48 04 00 00,20,0x07
old/hci_snoop_2025_11_21_07_45_17.cfa,981,2025-11-21T07:46:02.665Z,recv,f4:db:00:00:00:d9,0x13,Write-Rsp,,,0,
old/hci_snoop_2025_11_21_07_45_17.cfa,982,2025-11-21T07:46:02.699Z,sent,f4:db:00:00:00:d9,0x12,Write-Req,0x0021,07 9E 01 00 00 03,6,0x07
old/hci_snoop_2025_11_21_07_45_17.cfa,984,2025-11-21T07:46:02.845Z,recv,f4:db:00:00:00:d9,0x1B,Notify,0x0024,07 9E 01 00 00 03 31 01 31 01 30 01 49 04 4A 04 4B 04 00 00,20,0x07
old/hci_snoop_2025_11_21_07_45_17.cfa,985,2025-11-21T07:46:02.934Z,recv,f4:db:00:00:00:d9,0x13,Write-Rsp,,,0,
old/hci_snoop_2025_11_21_07_45_17.cfa,986,2025-11-21T07:46:02.966Z,sent,f4:db:00:00:00:d9,0x12,Write-Req,0x0021,07 A1 01 00 00 03,6,0x07
old/hci_snoop_2025_11_21_07_45_17.cfa,988,2025-11-21T07:46:03.117Z,recv,f4:db:00:00:00:d9,0x1B,Notify,0x0024,07 A1 01 00 00 03 30 01 30 01 2F 01 4B 04 4C 04 4D 04 00 00,20,0x07
old/hci_snoop_2025_11_21_07_45_17.cfa,989,2025-11-21T07:46:03.205Z,recv,f4:db:00:00:00:d9,0x13,Write-Rsp,,,0,
old/hci_snoop_2025_11_21_07_45_17.cfa,990,2025-11-21T07:46:03.232Z,sent,f4:db:00:00:00:d9,0x12,Write-Req,0x0021,07 A4 01 00 00 03,6,0x07
old/hci_snoop_2025_11_21_07_45_17.cfa,992,2025-11-21T07:46:03.389Z,recv,f4:db:00:00:00:d9,0x1B,Notify,0x0024,07 A4 01 00 00 03 2F 01 2F 01 2F 01 4E 04 4E 04 4E 04 00 00,20,0x07
old/hci_snoop_2025_11_21_07_45_17.cfa,993,2025-11-21T07:46:03.475Z,recv,f4:db:00:00:00:d9,0x13,Write-Rsp,,,0,
old/hci_snoop_2025_11_21_07_45_17.cfa,994,2025-11-21T07:46:03.501Z,sent,f4:db:00:00:00:d9,0x12,Write-Req,0x0021,07 A7 01 00 00 03,6,0x07
old/hci_snoop_2025_11_21_07_45_17.cfa,996,2025-11-21T07:46:03.656Z,recv,f4:db:00:00:00:d9,0x1B,Notify,0x0024,07 A7 01 00 00 03 2F 01 2F 01 2E 01 4E 04 4E 04 4F 04 00 00,20,0x07
old/hci_snoop_2025_11_21_07_45_17.cfa,997,2025-11-21T07:46:03.747Z,recv,f4:db:00:00:00:d9,0x13,Write-Rsp,,,0,
old/hci_snoop_2025_11_21_07_45_17.cfa,998,2025-11-21T07:46:03.782Z,sent,f4:db:00:00:00:d9,0x12,Write-Req,0x0021,07 AA 01 00 00 03,6,0x07
old/hci_snoop_2025_11_21_07_45_17.cfa,1000,2025-11-21T07:46:03.926Z,recv,f4:db:00:00:00:d9,0x1B,Notify,0x0024,07 AA 01 00 00 03 2E 01 2E 01 2E 01 4F 04 4F 04 50 04 00 00,20,0x07
old/hci_snoop_2025_11_21_07_45_17.cfa,1001,2025-11-21T07:46:04.016Z,recv,f4:db:00:00:00:d9,0x13,Write-Rsp,,,0,
old/hci_snoop_2025_11_21_07_45_17.cfa,1002,2025-11-21T07:46:04.049Z,sent,f4:db:00:00:00:d9,0x12,Write-Req,0x0021,07 AD 01 00 00 03,6,0x07
old/hci_snoop_2025_11_21_07_45_17.cfa,1004,2025-11-21T07:46:04.197Z,recv,f4:db:00:00:00:d9,0x1B,Notify,0x0024,07 AD 01 00 00 03 2D 01 2D 01 2D 01 50 04 51 04 52 04 00 00,20,0x07
old/hci_snoop_2025_11_21_07_45_17.cfa,1005,2025-11-21T07:46:04.285Z,recv,f4:db:00:00:00:d9,0x13,Write-Rsp,,,0,
old/hci_snoop_2025_11_21_07_45_17.cfa,1006,2025-11-21T07:46:04.317Z,sent,f4:db:00:00:00:d9,0x12,Write-Req,0x0021,07 B0 01 00 00 03,6,0x07
old/hci_snoop_2025_11_21_07_45_17.cfa,1008,2025-11-21T07:46:04.465Z,recv,f4:db:00:00:00:d9,0x1B,Notify,0x0024,07 B0 01 00 00 03 2D 01 2D 01 2C 01 52 04 52 04 52 04 00 00,20,0x07
old/hci_snoop_2025_11_21_07_45_17.cfa,1009,2025-11-21T07:46:04.555Z,recv,f4:db:00:00:00:d9,0x13,Write-Rsp,,,0,
old/hci_snoop_2025_11_21_07_45_17.cfa,1010,2025-11-21T07:46:04.583Z,sent,f4:db:00:00:00:d9,0x12,Write-Req,0x0021,07 B3 01 00 00 03,6,0x07
old/hci_snoop_2025_11_21_07_45_17.cfa,1012,2025-11-21T07:46:04.735Z,recv,f4:db:00:00:00:d9,0x1B,Notify,0x0024,07 B3 01 00 00 03 2C 01 2C 01 2C 01 52 04 52 04 52 04 00 00,20,0x07
old/hci_snoop_2025_11_21_07_45_17.cfa,1013,2025-11-21T07:46:04.826Z,recv,f4:db:00:00:00:d9,0x13,Write-Rsp,,,0,
old/hci_snoop_2025_11_21_07_45_17.cfa,1014,2025-11-21T07:46:04.851Z,sent,f4:db:00:00:00:d9,0x12,Write-Req,0x0021,07 B6 01 00 00 03,6,0x07
old/hci_snoop_2025_11_21_07_45_17.cfa,1016,2025-11-21T07:46:05.006Z,recv,f4:db:00:00:00:d9,0x1B,Notify,0x0024,07 B6 01 00 00 03 2C 01 2B 01 2B 01 53 04 53 04 53 04 00 00,20,0x07
old/hci_snoop_2025_11_21_07_45_17.cfa,1017,2025-11-21T07:46:05.095Z,recv,f4:db:00:00:00:d9,0x13,Write-Rsp,,,0,
old/hci_snoop_2025_11_21_07_45_17.cfa,1018,2025-11-21T07:46:05.132Z,sent,f4:db:00:00:00:d9,0x12,Write-Req,0x0021,07 B9 01 00 00 03,6,0x07
old/hci_snoop_2025_11_21_07_45_17.cfa,1020,2025-11-21T07:46:05.276Z,recv,f4:db:00:00:00:d9,0x1B,Notify,0x0024,07 B9 01 00 00 03 2B 01 2B 01 2C 01 54 04 54 04 53 04 00 00,20,0x07
old/hci_snoop_2025_11_21_07_45_17.cfa,1021,2025-11-21T07:46:05.365Z,recv,f4:db:00:00:00:d9,0x13,Write-Rsp,,,0,
old/hci_snoop_2025_11_21_07_45_17.cfa,1022,2025-11-21T07:46:05.400Z,sent,f4:db:00:00:00:d9,0x12,Write-Req,0x0021,07 BC 01 00 00 03,6,0x07
old/hci_snoop_2025_11_21_07_45_17.cfa,1024,2025-11-21T07:46:05.545Z,recv,f4:db:00:00:00:d9,0x1B,Notify,0x0024,07 BC 01 00 00 03 2B 01 2B 01 2B 01 55 04 55 04 55 04 00 00,20,0x07
old/hci_snoop_2025_11_21_07_45_17.cfa,1025,2025-11-21T07:46:05.634Z,recv,f4:db:00:00:00:d9,0x13,Write-Rsp,,,0,
old/hci_snoop_2025_11_21_07_45_17.cfa,1026,2025-11-21T07:46:05.667Z,sent,f4:db:00:00:00:d9,0x12,Write-Req,0x0021,07 BF 01 00 00 03,6,0x07
old/hci_snoop_2025_11_21_07_45_17.cfa,1028,2025-11-21T07:46:05.815Z,recv,f4:db:00:00:00:d9,0x1B,Notify,0x0024,07 BF 01 00 00 03 2B 01 2B 01 2B 01 55 04 55 04 55 04 00 00,20,0x07
old/hci_snoop_2025_11_21_07_45_17.cfa,1029,2025-11-21T07:46:05.907Z,recv,f4:db:00:00:00:d9,0x13,Write-Rsp,,,0,
old/hci_snoop_2025_11_21_07_45_17.cfa,1030,2025-11-21T07:46:05.935Z,sent,f4:db:00:00:00:d9,0x12,Write-Req,0x0021,07 C2 01 00 00 03,6,0x07
old/hci_snoop_2025_11_21_07_45_17.cfa,1032,2025-11-21T07:46:06.085Z,recv,f4:db:00:00:00:d9,0x1B,Notify,0x0024,07 C2 01 00 00 03 2B 01 2C 01 2B 01 55 04 55 04 21 04 00 00,20,0x07
old/hci_snoop_2025_11_21_07_45_17.cfa,1033,2025-11-21T07:46:06.175Z,recv,f4:db:00:00:00:d9,0x13,Write-Rsp,,,0,
old/hci_snoop_2025_11_21_07_45_17.cfa,1034,2025-11-21T07:46:06.198Z,sent,f4:db:00:00:00:d9,0x12,Write-Req,0x0021,07 C5 01 00 00 03,6,0x07
old/hci_snoop_2025_11_21_07_45_17.cfa,1036,2025-11-21T07:46:06.355Z,recv,f4:db:00:00:00:d9,0x1B,Notify,0x0024,07 C5 01 00 00 03 2C 01 2D 01 2E 01 2D 04 32 04 36 04 00 00,20,0x07
old/hci_snoop_2025_11_21_07_45_17.cfa,1037,2025-11-21T07:46:06.445Z,recv,f4:db:00:00:00:d9,0x13,Write-Rsp,,,0,
old/hci_snoop_2025_11_21_07_45_17.cfa,1038,2025-11-21T07:46:06.483Z,sent,f4:db:00:00:00:d9,0x12,Write-Req,0x0021,07 C8 01 00 00 03,6,0x07
old/hci_snoop_2025_11_21_07_45_17.cfa,1040,2025-11-21T07:46:06.625Z,recv,f4:db:00:00:00:d9,0x1B,Notify,0x0024,07 C8 01 00 00 03 2F 01 30 01 31 01 39 04 3D 04 3A 04 00 00,20,0x07
old/hci_snoop_2025_11_21_07_45_17.cfa,1041,2025-11-21T07:46:06.717Z,recv,f4:db:00:00:00:d9,0x13,Write-Rsp,,,0,
old/hci_snoop_2025_11_21_07_45_17.cfa,1042,2025-11-21T07:46:06.749Z,sent,f4:db:00:00:00:d9,0x12,Write-Req,0x0021,07 CB 01 00 00 03,6,0x07
old/hci_snoop_2025_11_21_07_45_17.cfa,1044,2025-11-21T07:46:06.895Z,recv,f4:db:00:00:00:d9,0x1B,Notify,0x0024,07 CB 01 00 00 03 32 01 33 01 35 01 3B 04 3C 04 3C 04 00 00,20,0x07
old/hci_snoop_2025_11_21_07_45_17.cfa,1045,2025-11-21T07:46:06.986Z,recv,f4:db:00:00:00:d9,0x13,Write-Rsp,,,0,
old/hci_snoop_2025_11_21_07_45_17.cfa,1046,2025-11-21T07:46:07.015Z,sent,f4:db:00:00:00:d9,0x12,Write-Req,0x0021,07 CE 01 00 00 03,6,0x07
old/hci_snoop_2025_11_21_07_45_17.cfa,1048,2025-11-21T07:46:07.165Z,recv,f4:db:00:00:00:d9,0x1B,Notify,0x0024,07 CE 01 00 00 03 36 01 3F 01 43 01 3E 04 34 04 30 04 00 00,20,0x07
old/hci_snoop_2025_11_21_07_45_17.cfa,1049,2025-11-21T07:46:07.255Z,recv,f4:db:00:00:00:d9,0x13,Write-Rsp,,,0,
old/hci_snoop_2025_11_21_07_45_17.cfa,1050,2025-11-21T07:46:07.283Z,sent,f4:db:00:00:00:d9,0x12,Write-Req,0x0021,07 D1 01 00 00 03,6,0x07
old/hci_snoop_2025_11_21_07_45_17.cfa,1059,2025-11-21T07:46:07.436Z,recv,f4:db:00:00:00:d9,0x1B,Notify,0x0024,07 D1 01 00 00 03 46 01 48 01 4B 01 2E 04 2A 04 28 04 00 00,20,0x07
old/hci_snoop_2025_11_21_07_45_17.cfa,1060,2025-11-21T07:46:07.526Z,recv,f4:db:00:00:00:d9,0x13,Write-Rsp,,,0,
old/hci_snoop_2025_11_21_07_45_17.cfa,1061,2025-11-21T07:46:07.549Z,sent,f4:db:00:00:00:d9,0x12,Write-Req,0x0021,07 D4 01 00 00 03,6,0x07
old/hci_snoop_2025_11_21_07_45_17.cfa,1063,2025-11-21T07:46:07.706Z,recv,f4:db:00:00:00:d9,0x1B,Notify,0x0024,07 D4 01 00 00 03 4D 01 4F 01 50 01 26 04 24 04 23 04 00 00,20,0x07
old/hci_snoop_2025_11_21_07_45_17.cfa,1064,2025-11-21T07:46:07.795Z,recv,f4:db:00:00:00:d9,0x13,Write-Rsp,,,0,
old/hci_snoop_2025_11_21_07_45_17.cfa,1065,2025-11-21T07:46:07.834Z,sent,f4:db:00:00:00:d9,0x12,Write-Req,0x0021,07 D7 01 00 00 03,6,0x07
old/hci_snoop_2025_11_21_07_45_17.cfa,1067,2025-11-21T07:46:07.975Z,recv,f4:db:00:00:00:d9,0x1B,Notify,0x0024,07 D7 01 00 00 03 51 01 52 01 51 01 25 04 23 04 1D 04 00 00,20,0x07
old/hci_snoop_2025_11_21_07_45_17.cfa,1068,2025-11-21T07:46:08.067Z,recv,f4:db:00:00:00:d9,0x13,Write-Rsp,,,0,
old/hci_snoop_2025_11_21_07_45_17.cfa,1069,2025-11-21T07:46:08.103Z,sent,f4:db:00:00:00:d9,0x12,Write-Req,0x0021,07 DA 01 00 00 03,6,0x07
old/hci_snoop_2025_11_21_07_45_17.cfa,1071,2025-11-21T07:46:08.245Z,recv,f4:db:00:00:00:d9,0x1B,Notify,0x0024,07 DA 01 00 00 03 4E 01 4D 01 4B 01 23 04 25 04 27 04 00 00,20,0x07
old/hci_snoop_2025_11_21_07_45_17.cfa,1072,2025-11-21T07:46:08.335Z,recv,f4:db:00:00:00:d9,0x13,Write-Rsp,,,0,
old/hci_snoop_2025_11_21_07_45_17.cfa,1073,2025-11-21T07:46:08.366Z,sent,f4:db:00:00:00:d9,0x12,Write-Req,0x0021,07 DD 01 00 00 03,6,0x07
old/hci_snoop_2025_11_21_07_45_17.cfa,1075,2025-11-21T07:46:08.515Z,recv,f4:db:00:00:00:d9,0x1B,Notify,0x0024,07 DD 01 00 00 03 4B 01 4A 01 49 01 29 04 2A 04 2C 04 00 00,20,0x07
old/hci_snoop_2025_11_21_07_45_17.cfa,1076,2025-11-21T07:46:08.605Z,recv,f4:db:00:00:00:d9,0x13,Write-Rsp,,,0,
old/hci_snoop_2025_11_21_07_45_17.cfa,1077,2025-11-21T07:46:08.632Z,sent,f4:db:00:00:00:d9,0x12,Write-Req,0x0021,07 E0 01 00 00 03,6,0x07
old/hci_snoop_2025_11_21_07_45_17.cfa,1079,2025-11-21T07:46:08.785Z,recv,f4:db:00:00:00:d9,0x1B,Notify,0x0024,07 E0 01 00 00 03 49 01 49 01 49 01 2D 04 2E 04 30 04 00 00,20,0x07
old/hci_snoop_2025_11_21_07_45_17.cfa,1080,2025-11-21T07:46:08.875Z,recv,f4:db:00:00:00:d9,0x13,Write-Rsp,,,0,
old/hci_snoop_2025_11_21_07_45_17.cfa,1081,2025-11-21T07:46:08.900Z,sent,f4:db:00:00:00:d9,0x12,Write-Req,0x0021,07 E3 01 00 00 03,6,0x07
old/hci_snoop_2025_11_21_07_45_17.cfa,1083,2025-11-21T07:46:09.056Z,recv,f4:db:00:00:00:d9,0x1B,Notify,0x0024,07 E3 01 00 00 03 49 01 49 01 49 01 31 04 32 04 32 04 00 00,20,0x07
old/hci_snoop_2025_11_21_07_45_17.cfa,1084,2025-11-21T07:46:09.145Z,recv,f4:db:00:00:00:d9,0x13,Write-Rsp,,,0,
old/hci_snoop_2025_11_21_07_45_17.cfa,1085,2025-11-21T07:46:09.168Z,sent,f4:db:00:00:00:d9,0x12,Write-Req,0x0021,07 E6 01 00 00 03,6,0x07
old/hci_snoop_2025_11_21_07_45_17.cfa,1087,2025-11-21T07:46:09.325Z,recv,f4:db:00:00:00:d9,0x1B,Notify,0x0024,07 E6 01 00 00 03 4A 01 4A 01 4A 01 33 04 33 04 33 04 00 00,20,0x07
old/hci_snoop_2025_11_21_07_45_17.cfa,1088,2025-11-21T07:46:09.416Z,recv,f4:db:00:00:00:d9,0x13,Write-Rsp,,,0,
old/hci_snoop_2025_11_21_07_45_17.cfa,1089,2025-11-21T07:46:09.449Z,sent,f4:db:00:00:00:d9,0x12,Write-Req,0x0021,07 E9 01 00 00 03,6,0x07
old/hci_snoop_2025_11_21_07_45_17.cfa,1091,2025-11-21T07:46:09.596Z,recv,f4:db:00:00:00:d9,0x1B,Notify,0x0024,07 E9 01 00 00 03 4B 01 4B 01 4B 01 33 04 33 04 33 04 00 00,20,0x07
old/hci_snoop_2025_11_21_07_45_17.cfa,1092,2025-11-21T07:46:09.689Z,recv,f4:db:00:00:00:d9,0x13,Write-Rsp,,,0,
old/hci_snoop_2025_11_21_07_45_17.cfa,1093,2025-11-21T07:46:09.716Z,sent,f4:db:00:00:00:d9,0x12,Write-Req,0x0021,07 EC 01 00 00 03,6,0x07
old/hci_snoop_2025_11_21_07_45_17.cfa,1095,2025-11-21T07:46:09.865Z,recv,f4:db:00:00:00:d9,0x1B,Notify,0x0024,07 EC 01 00 00 03 4B 01 4C 01 4C 01 32 04 32 04 32 04 00 00,20,0x07
old/hci_snoop_2025_11_21_07_45_17.cfa,1096,2025-11-21T07:46:09.955Z,recv,f4:db:00:00:00:d9,0x13,Write-Rsp,,,0,
old/hci_snoop_2025_11_21_07_45_17.cfa,1097,2025-11-21T07:46:09.985Z,sent,f4:db:00:00:00:d9,0x12,Write-Req,0x0021,07 EF 01 00 00 03,6,0x07
old/hci_snoop_2025_11_21_07_45_17.cfa,1099,2025-11-21T07:46:10.135Z,recv,f4:db:00:00:00:d9,0x1B,Notify,0x0024,07 EF 01 00 00 03 4C 01 4D 01 4D 01 31 04 31 04 31 04 00 00,20,0x07
old/hci_snoop_2025_11_21_07_45_17.cfa,1100,2025-11-21T07:46:10.225Z,recv,f4:db:00:00:00:d9,0x13,Write-Rsp,,,0,
old/hci_snoop_2025_11_21_07_45_17.cfa,1101,2025-11-21T07:46:10.253Z,sent,f4:db:00:00:00:d9,0x12,Write-Req,0x0021,07 F2 01 00 00 03,6,0x07
old/hci_snoop_2025_11_21_07_45_17.cfa,1103,2025-11-21T07:46:10.405Z,recv,f4:db:00:00:00:d9,0x1B,Notify,0x0024,07 F2 01 00 00 03 4E 01 4E 01 4E 01 30 04 2F 04 2F 04 00 00,20,0x07
old/hci_snoop_2025_11_21_07_45_17.cfa,1104,2025-11-21T07:46:10.495Z,recv,f4:db:00:00:00:d9,0x13,Write-Rsp,,,0,
old/hci_snoop_2025_11_21_07_45_17.cfa,1105,2025-11-21T07:46:10.515Z,sent,f4:db:00:00:00:d9,0x12,Write-Req,0x0021,07 F5 01 00 00 03,6,0x07
old/hci_snoop_2025_11_21_07_45_17.cfa,1107,2025-11-21T07:46:10.675Z,recv,f4:db:00:00:00:d9,0x1B,Notify,0x0024,07 F5 01 00 00 03 4E 01 4E 01 4E 01 2F 04 2E 04 2E 04 00 00,20,0x07
old/hci_snoop_2025_11_21_07_45_17.cfa,1108,2025-11-21T07:46:10.765Z,recv,f4:db:00:00:00:d9,0x13,Write-Rsp,,,0,
old/hci_snoop_2025_11_21_07_45_17.cfa,1109,2025-11-21T07:46:10.806Z,sent,f4:db:00:00:00:d9,0x12,Write-Req,0x0021,07 F8 01 00 00 03,6,0x07
old/hci_snoop_2025_11_21_07_45_17.cfa,1111,2025-11-21T07:46:10.946Z,recv,f4:db:00:00:00:d9,0x1B,Notify,0x0024,07 F8 01 00 00 03 4E 01 4E 01 4E 01 2E 04 2F 04 2F 04 00 00,20,0x07
old/hci_snoop_2025_11_21_07_45_17.cfa,1112,2025-11-21T07:46:11.035Z,recv,f4:db:00:00:00:d9,0x13,Write-Rsp,,,0,
old/hci_snoop_2025_11_21_07_45_17.cfa,1113,2025-11-21T07:46:11.068Z,sent,f4:db:00:00:00:d9,0x12,Write-Req,0x0021,07 FB 01 00 00 03,6,0x07
old/hci_snoop_2025_11_21_07_45_17.cfa,1115,2025-11-21T07:46:11.218Z,recv,f4:db:00:00:00:d9,0x1B,Notify,0x0024,07 FB 01 00 00 03 4E 01 4E 01 4D 01 2F 04 2F 04 2F 04 00 00,20,0x07
old/hci_snoop_2025_11_21_07_45_17.cfa,1116,2025-11-21T07:46:11.305Z,recv,f4:db:00:00:00:d9,0x13,Write-Rsp,,,0,
old/hci_snoop_2025_11_21_07_45_17.cfa,1117,2025-11-21T07:46:11.333Z,sent,f4:db:00:00:00:d9,0x12,Write-Req,0x0021,07 FE 01 00 00 03,6,0x07
old/hci_snoop_2025_11_21_07_45_17.cfa,1119,2025-11-21T07:46:11.486Z,recv,f4:db:00:00:00:d9,0x1B,Notify,0x0024,07 FE 01 00 00 03 4D 01 4D 01 4C 01 2F 04 2F 04 2F 04 00 00,20,0x07
old/hci_snoop_2025_11_21_07_45_17.cfa,1120,2025-11-21T07:46:11.575Z,recv,f4:db:00:00:00:d9,0x13,Write-Rsp,,,0,
old/hci_snoop_2025_11_21_07_45_17.cfa,1121,2025-11-21T07:46:11.601Z,sent,f4:db:00:00:00:d9,0x12,Write-Req,0x0021,07 01 02 00 00 03,6,0x07
old/hci_snoop_2025_11_21_07_45_17.cfa,1123,2025-11-21T07:46:11.755Z,recv,f4:db:00:00:00:d9,0x1B,Notify,0x0024,07 01 02 00 00 03 4C 01 4C 01 4C 01 30 04 30 04 30 04 00 00,20,0x07
old/hci_snoop_2025_11_21_07_45_17.cfa,1124,2025-11-21T07:46:11.845Z,recv,f4:db:00:00:00:d9,0x13,Write-Rsp,,,0,
old/hci_snoop_2025_11_21_07_45_17.cfa,1125,2025-11-21T07:46:11.868Z,sent,f4:db:00:00:00:d9,0x12,Write-Req,0x0021,07 04 02 00 00 03,6,0x07
old/hci_snoop_2025_11_21_07_45_17.cfa,1127,2025-11-21T07:46:12.025Z,recv,f4:db:00:00:00:d9,0x1B,Notify,0x0024,07 04 02 00 00 03 4C 01 4C 01 4C 01 30 04 30 04 30 04 00 00,20,0x07
old/hci_snoop_2025_11_21_07_45_17.cfa,1128,2025-11-21T07:46:12.116Z,recv,f4:db:00:00:00:d9,0x13,Write-Rsp,,,0,
old/hci_snoop_2025_11_21_07_45_17.cfa,1129,2025-11-21T07:46:12.151Z,sent,f4:db:00:00:00:d9,0x12,Write-Req,0x0021,07 07 02 00 00 03,6,0x07
old/hci_snoop_2025_11_21_07_45_17.cfa,1131,2025-11-21T07:46:12.297Z,recv,f4:db:00:00:00:d9,0x1B,Notify,0x0024,07 07 02 00 00 03 4C 01 4C 01 4C 01 30 04 30 04 30 04 00 00,20,0x07
old/hci_snoop_2025_11_21_07_45_17.cfa,1133,2025-11-21T07:46:12.386Z,recv,f4:db:00:00:00:d9,0x13,Write-Rsp,,,0,
old/hci_snoop_2025_11_21_07_45_17.cfa,1134,2025-11-21T07:46:12.418Z,sent,f4:db:00:00:00:d9,0x12,Write-Req,0x0021,07 0A 02 00 00 03,6,0x07
old/hci_snoop_2025_11_21_07_45_17.cfa,1136,2025-11-21T07:46:12.566Z,recv,f4:db:00:00:00:d9,0x1B,Notify,0x0024,07 0A 02 00 00 03 4B 01 4C 01 4B 01 30 04 31 04 31 04 00 00,20,0x07
old/hci_snoop_2025_11_21_07_45_17.cfa,1137,2025-11-21T07:46:12.656Z,recv,f4:db:00:00:00:d9,0x13,Write-Rsp,,,0,
old/hci_snoop_2025_11_21_07_45_17.cfa,1138,2025-11-21T07:46:12.685Z,sent,f4:db:00:00:00:d9,0x12,Write-Req,0x0021,07 0D 02 00 00 03,6,0x07
old/hci_snoop_2025_11_21_07_45_17.cfa,1140,2025-11-21T07:46:12.835Z,recv,f4:db:00:00:00:d9,0x1B,Notify,0x0024,07 0D 02 00 00 03 4C 01 4C 01 4C 01 31 04 31 04 31 04 00 00,20,0x07
old/hci_snoop_2025_11_21_07_45_17.cfa,1141,2025-11-21T07:46:12.925Z,recv,f4:db:00:00:00:d9,0x13,Write-Rsp,,,0,
old/hci_snoop_2025_11_21_07_45_17.cfa,1142,2025-11-21T07:46:12.951Z,sent,f4:db:00:00:00:d9,0x12,Write-Req,0x0021,07 10 02 00 00 03,6,0x07
old/hci_snoop_2025_11_21_07_45_17.cfa,1144,2025-11-21T07:46:13.105Z,recv,f4:db:00:00:00:d9,0x1B,Notify,0x0024,07 10 02 00 00 03 4C 01 4C 01 4C 01 31 04 30 04 2F 04 00 00,20,0x07
old/hci_snoop_2025_11_21_07_45_17.cfa,1145,2025-11-21T07:46:13.285Z,recv,f4:db:00:00:00:d9,0x13,Write-Rsp,,,0,
old/hci_snoop_2025_11_21_07_45_17.cfa,1146,2025-11-21T07:46:13.320Z,sent,f4:db:00:00:00:d9,0x12,Write-Req,0x0021,07 13 02 00 00 03,6,0x07
old/hci_snoop_2025_11_21_07_45_17.cfa,1148,2025-11-21T07:46:13.465Z,recv,f4:db:00:00:00:d9,0x1B,Notify,0x0024,07 13 02 00 00 03 4C 01 4D 01 4F 01 2F 04 31 04 2A 04 00 00,20,0x07
old/hci_snoop_2025_11_21_07_45_17.cfa,1149,2025-11-21T07:46:13.555Z,recv,f4:db:00:00:00:d9,0x13,Write-Rsp,,,0,
old/hci_snoop_2025_11_21_07_45_17.cfa,1150,2025-11-21T07:46:13.584Z,sent,f4:db:00:00:00:d9,0x12,Write-Req,0x0021,07 16 02 00 00 03,6,0x07
old/hci_snoop_2025_11_21_07_45_17.cfa,1152,2025-11-21T07:46:13.735Z,recv,f4:db:00:00:00:d9,0x1B,Notify,0x0024,07 16 02 00 00 03 3A 01 42 01 46 01 5A 03 85 03 A0 03 00 00,20,0x07
old/hci_snoop_2025_11_21_07_45_17.cfa,1153,2025-11-21T07:46:13.825Z,recv,f4:db:00:00:00:d9,0x13,Write-Rsp,,,0,
old/hci_snoop_2025_11_21_07_45_17.cfa,1154,2025-11-21T07:46:13.852Z,sent,f4:db:00:00:00:d9,0x12,Write-Req,0x0021,07 19 02 00 00 03,6,0x07
old/hci_snoop_2025_11_21_07_45_17.cfa,1156,2025-11-21T07:46:14.006Z,recv,f4:db:00:00:00:d9,0x1B,Notify,0x0024,07 19 02 00 00 03 4A 01 4C 01 4D 01 AE 03 B7 03 BD 03 00 00,20,0x07
old/hci_snoop_2025_11_21_07_45_17.cfa,1157,2025-11-21T07:46:14.095Z,recv,f4:db:00:00:00:d9,0x13,Write-Rsp,,,0,
old/hci_snoop_2025_11_21_07_45_17.cfa,1158,2025-11-21T07:46:14.119Z,sent,f4:db:00:00:00:d9,0x12,Write-Req,0x0021,07 1C 02 00 00 03,6,0x07
old/hci_snoop_2025_11_21_07_45_17.cfa,1160,2025-11-21T07:46:14.275Z,recv,f4:db:00:00:00:d9,0x1B,Notify,0x0024,07 1C 02 00 00 03 4E 01 50 01 54 01 C2 03 C5 03 C9 03 00 00,20,0x07
old/hci_snoop_2025_11_21_07_45_17.cfa,1161,2025-11-21T07:46:14.365Z,recv,f4:db:00:00:00:d9,0x13,Write-Rsp,,,0,
old/hci_snoop_2025_11_21_07_45_17.cfa,1162,2025-11-21T07:46:14.404Z,sent,f4:db:00:00:00:d9,0x12,Write-Req,0x0021,07 1F 02 00 00 03,6,0x07
old/hci_snoop_2025_11_21_07_45_17.cfa,1164,2025-11-21T07:46:14.545Z,recv,f4:db:00:00:00:d9,0x1B,Notify,0x0024,07 1F 02 00 00 03 58 01 5A 01 5D 01 CF 03 D1 03 D2 03 00 00,20,0x07
old/hci_snoop_2025_11_21_07_45_17.cfa,1165,2025-11-21T07:46:14.636Z,recv,f4:db:00:00:00:d9,0x13,Write-Rsp,,,0,
old/hci_snoop_2025_11_21_07_45_17.cfa,1166,2025-11-21T07:46:14.669Z,sent,f4:db:00:00:00:d9,0x12,Write-Req,0x0021,07 22 02 00 00 03,6,0x07
old/hci_snoop_2025_11_21_07_45_17.cfa,1168,2025-11-21T07:46:14.816Z,recv,f4:db:00:00:00:d9,0x1B,Notify,0x0024,07 22 02 00 00 03 5C 01 5C 01 5D 01 C6 03 C6 03 C9 03 00 00,20,0x07
old/hci_snoop_2025_11_21_07_45_17.cfa,1169,2025-11-21T07:46:14.905Z,recv,f4:db:00:00:00:d9,0x13,Write-Rsp,,,0,
old/hci_snoop_2025_11_21_07_45_17.cfa,1170,2025-11-21T07:46:14.937Z,sent,f4:db:00:00:00:d9,0x12,Write-Req,0x0021,07 25 02 00 00 03,6,0x07
old/hci_snoop_2025_11_21_07_45_17.cfa,1172,2025-11-21T07:46:15.085Z,recv,f4:db:00:00:00:d9,0x1B,Notify,0x0024,07 25 02 00 00 03 5C 01 5E 01 5E 01 CB 03 D3 03 D5 03 00 00,20,0x07
old/hci_snoop_2025_11_21_07_45_17.cfa,1173,2025-11-21T07:46:15.175Z,recv,f4:db:00:00:00:d9,0x13,Write-Rsp,,,0,
old/hci_snoop_2025_11_21_07_45_17.cfa,1174,2025-11-21T07:46:15.202Z,sent,f4:db:00:00:00:d9,0x12,Write-Req,0x0021,07 28 02 00 00 03,6,0x07
old/hci_snoop_2025_11_21_07_45_17.cfa,1176,2025-11-21T07:46:15.356Z,recv,f4:db:00:00:00:d9,0x1B,Notify,0x0024,07 28 02 00 00 03 62 01 65 01 67 01 D7 03 CF 03 CD 03 00 00,20,0x07
old/hci_snoop_2025_11_21_07_45_17.cfa,1177,2025-11-21T07:46:15.445Z,recv,f4:db:00:00:00:d9,0x13,Write-Rsp,,,0,
old/hci_snoop_2025_11_21_07_45_17.cfa,1178,2025-11-21T07:46:15.470Z,sent,f4:db:00:00:00:d9,0x12,Write-Req,0x0021,07 2B 02 00 00 03,6,0x07
old/hci_snoop_2025_11_21_07_45_17.cfa,1180,2025-11-21T07:46:15.629Z,recv,f4:db:00:00:00:d9,0x1B,Notify,0x0024,07 2B 02 00 00 03 66 01 67 01 67 01 D1 03 D0 03 D2 03 00 00,20,0x07
old/hci_snoop_2025_11_21_07_45_17.cfa,1181,2025-11-21T07:46:15.715Z,recv,f4:db:00:00:00:d9,0x13,Write-Rsp,,,0,
old/hci_snoop_2025_11_21_07_45_17.cfa,1182,2025-11-21T07:46:15.752Z,sent,f4:db:00:00:00:d9,0x12,Write-Req,0x0021,07 2E 02 00 00 03,6,0x07
old/hci_snoop_2025_11_21_07_45_17.cfa,1184,2025-11-21T07:46:15.896Z,recv,f4:db:00:00:00:d9,0x1B,Notify,0x0024,07 2E 02 00 00 03 63 01 60 01 5E 01 DA 03 E3 03 EB 03 00 00,20,0x07
old/hci_snoop_2025_11_21_07_45_17.cfa,1185,2025-11-21T07:46:15.986Z,recv,f4:db:00:00:00:d9,0x13,Write-Rsp,,,0,
old/hci_snoop_2025_11_21_07_45_17.cfa,1186,2025-11-21T07:46:16.017Z,sent,f4:db:00:00:00:d9,0x12,Write-Req,0x0021,07 31 02 00 00 03,6,0x07
old/hci_snoop_2025_11_21_07_45_17.cfa,1188,2025-11-21T07:46:16.165Z,recv,f4:db:00:00:00:d9,0x1B,Notify,0x0024,07 31 02 00 00 03 5D 01 5D 01 5E 01 F1 03 F5 03 FA 03 00 00,20,0x07
old/hci_snoop_2025_11_21_07_45_17.cfa,1189,2025-11-21T07:46:16.255Z,recv,f4:db:00:00:00:d9,0x13,Write-Rsp,,,0,
old/hci_snoop_2025_11_21_07_45_17.cfa,1190,2025-11-21T07:46:16.286Z,sent,f4:db:00:00:00:d9,0x12,Write-Req,0x0021,07 34 02 00 00 03,6,0x07
old/hci_snoop_2025_11_21_07_45_17.cfa,1192,2025-11-21T07:46:16.435Z,recv,f4:db:00:00:00:d9,0x1B,Notify,0x0024,07 34 02 00 00 03 5D 01 5B 01 5C 01 F9 03 5B 03 90 03 00 00,20,0x07
old/hci_snoop_2025_11_21_07_45_17.cfa,1193,2025-11-21T07:46:16.525Z,recv,f4:db:00:00:00:d9,0x13,Write-Rsp,,,0,
old/hci_snoop_2025_11_21_07_45_17.cfa,1194,2025-11-21T07:46:16.553Z,sent,f4:db:00:00:00:d9,0x12,Write-Req,0x0021,07 37 02 00 00 03,6,0x07
old/hci_snoop_2025_11_21_07_45_17.cfa,1196,2025-11-21T07:46:16.706Z,recv,f4:db:00:00:00:d9,0x1B,Notify,0x0024,07 37 02 00 00 03 5E 01 5F 01 5F 01 A6 03 AD 03 BA 03 00 00,20,0x07
old/hci_snoop_2025_11_21_07_45_17.cfa,1197,2025-11-21T07:46:16.795Z,recv,f4:db:00:00:00:d9,0x13,Write-Rsp,,,0,
old/hci_snoop_2025_11_21_07_45_17.cfa,1198,2025-11-21T07:46:16.820Z,sent,f4:db:00:00:00:d9,0x12,Write-Req,0x0021,07 3A 02 00 00 03,6,0x07
old/hci_snoop_2025_11_21_07_45_17.cfa,1201,2025-11-21T07:46:16.975Z,recv,f4:db:00:00:00:d9,0x1B,Notify,0x0024,07 3A 02 00 00 03 61 01 63 01 64 01 BC 03 BE 03 C1 03 00 00,20,0x07
old/hci_snoop_2025_11_21_07_45_17.cfa,1202,2025-11-21T07:46:17.065Z,recv,f4:db:00:00:00:d9,0x13,Write-Rsp,,,0,
old/hci_snoop_2025_11_21_07_45_17.cfa,1203,2025-11-21T07:46:17.088Z,sent,f4:db:00:00:00:d9,0x12,Write-Req,0x0021,07 3D 02 00 00 03,6,0x07
old/hci_snoop_2025_11_21_07_45_17.cfa,1205,2025-11-21T07:46:17.245Z,recv,f4:db:00:00:00:d9,0x1B,Notify,0x0024,07 3D 02 00 00 03 66 01 68 01 68 01 C1 03 C2 03 C3 03 00 00,20,0x07
old/hci_snoop_2025_11_21_07_45_17.cfa,1206,2025-11-21T07:46:17.336Z,recv,f4:db:00:00:00:d9,0x13,Write-Rsp,,,0,
old/hci_snoop_2025_11_21_07_45_17.cfa,1207,2025-11-21T07:46:17.371Z,sent,f4:db:00:00:00:d9,0x12,Write-Req,0x0021,07 40 02 00 00 03,6,0x07
old/hci_snoop_2025_11_21_07_45_17.cfa,1209,2025-11-21T07:46:17.516Z,recv,f4:db:00:00:00:d9,0x1B,Notify,0x0024,07 40 02 00 00 03 69 01 69 01 68 01 C6 03 C7 03 C6 03 00 00,20,0x07
old/hci_snoop_2025_11_21_07_45_17.cfa,1210,2025-11-21T07:46:17.605Z,recv,f4:db:00:00:00:d9,0x13,Write-Rsp,,,0,
old/hci_snoop_2025_11_21_07_45_17.cfa,1211,2025-11-21T07:46:17.636Z,sent,f4:db:00:00:00:d9,0x12,Write-Req,0x0021,07 43 02 00 00 03,6,0x07
old/hci_snoop_2025_11_21_07_45_17.cfa,1213,2025-11-21T07:46:17.786Z,recv,f4:db:00:00:00:d9,0x1B,Notify,0x0024,07 43 02 00 00 03 65 01 65 01 65 01 9D 03 B2 03 BC 03 00 00,20,0x07
old/hci_snoop_2025_11_21_07_45_17.cfa,1214,2025-11-21T07:46:17.875Z,recv,f4:db:00:00:00:d9,0x13,Write-Rsp,,,0,
old/hci_snoop_2025_11_21_07_45_17.cfa,1215,2025-11-21T07:46:17.902Z,sent,f4:db:00:00:00:d9,0x12,Write-Req,0x0021,07 46 02 00 00 03,6,0x07
old/hci_snoop_2025_11_21_07_45_17.cfa,1217,2025-11-21T07:46:18.056Z,recv,f4:db:00:00:00:d9,0x1B,Notify,0x0024,07 46 02 00 00 03 65 01 63 01 60 01 C1 03 C7 03 CF 03 00 00,20,0x07
old/hci_snoop_2025_11_21_07_45_17.cfa,1218,2025-11-21T07:46:18.145Z,recv,f4:db:00:00:00:d9,0x13,Write-Rsp,,,0,
old/hci_snoop_2025_11_21_07_45_17.cfa,1219,2025-11-21T07:46:18.169Z,sent,f4:db:00:00:00:d9,0x12,Write-Req,0x0021,07 49 02 00 00 03,6,0x07
old/hci_snoop_2025_11_21_07_45_17.cfa,1221,2025-11-21T07:46:18.326Z,recv,f4:db:00:00:00:d9,0x1B,Notify,0x0024,07 49 02 00 00 03 5E 01 5A 01 59 01 D7 03 D3 03 D7 03 00 00,20,0x07
old/hci_snoop_2025_11_21_07_45_17.cfa,1222,2025-11-21T07:46:18.415Z,recv,f4:db:00:00:00:d9,0x13,Write-Rsp,,,0,
old/hci_snoop_2025_11_21_07_45_17.cfa,1223,2025-11-21T07:46:18.451Z,sent,f4:db:00:00:00:d9,0x12,Write-Req,0x0021,07 4C 02 00 00 03,6,0x07
old/hci_snoop_2025_11_21_07_45_17.cfa,1225,2025-11-21T07:46:18.596Z,recv,f4:db:00:00:00:d9,0x1B,Notify,0x0024,07 4C 02 00 00 03 57 01 55 01 54 01 DD 03 E3 03 E9 03 00 00,20,0x07
old/hci_snoop_2025_11_21_07_45_17.cfa,1227,2025-11-21T07:46:18.685Z,recv,f4:db:00:00:00:d9,0x13,Write-Rsp,,,0,
old/hci_snoop_2025_11_21_07_45_17.cfa,1228,2025-11-21T07:46:18.720Z,sent,f4:db:00:00:00:d9,0x12,Write-Req,0x0021,07 4F 02 00 00 03,6,0x07
old/hci_snoop_2025_11_21_07_45_17.cfa,1230,2025-11-21T07:46:18.865Z,recv,f4:db:00:00:00:d9,0x1B,Notify,0x0024,07 4F 02 00 00 03 52 01 51 01 50 01 EF 03 F4 03 F8 03 00 00,20,0x07
old/hci_snoop_2025_11_21_07_45_17.cfa,1231,2025-11-21T07:46:18.962Z,recv,f4:db:00:00:00:d9,0x13,Write-Rsp,,,0,
old/hci_snoop_2025_11_21_07_45_17.cfa,1233,2025-11-21T07:46:18.987Z,sent,f4:db:00:00:00:d9,0x12,Write-Req,0x0021,07 52 02 00 00 03,6,0x07
old/hci_snoop_2025_11_21_07_45_17.cfa,1235,2025-11-21T07:46:19.137Z,recv,f4:db:00:00:00:d9,0x1B,Notify,0x0024,07 52 02 00 00 03 4F 01 4F 01 4E 01 FD 03 01 04 04 04 00 00,20,0x07
old/hci_snoop_2025_11_21_07_45_17.cfa,1236,2025-11-21T07:46:19.225Z,recv,f4:db:00:00:00:d9,0x13,Write-Rsp,,,0,
old/hci_snoop_2025_11_21_07_45_17.cfa,1237,2025-11-21T07:46:19.253Z,sent,f4:db:00:00:00:d9,0x12,Write-Req,0x0021,07 55 02 00 00 03,6,0x07
old/hci_snoop_2025_11_21_07_45_17.cfa,1239,2025-11-21T07:46:19.409Z,recv,f4:db:00:00:00:d9,0x1B,Notify,0x0024,07 55 02 00 00 03 4E 01 4D 01 4D 01 07 04 0B 04 0E 04 00 00,20,0x07
old/hci_snoop_2025_11_21_07_45_17.cfa,1240,2025-11-21T07:46:19.495Z,recv,f4:db:00:00:00:d9,0x13,Write-Rsp,,,0,
old/hci_snoop_2025_11_21_07_45_17.cfa,1241,2025-11-21T07:46:19.520Z,sent,f4:db:00:00:00:d9,0x12,Write-Req,0x0021,07 58 02 00 00 03,6,0x07
old/hci_snoop_2025_11_21_07_45_17.cfa,1243,2025-11-21T07:46:19.675Z,recv,f4:db:00:00:00:d9,0x1B,Notify,0x0024,07 58 02 00 00 03 4C 01 4C 01 4C 01 11 04 15 04 18 04 00 00,20,0x07
old/hci_snoop_2025_11_21_07_45_17.cfa,1244,2025-11-21T07:46:19.767Z,recv,f4:db:00:00:00:d9,0x13,Write-Rsp,,,0,
old/hci_snoop_2025_11_21_07_45_17.cfa,1245,2025-11-21T07:46:19.803Z,sent,f4:db:00:00:00:d9,0x12,Write-Req,0x0021,07 5B 02 00 00 03,6,0x07
old/hci_snoop_2025_11_21_07_45_17.cfa,1247,2025-11-21T07:46:19.946Z,recv,f4:db:00:00:00:d9,0x1B,Notify,0x0024,07 5B 02 00 00 03 4C 01 4C 01 4D 01 1B 04 1E 04 23 04 00 00,20,0x07
old/hci_snoop_2025_11_21_07_45_17.cfa,1248,2025-11-21T07:46:20.036Z,recv,f4:db:00:00:00:d9,0x13,Write-Rsp,,,0,
old/hci_snoop_2025_11_21_07_45_17.cfa,1249,2025-11-21T07:46:20.068Z,sent,f4:db:00:00:00:d9,0x12,Write-Req,0x0021,07 5E 02 00 00 03,6,0x07
old/hci_snoop_2025_11_21_07_45_17.cfa,1251,2025-11-21T07:46:20.215Z,recv,f4:db:00:00:00:d9,0x1B,Notify,0x0024,07 5E 02 00 00 03 50 01 54 01 58 01 23 04 1D 04 1A 04 00 00,20,0x07
old/hci_snoop_2025_11_21_07_45_17.cfa,1252,2025-11-21T07:46:20.305Z,recv,f4:db:00:00:00:d9,0x13,Write-Rsp,,,0,
old/hci_snoop_2025_11_21_07_45_17.cfa,1253,2025-11-21T07:46:20.336Z,sent,f4:db:00:00:00:d9,0x12,Write-Req,0x0021,07 61 02 00 00 03,6,0x07
old/hci_snoop_2025_11_21_07_45_17.cfa,1255,2025-11-21T07:46:20.486Z,recv,f4:db:00:00:00:d9,0x1B,Notify,0x0024,07 61 02 00 00 03 5D 01 61 01 67 01 13 04 0B 04 0B 04 00 00,20,0x07
old/hci_snoop_2025_11_21_07_45_17.cfa,1256,2025-11-21T07:46:20.575Z,recv,f4:db:00:00:00:d9,0x13,Write-Rsp,,,0,
old/hci_snoop_2025_11_21_07_45_17.cfa,1257,2025-11-21T07:46:20.603Z,sent,f4:db:00:00:00:d9,0x12,Write-Req,0x0021,07 64 02 00 00 03,6,0x07
old/hci_snoop_2025_11_21_07_45_17.cfa,1259,2025-11-21T07:46:20.757Z,recv,f4:db:00:00:00:d9,0x1B,Notify,0x0024,07 64 02 00 00 03 6B 01 6D 01 6F 01 FD 03 F6 03 F2 03 00 00,20,0x07
old/hci_snoop_2025_11_21_07_45_17.cfa,1260,2025-11-21T07:46:20.845Z,recv,f4:db:00:00:00:d9,0x13,Write-Rsp,,,0,
old/hci_snoop_2025_11_21_07_45_17.cfa,1261,2025-11-21T07:46:20.870Z,sent,f4:db:00:00:00:d9,0x12,Write-Req,0x0021,07 67 02 00 00 03,6,0x07
old/hci_snoop_2025_11_21_07_45_17.cfa,1263,2025-11-21T07:46:21.026Z,recv,f4:db:00:00:00:d9,0x1B,Notify,0x0024,07 67 02 00 00 03 72 01 73 01 73 01 F3 03 ED 03 ED 03 00 00,20,0x07
old/hci_snoop_2025_11_21_07_45_17.cfa,1264,2025-11-21T07:46:21.116Z,recv,f4:db:00:00:00:d9,0x13,Write-Rsp,,,0,
old/hci_snoop_2025_11_21_07_45_17.cfa,1265,2025-11-21T07:46:21.154Z,sent,f4:db:00:00:00:d9,0x12,Write-Req,0x0021,07 6A 02 00 00 03,6,0x07
old/hci_snoop_2025_11_21_07_45_17.cfa,1267,2025-11-21T07:46:21.476Z,recv,f4:db:00:00:00:d9,0x1B,Notify,0x0024,07 6A 02 00 00 03 71 01 6D 01 69 01 EE 03 F0 03 F5 03 00 00,20,0x07
old/hci_snoop_2025_11_21_07_45_17.cfa,1268,2025-11-21T07:46:21.482Z,recv,f4:db:00:00:00:d9,0x13,Write-Rsp,,,0,
old/hci_snoop_2025_11_21_07_45_17.cfa,1269,2025-11-21T07:46:21.520Z,sent,f4:db:00:00:00:d9,0x12,Write-Req,0x0021,07 6D 02 00 00 03,6,0x07
old/hci_snoop_2025_11_21_07_45_17.cfa,1271,2025-11-21T07:46:21.655Z,recv,f4:db:00:00:00:d9,0x1B,Notify,0x0024,07 6D 02 00 00 03 67 01 64 01 62 01 FA 03 FF 03 04 04 00 00,20,0x07
old/hci_snoop_2025_11_21_07_45_17.cfa,1272,2025-11-21T07:46:21.745Z,recv,f4:db:00:00:00:d9,0x13,Write-Rsp,,,0,
old/hci_snoop_2025_11_21_07_45_17.cfa,1273,2025-11-21T07:46:21.771Z,sent,f4:db:00:00:00:d9,0x12,Write-Req,0x0021,07 70 02 00 00 03,6,0x07
old/hci_snoop_2025_11_21_07_45_17.cfa,1275,2025-11-21T07:46:21.925Z,recv,f4:db:00:00:00:d9,0x1B,Notify,0x0024,07 70 02 00 00 03 60 01 5E 01 5D 01 08 04 0C 04 10 04 00 00,20,0x07
old/hci_snoop_2025_11_21_07_45_17.cfa,1276,2025-11-21T07:46:22.016Z,recv,f4:db:00:00:00:d9,0x13,Write-Rsp,,,0,
old/hci_snoop_2025_11_21_07_45_17.cfa,1277,2025-11-21T07:46:22.040Z,sent,f4:db:00:00:00:d9,0x12,Write-Req,0x0021,07 73 02 00 00 03,6,0x07
old/hci_snoop_2025_11_21_07_45_17.cfa,1279,2025-11-21T07:46:22.196Z,recv,f4:db:00:00:00:d9,0x1B,Notify,0x0024,07 73 02 00 00 03 5B 01 5A 01 59 01 14 04 16 04 1A 04 00 00,20,0x07
old/hci_snoop_2025_11_21_07_45_17.cfa,1280,2025-11-21T07:46:22.285Z,recv,f4:db:00:00:00:d9,0x13,Write-Rsp,,,0,
old/hci_snoop_2025_11_21_07_45_17.cfa,1281,2025-11-21T07:46:22.324Z,sent,f4:db:00:00:00:d9,0x12,Write-Req,0x0021,07 76 02 00 00 03,6,0x07
old/hci_snoop_2025_11_21_07_45_17.cfa,1283,2025-11-21T07:46:22.465Z,recv,f4:db:00:00:00:d9,0x1B,Notify,0x0024,07 76 02 00 00 03 58 01 57 01 56 01 1D 04 1F 04 22 04 00 00,20,0x07
old/hci_snoop_2025_11_21_07_45_17.cfa,1284,2025-11-21T07:46:22.555Z,recv,f4:db:00:00:00:d9,0x13,Write-Rsp,,,0,
old/hci_snoop_2025_11_21_07_45_17.cfa,1285,2025-11-21T07:46:22.589Z,sent,f4:db:00:00:00:d9,0x12,Write-Req,0x0021,07 79 02 00 00 03,6,0x07
old/hci_snoop_2025_11_21_07_45_17.cfa,1287,2025-11-21T07:46:22.736Z,recv,f4:db:00:00:00:d9,0x1B,Notify,0x0024,07 79 02 00 00 03 55 01 54 01 54 01 24 04 26 04 29 04 00 00,20,0x07
old/hci_snoop_2025_11_21_07_45_17.cfa,1288,2025-11-21T07:46:22.825Z,recv,f4:db:00:00:00:d9,0x13,Write-Rsp,,,0,
old/hci_snoop_2025_11_21_07_45_17.cfa,1289,2025-11-21T07:46:22.853Z,sent,f4:db:00:00:00:d9,0x12,Write-Req,0x0021,07 7C 02 00 00 03,6,0x07
old/hci_snoop_2025_11_21_07_45_17.cfa,1291,2025-11-21T07:46:23.007Z,recv,f4:db:00:00:00:d9,0x1B,Notify,0x0024,07 7C 02 00 00 03 53 01 52 01 52 01 2B 04 2C 04 2F 04 00 00,20,0x07
old/hci_snoop_2025_11_21_07_45_17.cfa,1292,2025-11-21T07:46:23.095Z,recv,f4:db:00:00:00:d9,0x13,Write-Rsp,,,0,
old/hci_snoop_2025_11_21_07_45_17.cfa,1293,2025-11-21T07:46:23.121Z,sent,f4:db:00:00:00:d9,0x12,Write-Req,0x0021,07 7F 02 00 00 03,6,0x07
old/hci_snoop_2025_11_21_07_45_17.cfa,1295,2025-11-21T07:46:23.276Z,recv,f4:db:00:00:00:d9,0x1B,Notify,0x0024,07 7F 02 00 00 03 51 01 51 01 50 01 30 04 32 04 34 04 00 00,20,0x07
old/hci_snoop_2025_11_21_07_45_17.cfa,1296,2025-11-21T07:46:23.365Z,recv,f4:db:00:00:00:d9,0x13,Write-Rsp,,,0,
old/hci_snoop_2025_11_21_07_45_17.cfa,1297,2025-11-21T07:46:23.388Z,sent,f4:db:00:00:00:d9,0x12,Write-Req,0x0021,07 82 02 00 00 03,6,0x07
old/hci_snoop_2025_11_21_07_45_17.cfa,1299,2025-11-21T07:46:23.546Z,recv,f4:db:00:00:00:d9,0x1B,Notify,0x0024,07 82 02 00 00 03 50 01 50 01 4F 01 35 04 37 04 38 04 00 00,20,0x07
old/hci_snoop_2025_11_21_07_45_17.cfa,1300,2025-11-21T07:46:23.636Z,recv,f4:db:00:00:00:d9,0x13,Write-Rsp,,,0,
old/hci_snoop_2025_11_21_07_45_17.cfa,1301,2025-11-21T07:46:23.671Z,sent,f4:db:00:00:00:d9,0x12,Write-Req,0x0021,07 85 02 00 00 03,6,0x07
old/hci_snoop_2025_11_21_07_45_17.cfa,1304,2025-11-21T07:46:23.816Z,recv,f4:db:00:00:00:d9,0x1B,Notify,0x0024,07 85 02 00 00 03 4F 01 4F 01 4E 01 3A 04 3C 04 3C 04 00 00,20,0x07
old/hci_snoop_2025_11_21_07_45_17.cfa,1305,2025-11-21T07:46:23.906Z,recv,f4:db:00:00:00:d9,0x13,Write-Rsp,,,0,
old/hci_snoop_2025_11_21_07_45_17.cfa,1306,2025-11-21T07:46:23.938Z,sent,f4:db:00:00:00:d9,0x12,Write-Req,0x0021,07 88 02 00 00 03,6,0x07
old/hci_snoop_2025_11_21_07_45_17.cfa,1308,2025-11-21T07:46:24.088Z,recv,f4:db:00:00:00:d9,0x1B,Notify,0x0024,07 88 02 00 00 03 4E 01 4E 01 4E 01 3D 04 3F 04 3F 04 00 00,20,0x07
old/hci_snoop_2025_11_21_07_45_17.cfa,1309,2025-11-21T07:46:24.175Z,recv,f4:db:00:00:00:d9,0x13,Write-Rsp,,,0,
old/hci_snoop_2025_11_21_07_45_17.cfa,1310,2025-11-21T07:46:24.204Z,sent,f4:db:00:00:00:d9,0x12,Write-Req,0x0021,07 8B 02 00 00 03,6,0x07
old/hci_snoop_2025_11_21_07_45_17.cfa,1312,2025-11-21T07:46:24.355Z,recv,f4:db:00:00:00:d9,0x1B,Notify,0x0024,07 8B 02 00 00 03 4E 01 4E 01 4E 01 41 04 41 04 43 04 00 00,20,0x07
old/hci_snoop_2025_11_21_07_45_17.cfa,1313,2025-11-21T07:46:24.446Z,recv,f4:db:00:00:00:d9,0x13,Write-Rsp,,,0,
old/hci_snoop_2025_11_21_07_45_17.cfa,1314,2025-11-21T07:46:24.472Z,sent,f4:db:00:00:00:d9,0x12,Write-Req,0x0021,07 8E 02 00 00 03,6,0x07
old/hci_snoop_2025_11_21_07_45_17.cfa,1316,2025-11-21T07:46:24.626Z,recv,f4:db:00:00:00:d9,0x1B,Notify,0x0024,07 8E 02 00 00 03 4E 01 4E 01 4E 01 43 04 44 04 44 04 00 00,20,0x07
old/hci_snoop_2025_11_21_07_45_17.cfa,1317,2025-11-21T07:46:24.716Z,recv,f4:db:00:00:00:d9,0x13,Write-Rsp,,,0,
old/hci_snoop_2025_11_21_07_45_17.cfa,1318,2025-11-21T07:46:24.740Z,sent,f4:db:00:00:00:d9,0x12,Write-Req,0x0021,07 91 02 00 00 03,6,0x07
old/hci_snoop_2025_11_21_07_45_17.cfa,1320,2025-11-21T07:46:24.896Z,recv,f4:db:00:00:00:d9,0x1B,Notify,0x0024,07 91 02 00 00 03 4E 01 4E 01 4F 01 44 04 44 04 44 04 00 00,20,0x07
old/hci_snoop_2025_11_21_07_45_17.cfa,1321,2025-11-21T07:46:24.985Z,recv,f4:db:00:00:00:d9,0x13,Write-Rsp,,,0,
old/hci_snoop_2025_11_21_07_45_17.cfa,1322,2025-11-21T07:46:25.022Z,sent,f4:db:00:00:00:d9,0x12,Write-Req,0x0021,07 94 02 00 00 03,6,0x07
old/hci_snoop_2025_11_21_07_45_17.cfa,1324,2025-11-21T07:46:25.166Z,recv,f4:db:00:00:00:d9,0x1B,Notify,0x0024,07 94 02 00 00 03 4F 01 4F 01 50 01 44 04 44 04 44 04 00 00,20,0x07
old/hci_snoop_2025_11_21_07_45_17.cfa,1325,2025-11-21T07:46:25.255Z,recv,f4:db:00:00:00:d9,0x13,Write-Rsp,,,0,
old/hci_snoop_2025_11_21_07_45_17.cfa,1326,2025-11-21T07:46:25.288Z,sent,f4:db:00:00:00:d9,0x12,Write-Req,0x0021,07 97 02 00 00 03,6,0x07
old/hci_snoop_2025_11_21_07_45_17.cfa,1328,2025-11-21T07:46:25.435Z,recv,f4:db:00:00:00:d9,0x1B,Notify,0x0024,07 97 02 00 00 03 50 01 50 01 50 01 44 04 43 04 43 04 00 00,20,0x07
old/hci_snoop_2025_11_21_07_45_17.cfa,1329,2025-11-21T07:46:25.525Z,recv,f4:db:00:00:00:d9,0x13,Write-Rsp,,,0,
old/hci_snoop_2025_11_21_07_45_17.cfa,1330,2025-11-21T07:46:25.553Z,sent,f4:db:00:00:00:d9,0x12,Write-Req,0x0021,07 9A 02 00 00 03,6,0x07
old/hci_snoop_2025_11_21_07_45_17.cfa,1332,2025-11-21T07:46:25.706Z,recv,f4:db:00:00:00:d9,0x1B,Notify,0x0024,07 9A 02 00 00 03 51 01 51 01 51 01 43 04 43 04 43 04 00 00,20,0x07
old/hci_snoop_2025_11_21_07_45_17.cfa,1333,2025-11-21T07:46:25.796Z,recv,f4:db:00:00:00:d9,0x13,Write-Rsp,,,0,
old/hci_snoop_2025_11_21_07_45_17.cfa,1334,2025-11-21T07:46:25.858Z,sent,f4:db:00:00:00:d9,0x12,Write-Req,0x0021,07 9D 02 00 00 03,6,0x07
old/hci_snoop_2025_11_21_07_45_17.cfa,1336,2025-11-21T07:46:25.975Z,recv,f4:db:00:00:00:d9,0x1B,Notify,0x0024,07 9D 02 00 00 03 51 01 51 01 51 01 43 04 42 04 41 04 00 00,20,0x07
old/hci_snoop_2025_11_21_07_45_17.cfa,1337,2025-11-21T07:46:26.066Z,recv,f4:db:00:00:00:d9,0x13,Write-Rsp,,,0,
old/hci_snoop_2025_11_21_07_45_17.cfa,1338,2025-11-21T07:46:26.088Z,sent,f4:db:00:00:00:d9,0x12,Write-Req,0x0021,07 A0 02 00 00 03,6,0x07
old/hci_snoop_2025_11_21_07_45_17.cfa,1346,2025-11-21T07:46:26.246Z,recv,f4:db:00:00:00:d9,0x1B,Notify,0x0024,07 A0 02 00 00 03 51 01 51 01 51 01 41 04 41 04 40 04 00 00,20,0x07
old/hci_snoop_2025_11_21_07_45_17.cfa,1347,2025-11-21T07:46:26.336Z,recv,f4:db:00:00:00:d9,0x13,Write-Rsp,,,0,
old/hci_snoop_2025_11_21_07_45_17.cfa,1348,2025-11-21T07:46:26.343Z,sent,f4:db:00:00:00:d9,0x12,Write-Req,0x0021,07 A3 02 00 00 03,6,0x07
old/hci_snoop_2025_11_21_07_45_17.cfa,1350,2025-11-21T07:46:26.520Z,recv,f4:db:00:00:00:d9,0x1B,Notify,0x0024,07 A3 02 00 00 03 51 01 51 01 51 01 40 04 40 04 40 04 00 00,20,0x07
old/hci_snoop_2025_11_21_07_45_17.cfa,1351,2025-11-21T07:46:26.606Z,recv,f4:db:00:00:00:d9,0x13,Write-Rsp,,,0,
old/hci_snoop_2025_11_21_07_45_17.cfa,1352,2025-11-21T07:46:26.611Z,sent,f4:db:00:00:00:d9,0x12,Write-Req,0x0021,07 A6 02 00 00 03,6,0x07
old/hci_snoop_2025_11_21_07_45_17.cfa,1354,2025-11-21T07:46:26.790Z,recv,f4:db:00:00:00:d9,0x1B,Notify,0x0024,07 A6 02 00 00 03 50 01 50 01 50 01 40 04 40 04 40 04 00 00,20,0x07
old/hci_snoop_2025_11_21_07_45_17.cfa,1355,2025-11-21T07:46:26.876Z,recv,f4:db:00:00:00:d9,0x13,Write-Rsp,,,0,
old/hci_snoop_2025_11_21_07_45_17.cfa,1356,2025-11-21T07:46:26.881Z,sent,f4:db:00:00:00:d9,0x12,Write-Req,0x0021,07 A9 02 00 00 03,6,0x07
old/hci_snoop_2025_11_21_07_45_17.cfa,1358,2025-11-21T07:46:27.060Z,recv,f4:db:00:00:00:d9,0x1B,Notify,0x0024,07 A9 02 00 00 03 50 01 50 01 4F 01 41 04 41 04 41 04 00 00,20,0x07
old/hci_snoop_2025_11_21_07_45_17.cfa,1359,2025-11-21T07:46:27.146Z,recv,f4:db:00:00:00:d9,0x13,Write-Rsp,,,0,
old/hci_snoop_2025_11_21_07_45_17.cfa,1360,2025-11-21T07:46:27.150Z,sent,f4:db:00:00:00:d9,0x12,Write-Req,0x0021,07 AC 02 00 00 03,6,0x07
old/hci_snoop_2025_11_21_07_45_17.cfa,1362,2025-11-21T07:46:27.420Z,recv,f4:db:00:00:00:d9,0x1B,Notify,0x0024,07 AC 02 00 00 03 4F 01 4F 01 4F 01 41 04 41 04 41 04 00 00,20,0x07
old/hci_snoop_2025_11_21_07_45_17.cfa,1363,2025-11-21T07:46:27.506Z,recv,f4:db:00:00:00:d9,0x13,Write-Rsp,,,0,
old/hci_snoop_2025_11_21_07_45_17.cfa,1364,2025-11-21T07:46:27.510Z,sent,f4:db:00:00:00:d9,0x12,Write-Req,0x0021,07 AF 02 00 00 03,6,0x07
old/hci_snoop_2025_11_21_07_45_17.cfa,1366,2025-11-21T07:46:27.690Z,recv,f4:db:00:00:00:d9,0x1B,Notify,0x0024,07 AF 02 00 00 03 4F 01 4F 01 4F 01 41 04 41 04 41 04 00 00,20,0x07
old/hci_snoop_2025_11_21_07_45_17.cfa,1367,2025-11-21T07:46:27.776Z,recv,f4:db:00:00:00:d9,0x13,Write-Rsp,,,0,
old/hci_snoop_2025_11_21_07_45_17.cfa,1368,2025-11-21T07:46:27.780Z,sent,f4:db:00:00:00:d9,0x12,Write-Req,0x0021,07 B2 02 00 00 03,6,0x07
old/hci_snoop_2025_11_21_07_45_17.cfa,1371,2025-11-21T07:46:27.960Z,recv,f4:db:00:00:00:d9,0x1B,Notify,0x0024,07 B2 02 00 00 03 4E 01 4E 01 4E 01 41 04 40 04 40 04 00 00,20,0x07
old/hci_snoop_2025_11_21_07_45_17.cfa,1372,2025-11-21T07:46:28.045Z,recv,f4:db:00:00:00:d9,0x13,Write-Rsp,,,0,
old/hci_snoop_2025_11_21_07_45_17.cfa,1373,2025-11-21T07:46:28.050Z,sent,f4:db:00:00:00:d9,0x12,Write-Req,0x0021,07 B5 02 00 00 03,6,0x07
old/hci_snoop_2025_11_21_07_45_17.cfa,1375,2025-11-21T07:46:28.231Z,recv,f4:db:00:00:00:d9,0x1B,Notify,0x0024,07 B5 02 00 00 03 4E 01 4E 01 4E 01 40 04 3F 04 3F 04 00 00,20,0x07
old/hci_snoop_2025_11_21_07_45_17.cfa,1376,2025-11-21T07:46:28.315Z,recv,f4:db:00:00:00:d9,0x13,Write-Rsp,,,0,
old/hci_snoop_2025_11_21_07_45_17.cfa,1377,2025-11-21T07:46:28.322Z,sent,f4:db:00:00:00:d9,0x12,Write-Req,0x0021,07 B8 02 00 00 03,6,0x07
old/hci_snoop_2025_11_21_07_45_17.cfa,1379,2025-11-21T07:46:28.500Z,recv,f4:db:00:00:00:d9,0x1B,Notify,0x0024,07 B8 02 00 00 03 4F 01 4F 01 4F 01 3F 04 3E 04 3D 04 00 00,20,0x07
old/hci_snoop_2025_11_21_07_45_17.cfa,1380,2025-11-21T07:46:28.586Z,recv,f4:db:00:00:00:d9,0x13,Write-Rsp,,,0,
old/hci_snoop_2025_11_21_07_45_17.cfa,1381,2025-11-21T07:46:28.589Z,sent,f4:db:00:00:00:d9,0x12,Write-Req,0x0021,07 BB 02 00 00 03,6,0x07
old/hci_snoop_2025_11_21_07_45_17.cfa,1383,2025-11-21T07:46:28.770Z,recv,f4:db:00:00:00:d9,0x1B,Notify,0x0024,07 BB 02 00 00 03 4F 01 4F 01 50 01 3D 04 3D 04 3C 04 00 00,20,0x07
old/hci_snoop_2025_11_21_07_45_17.cfa,1384,2025-11-21T07:46:28.855Z,recv,f4:db:00:00:00:d9,0x13,Write-Rsp,,,0,
old/hci_snoop_2025_11_21_07_45_17.cfa,1385,2025-11-21T07:46:28.860Z,sent,f4:db:00:00:00:d9,0x12,Write-Req,0x0021,07 BE 02 00 00 03,6,0x07
old/hci_snoop_2025_11_21_07_45_17.cfa,1387,2025-11-21T07:46:29.037Z,recv,f4:db:00:00:00:d9,0x1B,Notify,0x0024,07 BE 02 00 00 03 4F 01 50 01 50 01 3C 04 3B 04 3B 04 00 00,20,0x07
old/hci_snoop_2025_11_21_07_45_17.cfa,1388,2025-11-21T07:46:29.125Z,recv,f4:db:00:00:00:d9,0x13,Write-Rsp,,,0,
old/hci_snoop_2025_11_21_07_45_17.cfa,1389,2025-11-21T07:46:29.130Z,sent,f4:db:00:00:00:d9,0x12,Write-Req,0x0021,07 C1 02 00 00 03,6,0x07
old/hci_snoop_2025_11_21_07_45_17.cfa,1391,2025-11-21T07:46:29.308Z,recv,f4:db:00:00:00:d9,0x1B,Notify,0x0024,07 C1 02 00 00 03 50 01 50 01 50 01 3A 04 3A 04 3A 04 00 00,20,0x07
old/hci_snoop_2025_11_21_07_45_17.cfa,1392,2025-11-21T07:46:29.395Z,recv,f4:db:00:00:00:d9,0x13,Write-Rsp,,,0,
old/hci_snoop_2025_11_21_07_45_17.cfa,1393,2025-11-21T07:46:29.403Z,sent,f4:db:00:00:00:d9,0x12,Write-Req,0x0021,07 C4 02 00 00 03,6,0x07
old/hci_snoop_2025_11_21_07_45_17.cfa,1395,2025-11-21T07:46:29.580Z,recv,f4:db:00:00:00:d9,0x1B,Notify,0x0024,07 C4 02 00 00 03 50 01 50 01 50 01 39 04 39 04 39 04 00 00,20,0x07
old/hci_snoop_2025_11_21_07_45_17.cfa,1396,2025-11-21T07:46:29.666Z,recv,f4:db:00:00:00:d9,0x13,Write-Rsp,,,0,
old/hci_snoop_2025_11_21_07_45_17.cfa,1397,2025-11-21T07:46:29.671Z,sent,f4:db:00:00:00:d9,0x12,Write-Req,0x0021,07 C7 02 00 00 03,6,0x07
old/hci_snoop_2025_11_21_07_45_17.cfa,1399,2025-11-21T07:46:29.850Z,recv,f4:db:00:00:00:d9,0x1B,Notify,0x0024,07 C7 02 00 00 03 50 01 50 01 50 01 38 04 38 04 38 04 00 00,20,0x07
old/hci_snoop_2025_11_21_07_45_17.cfa,1400,2025-11-21T07:46:29.936Z,recv,f4:db:00:00:00:d9,0x13,Write-Rsp,,,0,
old/hci_snoop_2025_11_21_07_45_17.cfa,1401,2025-11-21T07:46:29.940Z,sent,f4:db:00:00:00:d9,0x12,Write-Req,0x0021,07 CA 02 00 00 03,6,0x07
old/hci_snoop_2025_11_21_07_45_17.cfa,1403,2025-11-21T07:46:30.120Z,recv,f4:db:00:00:00:d9,0x1B,Notify,0x0024,07 CA 02 00 00 03 50 01 50 01 4F 01 38 04 38 04 38 04 00 00,20,0x07
old/hci_snoop_2025_11_21_07_45_17.cfa,1404,2025-11-21T07:46:30.206Z,recv,f4:db:00:00:00:d9,0x13,Write-Rsp,,,0,
old/hci_snoop_2025_11_21_07_45_17.cfa,1405,2025-11-21T07:46:30.210Z,sent,f4:db:00:00:00:d9,0x12,Write-Req,0x0021,07 CD 02 00 00 03,6,0x07
old/hci_snoop_2025_11_21_07_45_17.cfa,1407,2025-11-21T07:46:30.390Z,recv,f4:db:00:00:00:d9,0x1B,Notify,0x0024,07 CD 02 00 00 03 4F 01 4F 01 4F 01 39 04 39 04 39 04 00 00,20,0x07
old/hci_snoop_2025_11_21_07_45_17.cfa,1408,2025-11-21T07:46:30.476Z,recv,f4:db:00:00:00:d9,0x13,Write-Rsp,,,0,
old/hci_snoop_2025_11_21_07_45_17.cfa,1409,2025-11-21T07:46:30.480Z,sent,f4:db:00:00:00:d9,0x12,Write-Req,0x0021,07 D0 02 00 00 03,6,0x07
old/hci_snoop_2025_11_21_07_45_17.cfa,1411,2025-11-21T07:46:30.660Z,recv,f4:db:00:00:00:d9,0x1B,Notify,0x0024,07 D0 02 00 00 03 4F 01 4E 01 4E 01 3A 04 3A 04 3A 04 00 00,20,0x07
old/hci_snoop_2025_11_21_07_45_17.cfa,1412,2025-11-21T07:46:30.746Z,recv,f4:db:00:00:00:d9,0x13,Write-Rsp,,,0,
old/hci_snoop_2025_11_21_07_45_17.cfa,1413,2025-11-21T07:46:30.752Z,sent,f4:db:00:00:00:d9,0x12,Write-Req,0x0021,07 D3 02 00 00 03,6,0x07
old/hci_snoop_2025_11_21_07_45_17.cfa,1415,2025-11-21T07:46:30.925Z,recv,f4:db:00:00:00:d9,0x1B,Notify,0x0024,07 D3 02 00 00 03 4E 01 4D 01 4E 01 3A 04 3B 04 3B 04 00 00,20,0x07
old/hci_snoop_2025_11_21_07_45_17.cfa,1416,2025-11-21T07:46:31.014Z,recv,f4:db:00:00:00:d9,0x13,Write-Rsp,,,0,
old/hci_snoop_2025_11_21_07_45_17.cfa,1417,2025-11-21T07:46:31.017Z,sent,f4:db:00:00:00:d9,0x12,Write-Req,0x0021,07 D6 02 00 00 03,6,0x07
old/hci_snoop_2025_11_21_07_45_17.cfa,1419,2025-11-21T07:46:31.198Z,recv,f4:db:00:00:00:d9,0x1B,Notify,0x0024,07 D6 02 00 00 03 4D 01 4D 01 4D 01 3B 04 3C 04 3C 04 00 00,20,0x07
old/hci_snoop_2025_11_21_07_45_17.cfa,1420,2025-11-21T07:46:31.287Z,recv,f4:db:00:00:00:d9,0x13,Write-Rsp,,,0,
old/hci_snoop_2025_11_21_07_45_17.cfa,1421,2025-11-21T07:46:31.293Z,sent,f4:db:00:00:00:d9,0x12,Write-Req,0x0021,07 D9 02 00 00 03,6,0x07
old/hci_snoop_2025_11_21_07_45_17.cfa,1423,2025-11-21T07:46:31.467Z,recv,f4:db:00:00:00:d9,0x1B,Notify,0x0024,07 D9 02 00 00 03 4D 01 4D 01 4D 01 3C 04 3C 04 3C 04 00 00,20,0x07
old/hci_snoop_2025_11_21_07_45_17.cfa,1424,2025-11-21T07:46:31.556Z,recv,f4:db:00:00:00:d9,0x13,Write-Rsp,,,0,
old/hci_snoop_2025_11_21_07_45_17.cfa,1425,2025-11-21T07:46:31.561Z,sent,f4:db:00:00:00:d9,0x12,Write-Req,0x0021,07 DC 02 00 00 03,6,0x07
old/hci_snoop_2025_11_21_07_45_17.cfa,1427,2025-11-21T07:46:31.740Z,recv,f4:db:00:00:00:d9,0x1B,Notify,0x0024,07 DC 02 00 00 03 4D 01 4D 01 4D 01 3C 04 3C 04 3B 04 00 00,20,0x07
old/hci_snoop_2025_11_21_07_45_17.cfa,1428,2025-11-21T07:46:31.827Z,recv,f4:db:00:00:00:d9,0x13,Write-Rsp,,,0,
old/hci_snoop_2025_11_21_07_45_17.cfa,1429,2025-11-21T07:46:31.832Z,sent,f4:db:00:00:00:d9,0x12,Write-Req,0x0021,07 DF 02 00 00 03,6,0x07
old/hci_snoop_2025_11_21_07_45_17.cfa,1431,2025-11-21T07:46:32.010Z,recv,f4:db:00:00:00:d9,0x1B,Notify,0x0024,07 DF 02 00 00 03 4D 01 4D 01 4D 01 3B 04 3A 04 3A 04 00 00,20,0x07
old/hci_snoop_2025_11_21_07_45_17.cfa,1432,2025-11-21T07:46:32.095Z,recv,f4:db:00:00:00:d9,0x13,Write-Rsp,,,0,
old/hci_snoop_2025_11_21_07_45_17.cfa,1433,2025-11-21T07:46:32.101Z,sent,f4:db:00:00:00:d9,0x12,Write-Req,0x0021,07 E2 02 00 00 03,6,0x07
old/hci_snoop_2025_11_21_07_45_17.cfa,1435,2025-11-21T07:46:32.281Z,recv,f4:db:00:00:00:d9,0x1B,Notify,0x0024,07 E2 02 00 00 03 4D 01 4C 01 4C 01 3A 04 C7 03 F4 03 00 00,20,0x07
old/hci_snoop_2025_11_21_07_45_17.cfa,1436,2025-11-21T07:46:32.366Z,recv,f4:db:00:00:00:d9,0x13,Write-Rsp,,,0,
old/hci_snoop_2025_11_21_07_45_17.cfa,1437,2025-11-21T07:46:32.370Z,sent,f4:db:00:00:00:d9,0x12,Write-Req,0x0021,07 E5 02 00 00 03,6,0x07
old/hci_snoop_2025_11_21_07_45_17.cfa,1439,2025-11-21T07:46:32.547Z,recv,f4:db:00:00:00:d9,0x1B,Notify,0x0024,07 E5 02 00 00 03 4C 01 4B 01 4C 01 FE 03 D0 03 DF 03 00 00,20,0x07
old/hci_snoop_2025_11_21_07_45_17.cfa,1440,2025-11-21T07:46:32.635Z,recv,f4:db:00:00:00:d9,0x13,Write-Rsp,,,0,
old/hci_snoop_2025_11_21_07_45_17.cfa,1441,2025-11-21T07:46:32.639Z,sent,f4:db:00:00:00:d9,0x12,Write-Req,0x0021,07 E8 02 00 00 03,6,0x07
old/hci_snoop_2025_11_21_07_45_17.cfa,1443,2025-11-21T07:46:32.820Z,recv,f4:db:00:00:00:d9,0x1B,Notify,0x0024,07 E8 02 00 00 03 4C 01 4D 01 4D 01 EA 03 F4 03 FD 03 00 00,20,0x07
old/hci_snoop_2025_11_21_07_45_17.cfa,1444,2025-11-21T07:46:32.906Z,recv,f4:db:00:00:00:d9,0x13,Write-Rsp,,,0,
old/hci_snoop_2025_11_21_07_45_17.cfa,1445,2025-11-21T07:46:32.910Z,sent,f4:db:00:00:00:d9,0x12,Write-Req,0x0021,07 EB 02 00 00 03,6,0x07
old/hci_snoop_2025_11_21_07_45_17.cfa,1447,2025-11-21T07:46:33.087Z,recv,f4:db:00:00:00:d9,0x1B,Notify,0x0024,07 EB 02 00 00 03 4E 01 4F 01 4F 01 0B 04 16 04 1D 04 00 00,20,0x07
old/hci_snoop_2025_11_21_07_45_17.cfa,1448,2025-11-21T07:46:33.176Z,recv,f4:db:00:00:00:d9,0x13,Write-Rsp,,,0,
old/hci_snoop_2025_11_21_07_45_17.cfa,1449,2025-11-21T07:46:33.182Z,sent,f4:db:00:00:00:d9,0x12,Write-Req,0x0021,07 EE 02 00 00 03,6,0x07
old/hci_snoop_2025_11_21_07_45_17.cfa,1451,2025-11-21T07:46:33.360Z,recv,f4:db:00:00:00:d9,0x1B,Notify,0x0024,07 EE 02 00 00 03 50 01 51 01 52 01 1F 04 23 04 25 04 00 00,20,0x07
old/hci_snoop_2025_11_21_07_45_17.cfa,1452,2025-11-21T07:46:33.446Z,recv,f4:db:00:00:00:d9,0x13,Write-Rsp,,,0,
old/hci_snoop_2025_11_21_07_45_17.cfa,1453,2025-11-21T07:46:33.450Z,sent,f4:db:00:00:00:d9,0x12,Write-Req,0x0021,07 F1 02 00 00 03,6,0x07
old/hci_snoop_2025_11_21_07_45_17.cfa,1455,2025-11-21T07:46:33.627Z,recv,f4:db:00:00:00:d9,0x1B,Notify,0x0024,07 F1 02 00 00 03 52 01 52 01 53 01 26 04 26 04 26 04 00 00,20,0x07
old/hci_snoop_2025_11_21_07_45_17.cfa,1456,2025-11-21T07:46:33.715Z,recv,f4:db:00:00:00:d9,0x13,Write-Rsp,,,0,
old/hci_snoop_2025_11_21_07_45_17.cfa,1457,2025-11-21T07:46:33.722Z,sent,f4:db:00:00:00:d9,0x12,Write-Req,0x0021,07 F4 02 00 00 03,6,0x07
old/hci_snoop_2025_11_21_07_45_17.cfa,1459,2025-11-21T07:46:33.900Z,recv,f4:db:00:00:00:d9,0x1B,Notify,0x0024,07 F4 02 00 00 03 53 01 53 01 54 01 28 04 2A 04 2B 04 00 00,20,0x07
old/hci_snoop_2025_11_21_07_45_17.cfa,1460,2025-11-21T07:46:33.986Z,recv,f4:db:00:00:00:d9,0x13,Write-Rsp,,,0,
old/hci_snoop_2025_11_21_07_45_17.cfa,1461,2025-11-21T07:46:33.992Z,sent,f4:db:00:00:00:d9,0x12,Write-Req,0x0021,07 F7 02 00 00 03,6,0x07
old/hci_snoop_2025_11_21_07_45_17.cfa,1463,2025-11-21T07:46:34.168Z,recv,f4:db:00:00:00:d9,0x1B,Notify,0x0024,07 F7 02 00 00 03 54 01 54 01 54 01 2C 04 2E 04 2F 04 00 00,20,0x07
old/hci_snoop_2025_11_21_07_45_17.cfa,1464,2025-11-21T07:46:34.256Z,recv,f4:db:00:00:00:d9,0x13,Write-Rsp,,,0,
old/hci_snoop_2025_11_21_07_45_17.cfa,1465,2025-11-21T07:46:34.260Z,sent,f4:db:00:00:00:d9,0x12,Write-Req,0x0021,07 FA 02 00 00 03,6,0x07
old/hci_snoop_2025_11_21_07_45_17.cfa,1467,2025-11-21T07:46:34.440Z,recv,f4:db:00:00:00:d9,0x1B,Notify,0x0024,07 FA 02 00 00 03 54 01 54 01 54 01 30 04 31 04 33 04 00 00,20,0x07
old/hci_snoop_2025_11_21_07_45_17.cfa,1468,2025-11-21T07:46:34.525Z,recv,f4:db:00:00:00:d9,0x13,Write-Rsp,,,0,
old/hci_snoop_2025_11_21_07_45_17.cfa,1469,2025-11-21T07:46:34.529Z,sent,f4:db:00:00:00:d9,0x12,Write-Req,0x0021,07 FD 02 00 00 03,6,0x07
old/hci_snoop_2025_11_21_07_45_17.cfa,1472,2025-11-21T07:46:34.710Z,recv,f4:db:00:00:00:d9,0x1B,Notify,0x0024,07 FD 02 00 00 03 54 01 54 01 54 01 34 04 36 04 36 04 00 00,20,0x07
old/hci_snoop_2025_11_21_07_45_17.cfa,1473,2025-11-21T07:46:34.795Z,recv,f4:db:00:00:00:d9,0x13,Write-Rsp,,,0,
old/hci_snoop_2025_11_21_07_45_17.cfa,1474,2025-11-21T07:46:34.804Z,sent,f4:db:00:00:00:d9,0x12,Write-Req,0x0021,07 00 03 00 00 03,6,0x07
old/hci_snoop_2025_11_21_07_45_17.cfa,1476,2025-11-21T07:46:35.070Z,recv,f4:db:00:00:00:d9,0x1B,Notify,0x0024,07 00 03 00 00 03 54 01 54 01 54 01 38 04 38 04 3A 04 00 00,20,0x07
old/hci_snoop_2025_11_21_07_45_17.cfa,1477,2025-11-21T07:46:35.156Z,recv,f4:db:00:00:00:d9,0x13,Write-Rsp,,,0,
old/hci_snoop_2025_11_21_07_45_17.cfa,1478,2025-11-21T07:46:35.159Z,sent,f4:db:00:00:00:d9,0x12,Write-Req,0x0021,07 03 03 00 00 03,6,0x07
old/hci_snoop_2025_11_21_07_45_17.cfa,1480,2025-11-21T07:46:35.341Z,recv,f4:db:00:00:00:d9,0x1B,Notify,0x0024,07 03 03 00 00 03 54 01 54 01 54 01 3A 04 3B 04 3B 04 00 00,20,0x07
old/hci_snoop_2025_11_21_07_45_17.cfa,1481,2025-11-21T07:46:35.427Z,recv,f4:db:00:00:00:d9,0x13,Write-Rsp,,,0,
old/hci_snoop_2025_11_21_07_45_17.cfa,1482,2025-11-21T07:46:35.431Z,sent,f4:db:00:00:00:d9,0x12,Write-Req,0x0021,07 06 03 00 00 03,6,0x07
old/hci_snoop_2025_11_21_07_45_17.cfa,1484,2025-11-21T07:46:35.610Z,recv,f4:db:00:00:00:d9,0x1B,Notify,0x0024,07 06 03 00 00 03 54 01 54 01 53 01 3C 04 3D 04 3F 04 00 00,20,0x07
old/hci_snoop_2025_11_21_07_45_17.cfa,1485,2025-11-21T07:46:35.696Z,recv,f4:db:00:00:00:d9,0x13,Write-Rsp,,,0,
old/hci_snoop_2025_11_21_07_45_17.cfa,1486,2025-11-21T07:46:35.700Z,sent,f4:db:00:00:00:d9,0x12,Write-Req,0x0021,07 09 03 00 00 03,6,0x07
old/hci_snoop_2025_11_21_07_45_17.cfa,1488,2025-11-21T07:46:35.880Z,recv,f4:db:00:00:00:d9,0x1B,Notify,0x0024,07 09 03 00 00 03 53 01 53 01 53 01 42 04 44 04 46 04 00 00,20,0x07
old/hci_snoop_2025_11_21_07_45_17.cfa,1489,2025-11-21T07:46:35.966Z,recv,f4:db:00:00:00:d9,0x13,Write-Rsp,,,0,
old/hci_snoop_2025_11_21_07_45_17.cfa,1490,2025-11-21T07:46:35.970Z,sent,f4:db:00:00:00:d9,0x12,Write-Req,0x0021,07 0C 03 00 00 03,6,0x07
old/hci_snoop_2025_11_21_07_45_17.cfa,1492,2025-11-21T07:46:36.150Z,recv,f4:db:00:00:00:d9,0x1B,Notify,0x0024,07 0C 03 00 00 03 53 01 53 01 53 01 49 04 4B 04 4D 04 00 00,20,0x07
old/hci_snoop_2025_11_21_07_45_17.cfa,1493,2025-11-21T07:46:36.235Z,recv,f4:db:00:00:00:d9,0x13,Write-Rsp,,,0,
old/hci_snoop_2025_11_21_07_45_17.cfa,1494,2025-11-21T07:46:36.242Z,sent,f4:db:00:00:00:d9,0x12,Write-Req,0x0021,07 0F 03 00 00 03,6,0x07
old/hci_snoop_2025_11_21_07_45_17.cfa,1496,2025-11-21T07:46:36.417Z,recv,f4:db:00:00:00:d9,0x1B,Notify,0x0024,07 0F 03 00 00 03 53 01 53 01 52 01 50 04 53 04 56 04 00 00,20,0x07
old/hci_snoop_2025_11_21_07_45_17.cfa,1497,2025-11-21T07:46:36.506Z,recv,f4:db:00:00:00:d9,0x13,Write-Rsp,,,0,
old/hci_snoop_2025_11_21_07_45_17.cfa,1498,2025-11-21T07:46:36.513Z,sent,f4:db:00:00:00:d9,0x12,Write-Req,0x0021,07 12 03 00 00 03,6,0x07
old/hci_snoop_2025_11_21_07_45_17.cfa,1500,2025-11-21T07:46:36.690Z,recv,f4:db:00:00:00:d9,0x1B,Notify,0x0024,07 12 03 00 00 03 52 01 52 01 52 01 58 04 5A 04 5D 04 00 00,20,0x07
old/hci_snoop_2025_11_21_07_45_17.cfa,1501,2025-11-21T07:46:36.776Z,recv,f4:db:00:00:00:d9,0x13,Write-Rsp,,,0,
old/hci_snoop_2025_11_21_07_45_17.cfa,1502,2025-11-21T07:46:36.781Z,sent,f4:db:00:00:00:d9,0x12,Write-Req,0x0021,07 15 03 00 00 03,6,0x07
old/hci_snoop_2025_11_21_07_45_17.cfa,1504,2025-11-21T07:46:36.961Z,recv,f4:db:00:00:00:d9,0x1B,Notify,0x0024,07 15 03 00 00 03 52 01 52 01 52 01 5F 04 61 04 62 04 00 00,20,0x07
old/hci_snoop_2025_11_21_07_45_17.cfa,1505,2025-11-21T07:46:37.046Z,recv,f4:db:00:00:00:d9,0x13,Write-Rsp,,,0,
old/hci_snoop_2025_11_21_07_45_17.cfa,1506,2025-11-21T07:46:37.052Z,sent,f4:db:00:00:00:d9,0x12,Write-Req,0x0021,07 18 03 00 00 03,6,0x07
old/hci_snoop_2025_11_21_07_45_17.cfa,1508,2025-11-21T07:46:37.226Z,recv,f4:db:00:00:00:d9,0x1B,Notify,0x0024,07 18 03 00 00 03 52 01 52 01 51 01 65 04 66 04 69 04 00 00,20,0x07
old/hci_snoop_2025_11_21_07_45_17.cfa,1509,2025-11-21T07:46:37.317Z,recv,f4:db:00:00:00:d9,0x13,Write-Rsp,,,0,
old/hci_snoop_2025_11_21_07_45_17.cfa,1510,2025-11-21T07:46:37.321Z,sent,f4:db:00:00:00:d9,0x12,Write-Req,0x0021,07 1B 03 00 00 03,6,0x07
old/hci_snoop_2025_11_21_07_45_17.cfa,1512,2025-11-21T07:46:37.500Z,recv,f4:db:00:00:00:d9,0x1B,Notify,0x0024,07 1B 03 00 00 03 51 01 51 01 51 01 6B 04 6C 04 6E 04 00 00,20,0x07
old/hci_snoop_2025_11_21_07_45_17.cfa,1513,2025-11-21T07:46:37.586Z,recv,f4:db:00:00:00:d9,0x13,Write-Rsp,,,0,
old/hci_snoop_2025_11_21_07_45_17.cfa,1514,2025-11-21T07:46:37.592Z,sent,f4:db:00:00:00:d9,0x12,Write-Req,0x0021,07 1E 03 00 00 03,6,0x07
old/hci_snoop_2025_11_21_07_45_17.cfa,1516,2025-11-21T07:46:37.860Z,recv,f4:db:00:00:00:d9,0x1B,Notify,0x0024,07 1E 03 00 00 03 51 01 50 01 50 01 70 04 71 04 72 04 00 00,20,0x07
old/hci_snoop_2025_11_21_07_45_17.cfa,1517,2025-11-21T07:46:37.945Z,recv,f4:db:00:00:00:d9,0x13,Write-Rsp,,,0,
old/hci_snoop_2025_11_21_07_45_17.cfa,1518,2025-11-21T07:46:37.951Z,sent,f4:db:00:00:00:d9,0x12,Write-Req,0x0021,07 21 03 00 00 03,6,0x07
old/hci_snoop_2025_11_21_07_45_17.cfa,1520,2025-11-21T07:46:38.129Z,recv,f4:db:00:00:00:d9,0x1B,Notify,0x0024,07 21 03 00 00 03 50 01 50 01 50 01 73 04 74 04 75 04 00 00,20,0x07
old/hci_snoop_2025_11_21_07_45_17.cfa,1521,2025-11-21T07:46:38.216Z,recv,f4:db:00:00:00:d9,0x13,Write-Rsp,,,0,
old/hci_snoop_2025_11_21_07_45_17.cfa,1522,2025-11-21T07:46:38.223Z,sent,f4:db:00:00:00:d9,0x12,Write-Req,0x0021,07 24 03 00 00 03,6,0x07
old/hci_snoop_2025_11_21_07_45_17.cfa,1524,2025-11-21T07:46:38.400Z,recv,f4:db:00:00:00:d9,0x1B,Notify,0x0024,07 24 03 00 00 03 50 01 50 01 4F 01 76 04 78 04 79 04 00 00,20,0x07
old/hci_snoop_2025_11_21_07_45_17.cfa,1525,2025-11-21T07:46:38.486Z,recv,f4:db:00:00:00:d9,0x13,Write-Rsp,,,0,
old/hci_snoop_2025_11_21_07_45_17.cfa,1526,2025-11-21T07:46:38.490Z,sent,f4:db:00:00:00:d9,0x12,Write-Req,0x0021,07 27 03 00 00 03,6,0x07
old/hci_snoop_2025_11_21_07_45_17.cfa,1528,2025-11-21T07:46:38.670Z,recv,f4:db:00:00:00:d9,0x1B,Notify,0x0024,07 27 03 00 00 03 4F 01 4F 01 4F 01 7A 04 7C 04 7C 04 00 00,20,0x07
old/hci_snoop_2025_11_21_07_45_17.cfa,1529,2025-11-21T07:46:38.756Z,recv,f4:db:00:00:00:d9,0x13,Write-Rsp,,,0,
old/hci_snoop_2025_11_21_07_45_17.cfa,1530,2025-11-21T07:46:38.760Z,sent,f4:db:00:00:00:d9,0x12,Write-Req,0x0021,07 2A 03 00 00 03,6,0x07
old/hci_snoop_2025_11_21_07_45_17.cfa,1532,2025-11-21T07:46:38.936Z,recv,f4:db:00:00:00:d9,0x1B,Notify,0x0024,07 2A 03 00 00 03 4F 01 4E 01 4E 01 7A 04 7A 04 7A 04 00 00,20,0x07
old/hci_snoop_2025_11_21_07_45_17.cfa,1533,2025-11-21T07:46:39.026Z,recv,f4:db:00:00:00:d9,0x13,Write-Rsp,,,0,
old/hci_snoop_2025_11_21_07_45_17.cfa,1534,2025-11-21T07:46:39.032Z,sent,f4:db:00:00:00:d9,0x12,Write-Req,0x0021,07 2D 03 00 00 03,6,0x07
old/hci_snoop_2025_11_21_07_45_17.cfa,1536,2025-11-21T07:46:39.210Z,recv,f4:db:00:00:00:d9,0x1B,Notify,0x0024,07 2D 03 00 00 03 4E 01 4E 01 4E 01 7A 04 7A 04 7B 04 00 00,20,0x07
old/hci_snoop_2025_11_21_07_45_17.cfa,1537,2025-11-21T07:46:39.296Z,recv,f4:db:00:00:00:d9,0x13,Write-Rsp,,,0,
old/hci_snoop_2025_11_21_07_45_17.cfa,1538,2025-11-21T07:46:39.301Z,sent,f4:db:00:00:00:d9,0x12,Write-Req,0x0021,07 30 03 00 00 03,6,0x07
old/hci_snoop_2025_11_21_07_45_17.cfa,1540,2025-11-21T07:46:39.480Z,recv,f4:db:00:00:00:d9,0x1B,Notify,0x0024,07 30 03 00 00 03 4F 01 51 01 52 01 7D 04 78 04 76 04 00 00,20,0x07
old/hci_snoop_2025_11_21_07_45_17.cfa,1541,2025-11-21T07:46:39.565Z,recv,f4:db:00:00:00:d9,0x13,Write-Rsp,,,0,
old/hci_snoop_2025_11_21_07_45_17.cfa,1542,2025-11-21T07:46:39.569Z,sent,f4:db:00:00:00:d9,0x12,Write-Req,0x0021,07 33 03 00 00 01,6,0x07
old/hci_snoop_2025_11_21_07_45_17.cfa,1544,2025-11-21T07:46:39.748Z,recv,f4:db:00:00:00:d9,0x1B,Notify,0x0024,07 33 03 00 00 01 3A 01 3A 03 52 01 7D 04 78 04 76 04 00 00,20,0x07
old/hci_snoop_2025_11_21_07_45_17.cfa,1545,2025-11-21T07:46:39.751Z,recv,f4:db:00:00:00:d9,0x13,Write-Rsp,,,0,
old/hci_snoop_2025_11_21_07_45_17.cfa,1687,2025-11-21T07:50:12.510Z,sent,f4:db:00:00:00:d9,0x10,ReadByGrp-Req,,01 00 FF FF 00 28,6,0x01
old/hci_snoop_2025_11_21_07_45_17.cfa,1690,2025-11-21T07:50:12.595Z,recv,f4:db:00:00:00:d9,0x11,ReadByGrp-Rsp,,06 01 00 07 00 00 18 08 00 0B 00 01 18 0C 00 1E 00 0A 18,19,0x06
old/hci_snoop_2025_11_21_07_45_17.cfa,1691,2025-11-21T07:50:12.595Z,sent,f4:db:00:00:00:d9,0x10,ReadByGrp-Req,,1F 00 FF FF 00 28,6,0x1F
old/hci_snoop_2025_11_21_07_45_17.cfa,1694,2025-11-21T07:50:12.684Z,recv,f4:db:00:00:00:d9,0x11,ReadByGrp-Rsp,,06 1F 00 FF FF E0 FF,7,0x06
old/hci_snoop_2025_11_21_07_45_17.cfa,1695,2025-11-21T07:50:12.685Z,sent,f4:db:00:00:00:d9,0x08,ReadByType-Req,,01 00 07 00 02 28,6,0x01
old/hci_snoop_2025_11_21_07_45_17.cfa,1697,2025-11-21T07:50:12.774Z,recv,f4:db:00:00:00:d9,0x01,ErrorRsp,,08 01 00 0A,4,0x08
old/hci_snoop_2025_11_21_07_45_17.cfa,1698,2025-11-21T07:50:12.775Z,sent,f4:db:00:00:00:d9,0x08,ReadByType-Req,,01 00 07 00 03 28,6,0x01
old/hci_snoop_2025_11_21_07_45_17.cfa,1700,2025-11-21T07:50:12.865Z,recv,f4:db:00:00:00:d9,0x09,ReadByType-Rsp,,07 02 00 02 03 00 00 2A 04 00 02 05 00 01 2A 06 00 02 07 00 04 2A,22,0x07
old/hci_snoop_2025_11_21_07_45_17.cfa,1701,2025-11-21T07:50:12.866Z,sent,f4:db:00:00:00:d9,0x08,ReadByType-Req,,07 00 07 00 03 28,6,0x07
old/hci_snoop_2025_11_21_07_45_17.cfa,1703,2025-11-21T07:50:12.954Z,recv,f4:db:00:00:00:d9,0x01,ErrorRsp,,08 07 00 0A,4,0x08
old/hci_snoop_2025_11_21_07_45_17.cfa,1704,2025-11-21T07:50:12.955Z,sent,f4:db:00:00:00:d9,0x08,ReadByType-Req,,08 00 0B 00 02 28,6,0x08
old/hci_snoop_2025_11_21_07_45_17.cfa,1707,2025-11-21T07:50:12.968Z,recv,f4:db:00:00:00:d9,0x01,ErrorRsp,,08 08 00 0A,4,0x08
old/hci_snoop_2025_11_21_07_45_17.cfa,1708,2025-11-21T07:50:12.969Z,sent,f4:db:00:00:00:d9,0x08,ReadByType-Req,,08 00 0B 00 03 28,6,0x08
old/hci_snoop_2025_11_21_07_45_17.cfa,1710,2025-11-21T07:50:12.983Z,recv,f4:db:00:00:00:d9,0x09,ReadByType-Rsp,,07 09 00 20 0A 00 05 2A,8,0x07
old/hci_snoop_2025_11_21_07_45_17.cfa,1711,2025-11-21T07:50:12.984Z,sent,f4:db:00:00:00:d9,0x08,ReadByType-Req,,0A 00 0B 00 03 28,6,0x0A
old/hci_snoop_2025_11_21_07_45_17.cfa,1713,2025-11-21T07:50:12.998Z,recv,f4:db:00:00:00:d9,0x01,ErrorRsp,,08 0A 00 0A,4,0x08
old/hci_snoop_2025_11_21_07_45_17.cfa,1714,2025-11-21T07:50:12.999Z,sent,f4:db:00:00:00:d9,0x04,FindInfo-Req,,0B 00 0B 00,4,0x0B
old/hci_snoop_2025_11_21_07_45_17.cfa,1716,2025-11-21T07:50:13.014Z,recv,f4:db:00:00:00:d9,0x05,FindInfo-Rsp,,01 0B 00 02 29,5,0x01
old/hci_snoop_2025_11_21_07_45_17.cfa,1717,2025-11-21T07:50:13.014Z,sent,f4:db:00:00:00:d9,0x08,ReadByType-Req,,0C 00 1E 00 02 28,6,0x0C
old/hci_snoop_2025_11_21_07_45_17.cfa,1719,2025-11-21T07:50:13.029Z,recv,f4:db:00:00:00:d9,0x01,ErrorRsp,,08 0C 00 0A,4,0x08
old/hci_snoop_2025_11_21_07_45_17.cfa,1720,2025-11-21T07:50:13.029Z,sent,f4:db:00:00:00:d9,0x08,ReadByType-Req,,0C 00 1E 00 03 28,6,0x0C
old/hci_snoop_2025_11_21_07_45_17.cfa,1722,2025-11-21T07:50:13.044Z,recv,f4:db:00:00:00:d9,0x09,ReadByType-Rsp,,07 0D 00 02 0E 00 23 2A 0F 00 02 10 00 24 2A 11 00 02 12 00 25 2A,22,0x07
old/hci_snoop_2025_11_21_07_45_17.cfa,1723,2025-11-21T07:50:13.044Z,sent,f4:db:00:00:00:d9,0x08,ReadByType-Req,,12 00 1E 00 03 28,6,0x12
old/hci_snoop_2025_11_21_07_45_17.cfa,1725,2025-11-21T07:50:13.058Z,recv,f4:db:00:00:00:d9,0x09,ReadByType-Rsp,,07 13 00 02 14 00 26 2A 15 00 02 16 00 27 2A 17 00 02 18 00 28 2A,22,0x07
old/hci_snoop_2025_11_21_07_45_17.cfa,1726,2025-11-21T07:50:13.059Z,sent,f4:db:00:00:00:d9,0x08,ReadByType-Req,,18 00 1E 00 03 28,6,0x18
old/hci_snoop_2025_11_21_07_45_17.cfa,1728,2025-11-21T07:50:13.073Z,recv,f4:db:00:00:00:d9,0x09,ReadByType-Rsp,,07 19 00 02 1A 00 29 2A 1B 00 02 1C 00 2A 2A 1D 00 02 1E 00 50 2A,22,0x07
old/hci_snoop_2025_11_21_07_45_17.cfa,1729,2025-11-21T07:50:13.074Z,sent,f4:db:00:00:00:d9,0x08,ReadByType-Req,,1E 00 1E 00 03 28,6,0x1E
old/hci_snoop_2025_11_21_07_45_17.cfa,1731,2025-11-21T07:50:13.089Z,recv,f4:db:00:00:00:d9,0x01,ErrorRsp,,08 1E 00 0A,4,0x08
old/hci_snoop_2025_11_21_07_45_17.cfa,1732,2025-11-21T07:50:13.089Z,sent,f4:db:00:00:00:d9,0x08,ReadByType-Req,,1F 00 FF FF 02 28,6,0x1F
old/hci_snoop_2025_11_21_07_45_17.cfa,1734,2025-11-21T07:50:13.103Z,recv,f4:db:00:00:00:d9,0x01,ErrorRsp,,08 1F 00 0A,4,0x08
old/hci_snoop_2025_11_21_07_45_17.cfa,1735,2025-11-21T07:50:13.104Z,sent,f4:db:00:00:00:d9,0x08,ReadByType-Req,,1F 00 FF FF 03 28,6,0x1F
old/hci_snoop_2025_11_21_07_45_17.cfa,1737,2025-11-21T07:50:13.119Z,recv,f4:db:00:00:00:d9,0x09,ReadByType-Rsp,,07 20 00 08 21 00 F5 FF 23 00 10 24 00 F3 FF,15,0x07
old/hci_snoop_2025_11_21_07_45_17.cfa,1738,2025-11-21T07:50:13.119Z,sent,f4:db:00:00:00:d9,0x08,ReadByType-Req,,24 00 FF FF 03 28,6,0x24
old/hci_snoop_2025_11_21_07_45_17.cfa,1740,2025-11-21T07:50:13.133Z,recv,f4:db:00:00:00:d9,0x01,ErrorRsp,,08 24 00 0A,4,0x08
old/hci_snoop_2025_11_21_07_45_17.cfa,1741,2025-11-21T07:50:13.134Z,sent,f4:db:00:00:00:d9,0x04,FindInfo-Req,,22 00 22 00,4,0x22
old/hci_snoop_2025_11_21_07_45_17.cfa,1743,2025-11-21T07:50:13.149Z,recv,f4:db:00:00:00:d9,0x05,FindInfo-Rsp,,01 22 00 01 29,5,0x01
old/hci_snoop_2025_11_21_07_45_17.cfa,1744,2025-11-21T07:50:13.149Z,sent,f4:db:00:00:00:d9,0x04,FindInfo-Req,,25 00 FF FF,4,0x25
old/hci_snoop_2025_11_21_07_45_17.cfa,1746,2025-11-21T07:50:13.164Z,recv,f4:db:00:00:00:d9,0x05,FindInfo-Rsp,,01 25 00 02 29 26 00 01 29,9,0x01
old/hci_snoop_2025_11_21_07_45_17.cfa,1747,2025-11-21T07:50:13.164Z,sent,f4:db:00:00:00:d9,0x04,FindInfo-Req,,27 00 FF FF,4,0x27
old/hci_snoop_2025_11_21_07_45_17.cfa,1749,2025-11-21T07:50:13.178Z,recv,f4:db:00:00:00:d9,0x01,ErrorRsp,,04 27 00 0A,4,0x04
old/hci_snoop_2025_11_21_07_45_17.cfa,1752,2025-11-21T07:50:13.195Z,sent,f4:db:00:00:00:d9,0x12,Write-Req,0x0025,01 00,2,0x01
old/hci_snoop_2025_11_21_07_45_17.cfa,1754,2025-11-21T07:50:13.209Z,recv,f4:db:00:00:00:d9,0x13,Write-Rsp,,,0,
old/hci_snoop_2025_11_21_07_45_17.cfa,1755,2025-11-21T07:50:13.217Z,sent,f4:db:00:00:00:d9,0x12,Write-Req,0x0021,1A,1,0x1A
old/hci_snoop_2025_11_21_07_45_17.cfa,1757,2025-11-21T07:50:13.231Z,recv,f4:db:00:00:00:d9,0x1B,Notify,0x0024,1A 01 00 01 00 00 00 00 00 00 00 00 00 00 00 00 00 00 00 00,20,0x1A
old/hci_snoop_2025_11_21_07_45_17.cfa,1758,2025-11-21T07:50:13.233Z,recv,f4:db:00:00:00:d9,0x13,Write-Rsp,,,0,
