file,rec,timestamp,kind,peer,handle,opcode_byte,value_hex,value_len
hci_snoop_2025_11_26_14_52_44.cfa,441,2025-11-26T14:53:02.472Z,CCCD,f4:db:00:00:00:d9,0x0025,0x01,01 00,2
hci_snoop_2025_11_26_14_52_44.cfa,679,2025-11-26T14:53:31.351Z,CCCD,f4:db:00:00:00:d9,0x0025,0x01,01 00,2
hci_snoop_2025_11_26_14_52_44.cfa,446,2025-11-26T14:53:02.503Z,FFF5-Write,f4:db:00:00:00:d9,0x0021,0x1A,1A,1
hci_snoop_2025_11_26_14_52_44.cfa,682,2025-11-26T14:53:31.381Z,FFF5-Write,f4:db:00:00:00:d9,0x0021,0x01,01,1
hci_snoop_2025_11_26_14_52_44.cfa,687,2025-11-26T14:53:31.431Z,FFF5-Write,f4:db:00:00:00:d9,0x0021,0x07,07 00 00 00 00 03,6
hci_snoop_2025_11_26_14_52_44.cfa,691,2025-11-26T14:53:31.617Z,FFF5-Write,f4:db:00:00:00:d9,0x0021,0x07,07 03 00 00 00 03,6
hci_snoop_2025_11_26_14_52_44.cfa,695,2025-11-26T14:53:31.796Z,FFF5-Write,f4:db:00:00:00:d9,0x0021,0x07,07 06 00 00 00 03,6
hci_snoop_2025_11_26_14_52_44.cfa,699,2025-11-26T14:53:31.984Z,FFF5-Write,f4:db:00:00:00:d9,0x0021,0x07,07 09 00 00 00 03,6
hci_snoop_2025_11_26_14_52_44.cfa,703,2025-11-26T14:53:32.164Z,FFF5-Write,f4:db:00:00:00:d9,0x0021,0x07,07 0C 00 00 00 03,6
hci_snoop_2025_11_26_14_52_44.cfa,707,2025-11-26T14:53:32.361Z,FFF5-Write,f4:db:00:00:00:d9,0x0021,0x07,07 0F 00 00 00 03,6
hci_snoop_2025_11_26_14_52_44.cfa,711,2025-11-26T14:53:32.567Z,FFF5-Write,f4:db:00:00:00:d9,0x0021,0x07,07 12 00 00 00 03,6
hci_snoop_2025_11_26_14_52_44.cfa,715,2025-11-26T14:53:32.749Z,FFF5-Write,f4:db:00:00:00:d9,0x0021,0x07,07 15 00 00 00 03,6
hci_snoop_2025_11_26_14_52_44.cfa,719,2025-11-26T14:53:32.916Z,FFF5-Write,f4:db:00:00:00:d9,0x0021,0x07,07 18 00 00 00 03,6
hci_snoop_2025_11_26_14_52_44.cfa,723,2025-11-26T14:53:33.099Z,FFF5-Write,f4:db:00:00:00:d9,0x0021,0x07,07 1B 00 00 00 03,6
hci_snoop_2025_11_26_14_52_44.cfa,727,2025-11-26T14:53:33.281Z,FFF5-Write,f4:db:00:00:00:d9,0x0021,0x07,07 1E 00 00 00 03,6
hci_snoop_2025_11_26_14_52_44.cfa,731,2025-11-26T14:53:33.464Z,FFF5-Write,f4:db:00:00:00:d9,0x0021,0x07,07 21 00 00 00 03,6
hci_snoop_2025_11_26_14_52_44.cfa,735,2025-11-26T14:53:33.651Z,FFF5-Write,f4:db:00:00:00:d9,0x0021,0x07,07 24 00 00 00 03,6
hci_snoop_2025_11_26_14_52_44.cfa,739,2025-11-26T14:53:33.833Z,FFF5-Write,f4:db:00:00:00:d9,0x0021,0x07,07 27 00 00 00 03,6
hci_snoop_2025_11_26_14_52_44.cfa,743,2025-11-26T14:53:33.998Z,FFF5-Write,f4:db:00:00:00:d9,0x0021,0x07,07 2A 00 00 00 03,6
hci_snoop_2025_11_26_14_52_44.cfa,747,2025-11-26T14:53:34.182Z,FFF5-Write,f4:db:00:00:00:d9,0x0021,0x07,07 2D 00 00 00 03,6
hci_snoop_2025_11_26_14_52_44.cfa,751,2025-11-26T14:53:34.397Z,FFF5-Write,f4:db:00:00:00:d9,0x0021,0x07,07 30 00 00 00 03,6
hci_snoop_2025_11_26_14_52_44.cfa,755,2025-11-26T14:53:34.582Z,FFF5-Write,f4:db:00:00:00:d9,0x0021,0x07,07 33 00 00 00 03,6
hci_snoop_2025_11_26_14_52_44.cfa,759,2025-11-26T14:53:34.766Z,FFF5-Write,f4:db:00:00:00:d9,0x0021,0x07,07 36 00 00 00 03,6
hci_snoop_2025_11_26_14_52_44.cfa,763,2025-11-26T14:53:34.948Z,FFF5-Write,f4:db:00:00:00:d9,0x0021,0x07,07 39 00 00 00 03,6
hci_snoop_2025_11_26_14_52_44.cfa,767,2025-11-26T14:53:35.135Z,FFF5-Write,f4:db:00:00:00:d9,0x0021,0x07,07 3C 00 00 00 03,6
hci_snoop_2025_11_26_14_52_44.cfa,771,2025-11-26T14:53:35.316Z,FFF5-Write,f4:db:00:00:00:d9,0x0021,0x07,07 3F 00 00 00 03,6
hci_snoop_2025_11_26_14_52_44.cfa,775,2025-11-26T14:53:35.484Z,FFF5-Write,f4:db:00:00:00:d9,0x0021,0x07,07 42 00 00 00 03,6
hci_snoop_2025_11_26_14_52_44.cfa,779,2025-11-26T14:53:35.666Z,FFF5-Write,f4:db:00:00:00:d9,0x0021,0x07,07 45 00 00 00 03,6
hci_snoop_2025_11_26_14_52_44.cfa,783,2025-11-26T14:53:35.850Z,FFF5-Write,f4:db:00:00:00:d9,0x0021,0x07,07 48 00 00 00 03,6
hci_snoop_2025_11_26_14_52_44.cfa,787,2025-11-26T14:53:36.035Z,FFF5-Write,f4:db:00:00:00:d9,0x0021,0x07,07 4B 00 00 00 03,6
hci_snoop_2025_11_26_14_52_44.cfa,791,2025-11-26T14:53:36.216Z,FFF5-Write,f4:db:00:00:00:d9,0x0021,0x07,07 4E 00 00 00 03,6
hci_snoop_2025_11_26_14_52_44.cfa,795,2025-11-26T14:53:36.383Z,FFF5-Write,f4:db:00:00:00:d9,0x0021,0x07,07 51 00 00 00 03,6
hci_snoop_2025_11_26_14_52_44.cfa,803,2025-11-26T14:53:36.564Z,FFF5-Write,f4:db:00:00:00:d9,0x0021,0x07,07 54 00 00 00 03,6
hci_snoop_2025_11_26_14_52_44.cfa,807,2025-11-26T14:53:36.749Z,FFF5-Write,f4:db:00:00:00:d9,0x0021,0x07,07 57 00 00 00 03,6
hci_snoop_2025_11_26_14_52_44.cfa,811,2025-11-26T14:53:36.935Z,FFF5-Write,f4:db:00:00:00:d9,0x0021,0x07,07 5A 00 00 00 03,6
hci_snoop_2025_11_26_14_52_44.cfa,816,2025-11-26T14:53:37.117Z,FFF5-Write,f4:db:00:00:00:d9,0x0021,0x07,07 5D 00 00 00 03,6
hci_snoop_2025_11_26_14_52_44.cfa,821,2025-11-26T14:53:37.382Z,FFF5-Write,f4:db:00:00:00:d9,0x0021,0x07,07 60 00 00 00 03,6
hci_snoop_2025_11_26_14_52_44.cfa,825,2025-11-26T14:53:37.649Z,FFF5-Write,f4:db:00:00:00:d9,0x0021,0x07,07 63 00 00 00 03,6
hci_snoop_2025_11_26_14_52_44.cfa,829,2025-11-26T14:53:37.915Z,FFF5-Write,f4:db:00:00:00:d9,0x0021,0x07,07 66 00 00 00 03,6
hci_snoop_2025_11_26_14_52_44.cfa,833,2025-11-26T14:53:38.182Z,FFF5-Write,f4:db:00:00:00:d9,0x0021,0x07,07 69 00 00 00 03,6
hci_snoop_2025_11_26_14_52_44.cfa,837,2025-11-26T14:53:38.465Z,FFF5-Write,f4:db:00:00:00:d9,0x0021,0x07,07 6C 00 00 00 03,6
hci_snoop_2025_11_26_14_52_44.cfa,841,2025-11-26T14:53:38.735Z,FFF5-Write,f4:db:00:00:00:d9,0x0021,0x07,07 6F 00 00 00 03,6
hci_snoop_2025_11_26_14_52_44.cfa,845,2025-11-26T14:53:38.998Z,FFF5-Write,f4:db:00:00:00:d9,0x0021,0x07,07 72 00 00 00 03,6
hci_snoop_2025_11_26_14_52_44.cfa,849,2025-11-26T14:53:39.264Z,FFF5-Write,f4:db:00:00:00:d9,0x0021,0x07,07 75 00 00 00 03,6
hci_snoop_2025_11_26_14_52_44.cfa,853,2025-11-26T14:53:39.532Z,FFF5-Write,f4:db:00:00:00:d9,0x0021,0x07,07 78 00 00 00 03,6
hci_snoop_2025_11_26_14_52_44.cfa,857,2025-11-26T14:53:39.816Z,FFF5-Write,f4:db:00:00:00:d9,0x0021,0x07,07 7B 00 00 00 03,6
hci_snoop_2025_11_26_14_52_44.cfa,861,2025-11-26T14:53:40.082Z,FFF5-Write,f4:db:00:00:00:d9,0x0021,0x07,07 7E 00 00 00 03,6
hci_snoop_2025_11_26_14_52_44.cfa,865,2025-11-26T14:53:40.349Z,FFF5-Write,f4:db:00:00:00:d9,0x0021,0x07,07 81 00 00 00 03,6
hci_snoop_2025_11_26_14_52_44.cfa,869,2025-11-26T14:53:40.618Z,FFF5-Write,f4:db:00:00:00:d9,0x0021,0x07,07 84 00 00 00 03,6
hci_snoop_2025_11_26_14_52_44.cfa,873,2025-11-26T14:53:40.882Z,FFF5-Write,f4:db:00:00:00:d9,0x0021,0x07,07 87 00 00 00 03,6
hci_snoop_2025_11_26_14_52_44.cfa,877,2025-11-26T14:53:41.167Z,FFF5-Write,f4:db:00:00:00:d9,0x0021,0x07,07 8A 00 00 00 03,6
hci_snoop_2025_11_26_14_52_44.cfa,881,2025-11-26T14:53:41.434Z,FFF5-Write,f4:db:00:00:00:d9,0x0021,0x07,07 8D 00 00 00 03,6
hci_snoop_2025_11_26_14_52_44.cfa,885,2025-11-26T14:53:41.700Z,FFF5-Write,f4:db:00:00:00:d9,0x0021,0x07,07 90 00 00 00 03,6
hci_snoop_2025_11_26_14_52_44.cfa,889,2025-11-26T14:53:41.968Z,FFF5-Write,f4:db:00:00:00:d9,0x0021,0x07,07 93 00 00 00 03,6
hci_snoop_2025_11_26_14_52_44.cfa,893,2025-11-26T14:53:42.235Z,FFF5-Write,f4:db:00:00:00:d9,0x0021,0x07,07 96 00 00 00 03,6
hci_snoop_2025_11_26_14_52_44.cfa,897,2025-11-26T14:53:42.516Z,FFF5-Write,f4:db:00:00:00:d9,0x0021,0x07,07 99 00 00 00 03,6
hci_snoop_2025_11_26_14_52_44.cfa,901,2025-11-26T14:53:42.782Z,FFF5-Write,f4:db:00:00:00:d9,0x0021,0x07,07 9C 00 00 00 03,6
hci_snoop_2025_11_26_14_52_44.cfa,905,2025-11-26T14:53:43.052Z,FFF5-Write,f4:db:00:00:00:d9,0x0021,0x07,07 9F 00 00 00 03,6
hci_snoop_2025_11_26_14_52_44.cfa,909,2025-11-26T14:53:43.315Z,FFF5-Write,f4:db:00:00:00:d9,0x0021,0x07,07 A2 00 00 00 03,6
hci_snoop_2025_11_26_14_52_44.cfa,913,2025-11-26T14:53:43.583Z,FFF5-Write,f4:db:00:00:00:d9,0x0021,0x07,07 A5 00 00 00 03,6
hci_snoop_2025_11_26_14_52_44.cfa,917,2025-11-26T14:53:43.866Z,FFF5-Write,f4:db:00:00:00:d9,0x0021,0x07,07 A8 00 00 00 03,6
hci_snoop_2025_11_26_14_52_44.cfa,921,2025-11-26T14:53:44.133Z,FFF5-Write,f4:db:00:00:00:d9,0x0021,0x07,07 AB 00 00 00 03,6
hci_snoop_2025_11_26_14_52_44.cfa,926,2025-11-26T14:53:44.400Z,FFF5-Write,f4:db:00:00:00:d9,0x0021,0x07,07 AE 00 00 00 03,6
hci_snoop_2025_11_26_14_52_44.cfa,930,2025-11-26T14:53:44.666Z,FFF5-Write,f4:db:00:00:00:d9,0x0021,0x07,07 B1 00 00 00 03,6
hci_snoop_2025_11_26_14_52_44.cfa,934,2025-11-26T14:53:44.939Z,FFF5-Write,f4:db:00:00:00:d9,0x0021,0x07,07 B4 00 00 00 03,6
hci_snoop_2025_11_26_14_52_44.cfa,938,2025-11-26T14:53:45.220Z,FFF5-Write,f4:db:00:00:00:d9,0x0021,0x07,07 B7 00 00 00 03,6
hci_snoop_2025_11_26_14_52_44.cfa,942,2025-11-26T14:53:45.483Z,FFF5-Write,f4:db:00:00:00:d9,0x0021,0x07,07 BA 00 00 00 03,6
hci_snoop_2025_11_26_14_52_44.cfa,946,2025-11-26T14:53:45.751Z,FFF5-Write,f4:db:00:00:00:d9,0x0021,0x07,07 BD 00 00 00 03,6
hci_snoop_2025_11_26_14_52_44.cfa,950,2025-11-26T14:53:46.019Z,FFF5-Write,f4:db:00:00:00:d9,0x0021,0x07,07 C0 00 00 00 03,6
hci_snoop_2025_11_26_14_52_44.cfa,954,2025-11-26T14:53:46.286Z,FFF5-Write,f4:db:00:00:00:d9,0x0021,0x07,07 C3 00 00 00 03,6
hci_snoop_2025_11_26_14_52_44.cfa,958,2025-11-26T14:53:46.567Z,FFF5-Write,f4:db:00:00:00:d9,0x0021,0x07,07 C6 00 00 00 03,6
hci_snoop_2025_11_26_14_52_44.cfa,962,2025-11-26T14:53:46.835Z,FFF5-Write,f4:db:00:00:00:d9,0x0021,0x07,07 C9 00 00 00 03,6
hci_snoop_2025_11_26_14_52_44.cfa,966,2025-11-26T14:53:47.099Z,FFF5-Write,f4:db:00:00:00:d9,0x0021,0x07,07 CC 00 00 00 03,6
hci_snoop_2025_11_26_14_52_44.cfa,970,2025-11-26T14:53:47.383Z,FFF5-Write,f4:db:00:00:00:d9,0x0021,0x07,07 CF 00 00 00 03,6
hci_snoop_2025_11_26_14_52_44.cfa,974,2025-11-26T14:53:47.637Z,FFF5-Write,f4:db:00:00:00:d9,0x0021,0x07,07 D2 00 00 00 03,6
hci_snoop_2025_11_26_14_52_44.cfa,978,2025-11-26T14:53:47.918Z,FFF5-Write,f4:db:00:00:00:d9,0x0021,0x07,07 D5 00 00 00 03,6
hci_snoop_2025_11_26_14_52_44.cfa,982,2025-11-26T14:53:48.185Z,FFF5-Write,f4:db:00:00:00:d9,0x0021,0x07,07 D8 00 00 00 03,6
hci_snoop_2025_11_26_14_52_44.cfa,986,2025-11-26T14:53:48.451Z,FFF5-Write,f4:db:00:00:00:d9,0x0021,0x07,07 DB 00 00 00 03,6
hci_snoop_2025_11_26_14_52_44.cfa,990,2025-11-26T14:53:48.718Z,FFF5-Write,f4:db:00:00:00:d9,0x0021,0x07,07 DE 00 00 00 03,6
hci_snoop_2025_11_26_14_52_44.cfa,994,2025-11-26T14:53:48.985Z,FFF5-Write,f4:db:00:00:00:d9,0x0021,0x07,07 E1 00 00 00 03,6
hci_snoop_2025_11_26_14_52_44.cfa,998,2025-11-26T14:53:49.268Z,FFF5-Write,f4:db:00:00:00:d9,0x0021,0x07,07 E4 00 00 00 03,6
hci_snoop_2025_11_26_14_52_44.cfa,1002,2025-11-26T14:53:49.533Z,FFF5-Write,f4:db:00:00:00:d9,0x0021,0x07,07 E7 00 00 00 03,6
hci_snoop_2025_11_26_14_52_44.cfa,1006,2025-11-26T14:53:49.800Z,FFF5-Write,f4:db:00:00:00:d9,0x0021,0x07,07 EA 00 00 00 03,6
hci_snoop_2025_11_26_14_52_44.cfa,1010,2025-11-26T14:53:50.068Z,FFF5-Write,f4:db:00:00:00:d9,0x0021,0x07,07 ED 00 00 00 03,6
hci_snoop_2025_11_26_14_52_44.cfa,1014,2025-11-26T14:53:50.339Z,FFF5-Write,f4:db:00:00:00:d9,0x0021,0x07,07 F0 00 00 00 03,6
hci_snoop_2025_11_26_14_52_44.cfa,1018,2025-11-26T14:53:50.620Z,FFF5-Write,f4:db:00:00:00:d9,0x0021,0x07,07 F3 00 00 00 03,6
hci_snoop_2025_11_26_14_52_44.cfa,1022,2025-11-26T14:53:50.883Z,FFF5-Write,f4:db:00:00:00:d9,0x0021,0x07,07 F6 00 00 00 03,6
hci_snoop_2025_11_26_14_52_44.cfa,1026,2025-11-26T14:53:51.152Z,FFF5-Write,f4:db:00:00:00:d9,0x0021,0x07,07 F9 00 00 00 03,6
hci_snoop_2025_11_26_14_52_44.cfa,1030,2025-11-26T14:53:51.418Z,FFF5-Write,f4:db:00:00:00:d9,0x0021,0x07,07 FC 00 00 00 03,6
hci_snoop_2025_11_26_14_52_44.cfa,1034,2025-11-26T14:53:51.683Z,FFF5-Write,f4:db:00:00:00:d9,0x0021,0x07,07 FF 00 00 00 03,6
hci_snoop_2025_11_26_14_52_44.cfa,1038,2025-11-26T14:53:51.968Z,FFF5-Write,f4:db:00:00:00:d9,0x0021,0x07,07 02 01 00 00 03,6
hci_snoop_2025_11_26_14_52_44.cfa,1042,2025-11-26T14:53:52.235Z,FFF5-Write,f4:db:00:00:00:d9,0x0021,0x07,07 05 01 00 00 03,6
hci_snoop_2025_11_26_14_52_44.cfa,1046,2025-11-26T14:53:52.502Z,FFF5-Write,f4:db:00:00:00:d9,0x0021,0x07,07 08 01 00 00 03,6
hci_snoop_2025_11_26_14_52_44.cfa,1050,2025-11-26T14:53:52.768Z,FFF5-Write,f4:db:00:00:00:d9,0x0021,0x07,07 0B 01 00 00 03,6
hci_snoop_2025_11_26_14_52_44.cfa,1054,2025-11-26T14:53:53.040Z,FFF5-Write,f4:db:00:00:00:d9,0x0021,0x07,07 0E 01 00 00 03,6
hci_snoop_2025_11_26_14_52_44.cfa,1058,2025-11-26T14:53:53.318Z,FFF5-Write,f4:db:00:00:00:d9,0x0021,0x07,07 11 01 00 00 03,6
hci_snoop_2025_11_26_14_52_44.cfa,1062,2025-11-26T14:53:53.584Z,FFF5-Write,f4:db:00:00:00:d9,0x0021,0x07,07 14 01 00 00 03,6
hci_snoop_2025_11_26_14_52_44.cfa,1067,2025-11-26T14:53:53.853Z,FFF5-Write,f4:db:00:00:00:d9,0x0021,0x07,07 17 01 00 00 03,6
hci_snoop_2025_11_26_14_52_44.cfa,1089,2025-11-26T14:53:54.109Z,FFF5-Write,f4:db:00:00:00:d9,0x0021,0x07,07 1A 01 00 00 03,6
hci_snoop_2025_11_26_14_52_44.cfa,1093,2025-11-26T14:53:54.367Z,FFF5-Write,f4:db:00:00:00:d9,0x0021,0x07,07 1D 01 00 00 03,6
hci_snoop_2025_11_26_14_52_44.cfa,448,2025-11-26T14:53:02.519Z,FFF3-Notify,f4:db:00:00:00:d9,0x0024,0x1A,1A 01 00 01 00 00 00 00 00 00 00 00 00 00 00 00 00 00 00 00,20
hci_snoop_2025_11_26_14_52_44.cfa,684,2025-11-26T14:53:31.393Z,FFF3-Notify,f4:db:00:00:00:d9,0x0024,0x01,01 2F 06 00 00 00 00 00 00 00 00 00 00 00 00 00 00 00 00 00,20
hci_snoop_2025_11_26_14_52_44.cfa,689,2025-11-26T14:53:31.501Z,FFF3-Notify,f4:db:00:00:00:d9,0x0024,0x07,07 00 00 00 00 03 81 01 7B 01 79 01 B4 03 BC 03 CB 03 00 00,20
hci_snoop_2025_11_26_14_52_44.cfa,693,2025-11-26T14:53:31.724Z,FFF3-Notify,f4:db:00:00:00:d9,0x0024,0x07,07 03 00 00 00 03 74 01 67 01 5A 01 C0 03 CE 03 EF 03 00 00,20
hci_snoop_2025_11_26_14_52_44.cfa,697,2025-11-26T14:53:31.859Z,FFF3-Notify,f4:db:00:00:00:d9,0x0024,0x07,07 06 00 00 00 03 53 01 77 01 5C 01 04 04 BD 03 F4 03 00 00,20
hci_snoop_2025_11_26_14_52_44.cfa,701,2025-11-26T14:53:32.040Z,FFF3-Notify,f4:db:00:00:00:d9,0x0024,0x07,07 09 00 00 00 03 62 01 65 01 69 01 F0 03 E9 03 E4 03 00 00,20
hci_snoop_2025_11_26_14_52_44.cfa,705,2025-11-26T14:53:32.220Z,FFF3-Notify,f4:db:00:00:00:d9,0x0024,0x07,07 0C 00 00 00 03 6B 01 6E 01 6F 01 DE 03 D9 03 DC 03 00 00,20
hci_snoop_2025_11_26_14_52_44.cfa,709,2025-11-26T14:53:32.445Z,FFF3-Notify,f4:db:00:00:00:d9,0x0024,0x07,07 0F 00 00 00 03 71 01 72 01 6C 01 D3 03 CF 03 D5 03 00 00,20
hci_snoop_2025_11_26_14_52_44.cfa,713,2025-11-26T14:53:32.625Z,FFF3-Notify,f4:db:00:00:00:d9,0x0024,0x07,07 12 00 00 00 03 67 01 63 01 60 01 E1 03 E9 03 F1 03 00 00,20
hci_snoop_2025_11_26_14_52_44.cfa,717,2025-11-26T14:53:32.850Z,FFF3-Notify,f4:db:00:00:00:d9,0x0024,0x07,07 15 00 00 00 03 5D 01 5A 01 58 01 F9 03 00 04 06 04 00 00,20
hci_snoop_2025_11_26_14_52_44.cfa,721,2025-11-26T14:53:32.986Z,FFF3-Notify,f4:db:00:00:00:d9,0x0024,0x07,07 18 00 00 00 03 56 01 54 01 53 01 0B 04 0E 04 11 04 00 00,20
hci_snoop_2025_11_26_14_52_44.cfa,725,2025-11-26T14:53:33.166Z,FFF3-Notify,f4:db:00:00:00:d9,0x0024,0x07,07 1B 00 00 00 03 52 01 51 01 50 01 13 04 15 04 18 04 00 00,20
hci_snoop_2025_11_26_14_52_44.cfa,729,2025-11-26T14:53:33.345Z,FFF3-Notify,f4:db:00:00:00:d9,0x0024,0x07,07 1E 00 00 00 03 4F 01 4F 01 4E 01 19 04 1B 04 1D 04 00 00,20
hci_snoop_2025_11_26_14_52_44.cfa,733,2025-11-26T14:53:33.525Z,FFF3-Notify,f4:db:00:00:00:d9,0x0024,0x07,07 21 00 00 00 03 4D 01 4C 01 4C 01 1F 04 20 04 21 04 00 00,20
hci_snoop_2025_11_26_14_52_44.cfa,737,2025-11-26T14:53:33.705Z,FFF3-Notify,f4:db:00:00:00:d9,0x0024,0x07,07 24 00 00 00 03 4B 01 4B 01 4B 01 22 04 24 04 25 04 00 00,20
hci_snoop_2025_11_26_14_52_44.cfa,741,2025-11-26T14:53:33.885Z,FFF3-Notify,f4:db:00:00:00:d9,0x0024,0x07,07 27 00 00 00 03 4A 01 49 01 49 01 26 04 27 04 28 04 00 00,20
hci_snoop_2025_11_26_14_52_44.cfa,745,2025-11-26T14:53:34.065Z,FFF3-Notify,f4:db:00:00:00:d9,0x0024,0x07,07 2A 00 00 00 03 49 01 48 01 48 01 28 04 28 04 29 04 00 00,20
hci_snoop_2025_11_26_14_52_44.cfa,749,2025-11-26T14:53:34.245Z,FFF3-Notify,f4:db:00:00:00:d9,0x0024,0x07,07 2D 00 00 00 03 47 01 47 01 47 01 29 04 29 04 2A 04 00 00,20
hci_snoop_2025_11_26_14_52_44.cfa,753,2025-11-26T14:53:34.469Z,FFF3-Notify,f4:db:00:00:00:d9,0x0024,0x07,07 30 00 00 00 03 46 01 46 01 46 01 2B 04 2B 04 2C 04 00 00,20
hci_snoop_2025_11_26_14_52_44.cfa,757,2025-11-26T14:53:34.650Z,FFF3-Notify,f4:db:00:00:00:d9,0x0024,0x07,07 33 00 00 00 03 46 01 46 01 45 01 2D 04 2D 04 2E 04 00 00,20
hci_snoop_2025_11_26_14_52_44.cfa,761,2025-11-26T14:53:34.831Z,FFF3-Notify,f4:db:00:00:00:d9,0x0024,0x07,07 36 00 00 00 03 45 01 45 01 45 01 30 04 31 04 32 04 00 00,20
hci_snoop_2025_11_26_14_52_44.cfa,765,2025-11-26T14:53:35.009Z,FFF3-Notify,f4:db:00:00:00:d9,0x0024,0x07,07 39 00 00 00 03 44 01 44 01 45 01 33 04 35 04 3D 04 00 00,20
hci_snoop_2025_11_26_14_52_44.cfa,769,2025-11-26T14:53:35.190Z,FFF3-Notify,f4:db:00:00:00:d9,0x0024,0x07,07 3C 00 00 00 03 44 01 44 01 43 01 3F 04 40 04 41 04 00 00,20
hci_snoop_2025_11_26_14_52_44.cfa,773,2025-11-26T14:53:35.369Z,FFF3-Notify,f4:db:00:00:00:d9,0x0024,0x07,07 3F 00 00 00 03 43 01 43 01 43 01 42 04 44 04 45 04 00 00,20
hci_snoop_2025_11_26_14_52_44.cfa,777,2025-11-26T14:53:35.550Z,FFF3-Notify,f4:db:00:00:00:d9,0x0024,0x07,07 42 00 00 00 03 43 01 43 01 43 01 47 04 48 04 4A 04 00 00,20
hci_snoop_2025_11_26_14_52_44.cfa,781,2025-11-26T14:53:35.731Z,FFF3-Notify,f4:db:00:00:00:d9,0x0024,0x07,07 45 00 00 00 03 42 01 42 01 42 01 4B 04 4C 04 4C 04 00 00,20
hci_snoop_2025_11_26_14_52_44.cfa,785,2025-11-26T14:53:35.909Z,FFF3-Notify,f4:db:00:00:00:d9,0x0024,0x07,07 48 00 00 00 03 42 01 42 01 42 01 4E 04 4F 04 50 04 00 00,20
hci_snoop_2025_11_26_14_52_44.cfa,789,2025-11-26T14:53:36.089Z,FFF3-Notify,f4:db:00:00:00:d9,0x0024,0x07,07 4B 00 00 00 03 42 01 42 01 42 01 52 04 53 04 54 04 00 00,20
hci_snoop_2025_11_26_14_52_44.cfa,793,2025-11-26T14:53:36.269Z,FFF3-Notify,f4:db:00:00:00:d9,0x0024,0x07,07 4E 00 00 00 03 42 01 42 01 41 01 54 04 55 04 56 04 00 00,20
hci_snoop_2025_11_26_14_52_44.cfa,797,2025-11-26T14:53:36.449Z,FFF3-Notify,f4:db:00:00:00:d9,0x0024,0x07,07 51 00 00 00 03 42 01 41 01 41 01 57 04 58 04 58 04 00 00,20
hci_snoop_2025_11_26_14_52_44.cfa,805,2025-11-26T14:53:36.632Z,FFF3-Notify,f4:db:00:00:00:d9,0x0024,0x07,07 54 00 00 00 03 41 01 41 01 41 01 5A 04 5A 04 5B 04 00 00,20
hci_snoop_2025_11_26_14_52_44.cfa,809,2025-11-26T14:53:36.809Z,FFF3-Notify,f4:db:00:00:00:d9,0x0024,0x07,07 57 00 00 00 03 41 01 41 01 41 01 5C 04 5D 04 5E 04 00 00,20
hci_snoop_2025_11_26_14_52_44.cfa,813,2025-11-26T14:53:36.990Z,FFF3-Notify,f4:db:00:00:00:d9,0x0024,0x07,07 5A 00 00 00 03 41 01 41 01 41 01 5F 04 5F 04 5F 04 00 00,20
hci_snoop_2025_11_26_14_52_44.cfa,819,2025-11-26T14:53:37.260Z,FFF3-Notify,f4:db:00:00:00:d9,0x0024,0x07,07 5D 00 00 00 03 41 01 41 01 41 01 60 04 61 04 61 04 00 00,20
hci_snoop_2025_11_26_14_52_44.cfa,823,2025-11-26T14:53:37.530Z,FFF3-Notify,f4:db:00:00:00:d9,0x0024,0x07,07 60 00 00 00 03 41 01 41 01 40 01 62 04 62 04 63 04 00 00,20
hci_snoop_2025_11_26_14_52_44.cfa,827,2025-11-26T14:53:37.800Z,FFF3-Notify,f4:db:00:00:00:d9,0x0024,0x07,07 63 00 00 00 03 40 01 41 01 40 01 63 04 64 04 65 04 00 00,20
hci_snoop_2025_11_26_14_52_44.cfa,831,2025-11-26T14:53:38.071Z,FFF3-Notify,f4:db:00:00:00:d9,0x0024,0x07,07 66 00 00 00 03 40 01 40 01 40 01 65 04 66 04 66 04 00 00,20
hci_snoop_2025_11_26_14_52_44.cfa,835,2025-11-26T14:53:38.341Z,FFF3-Notify,f4:db:00:00:00:d9,0x0024,0x07,07 69 00 00 00 03 40 01 40 01 40 01 67 04 67 04 68 04 00 00,20
hci_snoop_2025_11_26_14_52_44.cfa,839,2025-11-26T14:53:38.609Z,FFF3-Notify,f4:db:00:00:00:d9,0x0024,0x07,07 6C 00 00 00 03 40 01 40 01 40 01 68 04 68 04 69 04 00 00,20
hci_snoop_2025_11_26_14_52_44.cfa,843,2025-11-26T14:53:38.881Z,FFF3-Notify,f4:db:00:00:00:d9,0x0024,0x07,07 6F 00 00 00 03 40 01 40 01 40 01 6A 04 69 04 6A 04 00 00,20
hci_snoop_2025_11_26_14_52_44.cfa,847,2025-11-26T14:53:39.150Z,FFF3-Notify,f4:db:00:00:00:d9,0x0024,0x07,07 72 00 00 00 03 40 01 40 01 40 01 6B 04 6C 04 6C 04 00 00,20
hci_snoop_2025_11_26_14_52_44.cfa,851,2025-11-26T14:53:39.420Z,FFF3-Notify,f4:db:00:00:00:d9,0x0024,0x07,07 75 00 00 00 03 40 01 40 01 40 01 6E 04 6E 04 6F 04 00 00,20
hci_snoop_2025_11_26_14_52_44.cfa,855,2025-11-26T14:53:39.689Z,FFF3-Notify,f4:db:00:00:00:d9,0x0024,0x07,07 78 00 00 00 03 40 01 40 01 40 01 6E 04 6F 04 6F 04 00 00,20
hci_snoop_2025_11_26_14_52_44.cfa,859,2025-11-26T14:53:39.960Z,FFF3-Notify,f4:db:00:00:00:d9,0x0024,0x07,07 7B 00 00 00 03 40 01 40 01 3B 01 6F 04 6F 04 F2 03 00 00,20
hci_snoop_2025_11_26_14_52_44.cfa,863,2025-11-26T14:53:40.231Z,FFF3-Notify,f4:db:00:00:00:d9,0x0024,0x07,07 7E 00 00 00 03 3A 01 3B 01 3C 01 0A 04 28 04 2E 04 00 00,20
hci_snoop_2025_11_26_14_52_44.cfa,867,2025-11-26T14:53:40.500Z,FFF3-Notify,f4:db:00:00:00:d9,0x0024,0x07,07 81 00 00 00 03 3C 01 3C 01 3D 01 35 04 3B 04 3F 04 00 00,20
hci_snoop_2025_11_26_14_52_44.cfa,871,2025-11-26T14:53:40.770Z,FFF3-Notify,f4:db:00:00:00:d9,0x0024,0x07,07 84 00 00 00 03 3F 01 3F 01 39 01 48 04 48 04 62 04 00 00,20
hci_snoop_2025_11_26_14_52_44.cfa,875,2025-11-26T14:53:41.041Z,FFF3-Notify,f4:db:00:00:00:d9,0x0024,0x07,07 87 00 00 00 03 36 01 37 01 38 01 76 04 7C 04 80 04 00 00,20
hci_snoop_2025_11_26_14_52_44.cfa,879,2025-11-26T14:53:41.310Z,FFF3-Notify,f4:db:00:00:00:d9,0x0024,0x07,07 8A 00 00 00 03 3A 01 3C 01 3F 01 81 04 85 04 81 04 00 00,20
hci_snoop_2025_11_26_14_52_44.cfa,883,2025-11-26T14:53:41.582Z,FFF3-Notify,f4:db:00:00:00:d9,0x0024,0x07,07 8D 00 00 00 03 40 01 41 01 46 01 7F 04 83 04 7A 04 00 00,20
hci_snoop_2025_11_26_14_52_44.cfa,887,2025-11-26T14:53:41.851Z,FFF3-Notify,f4:db:00:00:00:d9,0x0024,0x07,07 90 00 00 00 03 4B 01 4D 01 4D 01 72 04 65 04 5E 04 00 00,20
hci_snoop_2025_11_26_14_52_44.cfa,891,2025-11-26T14:53:42.120Z,FFF3-Notify,f4:db:00:00:00:d9,0x0024,0x07,07 93 00 00 00 03 4D 01 4D 01 4C 01 59 04 58 04 58 04 00 00,20
hci_snoop_2025_11_26_14_52_44.cfa,895,2025-11-26T14:53:42.390Z,FFF3-Notify,f4:db:00:00:00:d9,0x0024,0x07,07 96 00 00 00 03 4C 01 4C 01 4B 01 57 04 56 04 57 04 00 00,20
hci_snoop_2025_11_26_14_52_44.cfa,899,2025-11-26T14:53:42.660Z,FFF3-Notify,f4:db:00:00:00:d9,0x0024,0x07,07 99 00 00 00 03 4A 01 4A 01 49 01 5A 04 5A 04 5B 04 00 00,20
hci_snoop_2025_11_26_14_52_44.cfa,903,2025-11-26T14:53:42.931Z,FFF3-Notify,f4:db:00:00:00:d9,0x0024,0x07,07 9C 00 00 00 03 48 01 48 01 47 01 5C 04 5D 04 5C 04 00 00,20
hci_snoop_2025_11_26_14_52_44.cfa,907,2025-11-26T14:53:43.200Z,FFF3-Notify,f4:db:00:00:00:d9,0x0024,0x07,07 9F 00 00 00 03 47 01 46 01 46 01 5C 04 5C 04 59 04 00 00,20
hci_snoop_2025_11_26_14_52_44.cfa,911,2025-11-26T14:53:43.470Z,FFF3-Notify,f4:db:00:00:00:d9,0x0024,0x07,07 A2 00 00 00 03 45 01 44 01 43 01 4D 04 3F 04 36 04 00 00,20
hci_snoop_2025_11_26_14_52_44.cfa,915,2025-11-26T14:53:43.740Z,FFF3-Notify,f4:db:00:00:00:d9,0x0024,0x07,07 A5 00 00 00 03 43 01 42 01 41 01 2A 04 29 04 23 04 00 00,20
hci_snoop_2025_11_26_14_52_44.cfa,919,2025-11-26T14:53:44.009Z,FFF3-Notify,f4:db:00:00:00:d9,0x0024,0x07,07 A8 00 00 00 03 41 01 40 01 40 01 21 04 18 04 11 04 00 00,20
hci_snoop_2025_11_26_14_52_44.cfa,923,2025-11-26T14:53:44.281Z,FFF3-Notify,f4:db:00:00:00:d9,0x0024,0x07,07 AB 00 00 00 03 3F 01 3F 01 3E 01 0B 04 01 04 F9 03 00 00,20
hci_snoop_2025_11_26_14_52_44.cfa,928,2025-11-26T14:53:44.549Z,FFF3-Notify,f4:db:00:00:00:d9,0x0024,0x07,07 AE 00 00 00 03 3D 01 3D 01 3C 01 F9 03 F0 03 F0 03 00 00,20
hci_snoop_2025_11_26_14_52_44.cfa,932,2025-11-26T14:53:44.819Z,FFF3-Notify,f4:db:00:00:00:d9,0x0024,0x07,07 B1 00 00 00 03 3C 01 3B 01 3B 01 E2 03 D6 03 CF 03 00 00,20
hci_snoop_2025_11_26_14_52_44.cfa,936,2025-11-26T14:53:45.089Z,FFF3-Notify,f4:db:00:00:00:d9,0x0024,0x07,07 B4 00 00 00 03 3A 01 3A 01 3A 01 E4 03 ED 03 F3 03 00 00,20
hci_snoop_2025_11_26_14_52_44.cfa,940,2025-11-26T14:53:45.360Z,FFF3-Notify,f4:db:00:00:00:d9,0x0024,0x07,07 B7 00 00 00 03 3A 01 3A 01 39 01 FA 03 01 04 07 04 00 00,20
hci_snoop_2025_11_26_14_52_44.cfa,944,2025-11-26T14:53:45.631Z,FFF3-Notify,f4:db:00:00:00:d9,0x0024,0x07,07 BA 00 00 00 03 39 01 39 01 39 01 0D 04 11 04 13 04 00 00,20
hci_snoop_2025_11_26_14_52_44.cfa,948,2025-11-26T14:53:45.901Z,FFF3-Notify,f4:db:00:00:00:d9,0x0024,0x07,07 BD 00 00 00 03 39 01 3A 01 39 01 17 04 1D 04 22 04 00 00,20
hci_snoop_2025_11_26_14_52_44.cfa,952,2025-11-26T14:53:46.171Z,FFF3-Notify,f4:db:00:00:00:d9,0x0024,0x07,07 C0 00 00 00 03 3A 01 39 01 3A 01 26 04 2A 04 2D 04 00 00,20
hci_snoop_2025_11_26_14_52_44.cfa,956,2025-11-26T14:53:46.441Z,FFF3-Notify,f4:db:00:00:00:d9,0x0024,0x07,07 C3 00 00 00 03 3A 01 3A 01 3A 01 31 04 34 04 37 04 00 00,20
hci_snoop_2025_11_26_14_52_44.cfa,960,2025-11-26T14:53:46.709Z,FFF3-Notify,f4:db:00:00:00:d9,0x0024,0x07,07 C6 00 00 00 03 3A 01 3A 01 3A 01 3A 04 3D 04 3F 04 00 00,20
hci_snoop_2025_11_26_14_52_44.cfa,964,2025-11-26T14:53:46.980Z,FFF3-Notify,f4:db:00:00:00:d9,0x0024,0x07,07 C9 00 00 00 03 3A 01 3A 01 3A 01 42 04 44 04 47 04 00 00,20
hci_snoop_2025_11_26_14_52_44.cfa,968,2025-11-26T14:53:47.340Z,FFF3-Notify,f4:db:00:00:00:d9,0x0024,0x07,07 CC 00 00 00 03 3A 01 3A 01 3A 01 49 04 4B 04 4D 04 00 00,20
hci_snoop_2025_11_26_14_52_44.cfa,972,2025-11-26T14:53:47.520Z,FFF3-Notify,f4:db:00:00:00:d9,0x0024,0x07,07 CF 00 00 00 03 3A 01 3A 01 3A 01 4E 04 4F 04 51 04 00 00,20
hci_snoop_2025_11_26_14_52_44.cfa,976,2025-11-26T14:53:47.790Z,FFF3-Notify,f4:db:00:00:00:d9,0x0024,0x07,07 D2 00 00 00 03 3B 01 3B 01 3B 01 53 04 55 04 56 04 00 00,20
hci_snoop_2025_11_26_14_52_44.cfa,980,2025-11-26T14:53:48.060Z,FFF3-Notify,f4:db:00:00:00:d9,0x0024,0x07,07 D5 00 00 00 03 3B 01 3B 01 3B 01 57 04 58 04 59 04 00 00,20
hci_snoop_2025_11_26_14_52_44.cfa,984,2025-11-26T14:53:48.329Z,FFF3-Notify,f4:db:00:00:00:d9,0x0024,0x07,07 D8 00 00 00 03 3B 01 3B 01 3B 01 5A 04 5B 04 5C 04 00 00,20
hci_snoop_2025_11_26_14_52_44.cfa,988,2025-11-26T14:53:48.599Z,FFF3-Notify,f4:db:00:00:00:d9,0x0024,0x07,07 DB 00 00 00 03 3B 01 3B 01 3B 01 5D 04 5E 04 5F 04 00 00,20
hci_snoop_2025_11_26_14_52_44.cfa,992,2025-11-26T14:53:48.870Z,FFF3-Notify,f4:db:00:00:00:d9,0x0024,0x07,07 DE 00 00 00 03 3B 01 3B 01 3B 01 60 04 61 04 61 04 00 00,20
hci_snoop_2025_11_26_14_52_44.cfa,996,2025-11-26T14:53:49.139Z,FFF3-Notify,f4:db:00:00:00:d9,0x0024,0x07,07 E1 00 00 00 03 3B 01 3B 01 3B 01 63 04 63 04 64 04 00 00,20
hci_snoop_2025_11_26_14_52_44.cfa,1000,2025-11-26T14:53:49.410Z,FFF3-Notify,f4:db:00:00:00:d9,0x0024,0x07,07 E4 00 00 00 03 3B 01 3B 01 3B 01 65 04 66 04 66 04 00 00,20
hci_snoop_2025_11_26_14_52_44.cfa,1004,2025-11-26T14:53:49.680Z,FFF3-Notify,f4:db:00:00:00:d9,0x0024,0x07,07 E7 00 00 00 03 3B 01 3B 01 3A 01 67 04 68 04 69 04 00 00,20
hci_snoop_2025_11_26_14_52_44.cfa,1008,2025-11-26T14:53:49.952Z,FFF3-Notify,f4:db:00:00:00:d9,0x0024,0x07,07 EA 00 00 00 03 3A 01 3B 01 3A 01 6A 04 6B 04 6A 04 00 00,20
hci_snoop_2025_11_26_14_52_44.cfa,1012,2025-11-26T14:53:50.219Z,FFF3-Notify,f4:db:00:00:00:d9,0x0024,0x07,07 ED 00 00 00 03 3A 01 3B 01 3C 01 6A 04 6C 04 6B 04 00 00,20
hci_snoop_2025_11_26_14_52_44.cfa,1016,2025-11-26T14:53:50.490Z,FFF3-Notify,f4:db:00:00:00:d9,0x0024,0x07,07 F0 00 00 00 03 3E 01 40 01 41 01 68 04 64 04 5F 04 00 00,20
hci_snoop_2025_11_26_14_52_44.cfa,1020,2025-11-26T14:53:50.760Z,FFF3-Notify,f4:db:00:00:00:d9,0x0024,0x07,07 F3 00 00 00 03 43 01 44 01 45 01 5C 04 58 04 56 04 00 00,20
hci_snoop_2025_11_26_14_52_44.cfa,1024,2025-11-26T14:53:51.029Z,FFF3-Notify,f4:db:00:00:00:d9,0x0024,0x07,07 F6 00 00 00 03 47 01 48 01 4A 01 56 04 53 04 4D 04 00 00,20
hci_snoop_2025_11_26_14_52_44.cfa,1028,2025-11-26T14:53:51.302Z,FFF3-Notify,f4:db:00:00:00:d9,0x0024,0x07,07 F9 00 00 00 03 4C 01 51 01 4F 01 48 04 3D 04 41 04 00 00,20
hci_snoop_2025_11_26_14_52_44.cfa,1032,2025-11-26T14:53:51.571Z,FFF3-Notify,f4:db:00:00:00:d9,0x0024,0x07,07 FC 00 00 00 03 4F 01 4F 01 4F 01 41 04 3F 04 3F 04 00 00,20
hci_snoop_2025_11_26_14_52_44.cfa,1036,2025-11-26T14:53:51.840Z,FFF3-Notify,f4:db:00:00:00:d9,0x0024,0x07,07 FF 00 00 00 03 50 01 50 01 50 01 3F 04 3D 04 3C 04 00 00,20
hci_snoop_2025_11_26_14_52_44.cfa,1040,2025-11-26T14:53:52.110Z,FFF3-Notify,f4:db:00:00:00:d9,0x0024,0x07,07 02 01 00 00 03 51 01 52 01 53 01 3C 04 3F 04 37 04 00 00,20
hci_snoop_2025_11_26_14_52_44.cfa,1044,2025-11-26T14:53:52.379Z,FFF3-Notify,f4:db:00:00:00:d9,0x0024,0x07,07 05 01 00 00 03 54 01 54 01 55 01 36 04 31 04 31 04 00 00,20
hci_snoop_2025_11_26_14_52_44.cfa,1048,2025-11-26T14:53:52.652Z,FFF3-Notify,f4:db:00:00:00:d9,0x0024,0x07,07 08 01 00 00 03 55 01 4A 01 4E 01 2F 04 65 03 A9 03 00 00,20
hci_snoop_2025_11_26_14_52_44.cfa,1052,2025-11-26T14:53:52.920Z,FFF3-Notify,f4:db:00:00:00:d9,0x0024,0x07,07 0B 01 00 00 03 51 01 53 01 55 01 B9 03 C2 03 CF 03 00 00,20
hci_snoop_2025_11_26_14_52_44.cfa,1056,2025-11-26T14:53:53.190Z,FFF3-Notify,f4:db:00:00:00:d9,0x0024,0x07,07 0E 01 00 00 03 54 01 52 01 52 01 D3 03 D9 03 E3 03 00 00,20
hci_snoop_2025_11_26_14_52_44.cfa,1060,2025-11-26T14:53:53.460Z,FFF3-Notify,f4:db:00:00:00:d9,0x0024,0x07,07 11 01 00 00 03 52 01 50 01 50 01 E6 03 EC 03 F0 03 00 00,20
hci_snoop_2025_11_26_14_52_44.cfa,1064,2025-11-26T14:53:53.732Z,FFF3-Notify,f4:db:00:00:00:d9,0x0024,0x07,07 14 01 00 00 03 4F 01 51 01 53 01 F6 03 F5 03 F6 03 00 00,20
hci_snoop_2025_11_26_14_52_44.cfa,1069,2025-11-26T14:53:53.999Z,FFF3-Notify,f4:db:00:00:00:d9,0x0024,0x07,07 17 01 00 00 03 54 01 56 01 57 01 F3 03 ED 03 ED 03 00 00,20
hci_snoop_2025_11_26_14_52_44.cfa,1091,2025-11-26T14:53:54.270Z,FFF3-Notify,f4:db:00:00:00:d9,0x0024,0x07,07 1A 01 00 00 03 58 01 59 01 57 01 EB 03 E8 03 EE 03 00 00,20
hci_snoop_2025_11_26_14_52_44.cfa,1095,2025-11-26T14:53:54.540Z,FFF3-Notify,f4:db:00:00:00:d9,0x0024,0x07,07 1D 01 00 00 03 5A 01 5C 01 5C 01 E6 03 DC 03 D9 03 00 00,20
hci_snoop_2025_11_26_15_00_04.cfa,459,2025-11-26T15:00:21.961Z,CCCD,f4:db:00:00:00:d9,0x0025,0x01,01 00,2
hci_snoop_2025_11_26_15_00_04.cfa,648,2025-11-26T15:00:38.123Z,CCCD,f4:db:00:00:00:d9,0x0025,0x01,01 00,2
hci_snoop_2025_11_26_15_00_04.cfa,462,2025-11-26T15:00:21.988Z,FFF5-Write,f4:db:00:00:00:d9,0x0021,0x1A,1A,1
hci_snoop_2025_11_26_15_00_04.cfa,651,2025-11-26T15:00:38.154Z,FFF5-Write,f4:db:00:00:00:d9,0x0021,0x01,01,1
hci_snoop_2025_11_26_15_00_04.cfa,656,2025-11-26T15:00:38.201Z,FFF5-Write,f4:db:00:00:00:d9,0x0021,0x07,07 00 00 00 00 03,6
hci_snoop_2025_11_26_15_00_04.cfa,660,2025-11-26T15:00:38.405Z,FFF5-Write,f4:db:00:00:00:d9,0x0021,0x07,07 03 00 00 00 03,6
hci_snoop_2025_11_26_15_00_04.cfa,664,2025-11-26T15:00:38.588Z,FFF5-Write,f4:db:00:00:00:d9,0x0021,0x07,07 06 00 00 00 03,6
hci_snoop_2025_11_26_15_00_04.cfa,668,2025-11-26T15:00:38.753Z,FFF5-Write,f4:db:00:00:00:d9,0x0021,0x07,07 09 00 00 00 03,6
hci_snoop_2025_11_26_15_00_04.cfa,672,2025-11-26T15:00:38.935Z,FFF5-Write,f4:db:00:00:00:d9,0x0021,0x07,07 0C 00 00 00 03,6
hci_snoop_2025_11_26_15_00_04.cfa,676,2025-11-26T15:00:39.120Z,FFF5-Write,f4:db:00:00:00:d9,0x0021,0x07,07 0F 00 00 00 03,6
hci_snoop_2025_11_26_15_00_04.cfa,680,2025-11-26T15:00:39.302Z,FFF5-Write,f4:db:00:00:00:d9,0x0021,0x07,07 12 00 00 00 03,6
hci_snoop_2025_11_26_15_00_04.cfa,684,2025-11-26T15:00:39.485Z,FFF5-Write,f4:db:00:00:00:d9,0x0021,0x07,07 15 00 00 00 03,6
hci_snoop_2025_11_26_15_00_04.cfa,688,2025-11-26T15:00:39.653Z,FFF5-Write,f4:db:00:00:00:d9,0x0021,0x07,07 18 00 00 00 03,6
hci_snoop_2025_11_26_15_00_04.cfa,692,2025-11-26T15:00:39.838Z,FFF5-Write,f4:db:00:00:00:d9,0x0021,0x07,07 1B 00 00 00 03,6
hci_snoop_2025_11_26_15_00_04.cfa,696,2025-11-26T15:00:40.020Z,FFF5-Write,f4:db:00:00:00:d9,0x0021,0x07,07 1E 00 00 00 03,6
hci_snoop_2025_11_26_15_00_04.cfa,700,2025-11-26T15:00:40.204Z,FFF5-Write,f4:db:00:00:00:d9,0x0021,0x07,07 21 00 00 00 03,6
hci_snoop_2025_11_26_15_00_04.cfa,704,2025-11-26T15:00:40.372Z,FFF5-Write,f4:db:00:00:00:d9,0x0021,0x07,07 24 00 00 00 03,6
hci_snoop_2025_11_26_15_00_04.cfa,708,2025-11-26T15:00:40.552Z,FFF5-Write,f4:db:00:00:00:d9,0x0021,0x07,07 27 00 00 00 03,6
hci_snoop_2025_11_26_15_00_04.cfa,712,2025-11-26T15:00:40.738Z,FFF5-Write,f4:db:00:00:00:d9,0x0021,0x07,07 2A 00 00 00 03,6
hci_snoop_2025_11_26_15_00_04.cfa,716,2025-11-26T15:00:40.920Z,FFF5-Write,f4:db:00:00:00:d9,0x0021,0x07,07 2D 00 00 00 03,6
hci_snoop_2025_11_26_15_00_04.cfa,720,2025-11-26T15:00:41.105Z,FFF5-Write,f4:db:00:00:00:d9,0x0021,0x07,07 30 00 00 00 03,6
hci_snoop_2025_11_26_15_00_04.cfa,724,2025-11-26T15:00:41.286Z,FFF5-Write,f4:db:00:00:00:d9,0x0021,0x07,07 33 00 00 00 03,6
hci_snoop_2025_11_26_15_00_04.cfa,728,2025-11-26T15:00:41.502Z,FFF5-Write,f4:db:00:00:00:d9,0x0021,0x07,07 36 00 00 00 03,6
hci_snoop_2025_11_26_15_00_04.cfa,732,2025-11-26T15:00:41.688Z,FFF5-Write,f4:db:00:00:00:d9,0x0021,0x07,07 39 00 00 00 03,6
hci_snoop_2025_11_26_15_00_04.cfa,736,2025-11-26T15:00:41.872Z,FFF5-Write,f4:db:00:00:00:d9,0x0021,0x07,07 3C 00 00 00 03,6
hci_snoop_2025_11_26_15_00_04.cfa,740,2025-11-26T15:00:42.038Z,FFF5-Write,f4:db:00:00:00:d9,0x0021,0x07,07 3F 00 00 00 03,6
hci_snoop_2025_11_26_15_00_04.cfa,744,2025-11-26T15:00:42.222Z,FFF5-Write,f4:db:00:00:00:d9,0x0021,0x07,07 42 00 00 00 03,6
hci_snoop_2025_11_26_15_00_04.cfa,748,2025-11-26T15:00:42.405Z,FFF5-Write,f4:db:00:00:00:d9,0x0021,0x07,07 45 00 00 00 03,6
hci_snoop_2025_11_26_15_00_04.cfa,752,2025-11-26T15:00:42.590Z,FFF5-Write,f4:db:00:00:00:d9,0x0021,0x07,07 48 00 00 00 03,6
hci_snoop_2025_11_26_15_00_04.cfa,756,2025-11-26T15:00:42.770Z,FFF5-Write,f4:db:00:00:00:d9,0x0021,0x07,07 4B 00 00 00 03,6
hci_snoop_2025_11_26_15_00_04.cfa,760,2025-11-26T15:00:42.937Z,FFF5-Write,f4:db:00:00:00:d9,0x0021,0x07,07 4E 00 00 00 03,6
hci_snoop_2025_11_26_15_00_04.cfa,764,2025-11-26T15:00:43.122Z,FFF5-Write,f4:db:00:00:00:d9,0x0021,0x07,07 51 00 00 00 03,6
hci_snoop_2025_11_26_15_00_04.cfa,772,2025-11-26T15:00:43.304Z,FFF5-Write,f4:db:00:00:00:d9,0x0021,0x07,07 54 00 00 00 03,6
hci_snoop_2025_11_26_15_00_04.cfa,776,2025-11-26T15:00:43.489Z,FFF5-Write,f4:db:00:00:00:d9,0x0021,0x07,07 57 00 00 00 03,6
hci_snoop_2025_11_26_15_00_04.cfa,780,2025-11-26T15:00:43.669Z,FFF5-Write,f4:db:00:00:00:d9,0x0021,0x07,07 5A 00 00 00 03,6
hci_snoop_2025_11_26_15_00_04.cfa,785,2025-11-26T15:00:43.836Z,FFF5-Write,f4:db:00:00:00:d9,0x0021,0x07,07 5D 00 00 00 03,6
hci_snoop_2025_11_26_15_00_04.cfa,789,2025-11-26T15:00:44.121Z,FFF5-Write,f4:db:00:00:00:d9,0x0021,0x07,07 60 00 00 00 03,6
hci_snoop_2025_11_26_15_00_04.cfa,793,2025-11-26T15:00:44.388Z,FFF5-Write,f4:db:00:00:00:d9,0x0021,0x07,07 63 00 00 00 03,6
hci_snoop_2025_11_26_15_00_04.cfa,797,2025-11-26T15:00:44.653Z,FFF5-Write,f4:db:00:00:00:d9,0x0021,0x07,07 66 00 00 00 03,6
hci_snoop_2025_11_26_15_00_04.cfa,801,2025-11-26T15:00:44.922Z,FFF5-Write,f4:db:00:00:00:d9,0x0021,0x07,07 69 00 00 00 03,6
hci_snoop_2025_11_26_15_00_04.cfa,805,2025-11-26T15:00:45.287Z,FFF5-Write,f4:db:00:00:00:d9,0x0021,0x07,07 6C 00 00 00 03,6
hci_snoop_2025_11_26_15_00_04.cfa,809,2025-11-26T15:00:45.554Z,FFF5-Write,f4:db:00:00:00:d9,0x0021,0x07,07 6F 00 00 00 03,6
hci_snoop_2025_11_26_15_00_04.cfa,813,2025-11-26T15:00:45.820Z,FFF5-Write,f4:db:00:00:00:d9,0x0021,0x07,07 72 00 00 00 03,6
hci_snoop_2025_11_26_15_00_04.cfa,817,2025-11-26T15:00:46.088Z,FFF5-Write,f4:db:00:00:00:d9,0x0021,0x07,07 75 00 00 00 03,6
hci_snoop_2025_11_26_15_00_04.cfa,821,2025-11-26T15:00:46.371Z,FFF5-Write,f4:db:00:00:00:d9,0x0021,0x07,07 78 00 00 00 03,6
hci_snoop_2025_11_26_15_00_04.cfa,825,2025-11-26T15:00:46.636Z,FFF5-Write,f4:db:00:00:00:d9,0x0021,0x07,07 7B 00 00 00 03,6
hci_snoop_2025_11_26_15_00_04.cfa,829,2025-11-26T15:00:46.906Z,FFF5-Write,f4:db:00:00:00:d9,0x0021,0x07,07 7E 00 00 00 03,6
hci_snoop_2025_11_26_15_00_04.cfa,833,2025-11-26T15:00:47.270Z,FFF5-Write,f4:db:00:00:00:d9,0x0021,0x07,07 81 00 00 00 03,6
hci_snoop_2025_11_26_15_00_04.cfa,837,2025-11-26T15:00:47.539Z,FFF5-Write,f4:db:00:00:00:d9,0x0021,0x07,07 84 00 00 00 03,6
hci_snoop_2025_11_26_15_00_04.cfa,841,2025-11-26T15:00:47.811Z,FFF5-Write,f4:db:00:00:00:d9,0x0021,0x07,07 87 00 00 00 03,6
hci_snoop_2025_11_26_15_00_04.cfa,845,2025-11-26T15:00:48.071Z,FFF5-Write,f4:db:00:00:00:d9,0x0021,0x07,07 8A 00 00 00 03,6
hci_snoop_2025_11_26_15_00_04.cfa,849,2025-11-26T15:00:48.341Z,FFF5-Write,f4:db:00:00:00:d9,0x0021,0x07,07 8D 00 00 00 03,6
hci_snoop_2025_11_26_15_00_04.cfa,853,2025-11-26T15:00:48.620Z,FFF5-Write,f4:db:00:00:00:d9,0x0021,0x07,07 90 00 00 00 03,6
hci_snoop_2025_11_26_15_00_04.cfa,857,2025-11-26T15:00:48.969Z,FFF5-Write,f4:db:00:00:00:d9,0x0021,0x07,07 93 00 00 00 03,6
hci_snoop_2025_11_26_15_00_04.cfa,862,2025-11-26T15:00:49.240Z,FFF5-Write,f4:db:00:00:00:d9,0x0021,0x07,07 96 00 00 00 03,6
hci_snoop_2025_11_26_15_00_04.cfa,866,2025-11-26T15:00:49.505Z,FFF5-Write,f4:db:00:00:00:d9,0x0021,0x07,07 99 00 00 00 03,6
hci_snoop_2025_11_26_15_00_04.cfa,870,2025-11-26T15:00:49.787Z,FFF5-Write,f4:db:00:00:00:d9,0x0021,0x07,07 9C 00 00 00 03,6
hci_snoop_2025_11_26_15_00_04.cfa,874,2025-11-26T15:00:50.056Z,FFF5-Write,f4:db:00:00:00:d9,0x0021,0x07,07 9F 00 00 00 03,6
hci_snoop_2025_11_26_15_00_04.cfa,878,2025-11-26T15:00:50.322Z,FFF5-Write,f4:db:00:00:00:d9,0x0021,0x07,07 A2 00 00 00 03,6
hci_snoop_2025_11_26_15_00_04.cfa,882,2025-11-26T15:00:50.588Z,FFF5-Write,f4:db:00:00:00:d9,0x0021,0x07,07 A5 00 00 00 03,6
hci_snoop_2025_11_26_15_00_04.cfa,886,2025-11-26T15:00:50.871Z,FFF5-Write,f4:db:00:00:00:d9,0x0021,0x07,07 A8 00 00 00 03,6
hci_snoop_2025_11_26_15_00_04.cfa,890,2025-11-26T15:00:51.137Z,FFF5-Write,f4:db:00:00:00:d9,0x0021,0x07,07 AB 00 00 00 03,6
hci_snoop_2025_11_26_15_00_04.cfa,894,2025-11-26T15:00:51.403Z,FFF5-Write,f4:db:00:00:00:d9,0x0021,0x07,07 AE 00 00 00 03,6
hci_snoop_2025_11_26_15_00_04.cfa,898,2025-11-26T15:00:51.670Z,FFF5-Write,f4:db:00:00:00:d9,0x0021,0x07,07 B1 00 00 00 03,6
hci_snoop_2025_11_26_15_00_04.cfa,902,2025-11-26T15:00:51.939Z,FFF5-Write,f4:db:00:00:00:d9,0x0021,0x07,07 B4 00 00 00 03,6
hci_snoop_2025_11_26_15_00_04.cfa,906,2025-11-26T15:00:52.223Z,FFF5-Write,f4:db:00:00:00:d9,0x0021,0x07,07 B7 00 00 00 03,6
hci_snoop_2025_11_26_15_00_04.cfa,910,2025-11-26T15:00:52.487Z,FFF5-Write,f4:db:00:00:00:d9,0x0021,0x07,07 BA 00 00 00 03,6
hci_snoop_2025_11_26_15_00_04.cfa,914,2025-11-26T15:00:52.753Z,FFF5-Write,f4:db:00:00:00:d9,0x0021,0x07,07 BD 00 00 00 03,6
hci_snoop_2025_11_26_15_00_04.cfa,918,2025-11-26T15:00:53.023Z,FFF5-Write,f4:db:00:00:00:d9,0x0021,0x07,07 C0 00 00 00 03,6
hci_snoop_2025_11_26_15_00_04.cfa,922,2025-11-26T15:00:53.287Z,FFF5-Write,f4:db:00:00:00:d9,0x0021,0x07,07 C3 00 00 00 03,6
hci_snoop_2025_11_26_15_00_04.cfa,926,2025-11-26T15:00:53.573Z,FFF5-Write,f4:db:00:00:00:d9,0x0021,0x07,07 C6 00 00 00 03,6
hci_snoop_2025_11_26_15_00_04.cfa,930,2025-11-26T15:00:53.837Z,FFF5-Write,f4:db:00:00:00:d9,0x0021,0x07,07 C9 00 00 00 03,6
hci_snoop_2025_11_26_15_00_04.cfa,934,2025-11-26T15:00:54.104Z,FFF5-Write,f4:db:00:00:00:d9,0x0021,0x07,07 CC 00 00 00 03,6
hci_snoop_2025_11_26_15_00_04.cfa,938,2025-11-26T15:00:54.371Z,FFF5-Write,f4:db:00:00:00:d9,0x0021,0x07,07 CF 00 00 00 03,6
hci_snoop_2025_11_26_15_00_04.cfa,942,2025-11-26T15:00:54.639Z,FFF5-Write,f4:db:00:00:00:d9,0x0021,0x07,07 D2 00 00 00 03,6
hci_snoop_2025_11_26_15_00_04.cfa,946,2025-11-26T15:00:54.919Z,FFF5-Write,f4:db:00:00:00:d9,0x0021,0x07,07 D5 00 00 00 03,6
hci_snoop_2025_11_26_15_00_04.cfa,950,2025-11-26T15:00:55.188Z,FFF5-Write,f4:db:00:00:00:d9,0x0021,0x07,07 D8 00 00 00 03,6
hci_snoop_2025_11_26_15_00_04.cfa,954,2025-11-26T15:00:55.457Z,FFF5-Write,f4:db:00:00:00:d9,0x0021,0x07,07 DB 00 00 00 03,6
hci_snoop_2025_11_26_15_00_04.cfa,959,2025-11-26T15:00:55.727Z,FFF5-Write,f4:db:00:00:00:d9,0x0021,0x07,07 DE 00 00 00 03,6
hci_snoop_2025_11_26_15_00_04.cfa,963,2025-11-26T15:00:55.987Z,FFF5-Write,f4:db:00:00:00:d9,0x0021,0x07,07 E1 00 00 00 03,6
hci_snoop_2025_11_26_15_00_04.cfa,967,2025-11-26T15:00:56.272Z,FFF5-Write,f4:db:00:00:00:d9,0x0021,0x07,07 E4 00 00 00 03,6
hci_snoop_2025_11_26_15_00_04.cfa,971,2025-11-26T15:00:56.539Z,FFF5-Write,f4:db:00:00:00:d9,0x0021,0x07,07 E7 00 00 00 03,6
hci_snoop_2025_11_26_15_00_04.cfa,975,2025-11-26T15:00:56.807Z,FFF5-Write,f4:db:00:00:00:d9,0x0021,0x07,07 EA 00 00 00 03,6
hci_snoop_2025_11_26_15_00_04.cfa,979,2025-11-26T15:00:57.073Z,FFF5-Write,f4:db:00:00:00:d9,0x0021,0x07,07 ED 00 00 00 03,6
hci_snoop_2025_11_26_15_00_04.cfa,983,2025-11-26T15:00:57.337Z,FFF5-Write,f4:db:00:00:00:d9,0x0021,0x07,07 F0 00 00 00 03,6
hci_snoop_2025_11_26_15_00_04.cfa,987,2025-11-26T15:00:57.624Z,FFF5-Write,f4:db:00:00:00:d9,0x0021,0x07,07 F3 00 00 00 03,6
hci_snoop_2025_11_26_15_00_04.cfa,991,2025-11-26T15:00:57.891Z,FFF5-Write,f4:db:00:00:00:d9,0x0021,0x07,07 F6 00 00 00 03,6
hci_snoop_2025_11_26_15_00_04.cfa,995,2025-11-26T15:00:58.155Z,FFF5-Write,f4:db:00:00:00:d9,0x0021,0x07,07 F9 00 00 00 03,6
hci_snoop_2025_11_26_15_00_04.cfa,999,2025-11-26T15:00:58.423Z,FFF5-Write,f4:db:00:00:00:d9,0x0021,0x07,07 FC 00 00 00 03,6
hci_snoop_2025_11_26_15_00_04.cfa,1003,2025-11-26T15:00:58.690Z,FFF5-Write,f4:db:00:00:00:d9,0x0021,0x07,07 FF 00 00 00 03,6
hci_snoop_2025_11_26_15_00_04.cfa,1007,2025-11-26T15:00:58.970Z,FFF5-Write,f4:db:00:00:00:d9,0x0021,0x07,07 02 01 00 00 03,6
hci_snoop_2025_11_26_15_00_04.cfa,1011,2025-11-26T15:00:59.236Z,FFF5-Write,f4:db:00:00:00:d9,0x0021,0x07,07 05 01 00 00 03,6
hci_snoop_2025_11_26_15_00_04.cfa,1015,2025-11-26T15:00:59.504Z,FFF5-Write,f4:db:00:00:00:d9,0x0021,0x07,07 08 01 00 00 03,6
hci_snoop_2025_11_26_15_00_04.cfa,1019,2025-11-26T15:00:59.771Z,FFF5-Write,f4:db:00:00:00:d9,0x0021,0x07,07 0B 01 00 00 03,6
hci_snoop_2025_11_26_15_00_04.cfa,1023,2025-11-26T15:01:00.036Z,FFF5-Write,f4:db:00:00:00:d9,0x0021,0x07,07 0E 01 00 00 03,6
hci_snoop_2025_11_26_15_00_04.cfa,1027,2025-11-26T15:01:00.321Z,FFF5-Write,f4:db:00:00:00:d9,0x0021,0x07,07 11 01 00 00 03,6
hci_snoop_2025_11_26_15_00_04.cfa,1031,2025-11-26T15:01:00.587Z,FFF5-Write,f4:db:00:00:00:d9,0x0021,0x07,07 14 01 00 00 03,6
hci_snoop_2025_11_26_15_00_04.cfa,1035,2025-11-26T15:01:00.855Z,FFF5-Write,f4:db:00:00:00:d9,0x0021,0x07,07 17 01 00 00 03,6
hci_snoop_2025_11_26_15_00_04.cfa,1039,2025-11-26T15:01:01.122Z,FFF5-Write,f4:db:00:00:00:d9,0x0021,0x07,07 1A 01 00 00 03,6
hci_snoop_2025_11_26_15_00_04.cfa,1043,2025-11-26T15:01:01.388Z,FFF5-Write,f4:db:00:00:00:d9,0x0021,0x07,07 1D 01 00 00 03,6
hci_snoop_2025_11_26_15_00_04.cfa,1047,2025-11-26T15:01:01.673Z,FFF5-Write,f4:db:00:00:00:d9,0x0021,0x07,07 20 01 00 00 03,6
hci_snoop_2025_11_26_15_00_04.cfa,1051,2025-11-26T15:01:01.937Z,FFF5-Write,f4:db:00:00:00:d9,0x0021,0x07,07 23 01 00 00 03,6
hci_snoop_2025_11_26_15_00_04.cfa,1055,2025-11-26T15:01:02.205Z,FFF5-Write,f4:db:00:00:00:d9,0x0021,0x07,07 26 01 00 00 03,6
hci_snoop_2025_11_26_15_00_04.cfa,1060,2025-11-26T15:01:02.470Z,FFF5-Write,f4:db:00:00:00:d9,0x0021,0x07,07 29 01 00 00 03,6
hci_snoop_2025_11_26_15_00_04.cfa,1064,2025-11-26T15:01:02.738Z,FFF5-Write,f4:db:00:00:00:d9,0x0021,0x07,07 2C 01 00 00 03,6
hci_snoop_2025_11_26_15_00_04.cfa,1068,2025-11-26T15:01:03.024Z,FFF5-Write,f4:db:00:00:00:d9,0x0021,0x07,07 2F 01 00 00 03,6
hci_snoop_2025_11_26_15_00_04.cfa,1072,2025-11-26T15:01:03.287Z,FFF5-Write,f4:db:00:00:00:d9,0x0021,0x07,07 32 01 00 00 03,6
hci_snoop_2025_11_26_15_00_04.cfa,1076,2025-11-26T15:01:03.554Z,FFF5-Write,f4:db:00:00:00:d9,0x0021,0x07,07 35 01 00 00 03,6
hci_snoop_2025_11_26_15_00_04.cfa,1080,2025-11-26T15:01:03.903Z,FFF5-Write,f4:db:00:00:00:d9,0x0021,0x07,07 38 01 00 00 03,6
hci_snoop_2025_11_26_15_00_04.cfa,1084,2025-11-26T15:01:04.186Z,FFF5-Write,f4:db:00:00:00:d9,0x0021,0x07,07 3B 01 00 00 03,6
hci_snoop_2025_11_26_15_00_04.cfa,1088,2025-11-26T15:01:04.453Z,FFF5-Write,f4:db:00:00:00:d9,0x0021,0x07,07 3E 01 00 00 03,6
hci_snoop_2025_11_26_15_00_04.cfa,1092,2025-11-26T15:01:04.722Z,FFF5-Write,f4:db:00:00:00:d9,0x0021,0x07,07 41 01 00 00 03,6
hci_snoop_2025_11_26_15_00_04.cfa,1096,2025-11-26T15:01:04.987Z,FFF5-Write,f4:db:00:00:00:d9,0x0021,0x07,07 44 01 00 00 03,6
hci_snoop_2025_11_26_15_00_04.cfa,1100,2025-11-26T15:01:05.255Z,FFF5-Write,f4:db:00:00:00:d9,0x0021,0x07,07 47 01 00 00 03,6
hci_snoop_2025_11_26_15_00_04.cfa,1104,2025-11-26T15:01:05.537Z,FFF5-Write,f4:db:00:00:00:d9,0x0021,0x07,07 4A 01 00 00 03,6
hci_snoop_2025_11_26_15_00_04.cfa,1108,2025-11-26T15:01:05.804Z,FFF5-Write,f4:db:00:00:00:d9,0x0021,0x07,07 4D 01 00 00 03,6
hci_snoop_2025_11_26_15_00_04.cfa,1112,2025-11-26T15:01:06.070Z,FFF5-Write,f4:db:00:00:00:d9,0x0021,0x07,07 50 01 00 00 03,6
hci_snoop_2025_11_26_15_00_04.cfa,1116,2025-11-26T15:01:06.340Z,FFF5-Write,f4:db:00:00:00:d9,0x0021,0x07,07 53 01 00 00 03,6
hci_snoop_2025_11_26_15_00_04.cfa,1120,2025-11-26T15:01:06.623Z,FFF5-Write,f4:db:00:00:00:d9,0x0021,0x07,07 56 01 00 00 03,6
hci_snoop_2025_11_26_15_00_04.cfa,1124,2025-11-26T15:01:06.888Z,FFF5-Write,f4:db:00:00:00:d9,0x0021,0x07,07 59 01 00 00 03,6
hci_snoop_2025_11_26_15_00_04.cfa,1128,2025-11-26T15:01:07.158Z,FFF5-Write,f4:db:00:00:00:d9,0x0021,0x07,07 5C 01 00 00 03,6
hci_snoop_2025_11_26_15_00_04.cfa,1132,2025-11-26T15:01:07.422Z,FFF5-Write,f4:db:00:00:00:d9,0x0021,0x07,07 5F 01 00 00 03,6
hci_snoop_2025_11_26_15_00_04.cfa,1136,2025-11-26T15:01:07.687Z,FFF5-Write,f4:db:00:00:00:d9,0x0021,0x07,07 62 01 00 00 03,6
hci_snoop_2025_11_26_15_00_04.cfa,1140,2025-11-26T15:01:07.956Z,FFF5-Write,f4:db:00:00:00:d9,0x0021,0x07,07 65 01 00 00 03,6
hci_snoop_2025_11_26_15_00_04.cfa,1144,2025-11-26T15:01:08.238Z,FFF5-Write,f4:db:00:00:00:d9,0x0021,0x07,07 68 01 00 00 03,6
hci_snoop_2025_11_26_15_00_04.cfa,1148,2025-11-26T15:01:08.505Z,FFF5-Write,f4:db:00:00:00:d9,0x0021,0x07,07 6B 01 00 00 03,6
hci_snoop_2025_11_26_15_00_04.cfa,1152,2025-11-26T15:01:08.770Z,FFF5-Write,f4:db:00:00:00:d9,0x0021,0x07,07 6E 01 00 00 03,6
hci_snoop_2025_11_26_15_00_04.cfa,1156,2025-11-26T15:01:09.036Z,FFF5-Write,f4:db:00:00:00:d9,0x0021,0x07,07 71 01 00 00 03,6
hci_snoop_2025_11_26_15_00_04.cfa,1160,2025-11-26T15:01:09.319Z,FFF5-Write,f4:db:00:00:00:d9,0x0021,0x07,07 74 01 00 00 03,6
hci_snoop_2025_11_26_15_00_04.cfa,1164,2025-11-26T15:01:09.588Z,FFF5-Write,f4:db:00:00:00:d9,0x0021,0x07,07 77 01 00 00 03,6
hci_snoop_2025_11_26_15_00_04.cfa,1168,2025-11-26T15:01:09.853Z,FFF5-Write,f4:db:00:00:00:d9,0x0021,0x07,07 7A 01 00 00 03,6
hci_snoop_2025_11_26_15_00_04.cfa,1172,2025-11-26T15:01:10.122Z,FFF5-Write,f4:db:00:00:00:d9,0x0021,0x07,07 7D 01 00 00 03,6
hci_snoop_2025_11_26_15_00_04.cfa,1176,2025-11-26T15:01:10.388Z,FFF5-Write,f4:db:00:00:00:d9,0x0021,0x07,07 80 01 00 00 03,6
hci_snoop_2025_11_26_15_00_04.cfa,1180,2025-11-26T15:01:10.670Z,FFF5-Write,f4:db:00:00:00:d9,0x0021,0x07,07 83 01 00 00 03,6
hci_snoop_2025_11_26_15_00_04.cfa,1184,2025-11-26T15:01:10.939Z,FFF5-Write,f4:db:00:00:00:d9,0x0021,0x07,07 86 01 00 00 03,6
hci_snoop_2025_11_26_15_00_04.cfa,1188,2025-11-26T15:01:11.206Z,FFF5-Write,f4:db:00:00:00:d9,0x0021,0x07,07 89 01 00 00 03,6
hci_snoop_2025_11_26_15_00_04.cfa,1192,2025-11-26T15:01:11.471Z,FFF5-Write,f4:db:00:00:00:d9,0x0021,0x07,07 8C 01 00 00 03,6
hci_snoop_2025_11_26_15_00_04.cfa,1197,2025-11-26T15:01:11.753Z,FFF5-Write,f4:db:00:00:00:d9,0x0021,0x07,07 8F 01 00 00 03,6
hci_snoop_2025_11_26_15_00_04.cfa,1201,2025-11-26T15:01:12.021Z,FFF5-Write,f4:db:00:00:00:d9,0x0021,0x07,07 92 01 00 00 03,6
hci_snoop_2025_11_26_15_00_04.cfa,1205,2025-11-26T15:01:12.287Z,FFF5-Write,f4:db:00:00:00:d9,0x0021,0x07,07 95 01 00 00 03,6
hci_snoop_2025_11_26_15_00_04.cfa,1209,2025-11-26T15:01:12.555Z,FFF5-Write,f4:db:00:00:00:d9,0x0021,0x07,07 98 01 00 00 03,6
hci_snoop_2025_11_26_15_00_04.cfa,1213,2025-11-26T15:01:12.819Z,FFF5-Write,f4:db:00:00:00:d9,0x0021,0x07,07 9B 01 00 00 03,6
hci_snoop_2025_11_26_15_00_04.cfa,1217,2025-11-26T15:01:13.086Z,FFF5-Write,f4:db:00:00:00:d9,0x0021,0x07,07 9E 01 00 00 03,6
hci_snoop_2025_11_26_15_00_04.cfa,1221,2025-11-26T15:01:13.372Z,FFF5-Write,f4:db:00:00:00:d9,0x0021,0x07,07 A1 01 00 00 03,6
hci_snoop_2025_11_26_15_00_04.cfa,1225,2025-11-26T15:01:13.638Z,FFF5-Write,f4:db:00:00:00:d9,0x0021,0x07,07 A4 01 00 00 03,6
hci_snoop_2025_11_26_15_00_04.cfa,1229,2025-11-26T15:01:13.908Z,FFF5-Write,f4:db:00:00:00:d9,0x0021,0x07,07 A7 01 00 00 03,6
hci_snoop_2025_11_26_15_00_04.cfa,1233,2025-11-26T15:01:14.173Z,FFF5-Write,f4:db:00:00:00:d9,0x0021,0x07,07 AA 01 00 00 03,6
hci_snoop_2025_11_26_15_00_04.cfa,1237,2025-11-26T15:01:14.438Z,FFF5-Write,f4:db:00:00:00:d9,0x0021,0x07,07 AD 01 00 00 03,6
hci_snoop_2025_11_26_15_00_04.cfa,1241,2025-11-26T15:01:14.722Z,FFF5-Write,f4:db:00:00:00:d9,0x0021,0x07,07 B0 01 00 00 03,6
hci_snoop_2025_11_26_15_00_04.cfa,1245,2025-11-26T15:01:14.987Z,FFF5-Write,f4:db:00:00:00:d9,0x0021,0x07,07 B3 01 00 00 03,6
hci_snoop_2025_11_26_15_00_04.cfa,1249,2025-11-26T15:01:15.257Z,FFF5-Write,f4:db:00:00:00:d9,0x0021,0x07,07 B6 01 00 00 03,6
hci_snoop_2025_11_26_15_00_04.cfa,1253,2025-11-26T15:01:15.520Z,FFF5-Write,f4:db:00:00:00:d9,0x0021,0x07,07 B9 01 00 00 03,6
hci_snoop_2025_11_26_15_00_04.cfa,1257,2025-11-26T15:01:15.787Z,FFF5-Write,f4:db:00:00:00:d9,0x0021,0x07,07 BC 01 00 00 03,6
hci_snoop_2025_11_26_15_00_04.cfa,1261,2025-11-26T15:01:16.056Z,FFF5-Write,f4:db:00:00:00:d9,0x0021,0x07,07 BF 01 00 00 03,6
hci_snoop_2025_11_26_15_00_04.cfa,1265,2025-11-26T15:01:16.336Z,FFF5-Write,f4:db:00:00:00:d9,0x0021,0x07,07 C2 01 00 00 03,6
hci_snoop_2025_11_26_15_00_04.cfa,1270,2025-11-26T15:01:16.605Z,FFF5-Write,f4:db:00:00:00:d9,0x0021,0x07,07 C5 01 00 00 03,6
hci_snoop_2025_11_26_15_00_04.cfa,1274,2025-11-26T15:01:16.871Z,FFF5-Write,f4:db:00:00:00:d9,0x0021,0x07,07 C8 01 00 00 03,6
hci_snoop_2025_11_26_15_00_04.cfa,1278,2025-11-26T15:01:17.138Z,FFF5-Write,f4:db:00:00:00:d9,0x0021,0x07,07 CB 01 00 00 03,6
hci_snoop_2025_11_26_15_00_04.cfa,1282,2025-11-26T15:01:17.421Z,FFF5-Write,f4:db:00:00:00:d9,0x0021,0x07,07 CE 01 00 00 03,6
hci_snoop_2025_11_26_15_00_04.cfa,1286,2025-11-26T15:01:17.695Z,FFF5-Write,f4:db:00:00:00:d9,0x0021,0x07,07 D1 01 00 00 03,6
hci_snoop_2025_11_26_15_00_04.cfa,1290,2025-11-26T15:01:17.955Z,FFF5-Write,f4:db:00:00:00:d9,0x0021,0x07,07 D4 01 00 00 03,6
hci_snoop_2025_11_26_15_00_04.cfa,1294,2025-11-26T15:01:18.222Z,FFF5-Write,f4:db:00:00:00:d9,0x0021,0x07,07 D7 01 00 00 03,6
hci_snoop_2025_11_26_15_00_04.cfa,1298,2025-11-26T15:01:18.485Z,FFF5-Write,f4:db:00:00:00:d9,0x0021,0x07,07 DA 01 00 00 03,6
hci_snoop_2025_11_26_15_00_04.cfa,1302,2025-11-26T15:01:18.754Z,FFF5-Write,f4:db:00:00:00:d9,0x0021,0x07,07 DD 01 00 00 03,6
hci_snoop_2025_11_26_15_00_04.cfa,1306,2025-11-26T15:01:19.040Z,FFF5-Write,f4:db:00:00:00:d9,0x0021,0x07,07 E0 01 00 00 03,6
hci_snoop_2025_11_26_15_00_04.cfa,1310,2025-11-26T15:01:19.303Z,FFF5-Write,f4:db:00:00:00:d9,0x0021,0x07,07 E3 01 00 00 03,6
hci_snoop_2025_11_26_15_00_04.cfa,1314,2025-11-26T15:01:19.572Z,FFF5-Write,f4:db:00:00:00:d9,0x0021,0x07,07 E6 01 00 00 03,6
hci_snoop_2025_11_26_15_00_04.cfa,1318,2025-11-26T15:01:19.838Z,FFF5-Write,f4:db:00:00:00:d9,0x0021,0x07,07 E9 01 00 00 03,6
hci_snoop_2025_11_26_15_00_04.cfa,1322,2025-11-26T15:01:20.123Z,FFF5-Write,f4:db:00:00:00:d9,0x0021,0x07,07 EC 01 00 00 03,6
hci_snoop_2025_11_26_15_00_04.cfa,1326,2025-11-26T15:01:20.387Z,FFF5-Write,f4:db:00:00:00:d9,0x0021,0x07,07 EF 01 00 00 03,6
hci_snoop_2025_11_26_15_00_04.cfa,1330,2025-11-26T15:01:20.654Z,FFF5-Write,f4:db:00:00:00:d9,0x0021,0x07,07 F2 01 00 00 03,6
hci_snoop_2025_11_26_15_00_04.cfa,1334,2025-11-26T15:01:20.921Z,FFF5-Write,f4:db:00:00:00:d9,0x0021,0x07,07 F5 01 00 00 03,6
hci_snoop_2025_11_26_15_00_04.cfa,1338,2025-11-26T15:01:21.186Z,FFF5-Write,f4:db:00:00:00:d9,0x0021,0x07,07 F8 01 00 00 03,6
hci_snoop_2025_11_26_15_00_04.cfa,1342,2025-11-26T15:01:21.472Z,FFF5-Write,f4:db:00:00:00:d9,0x0021,0x07,07 FB 01 00 00 03,6
hci_snoop_2025_11_26_15_00_04.cfa,1346,2025-11-26T15:01:21.737Z,FFF5-Write,f4:db:00:00:00:d9,0x0021,0x07,07 FE 01 00 00 03,6
hci_snoop_2025_11_26_15_00_04.cfa,1350,2025-11-26T15:01:22.005Z,FFF5-Write,f4:db:00:00:00:d9,0x0021,0x07,07 01 02 00 00 03,6
hci_snoop_2025_11_26_15_00_04.cfa,1354,2025-11-26T15:01:22.272Z,FFF5-Write,f4:db:00:00:00:d9,0x0021,0x07,07 04 02 00 00 03,6
hci_snoop_2025_11_26_15_00_04.cfa,1358,2025-11-26T15:01:22.536Z,FFF5-Write,f4:db:00:00:00:d9,0x0021,0x07,07 07 02 00 00 03,6
hci_snoop_2025_11_26_15_00_04.cfa,1362,2025-11-26T15:01:22.819Z,FFF5-Write,f4:db:00:00:00:d9,0x0021,0x07,07 0A 02 00 00 03,6
hci_snoop_2025_11_26_15_00_04.cfa,1366,2025-11-26T15:01:23.086Z,FFF5-Write,f4:db:00:00:00:d9,0x0021,0x07,07 0D 02 00 00 03,6
hci_snoop_2025_11_26_15_00_04.cfa,1370,2025-11-26T15:01:23.355Z,FFF5-Write,f4:db:00:00:00:d9,0x0021,0x07,07 10 02 00 00 03,6
hci_snoop_2025_11_26_15_00_04.cfa,1374,2025-11-26T15:01:23.621Z,FFF5-Write,f4:db:00:00:00:d9,0x0021,0x07,07 13 02 00 00 03,6
hci_snoop_2025_11_26_15_00_04.cfa,1378,2025-11-26T15:01:23.888Z,FFF5-Write,f4:db:00:00:00:d9,0x0021,0x07,07 16 02 00 00 03,6
hci_snoop_2025_11_26_15_00_04.cfa,1382,2025-11-26T15:01:24.171Z,FFF5-Write,f4:db:00:00:00:d9,0x0021,0x07,07 19 02 00 00 03,6
hci_snoop_2025_11_26_15_00_04.cfa,1386,2025-11-26T15:01:24.437Z,FFF5-Write,f4:db:00:00:00:d9,0x0021,0x07,07 1C 02 00 00 03,6
hci_snoop_2025_11_26_15_00_04.cfa,1390,2025-11-26T15:01:24.707Z,FFF5-Write,f4:db:00:00:00:d9,0x0021,0x07,07 1F 02 00 00 03,6
hci_snoop_2025_11_26_15_00_04.cfa,1394,2025-11-26T15:01:24.969Z,FFF5-Write,f4:db:00:00:00:d9,0x0021,0x07,07 22 02 00 00 03,6
hci_snoop_2025_11_26_15_00_04.cfa,1398,2025-11-26T15:01:25.238Z,FFF5-Write,f4:db:00:00:00:d9,0x0021,0x07,07 25 02 00 00 03,6
hci_snoop_2025_11_26_15_00_04.cfa,1402,2025-11-26T15:01:25.522Z,FFF5-Write,f4:db:00:00:00:d9,0x0021,0x07,07 28 02 00 00 03,6
hci_snoop_2025_11_26_15_00_04.cfa,1406,2025-11-26T15:01:25.789Z,FFF5-Write,f4:db:00:00:00:d9,0x0021,0x07,07 2B 02 00 00 03,6
hci_snoop_2025_11_26_15_00_04.cfa,1410,2025-11-26T15:01:26.052Z,FFF5-Write,f4:db:00:00:00:d9,0x0021,0x07,07 2E 02 00 00 03,6
hci_snoop_2025_11_26_15_00_04.cfa,1414,2025-11-26T15:01:26.322Z,FFF5-Write,f4:db:00:00:00:d9,0x0021,0x07,07 31 02 00 00 03,6
hci_snoop_2025_11_26_15_00_04.cfa,1418,2025-11-26T15:01:26.588Z,FFF5-Write,f4:db:00:00:00:d9,0x0021,0x07,07 34 02 00 00 03,6
hci_snoop_2025_11_26_15_00_04.cfa,1422,2025-11-26T15:01:26.871Z,FFF5-Write,f4:db:00:00:00:d9,0x0021,0x07,07 37 02 00 00 03,6
hci_snoop_2025_11_26_15_00_04.cfa,1426,2025-11-26T15:01:27.137Z,FFF5-Write,f4:db:00:00:00:d9,0x0021,0x07,07 3A 02 00 00 03,6
hci_snoop_2025_11_26_15_00_04.cfa,1430,2025-11-26T15:01:27.487Z,FFF5-Write,f4:db:00:00:00:d9,0x0021,0x07,07 3D 02 00 00 03,6
hci_snoop_2025_11_26_15_00_04.cfa,1434,2025-11-26T15:01:27.753Z,FFF5-Write,f4:db:00:00:00:d9,0x0021,0x07,07 40 02 00 00 03,6
hci_snoop_2025_11_26_15_00_04.cfa,1438,2025-11-26T15:01:28.035Z,FFF5-Write,f4:db:00:00:00:d9,0x0021,0x07,07 43 02 00 00 03,6
hci_snoop_2025_11_26_15_00_04.cfa,1442,2025-11-26T15:01:28.307Z,FFF5-Write,f4:db:00:00:00:d9,0x0021,0x07,07 46 02 00 00 03,6
hci_snoop_2025_11_26_15_00_04.cfa,1447,2025-11-26T15:01:28.569Z,FFF5-Write,f4:db:00:00:00:d9,0x0021,0x07,07 49 02 00 00 03,6
hci_snoop_2025_11_26_15_00_04.cfa,1451,2025-11-26T15:01:28.838Z,FFF5-Write,f4:db:00:00:00:d9,0x0021,0x07,07 4C 02 00 00 03,6
hci_snoop_2025_11_26_15_00_04.cfa,1455,2025-11-26T15:01:29.120Z,FFF5-Write,f4:db:00:00:00:d9,0x0021,0x07,07 4F 02 00 00 03,6
hci_snoop_2025_11_26_15_00_04.cfa,1459,2025-11-26T15:01:29.387Z,FFF5-Write,f4:db:00:00:00:d9,0x0021,0x07,07 52 02 00 00 03,6
hci_snoop_2025_11_26_15_00_04.cfa,1463,2025-11-26T15:01:29.652Z,FFF5-Write,f4:db:00:00:00:d9,0x0021,0x07,07 55 02 00 00 03,6
hci_snoop_2025_11_26_15_00_04.cfa,1467,2025-11-26T15:01:29.921Z,FFF5-Write,f4:db:00:00:00:d9,0x0021,0x07,07 58 02 00 00 03,6
hci_snoop_2025_11_26_15_00_04.cfa,1471,2025-11-26T15:01:30.188Z,FFF5-Write,f4:db:00:00:00:d9,0x0021,0x07,07 5B 02 00 00 03,6
hci_snoop_2025_11_26_15_00_04.cfa,1475,2025-11-26T15:01:30.470Z,FFF5-Write,f4:db:00:00:00:d9,0x0021,0x07,07 5E 02 00 00 03,6
hci_snoop_2025_11_26_15_00_04.cfa,1479,2025-11-26T15:01:30.739Z,FFF5-Write,f4:db:00:00:00:d9,0x0021,0x07,07 61 02 00 00 03,6
hci_snoop_2025_11_26_15_00_04.cfa,1483,2025-11-26T15:01:31.009Z,FFF5-Write,f4:db:00:00:00:d9,0x0021,0x07,07 64 02 00 00 03,6
hci_snoop_2025_11_26_15_00_04.cfa,1487,2025-11-26T15:01:31.272Z,FFF5-Write,f4:db:00:00:00:d9,0x0021,0x07,07 67 02 00 00 03,6
hci_snoop_2025_11_26_15_00_04.cfa,1491,2025-11-26T15:01:31.535Z,FFF5-Write,f4:db:00:00:00:d9,0x0021,0x07,07 6A 02 00 00 03,6
hci_snoop_2025_11_26_15_00_04.cfa,1495,2025-11-26T15:01:31.820Z,FFF5-Write,f4:db:00:00:00:d9,0x0021,0x07,07 6D 02 00 00 03,6
hci_snoop_2025_11_26_15_00_04.cfa,1499,2025-11-26T15:01:32.086Z,FFF5-Write,f4:db:00:00:00:d9,0x0021,0x07,07 70 02 00 00 03,6
hci_snoop_2025_11_26_15_00_04.cfa,1503,2025-11-26T15:01:32.355Z,FFF5-Write,f4:db:00:00:00:d9,0x0021,0x07,07 73 02 00 00 03,6
hci_snoop_2025_11_26_15_00_04.cfa,1507,2025-11-26T15:01:32.620Z,FFF5-Write,f4:db:00:00:00:d9,0x0021,0x07,07 76 02 00 00 03,6
hci_snoop_2025_11_26_15_00_04.cfa,1512,2025-11-26T15:01:32.886Z,FFF5-Write,f4:db:00:00:00:d9,0x0021,0x07,07 79 02 00 00 03,6
hci_snoop_2025_11_26_15_00_04.cfa,1516,2025-11-26T15:01:33.171Z,FFF5-Write,f4:db:00:00:00:d9,0x0021,0x07,07 7C 02 00 00 03,6
hci_snoop_2025_11_26_15_00_04.cfa,1520,2025-11-26T15:01:33.437Z,FFF5-Write,f4:db:00:00:00:d9,0x0021,0x07,07 7F 02 00 00 03,6
hci_snoop_2025_11_26_15_00_04.cfa,1524,2025-11-26T15:01:33.705Z,FFF5-Write,f4:db:00:00:00:d9,0x0021,0x07,07 82 02 00 00 03,6
hci_snoop_2025_11_26_15_00_04.cfa,1528,2025-11-26T15:01:33.971Z,FFF5-Write,f4:db:00:00:00:d9,0x0021,0x07,07 85 02 00 00 03,6
hci_snoop_2025_11_26_15_00_04.cfa,1532,2025-11-26T15:01:34.254Z,FFF5-Write,f4:db:00:00:00:d9,0x0021,0x07,07 88 02 00 00 03,6
hci_snoop_2025_11_26_15_00_04.cfa,1536,2025-11-26T15:01:34.503Z,FFF5-Write,f4:db:00:00:00:d9,0x0021,0x07,07 8B 02 00 00 03,6
hci_snoop_2025_11_26_15_00_04.cfa,1540,2025-11-26T15:01:34.786Z,FFF5-Write,f4:db:00:00:00:d9,0x0021,0x07,07 8E 02 00 00 03,6
hci_snoop_2025_11_26_15_00_04.cfa,1544,2025-11-26T15:01:35.038Z,FFF5-Write,f4:db:00:00:00:d9,0x0021,0x07,07 91 02 00 00 03,6
hci_snoop_2025_11_26_15_00_04.cfa,1548,2025-11-26T15:01:35.294Z,FFF5-Write,f4:db:00:00:00:d9,0x0021,0x07,07 94 02 00 00 03,6
hci_snoop_2025_11_26_15_00_04.cfa,1552,2025-11-26T15:01:35.565Z,FFF5-Write,f4:db:00:00:00:d9,0x0021,0x07,07 97 02 00 00 03,6
hci_snoop_2025_11_26_15_00_04.cfa,1556,2025-11-26T15:01:35.840Z,FFF5-Write,f4:db:00:00:00:d9,0x0021,0x07,07 9A 02 00 00 03,6
hci_snoop_2025_11_26_15_00_04.cfa,1560,2025-11-26T15:01:36.200Z,FFF5-Write,f4:db:00:00:00:d9,0x0021,0x07,07 9D 02 00 00 03,6
hci_snoop_2025_11_26_15_00_04.cfa,1564,2025-11-26T15:01:36.466Z,FFF5-Write,f4:db:00:00:00:d9,0x0021,0x07,07 A0 02 00 00 03,6
hci_snoop_2025_11_26_15_00_04.cfa,1568,2025-11-26T15:01:36.827Z,FFF5-Write,f4:db:00:00:00:d9,0x0021,0x07,07 A3 02 00 00 03,6
hci_snoop_2025_11_26_15_00_04.cfa,1572,2025-11-26T15:01:37.101Z,FFF5-Write,f4:db:00:00:00:d9,0x0021,0x07,07 A6 02 00 00 03,6
hci_snoop_2025_11_26_15_00_04.cfa,1576,2025-11-26T15:01:37.365Z,FFF5-Write,f4:db:00:00:00:d9,0x0021,0x07,07 A9 02 00 00 03,6
hci_snoop_2025_11_26_15_00_04.cfa,1591,2025-11-26T15:01:37.644Z,FFF5-Write,f4:db:00:00:00:d9,0x0021,0x07,07 AC 02 00 00 03,6
hci_snoop_2025_11_26_15_00_04.cfa,1599,2025-11-26T15:01:37.908Z,FFF5-Write,f4:db:00:00:00:d9,0x0021,0x07,07 AF 02 00 00 03,6
hci_snoop_2025_11_26_15_00_04.cfa,1603,2025-11-26T15:01:38.177Z,FFF5-Write,f4:db:00:00:00:d9,0x0021,0x07,07 B2 02 00 00 03,6
hci_snoop_2025_11_26_15_00_04.cfa,1607,2025-11-26T15:01:38.448Z,FFF5-Write,f4:db:00:00:00:d9,0x0021,0x07,07 B5 02 00 00 03,6
hci_snoop_2025_11_26_15_00_04.cfa,1611,2025-11-26T15:01:38.721Z,FFF5-Write,f4:db:00:00:00:d9,0x0021,0x07,07 B8 02 00 00 03,6
hci_snoop_2025_11_26_15_00_04.cfa,1615,2025-11-26T15:01:38.990Z,FFF5-Write,f4:db:00:00:00:d9,0x0021,0x07,07 BB 02 00 00 03,6
hci_snoop_2025_11_26_15_00_04.cfa,1619,2025-11-26T15:01:39.259Z,FFF5-Write,f4:db:00:00:00:d9,0x0021,0x07,07 BE 02 00 00 03,6
hci_snoop_2025_11_26_15_00_04.cfa,1623,2025-11-26T15:01:39.530Z,FFF5-Write,f4:db:00:00:00:d9,0x0021,0x07,07 C1 02 00 00 03,6
hci_snoop_2025_11_26_15_00_04.cfa,1627,2025-11-26T15:01:39.800Z,FFF5-Write,f4:db:00:00:00:d9,0x0021,0x07,07 C4 02 00 00 03,6
hci_snoop_2025_11_26_15_00_04.cfa,1631,2025-11-26T15:01:40.066Z,FFF5-Write,f4:db:00:00:00:d9,0x0021,0x07,07 C7 02 00 00 03,6
hci_snoop_2025_11_26_15_00_04.cfa,1635,2025-11-26T15:01:40.338Z,FFF5-Write,f4:db:00:00:00:d9,0x0021,0x07,07 CA 02 00 00 03,6
hci_snoop_2025_11_26_15_00_04.cfa,1639,2025-11-26T15:01:40.610Z,FFF5-Write,f4:db:00:00:00:d9,0x0021,0x07,07 CD 02 00 00 03,6
hci_snoop_2025_11_26_15_00_04.cfa,1643,2025-11-26T15:01:40.880Z,FFF5-Write,f4:db:00:00:00:d9,0x0021,0x07,07 D0 02 00 00 03,6
hci_snoop_2025_11_26_15_00_04.cfa,1647,2025-11-26T15:01:41.145Z,FFF5-Write,f4:db:00:00:00:d9,0x0021,0x07,07 D3 02 00 00 03,6
hci_snoop_2025_11_26_15_00_04.cfa,1651,2025-11-26T15:01:41.417Z,FFF5-Write,f4:db:00:00:00:d9,0x0021,0x07,07 D6 02 00 00 03,6
hci_snoop_2025_11_26_15_00_04.cfa,1655,2025-11-26T15:01:41.684Z,FFF5-Write,f4:db:00:00:00:d9,0x0021,0x07,07 D9 02 00 00 03,6
hci_snoop_2025_11_26_15_00_04.cfa,1659,2025-11-26T15:01:41.961Z,FFF5-Write,f4:db:00:00:00:d9,0x0021,0x07,07 DC 02 00 00 03,6
hci_snoop_2025_11_26_15_00_04.cfa,1663,2025-11-26T15:01:42.226Z,FFF5-Write,f4:db:00:00:00:d9,0x0021,0x07,07 DF 02 00 00 03,6
hci_snoop_2025_11_26_15_00_04.cfa,1667,2025-11-26T15:01:42.495Z,FFF5-Write,f4:db:00:00:00:d9,0x0021,0x07,07 E2 02 00 00 03,6
hci_snoop_2025_11_26_15_00_04.cfa,1671,2025-11-26T15:01:42.766Z,FFF5-Write,f4:db:00:00:00:d9,0x0021,0x07,07 E5 02 00 00 03,6
hci_snoop_2025_11_26_15_00_04.cfa,1675,2025-11-26T15:01:43.035Z,FFF5-Write,f4:db:00:00:00:d9,0x0021,0x07,07 E8 02 00 00 03,6
hci_snoop_2025_11_26_15_00_04.cfa,1679,2025-11-26T15:01:43.308Z,FFF5-Write,f4:db:00:00:00:d9,0x0021,0x07,07 EB 02 00 00 03,6
hci_snoop_2025_11_26_15_00_04.cfa,1683,2025-11-26T15:01:43.578Z,FFF5-Write,f4:db:00:00:00:d9,0x0021,0x07,07 EE 02 00 00 03,6
hci_snoop_2025_11_26_15_00_04.cfa,1687,2025-11-26T15:01:43.846Z,FFF5-Write,f4:db:00:00:00:d9,0x0021,0x07,07 F1 02 00 00 03,6
hci_snoop_2025_11_26_15_00_04.cfa,1691,2025-11-26T15:01:44.122Z,FFF5-Write,f4:db:00:00:00:d9,0x0021,0x07,07 F4 02 00 00 03,6
hci_snoop_2025_11_26_15_00_04.cfa,1695,2025-11-26T15:01:44.389Z,FFF5-Write,f4:db:00:00:00:d9,0x0021,0x07,07 F7 02 00 00 03,6
hci_snoop_2025_11_26_15_00_04.cfa,1699,2025-11-26T15:01:44.661Z,FFF5-Write,f4:db:00:00:00:d9,0x0021,0x07,07 FA 02 00 00 03,6
hci_snoop_2025_11_26_15_00_04.cfa,1703,2025-11-26T15:01:44.930Z,FFF5-Write,f4:db:00:00:00:d9,0x0021,0x07,07 FD 02 00 00 03,6
hci_snoop_2025_11_26_15_00_04.cfa,1707,2025-11-26T15:01:45.198Z,FFF5-Write,f4:db:00:00:00:d9,0x0021,0x07,07 00 03 00 00 03,6
hci_snoop_2025_11_26_15_00_04.cfa,1711,2025-11-26T15:01:45.471Z,FFF5-Write,f4:db:00:00:00:d9,0x0021,0x07,07 03 03 00 00 03,6
hci_snoop_2025_11_26_15_00_04.cfa,1715,2025-11-26T15:01:45.741Z,FFF5-Write,f4:db:00:00:00:d9,0x0021,0x07,07 06 03 00 00 03,6
hci_snoop_2025_11_26_15_00_04.cfa,1719,2025-11-26T15:01:46.010Z,FFF5-Write,f4:db:00:00:00:d9,0x0021,0x07,07 09 03 00 00 03,6
hci_snoop_2025_11_26_15_00_04.cfa,1723,2025-11-26T15:01:46.276Z,FFF5-Write,f4:db:00:00:00:d9,0x0021,0x07,07 0C 03 00 00 03,6
hci_snoop_2025_11_26_15_00_04.cfa,1727,2025-11-26T15:01:46.545Z,FFF5-Write,f4:db:00:00:00:d9,0x0021,0x07,07 0F 03 00 00 03,6
hci_snoop_2025_11_26_15_00_04.cfa,1731,2025-11-26T15:01:46.818Z,FFF5-Write,f4:db:00:00:00:d9,0x0021,0x07,07 12 03 00 00 03,6
hci_snoop_2025_11_26_15_00_04.cfa,1735,2025-11-26T15:01:47.089Z,FFF5-Write,f4:db:00:00:00:d9,0x0021,0x07,07 15 03 00 00 03,6
hci_snoop_2025_11_26_15_00_04.cfa,1739,2025-11-26T15:01:47.355Z,FFF5-Write,f4:db:00:00:00:d9,0x0021,0x07,07 18 03 00 00 03,6
hci_snoop_2025_11_26_15_00_04.cfa,1743,2025-11-26T15:01:47.625Z,FFF5-Write,f4:db:00:00:00:d9,0x0021,0x07,07 1B 03 00 00 03,6
hci_snoop_2025_11_26_15_00_04.cfa,1747,2025-11-26T15:01:47.896Z,FFF5-Write,f4:db:00:00:00:d9,0x0021,0x07,07 1E 03 00 00 03,6
hci_snoop_2025_11_26_15_00_04.cfa,1751,2025-11-26T15:01:48.172Z,FFF5-Write,f4:db:00:00:00:d9,0x0021,0x07,07 21 03 00 00 03,6
hci_snoop_2025_11_26_15_00_04.cfa,1755,2025-11-26T15:01:48.439Z,FFF5-Write,f4:db:00:00:00:d9,0x0021,0x07,07 24 03 00 00 03,6
hci_snoop_2025_11_26_15_00_04.cfa,1759,2025-11-26T15:01:48.710Z,FFF5-Write,f4:db:00:00:00:d9,0x0021,0x07,07 27 03 00 00 03,6
hci_snoop_2025_11_26_15_00_04.cfa,1764,2025-11-26T15:01:48.981Z,FFF5-Write,f4:db:00:00:00:d9,0x0021,0x07,07 2A 03 00 00 03,6
hci_snoop_2025_11_26_15_00_04.cfa,1768,2025-11-26T15:01:49.247Z,FFF5-Write,f4:db:00:00:00:d9,0x0021,0x07,07 2D 03 00 00 03,6
hci_snoop_2025_11_26_15_00_04.cfa,1772,2025-11-26T15:01:49.516Z,FFF5-Write,f4:db:00:00:00:d9,0x0021,0x07,07 30 03 00 00 03,6
hci_snoop_2025_11_26_15_00_04.cfa,1776,2025-11-26T15:01:49.788Z,FFF5-Write,f4:db:00:00:00:d9,0x0021,0x07,07 33 03 00 00 03,6
hci_snoop_2025_11_26_15_00_04.cfa,1780,2025-11-26T15:01:50.057Z,FFF5-Write,f4:db:00:00:00:d9,0x0021,0x07,07 36 03 00 00 03,6
hci_snoop_2025_11_26_15_00_04.cfa,1784,2025-11-26T15:01:50.327Z,FFF5-Write,f4:db:00:00:00:d9,0x0021,0x07,07 39 03 00 00 03,6
hci_snoop_2025_11_26_15_00_04.cfa,1788,2025-11-26T15:01:50.596Z,FFF5-Write,f4:db:00:00:00:d9,0x0021,0x07,07 3C 03 00 00 03,6
hci_snoop_2025_11_26_15_00_04.cfa,1792,2025-11-26T15:01:50.870Z,FFF5-Write,f4:db:00:00:00:d9,0x0021,0x07,07 3F 03 00 00 03,6
hci_snoop_2025_11_26_15_00_04.cfa,1796,2025-11-26T15:01:51.138Z,FFF5-Write,f4:db:00:00:00:d9,0x0021,0x07,07 42 03 00 00 03,6
hci_snoop_2025_11_26_15_00_04.cfa,1800,2025-11-26T15:01:51.404Z,FFF5-Write,f4:db:00:00:00:d9,0x0021,0x07,07 45 03 00 00 03,6
hci_snoop_2025_11_26_15_00_04.cfa,1804,2025-11-26T15:01:51.677Z,FFF5-Write,f4:db:00:00:00:d9,0x0021,0x07,07 48 03 00 00 03,6
hci_snoop_2025_11_26_15_00_04.cfa,1808,2025-11-26T15:01:51.947Z,FFF5-Write,f4:db:00:00:00:d9,0x0021,0x07,07 4B 03 00 00 03,6
hci_snoop_2025_11_26_15_00_04.cfa,1812,2025-11-26T15:01:52.214Z,FFF5-Write,f4:db:00:00:00:d9,0x0021,0x07,07 4E 03 00 00 03,6
hci_snoop_2025_11_26_15_00_04.cfa,1816,2025-11-26T15:01:52.484Z,FFF5-Write,f4:db:00:00:00:d9,0x0021,0x07,07 51 03 00 00 03,6
hci_snoop_2025_11_26_15_00_04.cfa,1820,2025-11-26T15:01:52.758Z,FFF5-Write,f4:db:00:00:00:d9,0x0021,0x07,07 54 03 00 00 03,6
hci_snoop_2025_11_26_15_00_04.cfa,1824,2025-11-26T15:01:53.025Z,FFF5-Write,f4:db:00:00:00:d9,0x0021,0x07,07 57 03 00 00 03,6
hci_snoop_2025_11_26_15_00_04.cfa,1828,2025-11-26T15:01:53.297Z,FFF5-Write,f4:db:00:00:00:d9,0x0021,0x07,07 5A 03 00 00 03,6
hci_snoop_2025_11_26_15_00_04.cfa,1832,2025-11-26T15:01:53.568Z,FFF5-Write,f4:db:00:00:00:d9,0x0021,0x07,07 5D 03 00 00 03,6
hci_snoop_2025_11_26_15_00_04.cfa,1836,2025-11-26T15:01:53.837Z,FFF5-Write,f4:db:00:00:00:d9,0x0021,0x07,07 60 03 00 00 03,6
hci_snoop_2025_11_26_15_00_04.cfa,1840,2025-11-26T15:01:54.110Z,FFF5-Write,f4:db:00:00:00:d9,0x0021,0x07,07 63 03 00 00 03,6
hci_snoop_2025_11_26_15_00_04.cfa,1844,2025-11-26T15:01:54.374Z,FFF5-Write,f4:db:00:00:00:d9,0x0021,0x07,07 66 03 00 00 03,6
hci_snoop_2025_11_26_15_00_04.cfa,1848,2025-11-26T15:01:54.650Z,FFF5-Write,f4:db:00:00:00:d9,0x0021,0x07,07 69 03 00 00 03,6
hci_snoop_2025_11_26_15_00_04.cfa,1852,2025-11-26T15:01:54.920Z,FFF5-Write,f4:db:00:00:00:d9,0x0021,0x07,07 6C 03 00 00 03,6
hci_snoop_2025_11_26_15_00_04.cfa,1856,2025-11-26T15:01:55.187Z,FFF5-Write,f4:db:00:00:00:d9,0x0021,0x07,07 6F 03 00 00 03,6
hci_snoop_2025_11_26_15_00_04.cfa,1860,2025-11-26T15:01:55.457Z,FFF5-Write,f4:db:00:00:00:d9,0x0021,0x07,07 72 03 00 00 03,6
hci_snoop_2025_11_26_15_00_04.cfa,1864,2025-11-26T15:01:55.730Z,FFF5-Write,f4:db:00:00:00:d9,0x0021,0x07,07 75 03 00 00 03,6
hci_snoop_2025_11_26_15_00_04.cfa,1868,2025-11-26T15:01:55.997Z,FFF5-Write,f4:db:00:00:00:d9,0x0021,0x07,07 78 03 00 00 03,6
hci_snoop_2025_11_26_15_00_04.cfa,1872,2025-11-26T15:01:56.265Z,FFF5-Write,f4:db:00:00:00:d9,0x0021,0x07,07 7B 03 00 00 03,6
hci_snoop_2025_11_26_15_00_04.cfa,1876,2025-11-26T15:01:56.537Z,FFF5-Write,f4:db:00:00:00:d9,0x0021,0x07,07 7E 03 00 00 03,6
hci_snoop_2025_11_26_15_00_04.cfa,1880,2025-11-26T15:01:56.804Z,FFF5-Write,f4:db:00:00:00:d9,0x0021,0x07,07 81 03 00 00 03,6
hci_snoop_2025_11_26_15_00_04.cfa,1884,2025-11-26T15:01:57.073Z,FFF5-Write,f4:db:00:00:00:d9,0x0021,0x07,07 84 03 00 00 03,6
hci_snoop_2025_11_26_15_00_04.cfa,1888,2025-11-26T15:01:57.344Z,FFF5-Write,f4:db:00:00:00:d9,0x0021,0x07,07 87 03 00 00 03,6
hci_snoop_2025_11_26_15_00_04.cfa,1892,2025-11-26T15:01:57.619Z,FFF5-Write,f4:db:00:00:00:d9,0x0021,0x07,07 8A 03 00 00 03,6
hci_snoop_2025_11_26_15_00_04.cfa,1896,2025-11-26T15:01:57.886Z,FFF5-Write,f4:db:00:00:00:d9,0x0021,0x07,07 8D 03 00 00 03,6
hci_snoop_2025_11_26_15_00_04.cfa,1900,2025-11-26T15:01:58.156Z,FFF5-Write,f4:db:00:00:00:d9,0x0021,0x07,07 90 03 00 00 03,6
hci_snoop_2025_11_26_15_00_04.cfa,1904,2025-11-26T15:01:58.429Z,FFF5-Write,f4:db:00:00:00:d9,0x0021,0x07,07 93 03 00 00 03,6
hci_snoop_2025_11_26_15_00_04.cfa,1908,2025-11-26T15:01:58.696Z,FFF5-Write,f4:db:00:00:00:d9,0x0021,0x07,07 96 03 00 00 03,6
hci_snoop_2025_11_26_15_00_04.cfa,1912,2025-11-26T15:01:58.970Z,FFF5-Write,f4:db:00:00:00:d9,0x0021,0x07,07 99 03 00 00 03,6
hci_snoop_2025_11_26_15_00_04.cfa,1916,2025-11-26T15:01:59.237Z,FFF5-Write,f4:db:00:00:00:d9,0x0021,0x07,07 9C 03 00 00 03,6
hci_snoop_2025_11_26_15_00_04.cfa,1920,2025-11-26T15:01:59.512Z,FFF5-Write,f4:db:00:00:00:d9,0x0021,0x07,07 9F 03 00 00 03,6
hci_snoop_2025_11_26_15_00_04.cfa,1924,2025-11-26T15:01:59.777Z,FFF5-Write,f4:db:00:00:00:d9,0x0021,0x07,07 A2 03 00 00 03,6
hci_snoop_2025_11_26_15_00_04.cfa,1928,2025-11-26T15:02:00.045Z,FFF5-Write,f4:db:00:00:00:d9,0x0021,0x07,07 A5 03 00 00 03,6
hci_snoop_2025_11_26_15_00_04.cfa,1932,2025-11-26T15:02:00.318Z,FFF5-Write,f4:db:00:00:00:d9,0x0021,0x07,07 A8 03 00 00 03,6
hci_snoop_2025_11_26_15_00_04.cfa,1936,2025-11-26T15:02:00.585Z,FFF5-Write,f4:db:00:00:00:d9,0x0021,0x07,07 AB 03 00 00 03,6
hci_snoop_2025_11_26_15_00_04.cfa,1940,2025-11-26T15:02:00.855Z,FFF5-Write,f4:db:00:00:00:d9,0x0021,0x07,07 AE 03 00 00 03,6
hci_snoop_2025_11_26_15_00_04.cfa,1944,2025-11-26T15:02:01.126Z,FFF5-Write,f4:db:00:00:00:d9,0x0021,0x07,07 B1 03 00 00 03,6
hci_snoop_2025_11_26_15_00_04.cfa,1948,2025-11-26T15:02:01.396Z,FFF5-Write,f4:db:00:00:00:d9,0x0021,0x07,07 B4 03 00 00 03,6
hci_snoop_2025_11_26_15_00_04.cfa,1952,2025-11-26T15:02:01.667Z,FFF5-Write,f4:db:00:00:00:d9,0x0021,0x07,07 B7 03 00 00 03,6
hci_snoop_2025_11_26_15_00_04.cfa,1956,2025-11-26T15:02:01.941Z,FFF5-Write,f4:db:00:00:00:d9,0x0021,0x07,07 BA 03 00 00 03,6
hci_snoop_2025_11_26_15_00_04.cfa,1960,2025-11-26T15:02:02.297Z,FFF5-Write,f4:db:00:00:00:d9,0x0021,0x07,07 BD 03 00 00 03,6
hci_snoop_2025_11_26_15_00_04.cfa,1965,2025-11-26T15:02:02.664Z,FFF5-Write,f4:db:00:00:00:d9,0x0021,0x07,07 C0 03 00 00 03,6
hci_snoop_2025_11_26_15_00_04.cfa,1969,2025-11-26T15:02:02.927Z,FFF5-Write,f4:db:00:00:00:d9,0x0021,0x07,07 C3 03 00 00 03,6
hci_snoop_2025_11_26_15_00_04.cfa,1973,2025-11-26T15:02:03.200Z,FFF5-Write,f4:db:00:00:00:d9,0x0021,0x07,07 C6 03 00 00 03,6
hci_snoop_2025_11_26_15_00_04.cfa,1977,2025-11-26T15:02:03.467Z,FFF5-Write,f4:db:00:00:00:d9,0x0021,0x07,07 C9 03 00 00 03,6
hci_snoop_2025_11_26_15_00_04.cfa,1981,2025-11-26T15:02:03.740Z,FFF5-Write,f4:db:00:00:00:d9,0x0021,0x07,07 CC 03 00 00 03,6
hci_snoop_2025_11_26_15_00_04.cfa,1985,2025-11-26T15:02:04.008Z,FFF5-Write,f4:db:00:00:00:d9,0x0021,0x07,07 CF 03 00 00 03,6
hci_snoop_2025_11_26_15_00_04.cfa,1989,2025-11-26T15:02:04.273Z,FFF5-Write,f4:db:00:00:00:d9,0x0021,0x07,07 D2 03 00 00 03,6
hci_snoop_2025_11_26_15_00_04.cfa,1993,2025-11-26T15:02:04.549Z,FFF5-Write,f4:db:00:00:00:d9,0x0021,0x07,07 D5 03 00 00 03,6
hci_snoop_2025_11_26_15_00_04.cfa,1997,2025-11-26T15:02:04.817Z,FFF5-Write,f4:db:00:00:00:d9,0x0021,0x07,07 D8 03 00 00 03,6
hci_snoop_2025_11_26_15_00_04.cfa,2001,2025-11-26T15:02:05.088Z,FFF5-Write,f4:db:00:00:00:d9,0x0021,0x07,07 DB 03 00 00 03,6
hci_snoop_2025_11_26_15_00_04.cfa,2005,2025-11-26T15:02:05.356Z,FFF5-Write,f4:db:00:00:00:d9,0x0021,0x07,07 DE 03 00 00 03,6
hci_snoop_2025_11_26_15_00_04.cfa,2009,2025-11-26T15:02:05.625Z,FFF5-Write,f4:db:00:00:00:d9,0x0021,0x07,07 E1 03 00 00 03,6
hci_snoop_2025_11_26_15_00_04.cfa,2013,2025-11-26T15:02:05.898Z,FFF5-Write,f4:db:00:00:00:d9,0x0021,0x07,07 E4 03 00 00 03,6
hci_snoop_2025_11_26_15_00_04.cfa,2017,2025-11-26T15:02:06.167Z,FFF5-Write,f4:db:00:00:00:d9,0x0021,0x07,07 E7 03 00 00 03,6
hci_snoop_2025_11_26_15_00_04.cfa,2021,2025-11-26T15:02:06.437Z,FFF5-Write,f4:db:00:00:00:d9,0x0021,0x07,07 EA 03 00 00 03,6
hci_snoop_2025_11_26_15_00_04.cfa,2025,2025-11-26T15:02:06.798Z,FFF5-Write,f4:db:00:00:00:d9,0x0021,0x07,07 ED 03 00 00 03,6
hci_snoop_2025_11_26_15_00_04.cfa,2029,2025-11-26T15:02:07.068Z,FFF5-Write,f4:db:00:00:00:d9,0x0021,0x07,07 F0 03 00 00 03,6
hci_snoop_2025_11_26_15_00_04.cfa,2033,2025-11-26T15:02:07.344Z,FFF5-Write,f4:db:00:00:00:d9,0x0021,0x07,07 F3 03 00 00 03,6
hci_snoop_2025_11_26_15_00_04.cfa,2037,2025-11-26T15:02:07.607Z,FFF5-Write,f4:db:00:00:00:d9,0x0021,0x07,07 F6 03 00 00 03,6
hci_snoop_2025_11_26_15_00_04.cfa,2041,2025-11-26T15:02:07.879Z,FFF5-Write,f4:db:00:00:00:d9,0x0021,0x07,07 F9 03 00 00 03,6
hci_snoop_2025_11_26_15_00_04.cfa,2045,2025-11-26T15:02:08.149Z,FFF5-Write,f4:db:00:00:00:d9,0x0021,0x07,07 FC 03 00 00 03,6
hci_snoop_2025_11_26_15_00_04.cfa,2049,2025-11-26T15:02:08.419Z,FFF5-Write,f4:db:00:00:00:d9,0x0021,0x07,07 FF 03 00 00 03,6
hci_snoop_2025_11_26_15_00_04.cfa,2053,2025-11-26T15:02:08.780Z,FFF5-Write,f4:db:00:00:00:d9,0x0021,0x07,07 02 04 00 00 03,6
hci_snoop_2025_11_26_15_00_04.cfa,2057,2025-11-26T15:02:09.047Z,FFF5-Write,f4:db:00:00:00:d9,0x0021,0x07,07 05 04 00 00 03,6
hci_snoop_2025_11_26_15_00_04.cfa,2061,2025-11-26T15:02:09.320Z,FFF5-Write,f4:db:00:00:00:d9,0x0021,0x07,07 08 04 00 00 03,6
hci_snoop_2025_11_26_15_00_04.cfa,2065,2025-11-26T15:02:09.588Z,FFF5-Write,f4:db:00:00:00:d9,0x0021,0x07,07 0B 04 00 00 03,6
hci_snoop_2025_11_26_15_00_04.cfa,2069,2025-11-26T15:02:09.860Z,FFF5-Write,f4:db:00:00:00:d9,0x0021,0x07,07 0E 04 00 00 03,6
hci_snoop_2025_11_26_15_00_04.cfa,2073,2025-11-26T15:02:10.128Z,FFF5-Write,f4:db:00:00:00:d9,0x0021,0x07,07 11 04 00 00 03,6
hci_snoop_2025_11_26_15_00_04.cfa,2077,2025-11-26T15:02:10.398Z,FFF5-Write,f4:db:00:00:00:d9,0x0021,0x07,07 14 04 00 00 03,6
hci_snoop_2025_11_26_15_00_04.cfa,2081,2025-11-26T15:02:10.762Z,FFF5-Write,f4:db:00:00:00:d9,0x0021,0x07,07 17 04 00 00 03,6
hci_snoop_2025_11_26_15_00_04.cfa,2085,2025-11-26T15:02:11.027Z,FFF5-Write,f4:db:00:00:00:d9,0x0021,0x07,07 1A 04 00 00 03,6
hci_snoop_2025_11_26_15_00_04.cfa,2089,2025-11-26T15:02:11.297Z,FFF5-Write,f4:db:00:00:00:d9,0x0021,0x07,07 1D 04 00 00 03,6
hci_snoop_2025_11_26_15_00_04.cfa,2093,2025-11-26T15:02:11.568Z,FFF5-Write,f4:db:00:00:00:d9,0x0021,0x07,07 20 04 00 00 03,6
hci_snoop_2025_11_26_15_00_04.cfa,2097,2025-11-26T15:02:11.840Z,FFF5-Write,f4:db:00:00:00:d9,0x0021,0x07,07 23 04 00 00 03,6
hci_snoop_2025_11_26_15_00_04.cfa,2101,2025-11-26T15:02:12.107Z,FFF5-Write,f4:db:00:00:00:d9,0x0021,0x07,07 26 04 00 00 03,6
hci_snoop_2025_11_26_15_00_04.cfa,2105,2025-11-26T15:02:12.380Z,FFF5-Write,f4:db:00:00:00:d9,0x0021,0x07,07 29 04 00 00 03,6
hci_snoop_2025_11_26_15_00_04.cfa,2109,2025-11-26T15:02:12.650Z,FFF5-Write,f4:db:00:00:00:d9,0x0021,0x07,07 2C 04 00 00 03,6
hci_snoop_2025_11_26_15_00_04.cfa,2113,2025-11-26T15:02:12.924Z,FFF5-Write,f4:db:00:00:00:d9,0x0021,0x07,07 2F 04 00 00 03,6
hci_snoop_2025_11_26_15_00_04.cfa,2117,2025-11-26T15:02:13.188Z,FFF5-Write,f4:db:00:00:00:d9,0x0021,0x07,07 32 04 00 00 03,6
hci_snoop_2025_11_26_15_00_04.cfa,2121,2025-11-26T15:02:13.460Z,FFF5-Write,f4:db:00:00:00:d9,0x0021,0x07,07 35 04 00 00 03,6
hci_snoop_2025_11_26_15_00_04.cfa,2125,2025-11-26T15:02:13.727Z,FFF5-Write,f4:db:00:00:00:d9,0x0021,0x07,07 38 04 00 00 03,6
hci_snoop_2025_11_26_15_00_04.cfa,2129,2025-11-26T15:02:13.997Z,FFF5-Write,f4:db:00:00:00:d9,0x0021,0x07,07 3B 04 00 00 03,6
hci_snoop_2025_11_26_15_00_04.cfa,2134,2025-11-26T15:02:14.358Z,FFF5-Write,f4:db:00:00:00:d9,0x0021,0x07,07 3E 04 00 00 03,6
hci_snoop_2025_11_26_15_00_04.cfa,2138,2025-11-26T15:02:14.628Z,FFF5-Write,f4:db:00:00:00:d9,0x0021,0x07,07 41 04 00 00 03,6
hci_snoop_2025_11_26_15_00_04.cfa,2142,2025-11-26T15:02:14.900Z,FFF5-Write,f4:db:00:00:00:d9,0x0021,0x07,07 44 04 00 00 03,6
hci_snoop_2025_11_26_15_00_04.cfa,2146,2025-11-26T15:02:15.192Z,FFF5-Write,f4:db:00:00:00:d9,0x0021,0x07,07 47 04 00 00 03,6
hci_snoop_2025_11_26_15_00_04.cfa,2150,2025-11-26T15:02:15.458Z,FFF5-Write,f4:db:00:00:00:d9,0x0021,0x07,07 4A 04 00 00 03,6
hci_snoop_2025_11_26_15_00_04.cfa,2154,2025-11-26T15:02:15.727Z,FFF5-Write,f4:db:00:00:00:d9,0x0021,0x07,07 4D 04 00 00 03,6
hci_snoop_2025_11_26_15_00_04.cfa,2158,2025-11-26T15:02:16.012Z,FFF5-Write,f4:db:00:00:00:d9,0x0021,0x07,07 50 04 00 00 03,6
hci_snoop_2025_11_26_15_00_04.cfa,2162,2025-11-26T15:02:16.277Z,FFF5-Write,f4:db:00:00:00:d9,0x0021,0x07,07 53 04 00 00 03,6
hci_snoop_2025_11_26_15_00_04.cfa,2166,2025-11-26T15:02:16.545Z,FFF5-Write,f4:db:00:00:00:d9,0x0021,0x07,07 56 04 00 00 03,6
hci_snoop_2025_11_26_15_00_04.cfa,2170,2025-11-26T15:02:16.809Z,FFF5-Write,f4:db:00:00:00:d9,0x0021,0x07,07 59 04 00 00 03,6
hci_snoop_2025_11_26_15_00_04.cfa,2174,2025-11-26T15:02:17.080Z,FFF5-Write,f4:db:00:00:00:d9,0x0021,0x07,07 5C 04 00 00 03,6
hci_snoop_2025_11_26_15_00_04.cfa,2178,2025-11-26T15:02:17.361Z,FFF5-Write,f4:db:00:00:00:d9,0x0021,0x07,07 5F 04 00 00 03,6
hci_snoop_2025_11_26_15_00_04.cfa,2182,2025-11-26T15:02:17.627Z,FFF5-Write,f4:db:00:00:00:d9,0x0021,0x07,07 62 04 00 00 03,6
hci_snoop_2025_11_26_15_00_04.cfa,2186,2025-11-26T15:02:17.897Z,FFF5-Write,f4:db:00:00:00:d9,0x0021,0x07,07 65 04 00 00 03,6
hci_snoop_2025_11_26_15_00_04.cfa,2190,2025-11-26T15:02:18.162Z,FFF5-Write,f4:db:00:00:00:d9,0x0021,0x07,07 68 04 00 00 03,6
hci_snoop_2025_11_26_15_00_04.cfa,2194,2025-11-26T15:02:18.427Z,FFF5-Write,f4:db:00:00:00:d9,0x0021,0x07,07 6B 04 00 00 03,6
hci_snoop_2025_11_26_15_00_04.cfa,2198,2025-11-26T15:02:18.693Z,FFF5-Write,f4:db:00:00:00:d9,0x0021,0x07,07 6E 04 00 00 03,6
hci_snoop_2025_11_26_15_00_04.cfa,2203,2025-11-26T15:02:18.977Z,FFF5-Write,f4:db:00:00:00:d9,0x0021,0x07,07 71 04 00 00 03,6
hci_snoop_2025_11_26_15_00_04.cfa,2207,2025-11-26T15:02:19.245Z,FFF5-Write,f4:db:00:00:00:d9,0x0021,0x07,07 74 04 00 00 03,6
hci_snoop_2025_11_26_15_00_04.cfa,2211,2025-11-26T15:02:19.512Z,FFF5-Write,f4:db:00:00:00:d9,0x0021,0x07,07 77 04 00 00 03,6
hci_snoop_2025_11_26_15_00_04.cfa,2215,2025-11-26T15:02:19.775Z,FFF5-Write,f4:db:00:00:00:d9,0x0021,0x07,07 7A 04 00 00 03,6
hci_snoop_2025_11_26_15_00_04.cfa,2219,2025-11-26T15:02:20.061Z,FFF5-Write,f4:db:00:00:00:d9,0x0021,0x07,07 7D 04 00 00 03,6
hci_snoop_2025_11_26_15_00_04.cfa,2223,2025-11-26T15:02:20.327Z,FFF5-Write,f4:db:00:00:00:d9,0x0021,0x07,07 80 04 00 00 03,6
hci_snoop_2025_11_26_15_00_04.cfa,2227,2025-11-26T15:02:20.592Z,FFF5-Write,f4:db:00:00:00:d9,0x0021,0x07,07 83 04 00 00 03,6
hci_snoop_2025_11_26_15_00_04.cfa,2231,2025-11-26T15:02:20.862Z,FFF5-Write,f4:db:00:00:00:d9,0x0021,0x07,07 86 04 00 00 03,6
hci_snoop_2025_11_26_15_00_04.cfa,2235,2025-11-26T15:02:21.129Z,FFF5-Write,f4:db:00:00:00:d9,0x0021,0x07,07 89 04 00 00 03,6
hci_snoop_2025_11_26_15_00_04.cfa,2239,2025-11-26T15:02:21.410Z,FFF5-Write,f4:db:00:00:00:d9,0x0021,0x07,07 8C 04 00 00 03,6
hci_snoop_2025_11_26_15_00_04.cfa,2243,2025-11-26T15:02:21.678Z,FFF5-Write,f4:db:00:00:00:d9,0x0021,0x07,07 8F 04 00 00 03,6
hci_snoop_2025_11_26_15_00_04.cfa,2247,2025-11-26T15:02:21.944Z,FFF5-Write,f4:db:00:00:00:d9,0x0021,0x07,07 92 04 00 00 03,6
hci_snoop_2025_11_26_15_00_04.cfa,2251,2025-11-26T15:02:22.209Z,FFF5-Write,f4:db:00:00:00:d9,0x0021,0x07,07 95 04 00 00 03,6
hci_snoop_2025_11_26_15_00_04.cfa,2255,2025-11-26T15:02:22.481Z,FFF5-Write,f4:db:00:00:00:d9,0x0021,0x07,07 98 04 00 00 03,6
hci_snoop_2025_11_26_15_00_04.cfa,2259,2025-11-26T15:02:22.762Z,FFF5-Write,f4:db:00:00:00:d9,0x0021,0x07,07 9B 04 00 00 03,6
hci_snoop_2025_11_26_15_00_04.cfa,2263,2025-11-26T15:02:23.030Z,FFF5-Write,f4:db:00:00:00:d9,0x0021,0x07,07 9E 04 00 00 03,6
hci_snoop_2025_11_26_15_00_04.cfa,2267,2025-11-26T15:02:23.292Z,FFF5-Write,f4:db:00:00:00:d9,0x0021,0x07,07 A1 04 00 00 03,6
hci_snoop_2025_11_26_15_00_04.cfa,2271,2025-11-26T15:02:23.562Z,FFF5-Write,f4:db:00:00:00:d9,0x0021,0x07,07 A4 04 00 00 03,6
hci_snoop_2025_11_26_15_00_04.cfa,2275,2025-11-26T15:02:23.828Z,FFF5-Write,f4:db:00:00:00:d9,0x0021,0x07,07 A7 04 00 00 03,6
hci_snoop_2025_11_26_15_00_04.cfa,2279,2025-11-26T15:02:24.097Z,FFF5-Write,f4:db:00:00:00:d9,0x0021,0x07,07 AA 04 00 00 03,6
hci_snoop_2025_11_26_15_00_04.cfa,2283,2025-11-26T15:02:24.376Z,FFF5-Write,f4:db:00:00:00:d9,0x0021,0x07,07 AD 04 00 00 03,6
hci_snoop_2025_11_26_15_00_04.cfa,2287,2025-11-26T15:02:24.647Z,FFF5-Write,f4:db:00:00:00:d9,0x0021,0x07,07 B0 04 00 00 03,6
hci_snoop_2025_11_26_15_00_04.cfa,2291,2025-11-26T15:02:24.910Z,FFF5-Write,f4:db:00:00:00:d9,0x0021,0x07,07 B3 04 00 00 03,6
hci_snoop_2025_11_26_15_00_04.cfa,2295,2025-11-26T15:02:25.177Z,FFF5-Write,f4:db:00:00:00:d9,0x0021,0x07,07 B6 04 00 00 03,6
hci_snoop_2025_11_26_15_00_04.cfa,2299,2025-11-26T15:02:25.462Z,FFF5-Write,f4:db:00:00:00:d9,0x0021,0x07,07 B9 04 00 00 03,6
hci_snoop_2025_11_26_15_00_04.cfa,2304,2025-11-26T15:02:25.726Z,FFF5-Write,f4:db:00:00:00:d9,0x0021,0x07,07 BC 04 00 00 03,6
hci_snoop_2025_11_26_15_00_04.cfa,2308,2025-11-26T15:02:25.993Z,FFF5-Write,f4:db:00:00:00:d9,0x0021,0x07,07 BF 04 00 00 03,6
hci_snoop_2025_11_26_15_00_04.cfa,2312,2025-11-26T15:02:26.263Z,FFF5-Write,f4:db:00:00:00:d9,0x0021,0x07,07 C2 04 00 00 03,6
hci_snoop_2025_11_26_15_00_04.cfa,2316,2025-11-26T15:02:26.527Z,FFF5-Write,f4:db:00:00:00:d9,0x0021,0x07,07 C5 04 00 00 03,6
hci_snoop_2025_11_26_15_00_04.cfa,2320,2025-11-26T15:02:26.810Z,FFF5-Write,f4:db:00:00:00:d9,0x0021,0x07,07 C8 04 00 00 03,6
hci_snoop_2025_11_26_15_00_04.cfa,2324,2025-11-26T15:02:27.077Z,FFF5-Write,f4:db:00:00:00:d9,0x0021,0x07,07 CB 04 00 00 03,6
hci_snoop_2025_11_26_15_00_04.cfa,2328,2025-11-26T15:02:27.344Z,FFF5-Write,f4:db:00:00:00:d9,0x0021,0x07,07 CE 04 00 00 03,6
hci_snoop_2025_11_26_15_00_04.cfa,2332,2025-11-26T15:02:27.611Z,FFF5-Write,f4:db:00:00:00:d9,0x0021,0x07,07 D1 04 00 00 03,6
hci_snoop_2025_11_26_15_00_04.cfa,2336,2025-11-26T15:02:27.877Z,FFF5-Write,f4:db:00:00:00:d9,0x0021,0x07,07 D4 04 00 00 03,6
hci_snoop_2025_11_26_15_00_04.cfa,2340,2025-11-26T15:02:28.143Z,FFF5-Write,f4:db:00:00:00:d9,0x0021,0x07,07 D7 04 00 00 03,6
hci_snoop_2025_11_26_15_00_04.cfa,2344,2025-11-26T15:02:28.426Z,FFF5-Write,f4:db:00:00:00:d9,0x0021,0x07,07 DA 04 00 00 03,6
hci_snoop_2025_11_26_15_00_04.cfa,2348,2025-11-26T15:02:28.692Z,FFF5-Write,f4:db:00:00:00:d9,0x0021,0x07,07 DD 04 00 00 03,6
hci_snoop_2025_11_26_15_00_04.cfa,2352,2025-11-26T15:02:28.960Z,FFF5-Write,f4:db:00:00:00:d9,0x0021,0x07,07 E0 04 00 00 03,6
hci_snoop_2025_11_26_15_00_04.cfa,2356,2025-11-26T15:02:29.225Z,FFF5-Write,f4:db:00:00:00:d9,0x0021,0x07,07 E3 04 00 00 03,6
hci_snoop_2025_11_26_15_00_04.cfa,2360,2025-11-26T15:02:29.493Z,FFF5-Write,f4:db:00:00:00:d9,0x0021,0x07,07 E6 04 00 00 03,6
hci_snoop_2025_11_26_15_00_04.cfa,2364,2025-11-26T15:02:29.775Z,FFF5-Write,f4:db:00:00:00:d9,0x0021,0x07,07 E9 04 00 00 03,6
hci_snoop_2025_11_26_15_00_04.cfa,2368,2025-11-26T15:02:30.043Z,FFF5-Write,f4:db:00:00:00:d9,0x0021,0x07,07 EC 04 00 00 03,6
hci_snoop_2025_11_26_15_00_04.cfa,2372,2025-11-26T15:02:30.312Z,FFF5-Write,f4:db:00:00:00:d9,0x0021,0x07,07 EF 04 00 00 03,6
hci_snoop_2025_11_26_15_00_04.cfa,2376,2025-11-26T15:02:30.578Z,FFF5-Write,f4:db:00:00:00:d9,0x0021,0x07,07 F2 04 00 00 03,6
hci_snoop_2025_11_26_15_00_04.cfa,2380,2025-11-26T15:02:30.865Z,FFF5-Write,f4:db:00:00:00:d9,0x0021,0x07,07 F5 04 00 00 03,6
hci_snoop_2025_11_26_15_00_04.cfa,2384,2025-11-26T15:02:31.129Z,FFF5-Write,f4:db:00:00:00:d9,0x0021,0x07,07 F8 04 00 00 03,6
hci_snoop_2025_11_26_15_00_04.cfa,2388,2025-11-26T15:02:31.395Z,FFF5-Write,f4:db:00:00:00:d9,0x0021,0x07,07 FB 04 00 00 03,6
hci_snoop_2025_11_26_15_00_04.cfa,2392,2025-11-26T15:02:31.660Z,FFF5-Write,f4:db:00:00:00:d9,0x0021,0x07,07 FE 04 00 00 03,6
hci_snoop_2025_11_26_15_00_04.cfa,2396,2025-11-26T15:02:32.028Z,FFF5-Write,f4:db:00:00:00:d9,0x0021,0x07,07 01 05 00 00 03,6
hci_snoop_2025_11_26_15_00_04.cfa,2400,2025-11-26T15:02:32.296Z,FFF5-Write,f4:db:00:00:00:d9,0x0021,0x07,07 04 05 00 00 03,6
hci_snoop_2025_11_26_15_00_04.cfa,2404,2025-11-26T15:02:32.563Z,FFF5-Write,f4:db:00:00:00:d9,0x0021,0x07,07 07 05 00 00 03,6
hci_snoop_2025_11_26_15_00_04.cfa,2408,2025-11-26T15:02:32.826Z,FFF5-Write,f4:db:00:00:00:d9,0x0021,0x07,07 0A 05 00 00 03,6
hci_snoop_2025_11_26_15_00_04.cfa,2412,2025-11-26T15:02:33.110Z,FFF5-Write,f4:db:00:00:00:d9,0x0021,0x07,07 0D 05 00 00 03,6
hci_snoop_2025_11_26_15_00_04.cfa,2416,2025-11-26T15:02:33.377Z,FFF5-Write,f4:db:00:00:00:d9,0x0021,0x07,07 10 05 00 00 03,6
hci_snoop_2025_11_26_15_00_04.cfa,2420,2025-11-26T15:02:33.645Z,FFF5-Write,f4:db:00:00:00:d9,0x0021,0x07,07 13 05 00 00 03,6
hci_snoop_2025_11_26_15_00_04.cfa,2424,2025-11-26T15:02:33.909Z,FFF5-Write,f4:db:00:00:00:d9,0x0021,0x07,07 16 05 00 00 03,6
hci_snoop_2025_11_26_15_00_04.cfa,2428,2025-11-26T15:02:34.175Z,FFF5-Write,f4:db:00:00:00:d9,0x0021,0x07,07 19 05 00 00 03,6
hci_snoop_2025_11_26_15_00_04.cfa,2432,2025-11-26T15:02:34.461Z,FFF5-Write,f4:db:00:00:00:d9,0x0021,0x07,07 1C 05 00 00 03,6
hci_snoop_2025_11_26_15_00_04.cfa,2436,2025-11-26T15:02:34.729Z,FFF5-Write,f4:db:00:00:00:d9,0x0021,0x07,07 1F 05 00 00 03,6
hci_snoop_2025_11_26_15_00_04.cfa,2440,2025-11-26T15:02:34.992Z,FFF5-Write,f4:db:00:00:00:d9,0x0021,0x07,07 22 05 00 00 03,6
hci_snoop_2025_11_26_15_00_04.cfa,2444,2025-11-26T15:02:35.262Z,FFF5-Write,f4:db:00:00:00:d9,0x0021,0x07,07 25 05 00 00 03,6
hci_snoop_2025_11_26_15_00_04.cfa,2448,2025-11-26T15:02:35.525Z,FFF5-Write,f4:db:00:00:00:d9,0x0021,0x07,07 28 05 00 00 03,6
hci_snoop_2025_11_26_15_00_04.cfa,2452,2025-11-26T15:02:35.811Z,FFF5-Write,f4:db:00:00:00:d9,0x0021,0x07,07 2B 05 00 00 03,6
hci_snoop_2025_11_26_15_00_04.cfa,2456,2025-11-26T15:02:36.080Z,FFF5-Write,f4:db:00:00:00:d9,0x0021,0x07,07 2E 05 00 00 03,6
hci_snoop_2025_11_26_15_00_04.cfa,2460,2025-11-26T15:02:36.344Z,FFF5-Write,f4:db:00:00:00:d9,0x0021,0x07,07 31 05 00 00 03,6
hci_snoop_2025_11_26_15_00_04.cfa,2464,2025-11-26T15:02:36.609Z,FFF5-Write,f4:db:00:00:00:d9,0x0021,0x07,07 34 05 00 00 03,6
hci_snoop_2025_11_26_15_00_04.cfa,2468,2025-11-26T15:02:36.878Z,FFF5-Write,f4:db:00:00:00:d9,0x0021,0x07,07 37 05 00 00 03,6
hci_snoop_2025_11_26_15_00_04.cfa,2472,2025-11-26T15:02:37.161Z,FFF5-Write,f4:db:00:00:00:d9,0x0021,0x07,07 3A 05 00 00 03,6
hci_snoop_2025_11_26_15_00_04.cfa,2476,2025-11-26T15:02:37.428Z,FFF5-Write,f4:db:00:00:00:d9,0x0021,0x07,07 3D 05 00 00 03,6
hci_snoop_2025_11_26_15_00_04.cfa,2480,2025-11-26T15:02:37.693Z,FFF5-Write,f4:db:00:00:00:d9,0x0021,0x07,07 40 05 00 00 03,6
hci_snoop_2025_11_26_15_00_04.cfa,2484,2025-11-26T15:02:37.959Z,FFF5-Write,f4:db:00:00:00:d9,0x0021,0x07,07 43 05 00 00 03,6
hci_snoop_2025_11_26_15_00_04.cfa,2488,2025-11-26T15:02:38.229Z,FFF5-Write,f4:db:00:00:00:d9,0x0021,0x07,07 46 05 00 00 03,6
hci_snoop_2025_11_26_15_00_04.cfa,2492,2025-11-26T15:02:38.509Z,FFF5-Write,f4:db:00:00:00:d9,0x0021,0x07,07 49 05 00 00 03,6
hci_snoop_2025_11_26_15_00_04.cfa,2496,2025-11-26T15:02:38.777Z,FFF5-Write,f4:db:00:00:00:d9,0x0021,0x07,07 4C 05 00 00 03,6
hci_snoop_2025_11_26_15_00_04.cfa,2500,2025-11-26T15:02:39.044Z,FFF5-Write,f4:db:00:00:00:d9,0x0021,0x07,07 4F 05 00 00 03,6
hci_snoop_2025_11_26_15_00_04.cfa,2504,2025-11-26T15:02:39.309Z,FFF5-Write,f4:db:00:00:00:d9,0x0021,0x07,07 52 05 00 00 03,6
hci_snoop_2025_11_26_15_00_04.cfa,2508,2025-11-26T15:02:39.577Z,FFF5-Write,f4:db:00:00:00:d9,0x0021,0x07,07 55 05 00 00 03,6
hci_snoop_2025_11_26_15_00_04.cfa,2512,2025-11-26T15:02:39.858Z,FFF5-Write,f4:db:00:00:00:d9,0x0021,0x07,07 58 05 00 00 03,6
hci_snoop_2025_11_26_15_00_04.cfa,2516,2025-11-26T15:02:40.125Z,FFF5-Write,f4:db:00:00:00:d9,0x0021,0x07,07 5B 05 00 00 03,6
hci_snoop_2025_11_26_15_00_04.cfa,2520,2025-11-26T15:02:40.393Z,FFF5-Write,f4:db:00:00:00:d9,0x0021,0x07,07 5E 05 00 00 03,6
hci_snoop_2025_11_26_15_00_04.cfa,2524,2025-11-26T15:02:40.659Z,FFF5-Write,f4:db:00:00:00:d9,0x0021,0x07,07 61 05 00 00 03,6
hci_snoop_2025_11_26_15_00_04.cfa,2528,2025-11-26T15:02:40.925Z,FFF5-Write,f4:db:00:00:00:d9,0x0021,0x07,07 64 05 00 00 03,6
hci_snoop_2025_11_26_15_00_04.cfa,2532,2025-11-26T15:02:41.209Z,FFF5-Write,f4:db:00:00:00:d9,0x0021,0x07,07 67 05 00 00 03,6
hci_snoop_2025_11_26_15_00_04.cfa,2536,2025-11-26T15:02:41.478Z,FFF5-Write,f4:db:00:00:00:d9,0x0021,0x07,07 6A 05 00 00 03,6
hci_snoop_2025_11_26_15_00_04.cfa,2540,2025-11-26T15:02:41.744Z,FFF5-Write,f4:db:00:00:00:d9,0x0021,0x07,07 6D 05 00 00 03,6
hci_snoop_2025_11_26_15_00_04.cfa,2544,2025-11-26T15:02:42.008Z,FFF5-Write,f4:db:00:00:00:d9,0x0021,0x07,07 70 05 00 00 03,6
hci_snoop_2025_11_26_15_00_04.cfa,2549,2025-11-26T15:02:42.276Z,FFF5-Write,f4:db:00:00:00:d9,0x0021,0x07,07 73 05 00 00 03,6
hci_snoop_2025_11_26_15_00_04.cfa,2553,2025-11-26T15:02:42.559Z,FFF5-Write,f4:db:00:00:00:d9,0x0021,0x07,07 76 05 00 00 03,6
hci_snoop_2025_11_26_15_00_04.cfa,2557,2025-11-26T15:02:42.826Z,FFF5-Write,f4:db:00:00:00:d9,0x0021,0x07,07 79 05 00 00 03,6
hci_snoop_2025_11_26_15_00_04.cfa,2561,2025-11-26T15:02:43.091Z,FFF5-Write,f4:db:00:00:00:d9,0x0021,0x07,07 7C 05 00 00 03,6
hci_snoop_2025_11_26_15_00_04.cfa,2565,2025-11-26T15:02:43.361Z,FFF5-Write,f4:db:00:00:00:d9,0x0021,0x07,07 7F 05 00 00 03,6
hci_snoop_2025_11_26_15_00_04.cfa,2569,2025-11-26T15:02:43.625Z,FFF5-Write,f4:db:00:00:00:d9,0x0021,0x07,07 82 05 00 00 03,6
hci_snoop_2025_11_26_15_00_04.cfa,2573,2025-11-26T15:02:43.911Z,FFF5-Write,f4:db:00:00:00:d9,0x0021,0x07,07 85 05 00 00 03,6
hci_snoop_2025_11_26_15_00_04.cfa,2577,2025-11-26T15:02:44.173Z,FFF5-Write,f4:db:00:00:00:d9,0x0021,0x07,07 88 05 00 00 03,6
hci_snoop_2025_11_26_15_00_04.cfa,2581,2025-11-26T15:02:44.443Z,FFF5-Write,f4:db:00:00:00:d9,0x0021,0x07,07 8B 05 00 00 03,6
hci_snoop_2025_11_26_15_00_04.cfa,2585,2025-11-26T15:02:44.709Z,FFF5-Write,f4:db:00:00:00:d9,0x0021,0x07,07 8E 05 00 00 03,6
hci_snoop_2025_11_26_15_00_04.cfa,2589,2025-11-26T15:02:44.976Z,FFF5-Write,f4:db:00:00:00:d9,0x0021,0x07,07 91 05 00 00 03,6
hci_snoop_2025_11_26_15_00_04.cfa,2593,2025-11-26T15:02:45.343Z,FFF5-Write,f4:db:00:00:00:d9,0x0021,0x07,07 94 05 00 00 03,6
hci_snoop_2025_11_26_15_00_04.cfa,2597,2025-11-26T15:02:45.610Z,FFF5-Write,f4:db:00:00:00:d9,0x0021,0x07,07 97 05 00 00 03,6
hci_snoop_2025_11_26_15_00_04.cfa,2601,2025-11-26T15:02:45.875Z,FFF5-Write,f4:db:00:00:00:d9,0x0021,0x07,07 9A 05 00 00 03,6
hci_snoop_2025_11_26_15_00_04.cfa,2605,2025-11-26T15:02:46.157Z,FFF5-Write,f4:db:00:00:00:d9,0x0021,0x07,07 9D 05 00 00 03,6
hci_snoop_2025_11_26_15_00_04.cfa,2609,2025-11-26T15:02:46.424Z,FFF5-Write,f4:db:00:00:00:d9,0x0021,0x07,07 A0 05 00 00 03,6
hci_snoop_2025_11_26_15_00_04.cfa,2613,2025-11-26T15:02:46.691Z,FFF5-Write,f4:db:00:00:00:d9,0x0021,0x07,07 A3 05 00 00 03,6
hci_snoop_2025_11_26_15_00_04.cfa,2617,2025-11-26T15:02:46.958Z,FFF5-Write,f4:db:00:00:00:d9,0x0021,0x07,07 A6 05 00 00 03,6
hci_snoop_2025_11_26_15_00_04.cfa,2621,2025-11-26T15:02:47.224Z,FFF5-Write,f4:db:00:00:00:d9,0x0021,0x07,07 A9 05 00 00 03,6
hci_snoop_2025_11_26_15_00_04.cfa,2625,2025-11-26T15:02:47.507Z,FFF5-Write,f4:db:00:00:00:d9,0x0021,0x07,07 AC 05 00 00 03,6
hci_snoop_2025_11_26_15_00_04.cfa,2629,2025-11-26T15:02:47.775Z,FFF5-Write,f4:db:00:00:00:d9,0x0021,0x07,07 AF 05 00 00 03,6
hci_snoop_2025_11_26_15_00_04.cfa,2633,2025-11-26T15:02:48.042Z,FFF5-Write,f4:db:00:00:00:d9,0x0021,0x07,07 B2 05 00 00 03,6
hci_snoop_2025_11_26_15_00_04.cfa,2637,2025-11-26T15:02:48.310Z,FFF5-Write,f4:db:00:00:00:d9,0x0021,0x07,07 B5 05 00 00 03,6
hci_snoop_2025_11_26_15_00_04.cfa,2641,2025-11-26T15:02:48.591Z,FFF5-Write,f4:db:00:00:00:d9,0x0021,0x07,07 B8 05 00 00 03,6
hci_snoop_2025_11_26_15_00_04.cfa,2645,2025-11-26T15:02:48.859Z,FFF5-Write,f4:db:00:00:00:d9,0x0021,0x07,07 BB 05 00 00 03,6
hci_snoop_2025_11_26_15_00_04.cfa,2649,2025-11-26T15:02:49.126Z,FFF5-Write,f4:db:00:00:00:d9,0x0021,0x07,07 BE 05 00 00 03,6
hci_snoop_2025_11_26_15_00_04.cfa,2653,2025-11-26T15:02:49.390Z,FFF5-Write,f4:db:00:00:00:d9,0x0021,0x07,07 C1 05 00 00 03,6
hci_snoop_2025_11_26_15_00_04.cfa,2657,2025-11-26T15:02:49.660Z,FFF5-Write,f4:db:00:00:00:d9,0x0021,0x07,07 C4 05 00 00 03,6
hci_snoop_2025_11_26_15_00_04.cfa,2661,2025-11-26T15:02:49.923Z,FFF5-Write,f4:db:00:00:00:d9,0x0021,0x07,07 C7 05 00 00 03,6
hci_snoop_2025_11_26_15_00_04.cfa,2665,2025-11-26T15:02:50.207Z,FFF5-Write,f4:db:00:00:00:d9,0x0021,0x07,07 CA 05 00 00 03,6
hci_snoop_2025_11_26_15_00_04.cfa,2669,2025-11-26T15:02:50.473Z,FFF5-Write,f4:db:00:00:00:d9,0x0021,0x07,07 CD 05 00 00 03,6
hci_snoop_2025_11_26_15_00_04.cfa,2673,2025-11-26T15:02:50.740Z,FFF5-Write,f4:db:00:00:00:d9,0x0021,0x07,07 D0 05 00 00 03,6
hci_snoop_2025_11_26_15_00_04.cfa,2677,2025-11-26T15:02:51.009Z,FFF5-Write,f4:db:00:00:00:d9,0x0021,0x07,07 D3 05 00 00 03,6
hci_snoop_2025_11_26_15_00_04.cfa,2681,2025-11-26T15:02:51.292Z,FFF5-Write,f4:db:00:00:00:d9,0x0021,0x07,07 D6 05 00 00 03,6
hci_snoop_2025_11_26_15_00_04.cfa,2686,2025-11-26T15:02:51.557Z,FFF5-Write,f4:db:00:00:00:d9,0x0021,0x07,07 D9 05 00 00 03,6
hci_snoop_2025_11_26_15_00_04.cfa,2690,2025-11-26T15:02:51.826Z,FFF5-Write,f4:db:00:00:00:d9,0x0021,0x07,07 DC 05 00 00 03,6
hci_snoop_2025_11_26_15_00_04.cfa,2694,2025-11-26T15:02:52.090Z,FFF5-Write,f4:db:00:00:00:d9,0x0021,0x07,07 DF 05 00 00 03,6
hci_snoop_2025_11_26_15_00_04.cfa,2698,2025-11-26T15:02:52.358Z,FFF5-Write,f4:db:00:00:00:d9,0x0021,0x07,07 E2 05 00 00 03,6
hci_snoop_2025_11_26_15_00_04.cfa,2702,2025-11-26T15:02:52.806Z,FFF5-Write,f4:db:00:00:00:d9,0x0021,0x07,07 E5 05 00 00 03,6
hci_snoop_2025_11_26_15_00_04.cfa,2706,2025-11-26T15:02:53.091Z,FFF5-Write,f4:db:00:00:00:d9,0x0021,0x07,07 E8 05 00 00 03,6
hci_snoop_2025_11_26_15_00_04.cfa,2710,2025-11-26T15:02:53.356Z,FFF5-Write,f4:db:00:00:00:d9,0x0021,0x07,07 EB 05 00 00 03,6
hci_snoop_2025_11_26_15_00_04.cfa,2714,2025-11-26T15:02:53.624Z,FFF5-Write,f4:db:00:00:00:d9,0x0021,0x07,07 EE 05 00 00 03,6
hci_snoop_2025_11_26_15_00_04.cfa,2718,2025-11-26T15:02:53.891Z,FFF5-Write,f4:db:00:00:00:d9,0x0021,0x07,07 F1 05 00 00 03,6
hci_snoop_2025_11_26_15_00_04.cfa,2722,2025-11-26T15:02:54.157Z,FFF5-Write,f4:db:00:00:00:d9,0x0021,0x07,07 F4 05 00 00 03,6
hci_snoop_2025_11_26_15_00_04.cfa,2726,2025-11-26T15:02:54.438Z,FFF5-Write,f4:db:00:00:00:d9,0x0021,0x07,07 F7 05 00 00 03,6
hci_snoop_2025_11_26_15_00_04.cfa,2730,2025-11-26T15:02:54.708Z,FFF5-Write,f4:db:00:00:00:d9,0x0021,0x07,07 FA 05 00 00 03,6
hci_snoop_2025_11_26_15_00_04.cfa,2734,2025-11-26T15:02:54.972Z,FFF5-Write,f4:db:00:00:00:d9,0x0021,0x07,07 FD 05 00 00 03,6
hci_snoop_2025_11_26_15_00_04.cfa,2738,2025-11-26T15:02:55.243Z,FFF5-Write,f4:db:00:00:00:d9,0x0021,0x07,07 00 06 00 00 03,6
hci_snoop_2025_11_26_15_00_04.cfa,2742,2025-11-26T15:02:55.508Z,FFF5-Write,f4:db:00:00:00:d9,0x0021,0x07,07 03 06 00 00 03,6
hci_snoop_2025_11_26_15_00_04.cfa,2746,2025-11-26T15:02:55.791Z,FFF5-Write,f4:db:00:00:00:d9,0x0021,0x07,07 06 06 00 00 03,6
hci_snoop_2025_11_26_15_00_04.cfa,2750,2025-11-26T15:02:56.058Z,FFF5-Write,f4:db:00:00:00:d9,0x0021,0x07,07 09 06 00 00 03,6
hci_snoop_2025_11_26_15_00_04.cfa,2754,2025-11-26T15:02:56.324Z,FFF5-Write,f4:db:00:00:00:d9,0x0021,0x07,07 0C 06 00 00 03,6
hci_snoop_2025_11_26_15_00_04.cfa,2758,2025-11-26T15:02:56.590Z,FFF5-Write,f4:db:00:00:00:d9,0x0021,0x07,07 0F 06 00 00 03,6
hci_snoop_2025_11_26_15_00_04.cfa,2762,2025-11-26T15:02:56.855Z,FFF5-Write,f4:db:00:00:00:d9,0x0021,0x07,07 12 06 00 00 03,6
hci_snoop_2025_11_26_15_00_04.cfa,2766,2025-11-26T15:02:57.141Z,FFF5-Write,f4:db:00:00:00:d9,0x0021,0x07,07 15 06 00 00 03,6
hci_snoop_2025_11_26_15_00_04.cfa,2770,2025-11-26T15:02:57.409Z,FFF5-Write,f4:db:00:00:00:d9,0x0021,0x07,07 18 06 00 00 03,6
hci_snoop_2025_11_26_15_00_04.cfa,2774,2025-11-26T15:02:57.674Z,FFF5-Write,f4:db:00:00:00:d9,0x0021,0x07,07 1B 06 00 00 03,6
hci_snoop_2025_11_26_15_00_04.cfa,2778,2025-11-26T15:02:57.941Z,FFF5-Write,f4:db:00:00:00:d9,0x0021,0x07,07 1E 06 00 00 03,6
hci_snoop_2025_11_26_15_00_04.cfa,2782,2025-11-26T15:02:58.306Z,FFF5-Write,f4:db:00:00:00:d9,0x0021,0x07,07 21 06 00 00 03,6
hci_snoop_2025_11_26_15_00_04.cfa,2787,2025-11-26T15:02:58.572Z,FFF5-Write,f4:db:00:00:00:d9,0x0021,0x07,07 24 06 00 00 03,6
hci_snoop_2025_11_26_15_00_04.cfa,2791,2025-11-26T15:02:58.840Z,FFF5-Write,f4:db:00:00:00:d9,0x0021,0x07,07 27 06 00 00 03,6
hci_snoop_2025_11_26_15_00_04.cfa,2795,2025-11-26T15:02:59.106Z,FFF5-Write,f4:db:00:00:00:d9,0x0021,0x07,07 2A 06 00 00 03,6
hci_snoop_2025_11_26_15_00_04.cfa,2799,2025-11-26T15:02:59.392Z,FFF5-Write,f4:db:00:00:00:d9,0x0021,0x07,07 2D 06 00 00 03,6
hci_snoop_2025_11_26_15_00_04.cfa,464,2025-11-26T15:00:22.003Z,FFF3-Notify,f4:db:00:00:00:d9,0x0024,0x1A,1A 01 00 01 00 00 00 00 00 00 00 00 00 00 00 00 00 00 00 00,20
hci_snoop_2025_11_26_15_00_04.cfa,653,2025-11-26T15:00:38.164Z,FFF3-Notify,f4:db:00:00:00:d9,0x0024,0x01,01 30 06 00 00 00 00 00 00 00 00 00 00 00 00 00 00 00 00 00,20
hci_snoop_2025_11_26_15_00_04.cfa,658,2025-11-26T15:00:38.278Z,FFF3-Notify,f4:db:00:00:00:d9,0x0024,0x07,07 00 00 00 00 03 81 01 7B 01 79 01 B4 03 BC 03 CB 03 00 00,20
hci_snoop_2025_11_26_15_00_04.cfa,662,2025-11-26T15:00:38.458Z,FFF3-Notify,f4:db:00:00:00:d9,0x0024,0x07,07 03 00 00 00 03 74 01 67 01 5A 01 C0 03 CE 03 EF 03 00 00,20
hci_snoop_2025_11_26_15_00_04.cfa,666,2025-11-26T15:00:38.637Z,FFF3-Notify,f4:db:00:00:00:d9,0x0024,0x07,07 06 00 00 00 03 53 01 77 01 5C 01 04 04 BD 03 F4 03 00 00,20
hci_snoop_2025_11_26_15_00_04.cfa,670,2025-11-26T15:00:38.821Z,FFF3-Notify,f4:db:00:00:00:d9,0x0024,0x07,07 09 00 00 00 03 62 01 65 01 69 01 F0 03 E9 03 E4 03 00 00,20
hci_snoop_2025_11_26_15_00_04.cfa,674,2025-11-26T15:00:38.998Z,FFF3-Notify,f4:db:00:00:00:d9,0x0024,0x07,07 0C 00 00 00 03 6B 01 6E 01 6F 01 DE 03 D9 03 DC 03 00 00,20
hci_snoop_2025_11_26_15_00_04.cfa,678,2025-11-26T15:00:39.178Z,FFF3-Notify,f4:db:00:00:00:d9,0x0024,0x07,07 0F 00 00 00 03 71 01 72 01 6C 01 D3 03 CF 03 D5 03 00 00,20
hci_snoop_2025_11_26_15_00_04.cfa,682,2025-11-26T15:00:39.357Z,FFF3-Notify,f4:db:00:00:00:d9,0x0024,0x07,07 12 00 00 00 03 67 01 63 01 60 01 E1 03 E9 03 F1 03 00 00,20
hci_snoop_2025_11_26_15_00_04.cfa,686,2025-11-26T15:00:39.538Z,FFF3-Notify,f4:db:00:00:00:d9,0x0024,0x07,07 15 00 00 00 03 5D 01 5A 01 58 01 F9 03 00 04 06 04 00 00,20
hci_snoop_2025_11_26_15_00_04.cfa,690,2025-11-26T15:00:39.722Z,FFF3-Notify,f4:db:00:00:00:d9,0x0024,0x07,07 18 00 00 00 03 56 01 54 01 53 01 0B 04 0E 04 11 04 00 00,20
hci_snoop_2025_11_26_15_00_04.cfa,694,2025-11-26T15:00:39.898Z,FFF3-Notify,f4:db:00:00:00:d9,0x0024,0x07,07 1B 00 00 00 03 52 01 51 01 50 01 13 04 15 04 18 04 00 00,20
hci_snoop_2025_11_26_15_00_04.cfa,698,2025-11-26T15:00:40.078Z,FFF3-Notify,f4:db:00:00:00:d9,0x0024,0x07,07 1E 00 00 00 03 4F 01 4F 01 4E 01 19 04 1B 04 1D 04 00 00,20
hci_snoop_2025_11_26_15_00_04.cfa,702,2025-11-26T15:00:40.258Z,FFF3-Notify,f4:db:00:00:00:d9,0x0024,0x07,07 21 00 00 00 03 4D 01 4C 01 4C 01 1F 04 20 04 21 04 00 00,20
hci_snoop_2025_11_26_15_00_04.cfa,706,2025-11-26T15:00:40.438Z,FFF3-Notify,f4:db:00:00:00:d9,0x0024,0x07,07 24 00 00 00 03 4B 01 4B 01 4B 01 22 04 24 04 25 04 00 00,20
hci_snoop_2025_11_26_15_00_04.cfa,710,2025-11-26T15:00:40.619Z,FFF3-Notify,f4:db:00:00:00:d9,0x0024,0x07,07 27 00 00 00 03 4A 01 49 01 49 01 26 04 27 04 28 04 00 00,20
hci_snoop_2025_11_26_15_00_04.cfa,714,2025-11-26T15:00:40.798Z,FFF3-Notify,f4:db:00:00:00:d9,0x0024,0x07,07 2A 00 00 00 03 49 01 48 01 48 01 28 04 28 04 29 04 00 00,20
hci_snoop_2025_11_26_15_00_04.cfa,718,2025-11-26T15:00:40.978Z,FFF3-Notify,f4:db:00:00:00:d9,0x0024,0x07,07 2D 00 00 00 03 47 01 47 01 47 01 29 04 29 04 2A 04 00 00,20
hci_snoop_2025_11_26_15_00_04.cfa,722,2025-11-26T15:00:41.158Z,FFF3-Notify,f4:db:00:00:00:d9,0x0024,0x07,07 30 00 00 00 03 46 01 46 01 46 01 2B 04 2B 04 2C 04 00 00,20
hci_snoop_2025_11_26_15_00_04.cfa,726,2025-11-26T15:00:41.385Z,FFF3-Notify,f4:db:00:00:00:d9,0x0024,0x07,07 33 00 00 00 03 46 01 46 01 45 01 2D 04 2D 04 2E 04 00 00,20
hci_snoop_2025_11_26_15_00_04.cfa,730,2025-11-26T15:00:41.563Z,FFF3-Notify,f4:db:00:00:00:d9,0x0024,0x07,07 36 00 00 00 03 45 01 45 01 45 01 30 04 31 04 32 04 00 00,20
hci_snoop_2025_11_26_15_00_04.cfa,734,2025-11-26T15:00:41.743Z,FFF3-Notify,f4:db:00:00:00:d9,0x0024,0x07,07 39 00 00 00 03 44 01 44 01 45 01 33 04 35 04 3D 04 00 00,20
hci_snoop_2025_11_26_15_00_04.cfa,738,2025-11-26T15:00:41.927Z,FFF3-Notify,f4:db:00:00:00:d9,0x0024,0x07,07 3C 00 00 00 03 44 01 44 01 43 01 3F 04 40 04 41 04 00 00,20
hci_snoop_2025_11_26_15_00_04.cfa,742,2025-11-26T15:00:42.103Z,FFF3-Notify,f4:db:00:00:00:d9,0x0024,0x07,07 3F 00 00 00 03 43 01 43 01 43 01 42 04 44 04 45 04 00 00,20
hci_snoop_2025_11_26_15_00_04.cfa,746,2025-11-26T15:00:42.283Z,FFF3-Notify,f4:db:00:00:00:d9,0x0024,0x07,07 42 00 00 00 03 43 01 43 01 43 01 47 04 48 04 4A 04 00 00,20
hci_snoop_2025_11_26_15_00_04.cfa,750,2025-11-26T15:00:42.464Z,FFF3-Notify,f4:db:00:00:00:d9,0x0024,0x07,07 45 00 00 00 03 42 01 42 01 42 01 4B 04 4C 04 4C 04 00 00,20
hci_snoop_2025_11_26_15_00_04.cfa,754,2025-11-26T15:00:42.643Z,FFF3-Notify,f4:db:00:00:00:d9,0x0024,0x07,07 48 00 00 00 03 42 01 42 01 42 01 4E 04 4F 04 50 04 00 00,20
hci_snoop_2025_11_26_15_00_04.cfa,758,2025-11-26T15:00:42.827Z,FFF3-Notify,f4:db:00:00:00:d9,0x0024,0x07,07 4B 00 00 00 03 42 01 42 01 42 01 52 04 53 04 54 04 00 00,20
hci_snoop_2025_11_26_15_00_04.cfa,762,2025-11-26T15:00:43.004Z,FFF3-Notify,f4:db:00:00:00:d9,0x0024,0x07,07 4E 00 00 00 03 42 01 42 01 41 01 54 04 55 04 56 04 00 00,20
hci_snoop_2025_11_26_15_00_04.cfa,766,2025-11-26T15:00:43.184Z,FFF3-Notify,f4:db:00:00:00:d9,0x0024,0x07,07 51 00 00 00 03 42 01 41 01 41 01 57 04 58 04 58 04 00 00,20
hci_snoop_2025_11_26_15_00_04.cfa,774,2025-11-26T15:00:43.364Z,FFF3-Notify,f4:db:00:00:00:d9,0x0024,0x07,07 54 00 00 00 03 41 01 41 01 41 01 5A 04 5A 04 5B 04 00 00,20
hci_snoop_2025_11_26_15_00_04.cfa,778,2025-11-26T15:00:43.543Z,FFF3-Notify,f4:db:00:00:00:d9,0x0024,0x07,07 57 00 00 00 03 41 01 41 01 41 01 5C 04 5D 04 5E 04 00 00,20
hci_snoop_2025_11_26_15_00_04.cfa,782,2025-11-26T15:00:43.725Z,FFF3-Notify,f4:db:00:00:00:d9,0x0024,0x07,07 5A 00 00 00 03 41 01 41 01 41 01 5F 04 5F 04 5F 04 00 00,20
hci_snoop_2025_11_26_15_00_04.cfa,787,2025-11-26T15:00:43.993Z,FFF3-Notify,f4:db:00:00:00:d9,0x0024,0x07,07 5D 00 00 00 03 41 01 41 01 41 01 60 04 61 04 61 04 00 00,20
hci_snoop_2025_11_26_15_00_04.cfa,791,2025-11-26T15:00:44.263Z,FFF3-Notify,f4:db:00:00:00:d9,0x0024,0x07,07 60 00 00 00 03 41 01 41 01 40 01 62 04 62 04 63 04 00 00,20
hci_snoop_2025_11_26_15_00_04.cfa,795,2025-11-26T15:00:44.533Z,FFF3-Notify,f4:db:00:00:00:d9,0x0024,0x07,07 63 00 00 00 03 40 01 41 01 40 01 63 04 64 04 65 04 00 00,20
hci_snoop_2025_11_26_15_00_04.cfa,799,2025-11-26T15:00:44.805Z,FFF3-Notify,f4:db:00:00:00:d9,0x0024,0x07,07 66 00 00 00 03 40 01 40 01 40 01 65 04 66 04 66 04 00 00,20
hci_snoop_2025_11_26_15_00_04.cfa,803,2025-11-26T15:00:45.163Z,FFF3-Notify,f4:db:00:00:00:d9,0x0024,0x07,07 69 00 00 00 03 40 01 40 01 40 01 67 04 67 04 68 04 00 00,20
hci_snoop_2025_11_26_15_00_04.cfa,807,2025-11-26T15:00:45.434Z,FFF3-Notify,f4:db:00:00:00:d9,0x0024,0x07,07 6C 00 00 00 03 40 01 40 01 40 01 68 04 68 04 69 04 00 00,20
hci_snoop_2025_11_26_15_00_04.cfa,811,2025-11-26T15:00:45.704Z,FFF3-Notify,f4:db:00:00:00:d9,0x0024,0x07,07 6F 00 00 00 03 40 01 40 01 40 01 6A 04 69 04 6A 04 00 00,20
hci_snoop_2025_11_26_15_00_04.cfa,815,2025-11-26T15:00:45.974Z,FFF3-Notify,f4:db:00:00:00:d9,0x0024,0x07,07 72 00 00 00 03 40 01 40 01 40 01 6B 04 6C 04 6C 04 00 00,20
hci_snoop_2025_11_26_15_00_04.cfa,819,2025-11-26T15:00:46.244Z,FFF3-Notify,f4:db:00:00:00:d9,0x0024,0x07,07 75 00 00 00 03 40 01 40 01 40 01 6E 04 6E 04 6F 04 00 00,20
hci_snoop_2025_11_26_15_00_04.cfa,823,2025-11-26T15:00:46.514Z,FFF3-Notify,f4:db:00:00:00:d9,0x0024,0x07,07 78 00 00 00 03 40 01 40 01 40 01 6E 04 6F 04 6F 04 00 00,20
hci_snoop_2025_11_26_15_00_04.cfa,827,2025-11-26T15:00:46.783Z,FFF3-Notify,f4:db:00:00:00:d9,0x0024,0x07,07 7B 00 00 00 03 40 01 40 01 3B 01 6F 04 6F 04 F2 03 00 00,20
hci_snoop_2025_11_26_15_00_04.cfa,831,2025-11-26T15:00:47.055Z,FFF3-Notify,f4:db:00:00:00:d9,0x0024,0x07,07 7E 00 00 00 03 3A 01 3B 01 3C 01 0A 04 28 04 2E 04 00 00,20
hci_snoop_2025_11_26_15_00_04.cfa,835,2025-11-26T15:00:47.414Z,FFF3-Notify,f4:db:00:00:00:d9,0x0024,0x07,07 81 00 00 00 03 3C 01 3C 01 3D 01 35 04 3B 04 3F 04 00 00,20
hci_snoop_2025_11_26_15_00_04.cfa,839,2025-11-26T15:00:47.684Z,FFF3-Notify,f4:db:00:00:00:d9,0x0024,0x07,07 84 00 00 00 03 3F 01 3F 01 39 01 48 04 48 04 62 04 00 00,20
hci_snoop_2025_11_26_15_00_04.cfa,843,2025-11-26T15:00:47.954Z,FFF3-Notify,f4:db:00:00:00:d9,0x0024,0x07,07 87 00 00 00 03 36 01 37 01 38 01 76 04 7C 04 80 04 00 00,20
hci_snoop_2025_11_26_15_00_04.cfa,847,2025-11-26T15:00:48.224Z,FFF3-Notify,f4:db:00:00:00:d9,0x0024,0x07,07 8A 00 00 00 03 3A 01 3C 01 3F 01 81 04 85 04 81 04 00 00,20
hci_snoop_2025_11_26_15_00_04.cfa,851,2025-11-26T15:00:48.492Z,FFF3-Notify,f4:db:00:00:00:d9,0x0024,0x07,07 8D 00 00 00 03 40 01 41 01 46 01 7F 04 83 04 7A 04 00 00,20
hci_snoop_2025_11_26_15_00_04.cfa,855,2025-11-26T15:00:48.944Z,FFF3-Notify,f4:db:00:00:00:d9,0x0024,0x07,07 90 00 00 00 03 4B 01 4D 01 4D 01 72 04 65 04 5E 04 00 00,20
hci_snoop_2025_11_26_15_00_04.cfa,860,2025-11-26T15:00:49.125Z,FFF3-Notify,f4:db:00:00:00:d9,0x0024,0x07,07 93 00 00 00 03 4D 01 4D 01 4C 01 59 04 58 04 58 04 00 00,20
hci_snoop_2025_11_26_15_00_04.cfa,864,2025-11-26T15:00:49.393Z,FFF3-Notify,f4:db:00:00:00:d9,0x0024,0x07,07 96 00 00 00 03 4C 01 4C 01 4B 01 57 04 56 04 57 04 00 00,20
hci_snoop_2025_11_26_15_00_04.cfa,868,2025-11-26T15:00:49.664Z,FFF3-Notify,f4:db:00:00:00:d9,0x0024,0x07,07 99 00 00 00 03 4A 01 4A 01 49 01 5A 04 5A 04 5B 04 00 00,20
hci_snoop_2025_11_26_15_00_04.cfa,872,2025-11-26T15:00:49.934Z,FFF3-Notify,f4:db:00:00:00:d9,0x0024,0x07,07 9C 00 00 00 03 48 01 48 01 47 01 5C 04 5D 04 5C 04 00 00,20
hci_snoop_2025_11_26_15_00_04.cfa,876,2025-11-26T15:00:50.204Z,FFF3-Notify,f4:db:00:00:00:d9,0x0024,0x07,07 9F 00 00 00 03 47 01 46 01 46 01 5C 04 5C 04 59 04 00 00,20
hci_snoop_2025_11_26_15_00_04.cfa,880,2025-11-26T15:00:50.473Z,FFF3-Notify,f4:db:00:00:00:d9,0x0024,0x07,07 A2 00 00 00 03 45 01 44 01 43 01 4D 04 3F 04 36 04 00 00,20
hci_snoop_2025_11_26_15_00_04.cfa,884,2025-11-26T15:00:50.746Z,FFF3-Notify,f4:db:00:00:00:d9,0x0024,0x07,07 A5 00 00 00 03 43 01 42 01 41 01 2A 04 29 04 23 04 00 00,20
hci_snoop_2025_11_26_15_00_04.cfa,888,2025-11-26T15:00:51.014Z,FFF3-Notify,f4:db:00:00:00:d9,0x0024,0x07,07 A8 00 00 00 03 41 01 40 01 40 01 21 04 18 04 11 04 00 00,20
hci_snoop_2025_11_26_15_00_04.cfa,892,2025-11-26T15:00:51.284Z,FFF3-Notify,f4:db:00:00:00:d9,0x0024,0x07,07 AB 00 00 00 03 3F 01 3F 01 3E 01 0B 04 01 04 F9 03 00 00,20
hci_snoop_2025_11_26_15_00_04.cfa,896,2025-11-26T15:00:51.554Z,FFF3-Notify,f4:db:00:00:00:d9,0x0024,0x07,07 AE 00 00 00 03 3D 01 3D 01 3C 01 F9 03 F0 03 F0 03 00 00,20
hci_snoop_2025_11_26_15_00_04.cfa,900,2025-11-26T15:00:51.823Z,FFF3-Notify,f4:db:00:00:00:d9,0x0024,0x07,07 B1 00 00 00 03 3C 01 3B 01 3B 01 E2 03 D6 03 CF 03 00 00,20
hci_snoop_2025_11_26_15_00_04.cfa,904,2025-11-26T15:00:52.093Z,FFF3-Notify,f4:db:00:00:00:d9,0x0024,0x07,07 B4 00 00 00 03 3A 01 3A 01 3A 01 E4 03 ED 03 F3 03 00 00,20
hci_snoop_2025_11_26_15_00_04.cfa,908,2025-11-26T15:00:52.363Z,FFF3-Notify,f4:db:00:00:00:d9,0x0024,0x07,07 B7 00 00 00 03 3A 01 3A 01 39 01 FA 03 01 04 07 04 00 00,20
hci_snoop_2025_11_26_15_00_04.cfa,912,2025-11-26T15:00:52.633Z,FFF3-Notify,f4:db:00:00:00:d9,0x0024,0x07,07 BA 00 00 00 03 39 01 39 01 39 01 0D 04 11 04 13 04 00 00,20
hci_snoop_2025_11_26_15_00_04.cfa,916,2025-11-26T15:00:52.905Z,FFF3-Notify,f4:db:00:00:00:d9,0x0024,0x07,07 BD 00 00 00 03 39 01 3A 01 39 01 17 04 1D 04 22 04 00 00,20
hci_snoop_2025_11_26_15_00_04.cfa,920,2025-11-26T15:00:53.173Z,FFF3-Notify,f4:db:00:00:00:d9,0x0024,0x07,07 C0 00 00 00 03 3A 01 39 01 3A 01 26 04 2A 04 2D 04 00 00,20
hci_snoop_2025_11_26_15_00_04.cfa,924,2025-11-26T15:00:53.443Z,FFF3-Notify,f4:db:00:00:00:d9,0x0024,0x07,07 C3 00 00 00 03 3A 01 3A 01 3A 01 31 04 34 04 37 04 00 00,20
hci_snoop_2025_11_26_15_00_04.cfa,928,2025-11-26T15:00:53.713Z,FFF3-Notify,f4:db:00:00:00:d9,0x0024,0x07,07 C6 00 00 00 03 3A 01 3A 01 3A 01 3A 04 3D 04 3F 04 00 00,20
hci_snoop_2025_11_26_15_00_04.cfa,932,2025-11-26T15:00:53.983Z,FFF3-Notify,f4:db:00:00:00:d9,0x0024,0x07,07 C9 00 00 00 03 3A 01 3A 01 3A 01 42 04 44 04 47 04 00 00,20
hci_snoop_2025_11_26_15_00_04.cfa,936,2025-11-26T15:00:54.254Z,FFF3-Notify,f4:db:00:00:00:d9,0x0024,0x07,07 CC 00 00 00 03 3A 01 3A 01 3A 01 49 04 4B 04 4D 04 00 00,20
hci_snoop_2025_11_26_15_00_04.cfa,940,2025-11-26T15:00:54.525Z,FFF3-Notify,f4:db:00:00:00:d9,0x0024,0x07,07 CF 00 00 00 03 3A 01 3A 01 3A 01 4E 04 4F 04 51 04 00 00,20
hci_snoop_2025_11_26_15_00_04.cfa,944,2025-11-26T15:00:54.793Z,FFF3-Notify,f4:db:00:00:00:d9,0x0024,0x07,07 D2 00 00 00 03 3B 01 3B 01 3B 01 53 04 55 04 56 04 00 00,20
hci_snoop_2025_11_26_15_00_04.cfa,948,2025-11-26T15:00:55.063Z,FFF3-Notify,f4:db:00:00:00:d9,0x0024,0x07,07 D5 00 00 00 03 3B 01 3B 01 3B 01 57 04 58 04 59 04 00 00,20
hci_snoop_2025_11_26_15_00_04.cfa,952,2025-11-26T15:00:55.333Z,FFF3-Notify,f4:db:00:00:00:d9,0x0024,0x07,07 D8 00 00 00 03 3B 01 3B 01 3B 01 5A 04 5B 04 5C 04 00 00,20
hci_snoop_2025_11_26_15_00_04.cfa,956,2025-11-26T15:00:55.603Z,FFF3-Notify,f4:db:00:00:00:d9,0x0024,0x07,07 DB 00 00 00 03 3B 01 3B 01 3B 01 5D 04 5E 04 5F 04 00 00,20
hci_snoop_2025_11_26_15_00_04.cfa,961,2025-11-26T15:00:55.874Z,FFF3-Notify,f4:db:00:00:00:d9,0x0024,0x07,07 DE 00 00 00 03 3B 01 3B 01 3B 01 60 04 61 04 61 04 00 00,20
hci_snoop_2025_11_26_15_00_04.cfa,965,2025-11-26T15:00:56.144Z,FFF3-Notify,f4:db:00:00:00:d9,0x0024,0x07,07 E1 00 00 00 03 3B 01 3B 01 3B 01 63 04 63 04 64 04 00 00,20
hci_snoop_2025_11_26_15_00_04.cfa,969,2025-11-26T15:00:56.414Z,FFF3-Notify,f4:db:00:00:00:d9,0x0024,0x07,07 E4 00 00 00 03 3B 01 3B 01 3B 01 65 04 66 04 66 04 00 00,20
hci_snoop_2025_11_26_15_00_04.cfa,973,2025-11-26T15:00:56.683Z,FFF3-Notify,f4:db:00:00:00:d9,0x0024,0x07,07 E7 00 00 00 03 3B 01 3B 01 3A 01 67 04 68 04 69 04 00 00,20
hci_snoop_2025_11_26_15_00_04.cfa,977,2025-11-26T15:00:56.954Z,FFF3-Notify,f4:db:00:00:00:d9,0x0024,0x07,07 EA 00 00 00 03 3A 01 3B 01 3A 01 6A 04 6B 04 6A 04 00 00,20
hci_snoop_2025_11_26_15_00_04.cfa,981,2025-11-26T15:00:57.224Z,FFF3-Notify,f4:db:00:00:00:d9,0x0024,0x07,07 ED 00 00 00 03 3A 01 3B 01 3C 01 6A 04 6C 04 6B 04 00 00,20
hci_snoop_2025_11_26_15_00_04.cfa,985,2025-11-26T15:00:57.493Z,FFF3-Notify,f4:db:00:00:00:d9,0x0024,0x07,07 F0 00 00 00 03 3E 01 40 01 41 01 68 04 64 04 5F 04 00 00,20
hci_snoop_2025_11_26_15_00_04.cfa,989,2025-11-26T15:00:57.765Z,FFF3-Notify,f4:db:00:00:00:d9,0x0024,0x07,07 F3 00 00 00 03 43 01 44 01 45 01 5C 04 58 04 56 04 00 00,20
hci_snoop_2025_11_26_15_00_04.cfa,993,2025-11-26T15:00:58.034Z,FFF3-Notify,f4:db:00:00:00:d9,0x0024,0x07,07 F6 00 00 00 03 47 01 48 01 4A 01 56 04 53 04 4D 04 00 00,20
hci_snoop_2025_11_26_15_00_04.cfa,997,2025-11-26T15:00:58.304Z,FFF3-Notify,f4:db:00:00:00:d9,0x0024,0x07,07 F9 00 00 00 03 4C 01 51 01 4F 01 48 04 3D 04 41 04 00 00,20
hci_snoop_2025_11_26_15_00_04.cfa,1001,2025-11-26T15:00:58.574Z,FFF3-Notify,f4:db:00:00:00:d9,0x0024,0x07,07 FC 00 00 00 03 4F 01 4F 01 4F 01 41 04 3F 04 3F 04 00 00,20
hci_snoop_2025_11_26_15_00_04.cfa,1005,2025-11-26T15:00:58.843Z,FFF3-Notify,f4:db:00:00:00:d9,0x0024,0x07,07 FF 00 00 00 03 50 01 50 01 50 01 3F 04 3D 04 3C 04 00 00,20
hci_snoop_2025_11_26_15_00_04.cfa,1009,2025-11-26T15:00:59.114Z,FFF3-Notify,f4:db:00:00:00:d9,0x0024,0x07,07 02 01 00 00 03 51 01 52 01 53 01 3C 04 3F 04 37 04 00 00,20
hci_snoop_2025_11_26_15_00_04.cfa,1013,2025-11-26T15:00:59.383Z,FFF3-Notify,f4:db:00:00:00:d9,0x0024,0x07,07 05 01 00 00 03 54 01 54 01 55 01 36 04 31 04 31 04 00 00,20
hci_snoop_2025_11_26_15_00_04.cfa,1017,2025-11-26T15:00:59.653Z,FFF3-Notify,f4:db:00:00:00:d9,0x0024,0x07,07 08 01 00 00 03 55 01 4A 01 4E 01 2F 04 65 03 A9 03 00 00,20
hci_snoop_2025_11_26_15_00_04.cfa,1021,2025-11-26T15:00:59.923Z,FFF3-Notify,f4:db:00:00:00:d9,0x0024,0x07,07 0B 01 00 00 03 51 01 53 01 55 01 B9 03 C2 03 CF 03 00 00,20
hci_snoop_2025_11_26_15_00_04.cfa,1025,2025-11-26T15:01:00.193Z,FFF3-Notify,f4:db:00:00:00:d9,0x0024,0x07,07 0E 01 00 00 03 54 01 52 01 52 01 D3 03 D9 03 E3 03 00 00,20
hci_snoop_2025_11_26_15_00_04.cfa,1029,2025-11-26T15:01:00.463Z,FFF3-Notify,f4:db:00:00:00:d9,0x0024,0x07,07 11 01 00 00 03 52 01 50 01 50 01 E6 03 EC 03 F0 03 00 00,20
hci_snoop_2025_11_26_15_00_04.cfa,1033,2025-11-26T15:01:00.733Z,FFF3-Notify,f4:db:00:00:00:d9,0x0024,0x07,07 14 01 00 00 03 4F 01 51 01 53 01 F6 03 F5 03 F6 03 00 00,20
hci_snoop_2025_11_26_15_00_04.cfa,1037,2025-11-26T15:01:01.003Z,FFF3-Notify,f4:db:00:00:00:d9,0x0024,0x07,07 17 01 00 00 03 54 01 56 01 57 01 F3 03 ED 03 ED 03 00 00,20
hci_snoop_2025_11_26_15_00_04.cfa,1041,2025-11-26T15:01:01.273Z,FFF3-Notify,f4:db:00:00:00:d9,0x0024,0x07,07 1A 01 00 00 03 58 01 59 01 57 01 EB 03 E8 03 EE 03 00 00,20
hci_snoop_2025_11_26_15_00_04.cfa,1045,2025-11-26T15:01:01.544Z,FFF3-Notify,f4:db:00:00:00:d9,0x0024,0x07,07 1D 01 00 00 03 5A 01 5C 01 5C 01 E6 03 DC 03 D9 03 00 00,20
hci_snoop_2025_11_26_15_00_04.cfa,1049,2025-11-26T15:01:01.813Z,FFF3-Notify,f4:db:00:00:00:d9,0x0024,0x07,07 20 01 00 00 03 5C 01 5B 01 59 01 DC 03 DB 03 DF 03 00 00,20
hci_snoop_2025_11_26_15_00_04.cfa,1053,2025-11-26T15:01:02.083Z,FFF3-Notify,f4:db:00:00:00:d9,0x0024,0x07,07 23 01 00 00 03 59 01 59 01 59 01 E1 03 E2 03 E0 03 00 00,20
hci_snoop_2025_11_26_15_00_04.cfa,1058,2025-11-26T15:01:02.354Z,FFF3-Notify,f4:db:00:00:00:d9,0x0024,0x07,07 26 01 00 00 03 59 01 58 01 57 01 E0 03 E7 03 E8 03 00 00,20
hci_snoop_2025_11_26_15_00_04.cfa,1062,2025-11-26T15:01:02.624Z,FFF3-Notify,f4:db:00:00:00:d9,0x0024,0x07,07 29 01 00 00 03 54 01 51 01 4E 01 EF 03 F7 03 FF 03 00 00,20
hci_snoop_2025_11_26_15_00_04.cfa,1066,2025-11-26T15:01:02.893Z,FFF3-Notify,f4:db:00:00:00:d9,0x0024,0x07,07 2C 01 00 00 03 4C 01 4A 01 48 01 04 04 0A 04 0E 04 00 00,20
hci_snoop_2025_11_26_15_00_04.cfa,1070,2025-11-26T15:01:03.163Z,FFF3-Notify,f4:db:00:00:00:d9,0x0024,0x07,07 2F 01 00 00 03 46 01 45 01 44 01 12 04 16 04 1A 04 00 00,20
hci_snoop_2025_11_26_15_00_04.cfa,1074,2025-11-26T15:01:03.433Z,FFF3-Notify,f4:db:00:00:00:d9,0x0024,0x07,07 32 01 00 00 03 42 01 42 01 41 01 1D 04 20 04 21 04 00 00,20
hci_snoop_2025_11_26_15_00_04.cfa,1078,2025-11-26T15:01:03.794Z,FFF3-Notify,f4:db:00:00:00:d9,0x0024,0x07,07 35 01 00 00 03 40 01 3F 01 3F 01 23 04 24 04 27 04 00 00,20
hci_snoop_2025_11_26_15_00_04.cfa,1082,2025-11-26T15:01:04.063Z,FFF3-Notify,f4:db:00:00:00:d9,0x0024,0x07,07 38 01 00 00 03 3E 01 3D 01 3D 01 2A 04 2B 04 2E 04 00 00,20
hci_snoop_2025_11_26_15_00_04.cfa,1086,2025-11-26T15:01:04.333Z,FFF3-Notify,f4:db:00:00:00:d9,0x0024,0x07,07 3B 01 00 00 03 3D 01 42 01 46 01 31 04 2C 04 24 04 00 00,20
hci_snoop_2025_11_26_15_00_04.cfa,1090,2025-11-26T15:01:04.603Z,FFF3-Notify,f4:db:00:00:00:d9,0x0024,0x07,07 3E 01 00 00 03 45 01 45 01 45 01 23 04 23 04 21 04 00 00,20
hci_snoop_2025_11_26_15_00_04.cfa,1094,2025-11-26T15:01:04.873Z,FFF3-Notify,f4:db:00:00:00:d9,0x0024,0x07,07 41 01 00 00 03 46 01 56 01 54 01 1E 04 02 04 00 04 00 00,20
hci_snoop_2025_11_26_15_00_04.cfa,1098,2025-11-26T15:01:05.144Z,FFF3-Notify,f4:db:00:00:00:d9,0x0024,0x07,07 44 01 00 00 03 53 01 50 01 4C 01 01 04 03 04 0D 04 00 00,20
hci_snoop_2025_11_26_15_00_04.cfa,1102,2025-11-26T15:01:05.413Z,FFF3-Notify,f4:db:00:00:00:d9,0x0024,0x07,07 47 01 00 00 03 4A 01 48 01 46 01 12 04 16 04 19 04 00 00,20
hci_snoop_2025_11_26_15_00_04.cfa,1106,2025-11-26T15:01:05.683Z,FFF3-Notify,f4:db:00:00:00:d9,0x0024,0x07,07 4A 01 00 00 03 45 01 43 01 42 01 1D 04 20 04 23 04 00 00,20
hci_snoop_2025_11_26_15_00_04.cfa,1110,2025-11-26T15:01:05.954Z,FFF3-Notify,f4:db:00:00:00:d9,0x0024,0x07,07 4D 01 00 00 03 41 01 40 01 3F 01 26 04 29 04 2C 04 00 00,20
hci_snoop_2025_11_26_15_00_04.cfa,1114,2025-11-26T15:01:06.224Z,FFF3-Notify,f4:db:00:00:00:d9,0x0024,0x07,07 50 01 00 00 03 3D 01 3D 01 3C 01 2F 04 32 04 34 04 00 00,20
hci_snoop_2025_11_26_15_00_04.cfa,1118,2025-11-26T15:01:06.493Z,FFF3-Notify,f4:db:00:00:00:d9,0x0024,0x07,07 53 01 00 00 03 3C 01 3B 01 3A 01 37 04 3A 04 3D 04 00 00,20
hci_snoop_2025_11_26_15_00_04.cfa,1122,2025-11-26T15:01:06.763Z,FFF3-Notify,f4:db:00:00:00:d9,0x0024,0x07,07 56 01 00 00 03 3A 01 39 01 39 01 40 04 42 04 44 04 00 00,20
hci_snoop_2025_11_26_15_00_04.cfa,1126,2025-11-26T15:01:07.033Z,FFF3-Notify,f4:db:00:00:00:d9,0x0024,0x07,07 59 01 00 00 03 39 01 38 01 38 01 46 04 48 04 49 04 00 00,20
hci_snoop_2025_11_26_15_00_04.cfa,1130,2025-11-26T15:01:07.304Z,FFF3-Notify,f4:db:00:00:00:d9,0x0024,0x07,07 5C 01 00 00 03 37 01 37 01 37 01 4A 04 4B 04 4B 04 00 00,20
hci_snoop_2025_11_26_15_00_04.cfa,1134,2025-11-26T15:01:07.575Z,FFF3-Notify,f4:db:00:00:00:d9,0x0024,0x07,07 5F 01 00 00 03 37 01 36 01 36 01 4C 04 4D 04 4E 04 00 00,20
hci_snoop_2025_11_26_15_00_04.cfa,1138,2025-11-26T15:01:07.843Z,FFF3-Notify,f4:db:00:00:00:d9,0x0024,0x07,07 62 01 00 00 03 36 01 36 01 35 01 4F 04 50 04 51 04 00 00,20
hci_snoop_2025_11_26_15_00_04.cfa,1142,2025-11-26T15:01:08.113Z,FFF3-Notify,f4:db:00:00:00:d9,0x0024,0x07,07 65 01 00 00 03 35 01 35 01 35 01 53 04 55 04 55 04 00 00,20
hci_snoop_2025_11_26_15_00_04.cfa,1146,2025-11-26T15:01:08.383Z,FFF3-Notify,f4:db:00:00:00:d9,0x0024,0x07,07 68 01 00 00 03 34 01 34 01 34 01 55 04 57 04 58 04 00 00,20
hci_snoop_2025_11_26_15_00_04.cfa,1150,2025-11-26T15:01:08.653Z,FFF3-Notify,f4:db:00:00:00:d9,0x0024,0x07,07 6B 01 00 00 03 34 01 34 01 33 01 59 04 5A 04 5A 04 00 00,20
hci_snoop_2025_11_26_15_00_04.cfa,1154,2025-11-26T15:01:08.924Z,FFF3-Notify,f4:db:00:00:00:d9,0x0024,0x07,07 6E 01 00 00 03 33 01 33 01 33 01 5A 04 5B 04 5B 04 00 00,20
hci_snoop_2025_11_26_15_00_04.cfa,1158,2025-11-26T15:01:09.283Z,FFF3-Notify,f4:db:00:00:00:d9,0x0024,0x07,07 71 01 00 00 03 33 01 33 01 32 01 5C 04 5B 04 5C 04 00 00,20
hci_snoop_2025_11_26_15_00_04.cfa,1162,2025-11-26T15:01:09.465Z,FFF3-Notify,f4:db:00:00:00:d9,0x0024,0x07,07 74 01 00 00 03 32 01 32 01 32 01 5C 04 5C 04 5C 04 00 00,20
hci_snoop_2025_11_26_15_00_04.cfa,1166,2025-11-26T15:01:09.733Z,FFF3-Notify,f4:db:00:00:00:d9,0x0024,0x07,07 77 01 00 00 03 31 01 31 01 31 01 5D 04 5D 04 60 04 00 00,20
hci_snoop_2025_11_26_15_00_04.cfa,1170,2025-11-26T15:01:10.004Z,FFF3-Notify,f4:db:00:00:00:d9,0x0024,0x07,07 7A 01 00 00 03 31 01 31 01 31 01 61 04 60 04 5F 04 00 00,20
hci_snoop_2025_11_26_15_00_04.cfa,1174,2025-11-26T15:01:10.274Z,FFF3-Notify,f4:db:00:00:00:d9,0x0024,0x07,07 7D 01 00 00 03 31 01 31 01 31 01 5F 04 5F 04 5F 04 00 00,20
hci_snoop_2025_11_26_15_00_04.cfa,1178,2025-11-26T15:01:10.548Z,FFF3-Notify,f4:db:00:00:00:d9,0x0024,0x07,07 80 01 00 00 03 30 01 30 01 30 01 5F 04 5E 04 5E 04 00 00,20
hci_snoop_2025_11_26_15_00_04.cfa,1182,2025-11-26T15:01:10.813Z,FFF3-Notify,f4:db:00:00:00:d9,0x0024,0x07,07 83 01 00 00 03 30 01 30 01 2F 01 5E 04 5D 04 5D 04 00 00,20
hci_snoop_2025_11_26_15_00_04.cfa,1186,2025-11-26T15:01:11.083Z,FFF3-Notify,f4:db:00:00:00:d9,0x0024,0x07,07 86 01 00 00 03 2F 01 2F 01 2F 01 5D 04 5C 04 5C 04 00 00,20
hci_snoop_2025_11_26_15_00_04.cfa,1190,2025-11-26T15:01:11.354Z,FFF3-Notify,f4:db:00:00:00:d9,0x0024,0x07,07 89 01 00 00 03 30 01 30 01 31 01 5B 04 59 04 57 04 00 00,20
hci_snoop_2025_11_26_15_00_04.cfa,1194,2025-11-26T15:01:11.714Z,FFF3-Notify,f4:db:00:00:00:d9,0x0024,0x07,07 8C 01 00 00 03 30 01 31 01 3B 01 57 04 57 04 45 04 00 00,20
hci_snoop_2025_11_26_15_00_04.cfa,1199,2025-11-26T15:01:11.893Z,FFF3-Notify,f4:db:00:00:00:d9,0x0024,0x07,07 8F 01 00 00 03 3D 01 3D 01 3A 01 3A 04 32 04 39 04 00 00,20
hci_snoop_2025_11_26_15_00_04.cfa,1203,2025-11-26T15:01:12.163Z,FFF3-Notify,f4:db:00:00:00:d9,0x0024,0x07,07 92 01 00 00 03 40 01 3F 01 3B 01 36 04 29 04 33 04 00 00,20
hci_snoop_2025_11_26_15_00_04.cfa,1207,2025-11-26T15:01:12.433Z,FFF3-Notify,f4:db:00:00:00:d9,0x0024,0x07,07 95 01 00 00 03 38 01 37 01 35 01 39 04 3C 04 3F 04 00 00,20
hci_snoop_2025_11_26_15_00_04.cfa,1211,2025-11-26T15:01:12.793Z,FFF3-Notify,f4:db:00:00:00:d9,0x0024,0x07,07 98 01 00 00 03 34 01 33 01 33 01 42 04 44 04 45 04 00 00,20
hci_snoop_2025_11_26_15_00_04.cfa,1215,2025-11-26T15:01:12.974Z,FFF3-Notify,f4:db:00:00:00:d9,0x0024,0x07,07 9B 01 00 00 03 32 01 32 01 32 01 46 04 47 04 48 04 00 00,20
hci_snoop_2025_11_26_15_00_04.cfa,1219,2025-11-26T15:01:13.248Z,FFF3-Notify,f4:db:00:00:00:d9,0x0024,0x07,07 9E 01 00 00 03 31 01 31 01 30 01 49 04 4A 04 4B 04 00 00,20
hci_snoop_2025_11_26_15_00_04.cfa,1223,2025-11-26T15:01:13.513Z,FFF3-Notify,f4:db:00:00:00:d9,0x0024,0x07,07 A1 01 00 00 03 30 01 30 01 2F 01 4B 04 4C 04 4D 04 00 00,20
hci_snoop_2025_11_26_15_00_04.cfa,1227,2025-11-26T15:01:13.783Z,FFF3-Notify,f4:db:00:00:00:d9,0x0024,0x07,07 A4 01 00 00 03 2F 01 2F 01 2F 01 4E 04 4E 04 4E 04 00 00,20
hci_snoop_2025_11_26_15_00_04.cfa,1231,2025-11-26T15:01:14.053Z,FFF3-Notify,f4:db:00:00:00:d9,0x0024,0x07,07 A7 01 00 00 03 2F 01 2F 01 2E 01 4E 04 4E 04 4F 04 00 00,20
hci_snoop_2025_11_26_15_00_04.cfa,1235,2025-11-26T15:01:14.323Z,FFF3-Notify,f4:db:00:00:00:d9,0x0024,0x07,07 AA 01 00 00 03 2E 01 2E 01 2E 01 4F 04 4F 04 50 04 00 00,20
hci_snoop_2025_11_26_15_00_04.cfa,1239,2025-11-26T15:01:14.594Z,FFF3-Notify,f4:db:00:00:00:d9,0x0024,0x07,07 AD 01 00 00 03 2D 01 2D 01 2D 01 50 04 51 04 52 04 00 00,20
hci_snoop_2025_11_26_15_00_04.cfa,1243,2025-11-26T15:01:14.863Z,FFF3-Notify,f4:db:00:00:00:d9,0x0024,0x07,07 B0 01 00 00 03 2D 01 2D 01 2C 01 52 04 52 04 52 04 00 00,20
hci_snoop_2025_11_26_15_00_04.cfa,1247,2025-11-26T15:01:15.134Z,FFF3-Notify,f4:db:00:00:00:d9,0x0024,0x07,07 B3 01 00 00 03 2C 01 2C 01 2C 01 52 04 52 04 52 04 00 00,20
hci_snoop_2025_11_26_15_00_04.cfa,1251,2025-11-26T15:01:15.404Z,FFF3-Notify,f4:db:00:00:00:d9,0x0024,0x07,07 B6 01 00 00 03 2C 01 2B 01 2B 01 53 04 53 04 53 04 00 00,20
hci_snoop_2025_11_26_15_00_04.cfa,1255,2025-11-26T15:01:15.673Z,FFF3-Notify,f4:db:00:00:00:d9,0x0024,0x07,07 B9 01 00 00 03 2B 01 2B 01 2C 01 54 04 54 04 53 04 00 00,20
hci_snoop_2025_11_26_15_00_04.cfa,1259,2025-11-26T15:01:15.943Z,FFF3-Notify,f4:db:00:00:00:d9,0x0024,0x07,07 BC 01 00 00 03 2B 01 2B 01 2B 01 55 04 55 04 55 04 00 00,20
hci_snoop_2025_11_26_15_00_04.cfa,1263,2025-11-26T15:01:16.213Z,FFF3-Notify,f4:db:00:00:00:d9,0x0024,0x07,07 BF 01 00 00 03 2B 01 2B 01 2B 01 55 04 55 04 55 04 00 00,20
hci_snoop_2025_11_26_15_00_04.cfa,1267,2025-11-26T15:01:16.483Z,FFF3-Notify,f4:db:00:00:00:d9,0x0024,0x07,07 C2 01 00 00 03 2B 01 2C 01 2B 01 55 04 55 04 21 04 00 00,20
hci_snoop_2025_11_26_15_00_04.cfa,1272,2025-11-26T15:01:16.754Z,FFF3-Notify,f4:db:00:00:00:d9,0x0024,0x07,07 C5 01 00 00 03 2C 01 2D 01 2E 01 2D 04 32 04 36 04 00 00,20
hci_snoop_2025_11_26_15_00_04.cfa,1276,2025-11-26T15:01:17.023Z,FFF3-Notify,f4:db:00:00:00:d9,0x0024,0x07,07 C8 01 00 00 03 2F 01 30 01 31 01 39 04 3D 04 3A 04 00 00,20
hci_snoop_2025_11_26_15_00_04.cfa,1280,2025-11-26T15:01:17.293Z,FFF3-Notify,f4:db:00:00:00:d9,0x0024,0x07,07 CB 01 00 00 03 32 01 33 01 35 01 3B 04 3C 04 3C 04 00 00,20
hci_snoop_2025_11_26_15_00_04.cfa,1284,2025-11-26T15:01:17.564Z,FFF3-Notify,f4:db:00:00:00:d9,0x0024,0x07,07 CE 01 00 00 03 36 01 3F 01 43 01 3E 04 34 04 30 04 00 00,20
hci_snoop_2025_11_26_15_00_04.cfa,1288,2025-11-26T15:01:17.834Z,FFF3-Notify,f4:db:00:00:00:d9,0x0024,0x07,07 D1 01 00 00 03 46 01 48 01 4B 01 2E 04 2A 04 28 04 00 00,20
hci_snoop_2025_11_26_15_00_04.cfa,1292,2025-11-26T15:01:18.103Z,FFF3-Notify,f4:db:00:00:00:d9,0x0024,0x07,07 D4 01 00 00 03 4D 01 4F 01 50 01 26 04 24 04 23 04 00 00,20
hci_snoop_2025_11_26_15_00_04.cfa,1296,2025-11-26T15:01:18.374Z,FFF3-Notify,f4:db:00:00:00:d9,0x0024,0x07,07 D7 01 00 00 03 51 01 52 01 51 01 25 04 23 04 1D 04 00 00,20
hci_snoop_2025_11_26_15_00_04.cfa,1300,2025-11-26T15:01:18.643Z,FFF3-Notify,f4:db:00:00:00:d9,0x0024,0x07,07 DA 01 00 00 03 4E 01 4D 01 4B 01 23 04 25 04 27 04 00 00,20
hci_snoop_2025_11_26_15_00_04.cfa,1304,2025-11-26T15:01:18.914Z,FFF3-Notify,f4:db:00:00:00:d9,0x0024,0x07,07 DD 01 00 00 03 4B 01 4A 01 49 01 29 04 2A 04 2C 04 00 00,20
hci_snoop_2025_11_26_15_00_04.cfa,1308,2025-11-26T15:01:19.183Z,FFF3-Notify,f4:db:00:00:00:d9,0x0024,0x07,07 E0 01 00 00 03 49 01 49 01 49 01 2D 04 2E 04 30 04 00 00,20
hci_snoop_2025_11_26_15_00_04.cfa,1312,2025-11-26T15:01:19.454Z,FFF3-Notify,f4:db:00:00:00:d9,0x0024,0x07,07 E3 01 00 00 03 49 01 49 01 49 01 31 04 32 04 32 04 00 00,20
hci_snoop_2025_11_26_15_00_04.cfa,1316,2025-11-26T15:01:19.724Z,FFF3-Notify,f4:db:00:00:00:d9,0x0024,0x07,07 E6 01 00 00 03 4A 01 4A 01 4A 01 33 04 33 04 33 04 00 00,20
hci_snoop_2025_11_26_15_00_04.cfa,1320,2025-11-26T15:01:19.993Z,FFF3-Notify,f4:db:00:00:00:d9,0x0024,0x07,07 E9 01 00 00 03 4B 01 4B 01 4B 01 33 04 33 04 33 04 00 00,20
hci_snoop_2025_11_26_15_00_04.cfa,1324,2025-11-26T15:01:20.263Z,FFF3-Notify,f4:db:00:00:00:d9,0x0024,0x07,07 EC 01 00 00 03 4B 01 4C 01 4C 01 32 04 32 04 32 04 00 00,20
hci_snoop_2025_11_26_15_00_04.cfa,1328,2025-11-26T15:01:20.532Z,FFF3-Notify,f4:db:00:00:00:d9,0x0024,0x07,07 EF 01 00 00 03 4C 01 4D 01 4D 01 31 04 31 04 31 04 00 00,20
hci_snoop_2025_11_26_15_00_04.cfa,1332,2025-11-26T15:01:20.804Z,FFF3-Notify,f4:db:00:00:00:d9,0x0024,0x07,07 F2 01 00 00 03 4E 01 4E 01 4E 01 30 04 2F 04 2F 04 00 00,20
hci_snoop_2025_11_26_15_00_04.cfa,1336,2025-11-26T15:01:21.073Z,FFF3-Notify,f4:db:00:00:00:d9,0x0024,0x07,07 F5 01 00 00 03 4E 01 4E 01 4E 01 2F 04 2E 04 2E 04 00 00,20
hci_snoop_2025_11_26_15_00_04.cfa,1340,2025-11-26T15:01:21.344Z,FFF3-Notify,f4:db:00:00:00:d9,0x0024,0x07,07 F8 01 00 00 03 4E 01 4E 01 4E 01 2E 04 2F 04 2F 04 00 00,20
hci_snoop_2025_11_26_15_00_04.cfa,1344,2025-11-26T15:01:21.613Z,FFF3-Notify,f4:db:00:00:00:d9,0x0024,0x07,07 FB 01 00 00 03 4E 01 4E 01 4D 01 2F 04 2F 04 2F 04 00 00,20
hci_snoop_2025_11_26_15_00_04.cfa,1348,2025-11-26T15:01:21.883Z,FFF3-Notify,f4:db:00:00:00:d9,0x0024,0x07,07 FE 01 00 00 03 4D 01 4D 01 4C 01 2F 04 2F 04 2F 04 00 00,20
hci_snoop_2025_11_26_15_00_04.cfa,1352,2025-11-26T15:01:22.152Z,FFF3-Notify,f4:db:00:00:00:d9,0x0024,0x07,07 01 02 00 00 03 4C 01 4C 01 4C 01 30 04 30 04 30 04 00 00,20
hci_snoop_2025_11_26_15_00_04.cfa,1356,2025-11-26T15:01:22.423Z,FFF3-Notify,f4:db:00:00:00:d9,0x0024,0x07,07 04 02 00 00 03 4C 01 4C 01 4C 01 30 04 30 04 30 04 00 00,20
hci_snoop_2025_11_26_15_00_04.cfa,1360,2025-11-26T15:01:22.693Z,FFF3-Notify,f4:db:00:00:00:d9,0x0024,0x07,07 07 02 00 00 03 4C 01 4C 01 4C 01 30 04 30 04 30 04 00 00,20
hci_snoop_2025_11_26_15_00_04.cfa,1364,2025-11-26T15:01:22.963Z,FFF3-Notify,f4:db:00:00:00:d9,0x0024,0x07,07 0A 02 00 00 03 4B 01 4C 01 4B 01 30 04 31 04 31 04 00 00,20
hci_snoop_2025_11_26_15_00_04.cfa,1368,2025-11-26T15:01:23.233Z,FFF3-Notify,f4:db:00:00:00:d9,0x0024,0x07,07 0D 02 00 00 03 4C 01 4C 01 4C 01 31 04 31 04 31 04 00 00,20
hci_snoop_2025_11_26_15_00_04.cfa,1372,2025-11-26T15:01:23.504Z,FFF3-Notify,f4:db:00:00:00:d9,0x0024,0x07,07 10 02 00 00 03 4C 01 4C 01 4C 01 31 04 30 04 2F 04 00 00,20
hci_snoop_2025_11_26_15_00_04.cfa,1376,2025-11-26T15:01:23.773Z,FFF3-Notify,f4:db:00:00:00:d9,0x0024,0x07,07 13 02 00 00 03 4C 01 4D 01 4F 01 2F 04 31 04 2A 04 00 00,20
hci_snoop_2025_11_26_15_00_04.cfa,1380,2025-11-26T15:01:24.043Z,FFF3-Notify,f4:db:00:00:00:d9,0x0024,0x07,07 16 02 00 00 03 3A 01 42 01 46 01 5A 03 85 03 A0 03 00 00,20
hci_snoop_2025_11_26_15_00_04.cfa,1384,2025-11-26T15:01:24.312Z,FFF3-Notify,f4:db:00:00:00:d9,0x0024,0x07,07 19 02 00 00 03 4A 01 4C 01 4D 01 AE 03 B7 03 BD 03 00 00,20
hci_snoop_2025_11_26_15_00_04.cfa,1388,2025-11-26T15:01:24.583Z,FFF3-Notify,f4:db:00:00:00:d9,0x0024,0x07,07 1C 02 00 00 03 4E 01 50 01 54 01 C2 03 C5 03 C9 03 00 00,20
hci_snoop_2025_11_26_15_00_04.cfa,1392,2025-11-26T15:01:24.853Z,FFF3-Notify,f4:db:00:00:00:d9,0x0024,0x07,07 1F 02 00 00 03 58 01 5A 01 5D 01 CF 03 D1 03 D2 03 00 00,20
hci_snoop_2025_11_26_15_00_04.cfa,1396,2025-11-26T15:01:25.123Z,FFF3-Notify,f4:db:00:00:00:d9,0x0024,0x07,07 22 02 00 00 03 5C 01 5C 01 5D 01 C6 03 C6 03 C9 03 00 00,20
hci_snoop_2025_11_26_15_00_04.cfa,1400,2025-11-26T15:01:25.393Z,FFF3-Notify,f4:db:00:00:00:d9,0x0024,0x07,07 25 02 00 00 03 5C 01 5E 01 5E 01 CB 03 D3 03 D5 03 00 00,20
hci_snoop_2025_11_26_15_00_04.cfa,1404,2025-11-26T15:01:25.663Z,FFF3-Notify,f4:db:00:00:00:d9,0x0024,0x07,07 28 02 00 00 03 62 01 65 01 67 01 D7 03 CF 03 CD 03 00 00,20
hci_snoop_2025_11_26_15_00_04.cfa,1408,2025-11-26T15:01:25.933Z,FFF3-Notify,f4:db:00:00:00:d9,0x0024,0x07,07 2B 02 00 00 03 66 01 67 01 67 01 D1 03 D0 03 D2 03 00 00,20
hci_snoop_2025_11_26_15_00_04.cfa,1412,2025-11-26T15:01:26.203Z,FFF3-Notify,f4:db:00:00:00:d9,0x0024,0x07,07 2E 02 00 00 03 63 01 60 01 5E 01 DA 03 E3 03 EB 03 00 00,20
hci_snoop_2025_11_26_15_00_04.cfa,1416,2025-11-26T15:01:26.473Z,FFF3-Notify,f4:db:00:00:00:d9,0x0024,0x07,07 31 02 00 00 03 5D 01 5D 01 5E 01 F1 03 F5 03 FA 03 00 00,20
hci_snoop_2025_11_26_15_00_04.cfa,1420,2025-11-26T15:01:26.743Z,FFF3-Notify,f4:db:00:00:00:d9,0x0024,0x07,07 34 02 00 00 03 5D 01 5B 01 5C 01 F9 03 5B 03 90 03 00 00,20
hci_snoop_2025_11_26_15_00_04.cfa,1424,2025-11-26T15:01:27.013Z,FFF3-Notify,f4:db:00:00:00:d9,0x0024,0x07,07 37 02 00 00 03 5E 01 5F 01 5F 01 A6 03 AD 03 BA 03 00 00,20
hci_snoop_2025_11_26_15_00_04.cfa,1428,2025-11-26T15:01:27.283Z,FFF3-Notify,f4:db:00:00:00:d9,0x0024,0x07,07 3A 02 00 00 03 61 01 63 01 64 01 BC 03 BE 03 C1 03 00 00,20
hci_snoop_2025_11_26_15_00_04.cfa,1432,2025-11-26T15:01:27.643Z,FFF3-Notify,f4:db:00:00:00:d9,0x0024,0x07,07 3D 02 00 00 03 66 01 68 01 68 01 C1 03 C2 03 C3 03 00 00,20
hci_snoop_2025_11_26_15_00_04.cfa,1436,2025-11-26T15:01:27.913Z,FFF3-Notify,f4:db:00:00:00:d9,0x0024,0x07,07 40 02 00 00 03 69 01 69 01 68 01 C6 03 C7 03 C6 03 00 00,20
hci_snoop_2025_11_26_15_00_04.cfa,1440,2025-11-26T15:01:28.183Z,FFF3-Notify,f4:db:00:00:00:d9,0x0024,0x07,07 43 02 00 00 03 65 01 65 01 65 01 9D 03 B2 03 BC 03 00 00,20
hci_snoop_2025_11_26_15_00_04.cfa,1444,2025-11-26T15:01:28.455Z,FFF3-Notify,f4:db:00:00:00:d9,0x0024,0x07,07 46 02 00 00 03 65 01 63 01 60 01 C1 03 C7 03 CF 03 00 00,20
hci_snoop_2025_11_26_15_00_04.cfa,1449,2025-11-26T15:01:28.723Z,FFF3-Notify,f4:db:00:00:00:d9,0x0024,0x07,07 49 02 00 00 03 5E 01 5A 01 59 01 D7 03 D3 03 D7 03 00 00,20
hci_snoop_2025_11_26_15_00_04.cfa,1453,2025-11-26T15:01:28.993Z,FFF3-Notify,f4:db:00:00:00:d9,0x0024,0x07,07 4C 02 00 00 03 57 01 55 01 54 01 DD 03 E3 03 E9 03 00 00,20
hci_snoop_2025_11_26_15_00_04.cfa,1457,2025-11-26T15:01:29.263Z,FFF3-Notify,f4:db:00:00:00:d9,0x0024,0x07,07 4F 02 00 00 03 52 01 51 01 50 01 EF 03 F4 03 F8 03 00 00,20
hci_snoop_2025_11_26_15_00_04.cfa,1461,2025-11-26T15:01:29.533Z,FFF3-Notify,f4:db:00:00:00:d9,0x0024,0x07,07 52 02 00 00 03 4F 01 4F 01 4E 01 FD 03 01 04 04 04 00 00,20
hci_snoop_2025_11_26_15_00_04.cfa,1465,2025-11-26T15:01:29.803Z,FFF3-Notify,f4:db:00:00:00:d9,0x0024,0x07,07 55 02 00 00 03 4E 01 4D 01 4D 01 07 04 0B 04 0E 04 00 00,20
hci_snoop_2025_11_26_15_00_04.cfa,1469,2025-11-26T15:01:30.073Z,FFF3-Notify,f4:db:00:00:00:d9,0x0024,0x07,07 58 02 00 00 03 4C 01 4C 01 4C 01 11 04 15 04 18 04 00 00,20
hci_snoop_2025_11_26_15_00_04.cfa,1473,2025-11-26T15:01:30.347Z,FFF3-Notify,f4:db:00:00:00:d9,0x0024,0x07,07 5B 02 00 00 03 4C 01 4C 01 4D 01 1B 04 1E 04 23 04 00 00,20
hci_snoop_2025_11_26_15_00_04.cfa,1477,2025-11-26T15:01:30.613Z,FFF3-Notify,f4:db:00:00:00:d9,0x0024,0x07,07 5E 02 00 00 03 50 01 54 01 58 01 23 04 1D 04 1A 04 00 00,20
hci_snoop_2025_11_26_15_00_04.cfa,1481,2025-11-26T15:01:30.883Z,FFF3-Notify,f4:db:00:00:00:d9,0x0024,0x07,07 61 02 00 00 03 5D 01 61 01 67 01 13 04 0B 04 0B 04 00 00,20
hci_snoop_2025_11_26_15_00_04.cfa,1485,2025-11-26T15:01:31.154Z,FFF3-Notify,f4:db:00:00:00:d9,0x0024,0x07,07 64 02 00 00 03 6B 01 6D 01 6F 01 FD 03 F6 03 F2 03 00 00,20
hci_snoop_2025_11_26_15_00_04.cfa,1489,2025-11-26T15:01:31.423Z,FFF3-Notify,f4:db:00:00:00:d9,0x0024,0x07,07 67 02 00 00 03 72 01 73 01 73 01 F3 03 ED 03 ED 03 00 00,20
hci_snoop_2025_11_26_15_00_04.cfa,1493,2025-11-26T15:01:31.698Z,FFF3-Notify,f4:db:00:00:00:d9,0x0024,0x07,07 6A 02 00 00 03 71 01 6D 01 69 01 EE 03 F0 03 F5 03 00 00,20
hci_snoop_2025_11_26_15_00_04.cfa,1497,2025-11-26T15:01:31.963Z,FFF3-Notify,f4:db:00:00:00:d9,0x0024,0x07,07 6D 02 00 00 03 67 01 64 01 62 01 FA 03 FF 03 04 04 00 00,20
hci_snoop_2025_11_26_15_00_04.cfa,1501,2025-11-26T15:01:32.233Z,FFF3-Notify,f4:db:00:00:00:d9,0x0024,0x07,07 70 02 00 00 03 60 01 5E 01 5D 01 08 04 0C 04 10 04 00 00,20
hci_snoop_2025_11_26_15_00_04.cfa,1505,2025-11-26T15:01:32.503Z,FFF3-Notify,f4:db:00:00:00:d9,0x0024,0x07,07 73 02 00 00 03 5B 01 5A 01 59 01 14 04 16 04 1A 04 00 00,20
hci_snoop_2025_11_26_15_00_04.cfa,1510,2025-11-26T15:01:32.773Z,FFF3-Notify,f4:db:00:00:00:d9,0x0024,0x07,07 76 02 00 00 03 58 01 57 01 56 01 1D 04 1F 04 22 04 00 00,20
hci_snoop_2025_11_26_15_00_04.cfa,1514,2025-11-26T15:01:33.048Z,FFF3-Notify,f4:db:00:00:00:d9,0x0024,0x07,07 79 02 00 00 03 55 01 54 01 54 01 24 04 26 04 29 04 00 00,20
hci_snoop_2025_11_26_15_00_04.cfa,1518,2025-11-26T15:01:33.313Z,FFF3-Notify,f4:db:00:00:00:d9,0x0024,0x07,07 7C 02 00 00 03 53 01 52 01 52 01 2B 04 2C 04 2F 04 00 00,20
hci_snoop_2025_11_26_15_00_04.cfa,1522,2025-11-26T15:01:33.583Z,FFF3-Notify,f4:db:00:00:00:d9,0x0024,0x07,07 7F 02 00 00 03 51 01 51 01 50 01 30 04 32 04 34 04 00 00,20
hci_snoop_2025_11_26_15_00_04.cfa,1526,2025-11-26T15:01:33.854Z,FFF3-Notify,f4:db:00:00:00:d9,0x0024,0x07,07 82 02 00 00 03 50 01 50 01 4F 01 35 04 37 04 38 04 00 00,20
hci_snoop_2025_11_26_15_00_04.cfa,1530,2025-11-26T15:01:34.213Z,FFF3-Notify,f4:db:00:00:00:d9,0x0024,0x07,07 85 02 00 00 03 4F 01 4F 01 4E 01 3A 04 3C 04 3C 04 00 00,20
hci_snoop_2025_11_26_15_00_04.cfa,1534,2025-11-26T15:01:34.394Z,FFF3-Notify,f4:db:00:00:00:d9,0x0024,0x07,07 88 02 00 00 03 4E 01 4E 01 4E 01 3D 04 3F 04 3F 04 00 00,20
hci_snoop_2025_11_26_15_00_04.cfa,1538,2025-11-26T15:01:34.663Z,FFF3-Notify,f4:db:00:00:00:d9,0x0024,0x07,07 8B 02 00 00 03 4E 01 4E 01 4E 01 41 04 41 04 43 04 00 00,20
hci_snoop_2025_11_26_15_00_04.cfa,1542,2025-11-26T15:01:34.933Z,FFF3-Notify,f4:db:00:00:00:d9,0x0024,0x07,07 8E 02 00 00 03 4E 01 4E 01 4E 01 43 04 44 04 44 04 00 00,20
hci_snoop_2025_11_26_15_00_04.cfa,1546,2025-11-26T15:01:35.202Z,FFF3-Notify,f4:db:00:00:00:d9,0x0024,0x07,07 91 02 00 00 03 4E 01 4E 01 4F 01 44 04 44 04 44 04 00 00,20
hci_snoop_2025_11_26_15_00_04.cfa,1550,2025-11-26T15:01:35.472Z,FFF3-Notify,f4:db:00:00:00:d9,0x0024,0x07,07 94 02 00 00 03 4F 01 4F 01 50 01 44 04 44 04 44 04 00 00,20
hci_snoop_2025_11_26_15_00_04.cfa,1554,2025-11-26T15:01:35.742Z,FFF3-Notify,f4:db:00:00:00:d9,0x0024,0x07,07 97 02 00 00 03 50 01 50 01 50 01 44 04 43 04 43 04 00 00,20
hci_snoop_2025_11_26_15_00_04.cfa,1558,2025-11-26T15:01:36.014Z,FFF3-Notify,f4:db:00:00:00:d9,0x0024,0x07,07 9A 02 00 00 03 51 01 51 01 51 01 43 04 43 04 43 04 00 00,20
hci_snoop_2025_11_26_15_00_04.cfa,1562,2025-11-26T15:01:36.375Z,FFF3-Notify,f4:db:00:00:00:d9,0x0024,0x07,07 9D 02 00 00 03 51 01 51 01 51 01 43 04 42 04 41 04 00 00,20
hci_snoop_2025_11_26_15_00_04.cfa,1566,2025-11-26T15:01:36.735Z,FFF3-Notify,f4:db:00:00:00:d9,0x0024,0x07,07 A0 02 00 00 03 51 01 51 01 51 01 41 04 41 04 40 04 00 00,20
hci_snoop_2025_11_26_15_00_04.cfa,1570,2025-11-26T15:01:37.005Z,FFF3-Notify,f4:db:00:00:00:d9,0x0024,0x07,07 A3 02 00 00 03 51 01 51 01 51 01 40 04 40 04 40 04 00 00,20
hci_snoop_2025_11_26_15_00_04.cfa,1574,2025-11-26T15:01:37.274Z,FFF3-Notify,f4:db:00:00:00:d9,0x0024,0x07,07 A6 02 00 00 03 50 01 50 01 50 01 40 04 40 04 40 04 00 00,20
hci_snoop_2025_11_26_15_00_04.cfa,1585,2025-11-26T15:01:37.542Z,FFF3-Notify,f4:db:00:00:00:d9,0x0024,0x07,07 A9 02 00 00 03 50 01 50 01 4F 01 41 04 41 04 41 04 00 00,20
hci_snoop_2025_11_26_15_00_04.cfa,1597,2025-11-26T15:01:37.812Z,FFF3-Notify,f4:db:00:00:00:d9,0x0024,0x07,07 AC 02 00 00 03 4F 01 4F 01 4F 01 41 04 41 04 41 04 00 00,20
hci_snoop_2025_11_26_15_00_04.cfa,1601,2025-11-26T15:01:38.085Z,FFF3-Notify,f4:db:00:00:00:d9,0x0024,0x07,07 AF 02 00 00 03 4F 01 4F 01 4F 01 41 04 41 04 41 04 00 00,20
hci_snoop_2025_11_26_15_00_04.cfa,1605,2025-11-26T15:01:38.354Z,FFF3-Notify,f4:db:00:00:00:d9,0x0024,0x07,07 B2 02 00 00 03 4E 01 4E 01 4E 01 41 04 40 04 40 04 00 00,20
hci_snoop_2025_11_26_15_00_04.cfa,1609,2025-11-26T15:01:38.624Z,FFF3-Notify,f4:db:00:00:00:d9,0x0024,0x07,07 B5 02 00 00 03 4E 01 4E 01 4E 01 40 04 3F 04 3F 04 00 00,20
hci_snoop_2025_11_26_15_00_04.cfa,1613,2025-11-26T15:01:38.894Z,FFF3-Notify,f4:db:00:00:00:d9,0x0024,0x07,07 B8 02 00 00 03 4F 01 4F 01 4F 01 3F 04 3E 04 3D 04 00 00,20
hci_snoop_2025_11_26_15_00_04.cfa,1617,2025-11-26T15:01:39.164Z,FFF3-Notify,f4:db:00:00:00:d9,0x0024,0x07,07 BB 02 00 00 03 4F 01 4F 01 50 01 3D 04 3D 04 3C 04 00 00,20
hci_snoop_2025_11_26_15_00_04.cfa,1621,2025-11-26T15:01:39.434Z,FFF3-Notify,f4:db:00:00:00:d9,0x0024,0x07,07 BE 02 00 00 03 4F 01 50 01 50 01 3C 04 3B 04 3B 04 00 00,20
hci_snoop_2025_11_26_15_00_04.cfa,1625,2025-11-26T15:01:39.704Z,FFF3-Notify,f4:db:00:00:00:d9,0x0024,0x07,07 C1 02 00 00 03 50 01 50 01 50 01 3A 04 3A 04 3A 04 00 00,20
hci_snoop_2025_11_26_15_00_04.cfa,1629,2025-11-26T15:01:39.974Z,FFF3-Notify,f4:db:00:00:00:d9,0x0024,0x07,07 C4 02 00 00 03 50 01 50 01 50 01 39 04 39 04 39 04 00 00,20
hci_snoop_2025_11_26_15_00_04.cfa,1633,2025-11-26T15:01:40.244Z,FFF3-Notify,f4:db:00:00:00:d9,0x0024,0x07,07 C7 02 00 00 03 50 01 50 01 50 01 38 04 38 04 38 04 00 00,20
hci_snoop_2025_11_26_15_00_04.cfa,1637,2025-11-26T15:01:40.514Z,FFF3-Notify,f4:db:00:00:00:d9,0x0024,0x07,07 CA 02 00 00 03 50 01 50 01 4F 01 38 04 38 04 38 04 00 00,20
hci_snoop_2025_11_26_15_00_04.cfa,1641,2025-11-26T15:01:40.786Z,FFF3-Notify,f4:db:00:00:00:d9,0x0024,0x07,07 CD 02 00 00 03 4F 01 4F 01 4F 01 39 04 39 04 39 04 00 00,20
hci_snoop_2025_11_26_15_00_04.cfa,1645,2025-11-26T15:01:41.053Z,FFF3-Notify,f4:db:00:00:00:d9,0x0024,0x07,07 D0 02 00 00 03 4F 01 4E 01 4E 01 3A 04 3A 04 3A 04 00 00,20
hci_snoop_2025_11_26_15_00_04.cfa,1649,2025-11-26T15:01:41.323Z,FFF3-Notify,f4:db:00:00:00:d9,0x0024,0x07,07 D3 02 00 00 03 4E 01 4D 01 4E 01 3A 04 3B 04 3B 04 00 00,20
hci_snoop_2025_11_26_15_00_04.cfa,1653,2025-11-26T15:01:41.593Z,FFF3-Notify,f4:db:00:00:00:d9,0x0024,0x07,07 D6 02 00 00 03 4D 01 4D 01 4D 01 3B 04 3C 04 3C 04 00 00,20
hci_snoop_2025_11_26_15_00_04.cfa,1657,2025-11-26T15:01:41.863Z,FFF3-Notify,f4:db:00:00:00:d9,0x0024,0x07,07 D9 02 00 00 03 4D 01 4D 01 4D 01 3C 04 3C 04 3C 04 00 00,20
hci_snoop_2025_11_26_15_00_04.cfa,1661,2025-11-26T15:01:42.135Z,FFF3-Notify,f4:db:00:00:00:d9,0x0024,0x07,07 DC 02 00 00 03 4D 01 4D 01 4D 01 3C 04 3C 04 3B 04 00 00,20
hci_snoop_2025_11_26_15_00_04.cfa,1665,2025-11-26T15:01:42.403Z,FFF3-Notify,f4:db:00:00:00:d9,0x0024,0x07,07 DF 02 00 00 03 4D 01 4D 01 4D 01 3B 04 3A 04 3A 04 00 00,20
hci_snoop_2025_11_26_15_00_04.cfa,1669,2025-11-26T15:01:42.672Z,FFF3-Notify,f4:db:00:00:00:d9,0x0024,0x07,07 E2 02 00 00 03 4D 01 4C 01 4C 01 3A 04 C7 03 F4 03 00 00,20
hci_snoop_2025_11_26_15_00_04.cfa,1673,2025-11-26T15:01:42.943Z,FFF3-Notify,f4:db:00:00:00:d9,0x0024,0x07,07 E5 02 00 00 03 4C 01 4B 01 4C 01 FE 03 D0 03 DF 03 00 00,20
hci_snoop_2025_11_26_15_00_04.cfa,1677,2025-11-26T15:01:43.213Z,FFF3-Notify,f4:db:00:00:00:d9,0x0024,0x07,07 E8 02 00 00 03 4C 01 4D 01 4D 01 EA 03 F4 03 FD 03 00 00,20
hci_snoop_2025_11_26_15_00_04.cfa,1681,2025-11-26T15:01:43.485Z,FFF3-Notify,f4:db:00:00:00:d9,0x0024,0x07,07 EB 02 00 00 03 4E 01 4F 01 4F 01 0B 04 16 04 1D 04 00 00,20
hci_snoop_2025_11_26_15_00_04.cfa,1685,2025-11-26T15:01:43.753Z,FFF3-Notify,f4:db:00:00:00:d9,0x0024,0x07,07 EE 02 00 00 03 50 01 51 01 52 01 1F 04 23 04 25 04 00 00,20
hci_snoop_2025_11_26_15_00_04.cfa,1689,2025-11-26T15:01:44.112Z,FFF3-Notify,f4:db:00:00:00:d9,0x0024,0x07,07 F1 02 00 00 03 52 01 52 01 53 01 26 04 26 04 26 04 00 00,20
hci_snoop_2025_11_26_15_00_04.cfa,1693,2025-11-26T15:01:44.293Z,FFF3-Notify,f4:db:00:00:00:d9,0x0024,0x07,07 F4 02 00 00 03 53 01 53 01 54 01 28 04 2A 04 2B 04 00 00,20
hci_snoop_2025_11_26_15_00_04.cfa,1697,2025-11-26T15:01:44.563Z,FFF3-Notify,f4:db:00:00:00:d9,0x0024,0x07,07 F7 02 00 00 03 54 01 54 01 54 01 2C 04 2E 04 2F 04 00 00,20
hci_snoop_2025_11_26_15_00_04.cfa,1701,2025-11-26T15:01:44.834Z,FFF3-Notify,f4:db:00:00:00:d9,0x0024,0x07,07 FA 02 00 00 03 54 01 54 01 54 01 30 04 31 04 33 04 00 00,20
hci_snoop_2025_11_26_15_00_04.cfa,1705,2025-11-26T15:01:45.104Z,FFF3-Notify,f4:db:00:00:00:d9,0x0024,0x07,07 FD 02 00 00 03 54 01 54 01 54 01 34 04 36 04 36 04 00 00,20
hci_snoop_2025_11_26_15_00_04.cfa,1709,2025-11-26T15:01:45.374Z,FFF3-Notify,f4:db:00:00:00:d9,0x0024,0x07,07 00 03 00 00 03 54 01 54 01 54 01 38 04 38 04 3A 04 00 00,20
hci_snoop_2025_11_26_15_00_04.cfa,1713,2025-11-26T15:01:45.644Z,FFF3-Notify,f4:db:00:00:00:d9,0x0024,0x07,07 03 03 00 00 03 54 01 54 01 54 01 3A 04 3B 04 3B 04 00 00,20
hci_snoop_2025_11_26_15_00_04.cfa,1717,2025-11-26T15:01:45.914Z,FFF3-Notify,f4:db:00:00:00:d9,0x0024,0x07,07 06 03 00 00 03 54 01 54 01 53 01 3C 04 3D 04 3F 04 00 00,20
hci_snoop_2025_11_26_15_00_04.cfa,1721,2025-11-26T15:01:46.186Z,FFF3-Notify,f4:db:00:00:00:d9,0x0024,0x07,07 09 03 00 00 03 53 01 53 01 53 01 42 04 44 04 46 04 00 00,20
hci_snoop_2025_11_26_15_00_04.cfa,1725,2025-11-26T15:01:46.452Z,FFF3-Notify,f4:db:00:00:00:d9,0x0024,0x07,07 0C 03 00 00 03 53 01 53 01 53 01 49 04 4B 04 4D 04 00 00,20
hci_snoop_2025_11_26_15_00_04.cfa,1729,2025-11-26T15:01:46.723Z,FFF3-Notify,f4:db:00:00:00:d9,0x0024,0x07,07 0F 03 00 00 03 53 01 53 01 52 01 50 04 53 04 56 04 00 00,20
hci_snoop_2025_11_26_15_00_04.cfa,1733,2025-11-26T15:01:46.992Z,FFF3-Notify,f4:db:00:00:00:d9,0x0024,0x07,07 12 03 00 00 03 52 01 52 01 52 01 58 04 5A 04 5D 04 00 00,20
hci_snoop_2025_11_26_15_00_04.cfa,1737,2025-11-26T15:01:47.263Z,FFF3-Notify,f4:db:00:00:00:d9,0x0024,0x07,07 15 03 00 00 03 52 01 52 01 52 01 5F 04 61 04 62 04 00 00,20
hci_snoop_2025_11_26_15_00_04.cfa,1741,2025-11-26T15:01:47.533Z,FFF3-Notify,f4:db:00:00:00:d9,0x0024,0x07,07 18 03 00 00 03 52 01 52 01 51 01 65 04 66 04 69 04 00 00,20
hci_snoop_2025_11_26_15_00_04.cfa,1745,2025-11-26T15:01:47.803Z,FFF3-Notify,f4:db:00:00:00:d9,0x0024,0x07,07 1B 03 00 00 03 51 01 51 01 51 01 6B 04 6C 04 6E 04 00 00,20
hci_snoop_2025_11_26_15_00_04.cfa,1749,2025-11-26T15:01:48.074Z,FFF3-Notify,f4:db:00:00:00:d9,0x0024,0x07,07 1E 03 00 00 03 51 01 50 01 50 01 70 04 71 04 72 04 00 00,20
hci_snoop_2025_11_26_15_00_04.cfa,1753,2025-11-26T15:01:48.343Z,FFF3-Notify,f4:db:00:00:00:d9,0x0024,0x07,07 21 03 00 00 03 50 01 50 01 50 01 73 04 74 04 75 04 00 00,20
hci_snoop_2025_11_26_15_00_04.cfa,1757,2025-11-26T15:01:48.613Z,FFF3-Notify,f4:db:00:00:00:d9,0x0024,0x07,07 24 03 00 00 03 50 01 50 01 4F 01 76 04 78 04 79 04 00 00,20
hci_snoop_2025_11_26_15_00_04.cfa,1761,2025-11-26T15:01:48.884Z,FFF3-Notify,f4:db:00:00:00:d9,0x0024,0x07,07 27 03 00 00 03 4F 01 4F 01 4F 01 7A 04 7C 04 7C 04 00 00,20
hci_snoop_2025_11_26_15_00_04.cfa,1766,2025-11-26T15:01:49.155Z,FFF3-Notify,f4:db:00:00:00:d9,0x0024,0x07,07 2A 03 00 00 03 4F 01 4E 01 4E 01 7A 04 7A 04 7A 04 00 00,20
hci_snoop_2025_11_26_15_00_04.cfa,1770,2025-11-26T15:01:49.423Z,FFF3-Notify,f4:db:00:00:00:d9,0x0024,0x07,07 2D 03 00 00 03 4E 01 4E 01 4E 01 7A 04 7A 04 7B 04 00 00,20
hci_snoop_2025_11_26_15_00_04.cfa,1774,2025-11-26T15:01:49.693Z,FFF3-Notify,f4:db:00:00:00:d9,0x0024,0x07,07 30 03 00 00 03 4F 01 51 01 52 01 7D 04 78 04 76 04 00 00,20
hci_snoop_2025_11_26_15_00_04.cfa,1778,2025-11-26T15:01:49.963Z,FFF3-Notify,f4:db:00:00:00:d9,0x0024,0x07,07 33 03 00 00 03 3A 01 46 01 4A 01 3A 03 6E 03 A5 03 00 00,20
hci_snoop_2025_11_26_15_00_04.cfa,1782,2025-11-26T15:01:50.233Z,FFF3-Notify,f4:db:00:00:00:d9,0x0024,0x07,07 36 03 00 00 03 4B 01 52 01 58 01 A4 03 C9 03 CC 03 00 00,20
hci_snoop_2025_11_26_15_00_04.cfa,1786,2025-11-26T15:01:50.503Z,FFF3-Notify,f4:db:00:00:00:d9,0x0024,0x07,07 39 03 00 00 03 5A 01 63 01 69 01 CE 03 C6 03 BD 03 00 00,20
hci_snoop_2025_11_26_15_00_04.cfa,1790,2025-11-26T15:01:50.773Z,FFF3-Notify,f4:db:00:00:00:d9,0x0024,0x07,07 3C 03 00 00 03 66 01 60 01 5F 01 CD 03 E6 03 F4 03 00 00,20
hci_snoop_2025_11_26_15_00_04.cfa,1794,2025-11-26T15:01:51.047Z,FFF3-Notify,f4:db:00:00:00:d9,0x0024,0x07,07 3F 03 00 00 03 62 01 66 01 64 01 F9 03 FA 03 02 04 00 00,20
hci_snoop_2025_11_26_15_00_04.cfa,1798,2025-11-26T15:01:51.312Z,FFF3-Notify,f4:db:00:00:00:d9,0x0024,0x07,07 42 03 00 00 03 64 01 64 01 64 01 0A 04 0F 04 12 04 00 00,20
hci_snoop_2025_11_26_15_00_04.cfa,1802,2025-11-26T15:01:51.583Z,FFF3-Notify,f4:db:00:00:00:d9,0x0024,0x07,07 45 03 00 00 03 64 01 64 01 64 01 F9 03 02 04 0A 04 00 00,20
hci_snoop_2025_11_26_15_00_04.cfa,1806,2025-11-26T15:01:51.854Z,FFF3-Notify,f4:db:00:00:00:d9,0x0024,0x07,07 48 03 00 00 03 65 01 66 01 67 01 0F 04 12 04 16 04 00 00,20
hci_snoop_2025_11_26_15_00_04.cfa,1810,2025-11-26T15:01:52.123Z,FFF3-Notify,f4:db:00:00:00:d9,0x0024,0x07,07 4B 03 00 00 03 68 01 68 01 69 01 19 04 1B 04 1D 04 00 00,20
hci_snoop_2025_11_26_15_00_04.cfa,1814,2025-11-26T15:01:52.393Z,FFF3-Notify,f4:db:00:00:00:d9,0x0024,0x07,07 4E 03 00 00 03 68 01 68 01 67 01 1D 04 1F 04 1D 04 00 00,20
hci_snoop_2025_11_26_15_00_04.cfa,1818,2025-11-26T15:01:52.663Z,FFF3-Notify,f4:db:00:00:00:d9,0x0024,0x07,07 51 03 00 00 03 5C 01 5F 01 61 01 2E 03 79 03 95 03 00 00,20
hci_snoop_2025_11_26_15_00_04.cfa,1822,2025-11-26T15:01:52.934Z,FFF3-Notify,f4:db:00:00:00:d9,0x0024,0x07,07 54 03 00 00 03 64 01 64 01 65 01 A5 03 B2 03 C1 03 00 00,20
hci_snoop_2025_11_26_15_00_04.cfa,1826,2025-11-26T15:01:53.206Z,FFF3-Notify,f4:db:00:00:00:d9,0x0024,0x07,07 57 03 00 00 03 67 01 68 01 69 01 CD 03 D5 03 DC 03 00 00,20
hci_snoop_2025_11_26_15_00_04.cfa,1830,2025-11-26T15:01:53.473Z,FFF3-Notify,f4:db:00:00:00:d9,0x0024,0x07,07 5A 03 00 00 03 69 01 69 01 6A 01 E2 03 E8 03 EC 03 00 00,20
hci_snoop_2025_11_26_15_00_04.cfa,1834,2025-11-26T15:01:53.743Z,FFF3-Notify,f4:db:00:00:00:d9,0x0024,0x07,07 5D 03 00 00 03 6A 01 6A 01 69 01 F1 03 F6 03 FA 03 00 00,20
hci_snoop_2025_11_26_15_00_04.cfa,1838,2025-11-26T15:01:54.013Z,FFF3-Notify,f4:db:00:00:00:d9,0x0024,0x07,07 60 03 00 00 03 69 01 67 01 66 01 FB 03 FD 03 01 04 00 00,20
hci_snoop_2025_11_26_15_00_04.cfa,1842,2025-11-26T15:01:54.282Z,FFF3-Notify,f4:db:00:00:00:d9,0x0024,0x07,07 63 03 00 00 03 64 01 63 01 62 01 04 04 08 04 0B 04 00 00,20
hci_snoop_2025_11_26_15_00_04.cfa,1846,2025-11-26T15:01:54.554Z,FFF3-Notify,f4:db:00:00:00:d9,0x0024,0x07,07 66 03 00 00 03 61 01 60 01 5F 01 0E 04 11 04 14 04 00 00,20
hci_snoop_2025_11_26_15_00_04.cfa,1850,2025-11-26T15:01:54.824Z,FFF3-Notify,f4:db:00:00:00:d9,0x0024,0x07,07 69 03 00 00 03 5E 01 5D 01 5C 01 16 04 18 04 1A 04 00 00,20
hci_snoop_2025_11_26_15_00_04.cfa,1854,2025-11-26T15:01:55.093Z,FFF3-Notify,f4:db:00:00:00:d9,0x0024,0x07,07 6C 03 00 00 03 5C 01 5B 01 5A 01 1C 04 1D 04 1E 04 00 00,20
hci_snoop_2025_11_26_15_00_04.cfa,1858,2025-11-26T15:01:55.363Z,FFF3-Notify,f4:db:00:00:00:d9,0x0024,0x07,07 6F 03 00 00 03 5A 01 59 01 59 01 1F 04 21 04 23 04 00 00,20
hci_snoop_2025_11_26_15_00_04.cfa,1862,2025-11-26T15:01:55.634Z,FFF3-Notify,f4:db:00:00:00:d9,0x0024,0x07,07 72 03 00 00 03 58 01 58 01 58 01 24 04 25 04 26 04 00 00,20
hci_snoop_2025_11_26_15_00_04.cfa,1866,2025-11-26T15:01:55.903Z,FFF3-Notify,f4:db:00:00:00:d9,0x0024,0x07,07 75 03 00 00 03 57 01 57 01 56 01 27 04 28 04 29 04 00 00,20
hci_snoop_2025_11_26_15_00_04.cfa,1870,2025-11-26T15:01:56.174Z,FFF3-Notify,f4:db:00:00:00:d9,0x0024,0x07,07 78 03 00 00 03 56 01 3E 01 3C 01 2A 04 B9 02 0C 03 00 00,20
hci_snoop_2025_11_26_15_00_04.cfa,1874,2025-11-26T15:01:56.444Z,FFF3-Notify,f4:db:00:00:00:d9,0x0024,0x07,07 7B 03 00 00 03 40 01 43 01 46 01 46 03 62 03 80 03 00 00,20
hci_snoop_2025_11_26_15_00_04.cfa,1878,2025-11-26T15:01:56.712Z,FFF3-Notify,f4:db:00:00:00:d9,0x0024,0x07,07 7E 03 00 00 03 47 01 49 01 4A 01 97 03 A6 03 B2 03 00 00,20
hci_snoop_2025_11_26_15_00_04.cfa,1882,2025-11-26T15:01:56.983Z,FFF3-Notify,f4:db:00:00:00:d9,0x0024,0x07,07 81 03 00 00 03 4B 01 4C 01 4E 01 BA 03 C1 03 C9 03 00 00,20
hci_snoop_2025_11_26_15_00_04.cfa,1886,2025-11-26T15:01:57.253Z,FFF3-Notify,f4:db:00:00:00:d9,0x0024,0x07,07 84 03 00 00 03 50 01 53 01 57 01 D4 03 D8 03 DA 03 00 00,20
hci_snoop_2025_11_26_15_00_04.cfa,1890,2025-11-26T15:01:57.524Z,FFF3-Notify,f4:db:00:00:00:d9,0x0024,0x07,07 87 03 00 00 03 5A 01 5D 01 60 01 DB 03 DD 03 DE 03 00 00,20
hci_snoop_2025_11_26_15_00_04.cfa,1894,2025-11-26T15:01:57.795Z,FFF3-Notify,f4:db:00:00:00:d9,0x0024,0x07,07 8A 03 00 00 03 62 01 64 01 66 01 E0 03 E1 03 E3 03 00 00,20
hci_snoop_2025_11_26_15_00_04.cfa,1898,2025-11-26T15:01:58.065Z,FFF3-Notify,f4:db:00:00:00:d9,0x0024,0x07,07 8D 03 00 00 03 68 01 69 01 6B 01 E4 03 E6 03 E8 03 00 00,20
hci_snoop_2025_11_26_15_00_04.cfa,1902,2025-11-26T15:01:58.334Z,FFF3-Notify,f4:db:00:00:00:d9,0x0024,0x07,07 90 03 00 00 03 6B 01 69 01 67 01 E2 03 E0 03 E5 03 00 00,20
hci_snoop_2025_11_26_15_00_04.cfa,1906,2025-11-26T15:01:58.604Z,FFF3-Notify,f4:db:00:00:00:d9,0x0024,0x07,07 93 03 00 00 03 67 01 66 01 64 01 EA 03 E8 03 E9 03 00 00,20
hci_snoop_2025_11_26_15_00_04.cfa,1910,2025-11-26T15:01:58.874Z,FFF3-Notify,f4:db:00:00:00:d9,0x0024,0x07,07 96 03 00 00 03 63 01 62 01 61 01 EA 03 EC 03 EF 03 00 00,20
hci_snoop_2025_11_26_15_00_04.cfa,1914,2025-11-26T15:01:59.144Z,FFF3-Notify,f4:db:00:00:00:d9,0x0024,0x07,07 99 03 00 00 03 60 01 60 01 5F 01 F0 03 F2 03 F4 03 00 00,20
hci_snoop_2025_11_26_15_00_04.cfa,1918,2025-11-26T15:01:59.414Z,FFF3-Notify,f4:db:00:00:00:d9,0x0024,0x07,07 9C 03 00 00 03 5E 01 5E 01 5E 01 F6 03 F8 03 F9 03 00 00,20
hci_snoop_2025_11_26_15_00_04.cfa,1922,2025-11-26T15:01:59.686Z,FFF3-Notify,f4:db:00:00:00:d9,0x0024,0x07,07 9F 03 00 00 03 5D 01 5D 01 5C 01 FB 03 FC 03 FE 03 00 00,20
hci_snoop_2025_11_26_15_00_04.cfa,1926,2025-11-26T15:01:59.957Z,FFF3-Notify,f4:db:00:00:00:d9,0x0024,0x07,07 A2 03 00 00 03 5C 01 5B 01 5B 01 FF 03 01 04 02 04 00 00,20
hci_snoop_2025_11_26_15_00_04.cfa,1930,2025-11-26T15:02:00.227Z,FFF3-Notify,f4:db:00:00:00:d9,0x0024,0x07,07 A5 03 00 00 03 5A 01 5A 01 5A 01 03 04 04 04 05 04 00 00,20
hci_snoop_2025_11_26_15_00_04.cfa,1934,2025-11-26T15:02:00.494Z,FFF3-Notify,f4:db:00:00:00:d9,0x0024,0x07,07 A8 03 00 00 03 59 01 59 01 59 01 07 04 08 04 0A 04 00 00,20
hci_snoop_2025_11_26_15_00_04.cfa,1938,2025-11-26T15:02:00.763Z,FFF3-Notify,f4:db:00:00:00:d9,0x0024,0x07,07 AB 03 00 00 03 59 01 58 01 58 01 0B 04 0C 04 0D 04 00 00,20
hci_snoop_2025_11_26_15_00_04.cfa,1942,2025-11-26T15:02:01.034Z,FFF3-Notify,f4:db:00:00:00:d9,0x0024,0x07,07 AE 03 00 00 03 57 01 57 01 57 01 0F 04 11 04 12 04 00 00,20
hci_snoop_2025_11_26_15_00_04.cfa,1946,2025-11-26T15:02:01.307Z,FFF3-Notify,f4:db:00:00:00:d9,0x0024,0x07,07 B1 03 00 00 03 56 01 56 01 56 01 13 04 14 04 16 04 00 00,20
hci_snoop_2025_11_26_15_00_04.cfa,1950,2025-11-26T15:02:01.575Z,FFF3-Notify,f4:db:00:00:00:d9,0x0024,0x07,07 B4 03 00 00 03 55 01 55 01 55 01 17 04 18 04 1A 04 00 00,20
hci_snoop_2025_11_26_15_00_04.cfa,1954,2025-11-26T15:02:01.844Z,FFF3-Notify,f4:db:00:00:00:d9,0x0024,0x07,07 B7 03 00 00 03 55 01 54 01 54 01 1B 04 1C 04 1D 04 00 00,20
hci_snoop_2025_11_26_15_00_04.cfa,1958,2025-11-26T15:02:02.207Z,FFF3-Notify,f4:db:00:00:00:d9,0x0024,0x07,07 BA 03 00 00 03 54 01 53 01 53 01 1E 04 20 04 21 04 00 00,20
hci_snoop_2025_11_26_15_00_04.cfa,1962,2025-11-26T15:02:02.567Z,FFF3-Notify,f4:db:00:00:00:d9,0x0024,0x07,07 BD 03 00 00 03 53 01 53 01 52 01 23 04 24 04 25 04 00 00,20
hci_snoop_2025_11_26_15_00_04.cfa,1967,2025-11-26T15:02:02.835Z,FFF3-Notify,f4:db:00:00:00:d9,0x0024,0x07,07 C0 03 00 00 03 52 01 52 01 52 01 26 04 27 04 29 04 00 00,20
hci_snoop_2025_11_26_15_00_04.cfa,1971,2025-11-26T15:02:03.104Z,FFF3-Notify,f4:db:00:00:00:d9,0x0024,0x07,07 C3 03 00 00 03 51 01 51 01 51 01 2A 04 2A 04 2B 04 00 00,20
hci_snoop_2025_11_26_15_00_04.cfa,1975,2025-11-26T15:02:03.375Z,FFF3-Notify,f4:db:00:00:00:d9,0x0024,0x07,07 C6 03 00 00 03 51 01 51 01 50 01 2C 04 2D 04 2E 04 00 00,20
hci_snoop_2025_11_26_15_00_04.cfa,1979,2025-11-26T15:02:03.646Z,FFF3-Notify,f4:db:00:00:00:d9,0x0024,0x07,07 C9 03 00 00 03 50 01 50 01 50 01 2F 04 30 04 11 04 00 00,20
hci_snoop_2025_11_26_15_00_04.cfa,1983,2025-11-26T15:02:03.917Z,FFF3-Notify,f4:db:00:00:00:d9,0x0024,0x07,07 CC 03 00 00 03 50 01 4F 01 4F 01 14 04 11 04 F6 03 00 00,20
hci_snoop_2025_11_26_15_00_04.cfa,1987,2025-11-26T15:02:04.187Z,FFF3-Notify,f4:db:00:00:00:d9,0x0024,0x07,07 CF 03 00 00 03 51 01 53 01 56 01 F6 03 F7 03 F7 03 00 00,20
hci_snoop_2025_11_26_15_00_04.cfa,1991,2025-11-26T15:02:04.457Z,FFF3-Notify,f4:db:00:00:00:d9,0x0024,0x07,07 D2 03 00 00 03 59 01 5D 01 5F 01 F4 03 F0 03 ED 03 00 00,20
hci_snoop_2025_11_26_15_00_04.cfa,1995,2025-11-26T15:02:04.728Z,FFF3-Notify,f4:db:00:00:00:d9,0x0024,0x07,07 D5 03 00 00 03 61 01 62 01 64 01 EB 03 EA 03 E8 03 00 00,20
hci_snoop_2025_11_26_15_00_04.cfa,1999,2025-11-26T15:02:04.998Z,FFF3-Notify,f4:db:00:00:00:d9,0x0024,0x07,07 D8 03 00 00 03 66 01 68 01 69 01 E6 03 E4 03 E3 03 00 00,20
hci_snoop_2025_11_26_15_00_04.cfa,2003,2025-11-26T15:02:05.268Z,FFF3-Notify,f4:db:00:00:00:d9,0x0024,0x07,07 DB 03 00 00 03 6A 01 6A 01 6B 01 E2 03 E2 03 E1 03 00 00,20
hci_snoop_2025_11_26_15_00_04.cfa,2007,2025-11-26T15:02:05.533Z,FFF3-Notify,f4:db:00:00:00:d9,0x0024,0x07,07 DE 03 00 00 03 6B 01 6A 01 6A 01 E2 03 E2 03 E4 03 00 00,20
hci_snoop_2025_11_26_15_00_04.cfa,2011,2025-11-26T15:02:05.803Z,FFF3-Notify,f4:db:00:00:00:d9,0x0024,0x07,07 E1 03 00 00 03 6A 01 68 01 67 01 E7 03 EC 03 F1 03 00 00,20
hci_snoop_2025_11_26_15_00_04.cfa,2015,2025-11-26T15:02:06.077Z,FFF3-Notify,f4:db:00:00:00:d9,0x0024,0x07,07 E4 03 00 00 03 66 01 65 01 63 01 F5 03 F9 03 FC 03 00 00,20
hci_snoop_2025_11_26_15_00_04.cfa,2019,2025-11-26T15:02:06.347Z,FFF3-Notify,f4:db:00:00:00:d9,0x0024,0x07,07 E7 03 00 00 03 62 01 61 01 60 01 FF 03 02 04 05 04 00 00,20
hci_snoop_2025_11_26_15_00_04.cfa,2023,2025-11-26T15:02:06.617Z,FFF3-Notify,f4:db:00:00:00:d9,0x0024,0x07,07 EA 03 00 00 03 5F 01 5E 01 5D 01 08 04 0A 04 0B 04 00 00,20
hci_snoop_2025_11_26_15_00_04.cfa,2027,2025-11-26T15:02:06.976Z,FFF3-Notify,f4:db:00:00:00:d9,0x0024,0x07,07 ED 03 00 00 03 5C 01 5B 01 5B 01 0D 04 0E 04 10 04 00 00,20
hci_snoop_2025_11_26_15_00_04.cfa,2031,2025-11-26T15:02:07.244Z,FFF3-Notify,f4:db:00:00:00:d9,0x0024,0x07,07 F0 03 00 00 03 5A 01 59 01 58 01 11 04 12 04 14 04 00 00,20
hci_snoop_2025_11_26_15_00_04.cfa,2035,2025-11-26T15:02:07.517Z,FFF3-Notify,f4:db:00:00:00:d9,0x0024,0x07,07 F3 03 00 00 03 58 01 57 01 56 01 15 04 16 04 18 04 00 00,20
hci_snoop_2025_11_26_15_00_04.cfa,2039,2025-11-26T15:02:07.788Z,FFF3-Notify,f4:db:00:00:00:d9,0x0024,0x07,07 F6 03 00 00 03 56 01 55 01 54 01 19 04 1A 04 1B 04 00 00,20
hci_snoop_2025_11_26_15_00_04.cfa,2043,2025-11-26T15:02:08.058Z,FFF3-Notify,f4:db:00:00:00:d9,0x0024,0x07,07 F9 03 00 00 03 54 01 53 01 53 01 1C 04 1D 04 1E 04 00 00,20
hci_snoop_2025_11_26_15_00_04.cfa,2047,2025-11-26T15:02:08.327Z,FFF3-Notify,f4:db:00:00:00:d9,0x0024,0x07,07 FC 03 00 00 03 52 01 52 01 52 01 1F 04 20 04 21 04 00 00,20
hci_snoop_2025_11_26_15_00_04.cfa,2051,2025-11-26T15:02:08.685Z,FFF3-Notify,f4:db:00:00:00:d9,0x0024,0x07,07 FF 03 00 00 03 51 01 51 01 51 01 21 04 22 04 22 04 00 00,20
hci_snoop_2025_11_26_15_00_04.cfa,2055,2025-11-26T15:02:08.954Z,FFF3-Notify,f4:db:00:00:00:d9,0x0024,0x07,07 02 04 00 00 03 50 01 50 01 50 01 23 04 23 04 24 04 00 00,20
hci_snoop_2025_11_26_15_00_04.cfa,2059,2025-11-26T15:02:09.229Z,FFF3-Notify,f4:db:00:00:00:d9,0x0024,0x07,07 05 04 00 00 03 50 01 4F 01 4F 01 24 04 25 04 25 04 00 00,20
hci_snoop_2025_11_26_15_00_04.cfa,2063,2025-11-26T15:02:09.498Z,FFF3-Notify,f4:db:00:00:00:d9,0x0024,0x07,07 08 04 00 00 03 4F 01 4F 01 4F 01 26 04 26 04 27 04 00 00,20
hci_snoop_2025_11_26_15_00_04.cfa,2067,2025-11-26T15:02:09.767Z,FFF3-Notify,f4:db:00:00:00:d9,0x0024,0x07,07 0B 04 00 00 03 4E 01 4E 01 4E 01 27 04 28 04 28 04 00 00,20
hci_snoop_2025_11_26_15_00_04.cfa,2071,2025-11-26T15:02:10.037Z,FFF3-Notify,f4:db:00:00:00:d9,0x0024,0x07,07 0E 04 00 00 03 4E 01 4D 01 4D 01 28 04 28 04 29 04 00 00,20
hci_snoop_2025_11_26_15_00_04.cfa,2075,2025-11-26T15:02:10.307Z,FFF3-Notify,f4:db:00:00:00:d9,0x0024,0x07,07 11 04 00 00 03 4D 01 4D 01 4D 01 29 04 29 04 2A 04 00 00,20
hci_snoop_2025_11_26_15_00_04.cfa,2079,2025-11-26T15:02:10.573Z,FFF3-Notify,f4:db:00:00:00:d9,0x0024,0x07,07 14 04 00 00 03 4C 01 4C 01 4C 01 2A 04 2A 04 2B 04 00 00,20
hci_snoop_2025_11_26_15_00_04.cfa,2083,2025-11-26T15:02:10.933Z,FFF3-Notify,f4:db:00:00:00:d9,0x0024,0x07,07 17 04 00 00 03 4C 01 4C 01 4C 01 2B 04 2B 04 2B 04 00 00,20
hci_snoop_2025_11_26_15_00_04.cfa,2087,2025-11-26T15:02:11.207Z,FFF3-Notify,f4:db:00:00:00:d9,0x0024,0x07,07 1A 04 00 00 03 4C 01 4C 01 4C 01 2B 04 2A 04 2A 04 00 00,20
hci_snoop_2025_11_26_15_00_04.cfa,2091,2025-11-26T15:02:11.477Z,FFF3-Notify,f4:db:00:00:00:d9,0x0024,0x07,07 1D 04 00 00 03 4C 01 4C 01 4D 01 29 04 29 04 28 04 00 00,20
hci_snoop_2025_11_26_15_00_04.cfa,2095,2025-11-26T15:02:11.744Z,FFF3-Notify,f4:db:00:00:00:d9,0x0024,0x07,07 20 04 00 00 03 4D 01 4D 01 4D 01 28 04 28 04 27 04 00 00,20
hci_snoop_2025_11_26_15_00_04.cfa,2099,2025-11-26T15:02:12.017Z,FFF3-Notify,f4:db:00:00:00:d9,0x0024,0x07,07 23 04 00 00 03 4D 01 4D 01 4D 01 27 04 27 04 27 04 00 00,20
hci_snoop_2025_11_26_15_00_04.cfa,2103,2025-11-26T15:02:12.285Z,FFF3-Notify,f4:db:00:00:00:d9,0x0024,0x07,07 26 04 00 00 03 4D 01 4D 01 4D 01 27 04 27 04 27 04 00 00,20
hci_snoop_2025_11_26_15_00_04.cfa,2107,2025-11-26T15:02:12.557Z,FFF3-Notify,f4:db:00:00:00:d9,0x0024,0x07,07 29 04 00 00 03 4D 01 4C 01 4D 01 27 04 27 04 27 04 00 00,20
hci_snoop_2025_11_26_15_00_04.cfa,2111,2025-11-26T15:02:12.825Z,FFF3-Notify,f4:db:00:00:00:d9,0x0024,0x07,07 2C 04 00 00 03 4D 01 4D 01 4D 01 27 04 27 04 27 04 00 00,20
hci_snoop_2025_11_26_15_00_04.cfa,2115,2025-11-26T15:02:13.098Z,FFF3-Notify,f4:db:00:00:00:d9,0x0024,0x07,07 2F 04 00 00 03 4D 01 4D 01 4C 01 28 04 29 04 29 04 00 00,20
hci_snoop_2025_11_26_15_00_04.cfa,2119,2025-11-26T15:02:13.366Z,FFF3-Notify,f4:db:00:00:00:d9,0x0024,0x07,07 32 04 00 00 03 4C 01 4C 01 4C 01 2A 04 2A 04 2A 04 00 00,20
hci_snoop_2025_11_26_15_00_04.cfa,2123,2025-11-26T15:02:13.637Z,FFF3-Notify,f4:db:00:00:00:d9,0x0024,0x07,07 35 04 00 00 03 4C 01 4C 01 4B 01 2A 04 2B 04 2B 04 00 00,20
hci_snoop_2025_11_26_15_00_04.cfa,2127,2025-11-26T15:02:13.907Z,FFF3-Notify,f4:db:00:00:00:d9,0x0024,0x07,07 38 04 00 00 03 4C 01 4C 01 4C 01 2B 04 2B 04 2B 04 00 00,20
hci_snoop_2025_11_26_15_00_04.cfa,2131,2025-11-26T15:02:14.267Z,FFF3-Notify,f4:db:00:00:00:d9,0x0024,0x07,07 3B 04 00 00 03 4C 01 4C 01 4D 01 2B 04 2B 04 2B 04 00 00,20
hci_snoop_2025_11_26_15_00_04.cfa,2136,2025-11-26T15:02:14.537Z,FFF3-Notify,f4:db:00:00:00:d9,0x0024,0x07,07 3E 04 00 00 03 4D 01 4E 01 4E 01 2A 04 2A 04 2A 04 00 00,20
hci_snoop_2025_11_26_15_00_04.cfa,2140,2025-11-26T15:02:14.808Z,FFF3-Notify,f4:db:00:00:00:d9,0x0024,0x07,07 41 04 00 00 03 4E 01 4E 01 4E 01 2A 04 2A 04 2B 04 00 00,20
hci_snoop_2025_11_26_15_00_04.cfa,2144,2025-11-26T15:02:15.072Z,FFF3-Notify,f4:db:00:00:00:d9,0x0024,0x07,07 44 04 00 00 03 4E 01 4E 01 4E 01 2B 04 2B 04 2B 04 00 00,20
hci_snoop_2025_11_26_15_00_04.cfa,2148,2025-11-26T15:02:15.342Z,FFF3-Notify,f4:db:00:00:00:d9,0x0024,0x07,07 47 04 00 00 03 4E 01 4E 01 4E 01 2C 04 2C 04 2C 04 00 00,20
hci_snoop_2025_11_26_15_00_04.cfa,2152,2025-11-26T15:02:15.612Z,FFF3-Notify,f4:db:00:00:00:d9,0x0024,0x07,07 4A 04 00 00 03 4E 01 4E 01 4D 01 2D 04 2D 04 2D 04 00 00,20
hci_snoop_2025_11_26_15_00_04.cfa,2156,2025-11-26T15:02:15.883Z,FFF3-Notify,f4:db:00:00:00:d9,0x0024,0x07,07 4D 04 00 00 03 4D 01 4D 01 4D 01 2D 04 2E 04 2E 04 00 00,20
hci_snoop_2025_11_26_15_00_04.cfa,2160,2025-11-26T15:02:16.153Z,FFF3-Notify,f4:db:00:00:00:d9,0x0024,0x07,07 50 04 00 00 03 4C 01 4C 01 4C 01 2F 04 2F 04 30 04 00 00,20
hci_snoop_2025_11_26_15_00_04.cfa,2164,2025-11-26T15:02:16.423Z,FFF3-Notify,f4:db:00:00:00:d9,0x0024,0x07,07 53 04 00 00 03 4C 01 4C 01 4C 01 31 04 31 04 32 04 00 00,20
hci_snoop_2025_11_26_15_00_04.cfa,2168,2025-11-26T15:02:16.693Z,FFF3-Notify,f4:db:00:00:00:d9,0x0024,0x07,07 56 04 00 00 03 4B 01 4B 01 4C 01 32 04 33 04 33 04 00 00,20
hci_snoop_2025_11_26_15_00_04.cfa,2172,2025-11-26T15:02:16.964Z,FFF3-Notify,f4:db:00:00:00:d9,0x0024,0x07,07 59 04 00 00 03 4C 01 3F 01 40 01 35 04 31 03 A4 03 00 00,20
hci_snoop_2025_11_26_15_00_04.cfa,2176,2025-11-26T15:02:17.234Z,FFF3-Notify,f4:db:00:00:00:d9,0x0024,0x07,07 5C 04 00 00 03 43 01 45 01 47 01 B2 03 BB 03 C4 03 00 00,20
hci_snoop_2025_11_26_15_00_04.cfa,2180,2025-11-26T15:02:17.503Z,FFF3-Notify,f4:db:00:00:00:d9,0x0024,0x07,07 5F 04 00 00 03 48 01 4A 01 4B 01 CD 03 D4 03 D9 03 00 00,20
hci_snoop_2025_11_26_15_00_04.cfa,2184,2025-11-26T15:02:17.774Z,FFF3-Notify,f4:db:00:00:00:d9,0x0024,0x07,07 62 04 00 00 03 4D 01 4F 01 4F 01 DC 03 DD 03 E0 03 00 00,20
hci_snoop_2025_11_26_15_00_04.cfa,2188,2025-11-26T15:02:18.043Z,FFF3-Notify,f4:db:00:00:00:d9,0x0024,0x07,07 65 04 00 00 03 50 01 52 01 53 01 E4 03 E6 03 CC 03 00 00,20
hci_snoop_2025_11_26_15_00_04.cfa,2192,2025-11-26T15:02:18.314Z,FFF3-Notify,f4:db:00:00:00:d9,0x0024,0x07,07 68 04 00 00 03 54 01 56 01 5A 01 B0 03 BA 03 C2 03 00 00,20
hci_snoop_2025_11_26_15_00_04.cfa,2196,2025-11-26T15:02:18.583Z,FFF3-Notify,f4:db:00:00:00:d9,0x0024,0x07,07 6B 04 00 00 03 5C 01 5E 01 60 01 C8 03 CC 03 D0 03 00 00,20
hci_snoop_2025_11_26_15_00_04.cfa,2200,2025-11-26T15:02:18.855Z,FFF3-Notify,f4:db:00:00:00:d9,0x0024,0x07,07 6E 04 00 00 03 62 01 64 01 65 01 D3 03 D6 03 D9 03 00 00,20
hci_snoop_2025_11_26_15_00_04.cfa,2205,2025-11-26T15:02:19.123Z,FFF3-Notify,f4:db:00:00:00:d9,0x0024,0x07,07 71 04 00 00 03 66 01 68 01 69 01 DC 03 DE 03 E0 03 00 00,20
hci_snoop_2025_11_26_15_00_04.cfa,2209,2025-11-26T15:02:19.395Z,FFF3-Notify,f4:db:00:00:00:d9,0x0024,0x07,07 74 04 00 00 03 6A 01 6B 01 6C 01 E2 03 E4 03 E6 03 00 00,20
hci_snoop_2025_11_26_15_00_04.cfa,2213,2025-11-26T15:02:19.663Z,FFF3-Notify,f4:db:00:00:00:d9,0x0024,0x07,07 77 04 00 00 03 6D 01 6E 01 6C 01 E7 03 E6 03 DB 03 00 00,20
hci_snoop_2025_11_26_15_00_04.cfa,2217,2025-11-26T15:02:19.933Z,FFF3-Notify,f4:db:00:00:00:d9,0x0024,0x07,07 7A 04 00 00 03 69 01 67 01 65 01 DB 03 DD 03 DE 03 00 00,20
hci_snoop_2025_11_26_15_00_04.cfa,2221,2025-11-26T15:02:20.203Z,FFF3-Notify,f4:db:00:00:00:d9,0x0024,0x07,07 7D 04 00 00 03 64 01 63 01 62 01 E0 03 E2 03 E4 03 00 00,20
hci_snoop_2025_11_26_15_00_04.cfa,2225,2025-11-26T15:02:20.473Z,FFF3-Notify,f4:db:00:00:00:d9,0x0024,0x07,07 80 04 00 00 03 61 01 60 01 5F 01 E5 03 E6 03 E8 03 00 00,20
hci_snoop_2025_11_26_15_00_04.cfa,2229,2025-11-26T15:02:20.743Z,FFF3-Notify,f4:db:00:00:00:d9,0x0024,0x07,07 83 04 00 00 03 5E 01 5E 01 5D 01 E9 03 EA 03 EB 03 00 00,20
hci_snoop_2025_11_26_15_00_04.cfa,2233,2025-11-26T15:02:21.015Z,FFF3-Notify,f4:db:00:00:00:d9,0x0024,0x07,07 86 04 00 00 03 5E 01 5E 01 5E 01 ED 03 F0 03 EF 03 00 00,20
hci_snoop_2025_11_26_15_00_04.cfa,2237,2025-11-26T15:02:21.282Z,FFF3-Notify,f4:db:00:00:00:d9,0x0024,0x07,07 89 04 00 00 03 5C 01 5C 01 5D 01 E6 03 EA 03 F3 03 00 00,20
hci_snoop_2025_11_26_15_00_04.cfa,2241,2025-11-26T15:02:21.553Z,FFF3-Notify,f4:db:00:00:00:d9,0x0024,0x07,07 8C 04 00 00 03 5D 01 5D 01 5D 01 F9 03 FD 03 01 04 00 00,20
hci_snoop_2025_11_26_15_00_04.cfa,2245,2025-11-26T15:02:21.823Z,FFF3-Notify,f4:db:00:00:00:d9,0x0024,0x07,07 8F 04 00 00 03 5D 01 5C 01 5B 01 FF 03 FE 03 FE 03 00 00,20
hci_snoop_2025_11_26_15_00_04.cfa,2249,2025-11-26T15:02:22.093Z,FFF3-Notify,f4:db:00:00:00:d9,0x0024,0x07,07 92 04 00 00 03 5A 01 59 01 59 01 FF 03 FF 03 00 04 00 00,20
hci_snoop_2025_11_26_15_00_04.cfa,2253,2025-11-26T15:02:22.366Z,FFF3-Notify,f4:db:00:00:00:d9,0x0024,0x07,07 95 04 00 00 03 58 01 58 01 57 01 01 04 01 04 02 04 00 00,20
hci_snoop_2025_11_26_15_00_04.cfa,2257,2025-11-26T15:02:22.633Z,FFF3-Notify,f4:db:00:00:00:d9,0x0024,0x07,07 98 04 00 00 03 56 01 56 01 56 01 02 04 03 04 03 04 00 00,20
hci_snoop_2025_11_26_15_00_04.cfa,2261,2025-11-26T15:02:22.904Z,FFF3-Notify,f4:db:00:00:00:d9,0x0024,0x07,07 9B 04 00 00 03 55 01 55 01 54 01 06 04 08 04 08 04 00 00,20
hci_snoop_2025_11_26_15_00_04.cfa,2265,2025-11-26T15:02:23.173Z,FFF3-Notify,f4:db:00:00:00:d9,0x0024,0x07,07 9E 04 00 00 03 54 01 54 01 53 01 0A 04 0B 04 0C 04 00 00,20
hci_snoop_2025_11_26_15_00_04.cfa,2269,2025-11-26T15:02:23.444Z,FFF3-Notify,f4:db:00:00:00:d9,0x0024,0x07,07 A1 04 00 00 03 53 01 52 01 52 01 0C 04 0D 04 0D 04 00 00,20
hci_snoop_2025_11_26_15_00_04.cfa,2273,2025-11-26T15:02:23.713Z,FFF3-Notify,f4:db:00:00:00:d9,0x0024,0x07,07 A4 04 00 00 03 52 01 51 01 51 01 0D 04 0D 04 0E 04 00 00,20
hci_snoop_2025_11_26_15_00_04.cfa,2277,2025-11-26T15:02:23.984Z,FFF3-Notify,f4:db:00:00:00:d9,0x0024,0x07,07 A7 04 00 00 03 50 01 50 01 50 01 0F 04 0F 04 10 04 00 00,20
hci_snoop_2025_11_26_15_00_04.cfa,2281,2025-11-26T15:02:24.253Z,FFF3-Notify,f4:db:00:00:00:d9,0x0024,0x07,07 AA 04 00 00 03 4F 01 4F 01 4F 01 11 04 12 04 13 04 00 00,20
hci_snoop_2025_11_26_15_00_04.cfa,2285,2025-11-26T15:02:24.523Z,FFF3-Notify,f4:db:00:00:00:d9,0x0024,0x07,07 AD 04 00 00 03 4F 01 4E 01 4E 01 14 04 15 04 17 04 00 00,20
hci_snoop_2025_11_26_15_00_04.cfa,2289,2025-11-26T15:02:24.794Z,FFF3-Notify,f4:db:00:00:00:d9,0x0024,0x07,07 B0 04 00 00 03 4E 01 4E 01 4D 01 19 04 1B 04 1D 04 00 00,20
hci_snoop_2025_11_26_15_00_04.cfa,2293,2025-11-26T15:02:25.063Z,FFF3-Notify,f4:db:00:00:00:d9,0x0024,0x07,07 B3 04 00 00 03 4D 01 4D 01 4D 01 1F 04 21 04 23 04 00 00,20
hci_snoop_2025_11_26_15_00_04.cfa,2297,2025-11-26T15:02:25.334Z,FFF3-Notify,f4:db:00:00:00:d9,0x0024,0x07,07 B6 04 00 00 03 4D 01 4D 01 4D 01 24 04 26 04 27 04 00 00,20
hci_snoop_2025_11_26_15_00_04.cfa,2301,2025-11-26T15:02:25.603Z,FFF3-Notify,f4:db:00:00:00:d9,0x0024,0x07,07 B9 04 00 00 03 4E 01 4E 01 4E 01 28 04 29 04 2A 04 00 00,20
hci_snoop_2025_11_26_15_00_04.cfa,2306,2025-11-26T15:02:25.872Z,FFF3-Notify,f4:db:00:00:00:d9,0x0024,0x07,07 BC 04 00 00 03 4E 01 4E 01 4F 01 2A 04 2B 04 2B 04 00 00,20
hci_snoop_2025_11_26_15_00_04.cfa,2310,2025-11-26T15:02:26.146Z,FFF3-Notify,f4:db:00:00:00:d9,0x0024,0x07,07 BF 04 00 00 03 4F 01 4F 01 50 01 2B 04 2B 04 2B 04 00 00,20
hci_snoop_2025_11_26_15_00_04.cfa,2314,2025-11-26T15:02:26.414Z,FFF3-Notify,f4:db:00:00:00:d9,0x0024,0x07,07 C2 04 00 00 03 50 01 50 01 50 01 2B 04 2B 04 2C 04 00 00,20
hci_snoop_2025_11_26_15_00_04.cfa,2318,2025-11-26T15:02:26.684Z,FFF3-Notify,f4:db:00:00:00:d9,0x0024,0x07,07 C5 04 00 00 03 50 01 50 01 50 01 2B 04 2B 04 2C 04 00 00,20
hci_snoop_2025_11_26_15_00_04.cfa,2322,2025-11-26T15:02:26.953Z,FFF3-Notify,f4:db:00:00:00:d9,0x0024,0x07,07 C8 04 00 00 03 50 01 50 01 4F 01 2D 04 2D 04 2D 04 00 00,20
hci_snoop_2025_11_26_15_00_04.cfa,2326,2025-11-26T15:02:27.223Z,FFF3-Notify,f4:db:00:00:00:d9,0x0024,0x07,07 CB 04 00 00 03 4F 01 4F 01 4F 01 2D 04 2E 04 2E 04 00 00,20
hci_snoop_2025_11_26_15_00_04.cfa,2330,2025-11-26T15:02:27.493Z,FFF3-Notify,f4:db:00:00:00:d9,0x0024,0x07,07 CE 04 00 00 03 4F 01 4F 01 4F 01 2F 04 2F 04 2F 04 00 00,20
hci_snoop_2025_11_26_15_00_04.cfa,2334,2025-11-26T15:02:27.764Z,FFF3-Notify,f4:db:00:00:00:d9,0x0024,0x07,07 D1 04 00 00 03 4F 01 4E 01 4E 01 30 04 31 04 31 04 00 00,20
hci_snoop_2025_11_26_15_00_04.cfa,2338,2025-11-26T15:02:28.034Z,FFF3-Notify,f4:db:00:00:00:d9,0x0024,0x07,07 D4 04 00 00 03 4E 01 4E 01 4E 01 31 04 32 04 32 04 00 00,20
hci_snoop_2025_11_26_15_00_04.cfa,2342,2025-11-26T15:02:28.304Z,FFF3-Notify,f4:db:00:00:00:d9,0x0024,0x07,07 D7 04 00 00 03 4E 01 4E 01 4E 01 32 04 32 04 33 04 00 00,20
hci_snoop_2025_11_26_15_00_04.cfa,2346,2025-11-26T15:02:28.573Z,FFF3-Notify,f4:db:00:00:00:d9,0x0024,0x07,07 DA 04 00 00 03 4E 01 4E 01 4E 01 33 04 34 04 34 04 00 00,20
hci_snoop_2025_11_26_15_00_04.cfa,2350,2025-11-26T15:02:28.843Z,FFF3-Notify,f4:db:00:00:00:d9,0x0024,0x07,07 DD 04 00 00 03 4E 01 4F 01 4F 01 34 04 34 04 33 04 00 00,20
hci_snoop_2025_11_26_15_00_04.cfa,2354,2025-11-26T15:02:29.113Z,FFF3-Notify,f4:db:00:00:00:d9,0x0024,0x07,07 E0 04 00 00 03 50 01 50 01 51 01 34 04 36 04 35 04 00 00,20
hci_snoop_2025_11_26_15_00_04.cfa,2358,2025-11-26T15:02:29.382Z,FFF3-Notify,f4:db:00:00:00:d9,0x0024,0x07,07 E3 04 00 00 03 52 01 53 01 53 01 36 04 35 04 35 04 00 00,20
hci_snoop_2025_11_26_15_00_04.cfa,2362,2025-11-26T15:02:29.654Z,FFF3-Notify,f4:db:00:00:00:d9,0x0024,0x07,07 E6 04 00 00 03 54 01 54 01 48 01 35 04 33 04 49 03 00 00,20
hci_snoop_2025_11_26_15_00_04.cfa,2366,2025-11-26T15:02:29.923Z,FFF3-Notify,f4:db:00:00:00:d9,0x0024,0x07,07 E9 04 00 00 03 38 01 3E 01 43 01 79 03 A7 03 B5 03 00 00,20
hci_snoop_2025_11_26_15_00_04.cfa,2370,2025-11-26T15:02:30.194Z,FFF3-Notify,f4:db:00:00:00:d9,0x0024,0x07,07 EC 04 00 00 03 47 01 4A 01 4C 01 C3 03 CE 03 D7 03 00 00,20
hci_snoop_2025_11_26_15_00_04.cfa,2374,2025-11-26T15:02:30.464Z,FFF3-Notify,f4:db:00:00:00:d9,0x0024,0x07,07 EF 04 00 00 03 4F 01 50 01 52 01 DE 03 E3 03 E7 03 00 00,20
hci_snoop_2025_11_26_15_00_04.cfa,2378,2025-11-26T15:02:30.733Z,FFF3-Notify,f4:db:00:00:00:d9,0x0024,0x07,07 F2 04 00 00 03 54 01 55 01 57 01 ED 03 F1 03 F4 03 00 00,20
hci_snoop_2025_11_26_15_00_04.cfa,2382,2025-11-26T15:02:31.003Z,FFF3-Notify,f4:db:00:00:00:d9,0x0024,0x07,07 F5 04 00 00 03 59 01 59 01 5A 01 F6 03 F6 03 F8 03 00 00,20
hci_snoop_2025_11_26_15_00_04.cfa,2386,2025-11-26T15:02:31.274Z,FFF3-Notify,f4:db:00:00:00:d9,0x0024,0x07,07 F8 04 00 00 03 5A 01 5B 01 5C 01 FD 03 02 04 04 04 00 00,20
hci_snoop_2025_11_26_15_00_04.cfa,2390,2025-11-26T15:02:31.545Z,FFF3-Notify,f4:db:00:00:00:d9,0x0024,0x07,07 FB 04 00 00 03 5D 01 5D 01 5E 01 07 04 0A 04 0B 04 00 00,20
hci_snoop_2025_11_26_15_00_04.cfa,2394,2025-11-26T15:02:31.903Z,FFF3-Notify,f4:db:00:00:00:d9,0x0024,0x07,07 FE 04 00 00 03 5E 01 5E 01 5D 01 0D 04 0D 04 0E 04 00 00,20
hci_snoop_2025_11_26_15_00_04.cfa,2398,2025-11-26T15:02:32.173Z,FFF3-Notify,f4:db:00:00:00:d9,0x0024,0x07,07 01 05 00 00 03 5D 01 5C 01 5C 01 0F 04 11 04 13 04 00 00,20
hci_snoop_2025_11_26_15_00_04.cfa,2402,2025-11-26T15:02:32.445Z,FFF3-Notify,f4:db:00:00:00:d9,0x0024,0x07,07 04 05 00 00 03 5C 01 5E 01 54 01 17 04 19 04 62 03 00 00,20
hci_snoop_2025_11_26_15_00_04.cfa,2406,2025-11-26T15:02:32.713Z,FFF3-Notify,f4:db:00:00:00:d9,0x0024,0x07,07 07 05 00 00 03 42 01 48 01 4C 01 81 03 95 03 A4 03 00 00,20
hci_snoop_2025_11_26_15_00_04.cfa,2410,2025-11-26T15:02:32.983Z,FFF3-Notify,f4:db:00:00:00:d9,0x0024,0x07,07 0A 05 00 00 03 50 01 52 01 54 01 B1 03 BE 03 C9 03 00 00,20
hci_snoop_2025_11_26_15_00_04.cfa,2414,2025-11-26T15:02:33.253Z,FFF3-Notify,f4:db:00:00:00:d9,0x0024,0x07,07 0D 05 00 00 03 55 01 56 01 57 01 D2 03 DA 03 E1 03 00 00,20
hci_snoop_2025_11_26_15_00_04.cfa,2418,2025-11-26T15:02:33.523Z,FFF3-Notify,f4:db:00:00:00:d9,0x0024,0x07,07 10 05 00 00 03 58 01 58 01 59 01 E6 03 EB 03 EF 03 00 00,20
hci_snoop_2025_11_26_15_00_04.cfa,2422,2025-11-26T15:02:33.793Z,FFF3-Notify,f4:db:00:00:00:d9,0x0024,0x07,07 13 05 00 00 03 59 01 59 01 5A 01 F2 03 F6 03 F9 03 00 00,20
hci_snoop_2025_11_26_15_00_04.cfa,2426,2025-11-26T15:02:34.067Z,FFF3-Notify,f4:db:00:00:00:d9,0x0024,0x07,07 16 05 00 00 03 5A 01 5A 01 59 01 FC 03 FB 03 FC 03 00 00,20
hci_snoop_2025_11_26_15_00_04.cfa,2430,2025-11-26T15:02:34.333Z,FFF3-Notify,f4:db:00:00:00:d9,0x0024,0x07,07 19 05 00 00 03 59 01 58 01 57 01 FF 03 FC 03 F2 03 00 00,20
hci_snoop_2025_11_26_15_00_04.cfa,2434,2025-11-26T15:02:34.603Z,FFF3-Notify,f4:db:00:00:00:d9,0x0024,0x07,07 1C 05 00 00 03 56 01 56 01 55 01 F8 03 FB 03 FE 03 00 00,20
hci_snoop_2025_11_26_15_00_04.cfa,2438,2025-11-26T15:02:34.874Z,FFF3-Notify,f4:db:00:00:00:d9,0x0024,0x07,07 1F 05 00 00 03 55 01 54 01 54 01 00 04 03 04 06 04 00 00,20
hci_snoop_2025_11_26_15_00_04.cfa,2442,2025-11-26T15:02:35.144Z,FFF3-Notify,f4:db:00:00:00:d9,0x0024,0x07,07 22 05 00 00 03 54 01 54 01 53 01 08 04 0A 04 0B 04 00 00,20
hci_snoop_2025_11_26_15_00_04.cfa,2446,2025-11-26T15:02:35.413Z,FFF3-Notify,f4:db:00:00:00:d9,0x0024,0x07,07 25 05 00 00 03 53 01 53 01 53 01 0E 04 11 04 13 04 00 00,20
hci_snoop_2025_11_26_15_00_04.cfa,2450,2025-11-26T15:02:35.683Z,FFF3-Notify,f4:db:00:00:00:d9,0x0024,0x07,07 28 05 00 00 03 54 01 55 01 56 01 15 04 16 04 16 04 00 00,20
hci_snoop_2025_11_26_15_00_04.cfa,2454,2025-11-26T15:02:35.953Z,FFF3-Notify,f4:db:00:00:00:d9,0x0024,0x07,07 2B 05 00 00 03 56 01 57 01 57 01 18 04 18 04 1A 04 00 00,20
hci_snoop_2025_11_26_15_00_04.cfa,2458,2025-11-26T15:02:36.224Z,FFF3-Notify,f4:db:00:00:00:d9,0x0024,0x07,07 2E 05 00 00 03 58 01 59 01 59 01 1B 04 1B 04 1C 04 00 00,20
hci_snoop_2025_11_26_15_00_04.cfa,2462,2025-11-26T15:02:36.493Z,FFF3-Notify,f4:db:00:00:00:d9,0x0024,0x07,07 31 05 00 00 03 58 01 57 01 56 01 1B 04 1B 04 1B 04 00 00,20
hci_snoop_2025_11_26_15_00_04.cfa,2466,2025-11-26T15:02:36.764Z,FFF3-Notify,f4:db:00:00:00:d9,0x0024,0x07,07 34 05 00 00 03 56 01 55 01 55 01 1C 04 1D 04 1F 04 00 00,20
hci_snoop_2025_11_26_15_00_04.cfa,2470,2025-11-26T15:02:37.033Z,FFF3-Notify,f4:db:00:00:00:d9,0x0024,0x07,07 37 05 00 00 03 54 01 54 01 53 01 1F 04 21 04 21 04 00 00,20
hci_snoop_2025_11_26_15_00_04.cfa,2474,2025-11-26T15:02:37.303Z,FFF3-Notify,f4:db:00:00:00:d9,0x0024,0x07,07 3A 05 00 00 03 52 01 52 01 52 01 23 04 24 04 25 04 00 00,20
hci_snoop_2025_11_26_15_00_04.cfa,2478,2025-11-26T15:02:37.574Z,FFF3-Notify,f4:db:00:00:00:d9,0x0024,0x07,07 3D 05 00 00 03 51 01 51 01 50 01 26 04 27 04 28 04 00 00,20
hci_snoop_2025_11_26_15_00_04.cfa,2482,2025-11-26T15:02:37.845Z,FFF3-Notify,f4:db:00:00:00:d9,0x0024,0x07,07 40 05 00 00 03 50 01 50 01 50 01 2A 04 2B 04 2D 04 00 00,20
hci_snoop_2025_11_26_15_00_04.cfa,2486,2025-11-26T15:02:38.113Z,FFF3-Notify,f4:db:00:00:00:d9,0x0024,0x07,07 43 05 00 00 03 50 01 4F 01 4F 01 2E 04 31 04 32 04 00 00,20
hci_snoop_2025_11_26_15_00_04.cfa,2490,2025-11-26T15:02:38.383Z,FFF3-Notify,f4:db:00:00:00:d9,0x0024,0x07,07 46 05 00 00 03 4F 01 4F 01 4E 01 34 04 36 04 38 04 00 00,20
hci_snoop_2025_11_26_15_00_04.cfa,2494,2025-11-26T15:02:38.653Z,FFF3-Notify,f4:db:00:00:00:d9,0x0024,0x07,07 49 05 00 00 03 4E 01 4E 01 4E 01 3A 04 3C 04 3D 04 00 00,20
hci_snoop_2025_11_26_15_00_04.cfa,2498,2025-11-26T15:02:38.925Z,FFF3-Notify,f4:db:00:00:00:d9,0x0024,0x07,07 4C 05 00 00 03 4D 01 4E 01 4E 01 3E 04 40 04 40 04 00 00,20
hci_snoop_2025_11_26_15_00_04.cfa,2502,2025-11-26T15:02:39.193Z,FFF3-Notify,f4:db:00:00:00:d9,0x0024,0x07,07 4F 05 00 00 03 4E 01 4E 01 4D 01 43 04 43 04 44 04 00 00,20
hci_snoop_2025_11_26_15_00_04.cfa,2506,2025-11-26T15:02:39.464Z,FFF3-Notify,f4:db:00:00:00:d9,0x0024,0x07,07 52 05 00 00 03 4E 01 4E 01 4E 01 45 04 46 04 47 04 00 00,20
hci_snoop_2025_11_26_15_00_04.cfa,2510,2025-11-26T15:02:39.733Z,FFF3-Notify,f4:db:00:00:00:d9,0x0024,0x07,07 55 05 00 00 03 4E 01 4F 01 4F 01 47 04 48 04 48 04 00 00,20
hci_snoop_2025_11_26_15_00_04.cfa,2514,2025-11-26T15:02:40.003Z,FFF3-Notify,f4:db:00:00:00:d9,0x0024,0x07,07 58 05 00 00 03 50 01 50 01 50 01 47 04 46 04 46 04 00 00,20
hci_snoop_2025_11_26_15_00_04.cfa,2518,2025-11-26T15:02:40.273Z,FFF3-Notify,f4:db:00:00:00:d9,0x0024,0x07,07 5B 05 00 00 03 50 01 50 01 50 01 46 04 46 04 46 04 00 00,20
hci_snoop_2025_11_26_15_00_04.cfa,2522,2025-11-26T15:02:40.543Z,FFF3-Notify,f4:db:00:00:00:d9,0x0024,0x07,07 5E 05 00 00 03 50 01 50 01 50 01 46 04 46 04 47 04 00 00,20
hci_snoop_2025_11_26_15_00_04.cfa,2526,2025-11-26T15:02:40.814Z,FFF3-Notify,f4:db:00:00:00:d9,0x0024,0x07,07 61 05 00 00 03 50 01 50 01 50 01 46 04 48 04 48 04 00 00,20
hci_snoop_2025_11_26_15_00_04.cfa,2530,2025-11-26T15:02:41.083Z,FFF3-Notify,f4:db:00:00:00:d9,0x0024,0x07,07 64 05 00 00 03 4F 01 4F 01 4F 01 48 04 48 04 49 04 00 00,20
hci_snoop_2025_11_26_15_00_04.cfa,2534,2025-11-26T15:02:41.353Z,FFF3-Notify,f4:db:00:00:00:d9,0x0024,0x07,07 67 05 00 00 03 4F 01 4F 01 4F 01 49 04 4A 04 4C 04 00 00,20
hci_snoop_2025_11_26_15_00_04.cfa,2538,2025-11-26T15:02:41.623Z,FFF3-Notify,f4:db:00:00:00:d9,0x0024,0x07,07 6A 05 00 00 03 4F 01 4F 01 4F 01 4E 04 4E 04 4E 04 00 00,20
hci_snoop_2025_11_26_15_00_04.cfa,2542,2025-11-26T15:02:41.893Z,FFF3-Notify,f4:db:00:00:00:d9,0x0024,0x07,07 6D 05 00 00 03 4E 01 4E 01 4F 01 4E 04 4E 04 4D 04 00 00,20
hci_snoop_2025_11_26_15_00_04.cfa,2547,2025-11-26T15:02:42.164Z,FFF3-Notify,f4:db:00:00:00:d9,0x0024,0x07,07 70 05 00 00 03 4F 01 4F 01 50 01 50 04 52 04 53 04 00 00,20
hci_snoop_2025_11_26_15_00_04.cfa,2551,2025-11-26T15:02:42.432Z,FFF3-Notify,f4:db:00:00:00:d9,0x0024,0x07,07 73 05 00 00 03 50 01 51 01 52 01 50 04 52 04 53 04 00 00,20
hci_snoop_2025_11_26_15_00_04.cfa,2555,2025-11-26T15:02:42.703Z,FFF3-Notify,f4:db:00:00:00:d9,0x0024,0x07,07 76 05 00 00 03 52 01 53 01 53 01 52 04 52 04 51 04 00 00,20
hci_snoop_2025_11_26_15_00_04.cfa,2559,2025-11-26T15:02:42.975Z,FFF3-Notify,f4:db:00:00:00:d9,0x0024,0x07,07 79 05 00 00 03 4A 01 4B 01 4C 01 B4 03 F2 03 FB 03 00 00,20
hci_snoop_2025_11_26_15_00_04.cfa,2563,2025-11-26T15:02:43.243Z,FFF3-Notify,f4:db:00:00:00:d9,0x0024,0x07,07 7C 05 00 00 03 4E 01 4F 01 50 01 06 04 0E 04 12 04 00 00,20
hci_snoop_2025_11_26_15_00_04.cfa,2567,2025-11-26T15:02:43.515Z,FFF3-Notify,f4:db:00:00:00:d9,0x0024,0x07,07 7F 05 00 00 03 51 01 52 01 52 01 16 04 1A 04 1D 04 00 00,20
hci_snoop_2025_11_26_15_00_04.cfa,2571,2025-11-26T15:02:43.783Z,FFF3-Notify,f4:db:00:00:00:d9,0x0024,0x07,07 82 05 00 00 03 53 01 54 01 55 01 23 04 26 04 28 04 00 00,20
hci_snoop_2025_11_26_15_00_04.cfa,2575,2025-11-26T15:02:44.053Z,FFF3-Notify,f4:db:00:00:00:d9,0x0024,0x07,07 85 05 00 00 03 56 01 56 01 57 01 2A 04 2B 04 2B 04 00 00,20
hci_snoop_2025_11_26_15_00_04.cfa,2579,2025-11-26T15:02:44.324Z,FFF3-Notify,f4:db:00:00:00:d9,0x0024,0x07,07 88 05 00 00 03 57 01 58 01 59 01 2B 04 2C 04 2D 04 00 00,20
hci_snoop_2025_11_26_15_00_04.cfa,2583,2025-11-26T15:02:44.595Z,FFF3-Notify,f4:db:00:00:00:d9,0x0024,0x07,07 8B 05 00 00 03 59 01 59 01 59 01 2A 04 28 04 29 04 00 00,20
hci_snoop_2025_11_26_15_00_04.cfa,2587,2025-11-26T15:02:44.863Z,FFF3-Notify,f4:db:00:00:00:d9,0x0024,0x07,07 8E 05 00 00 03 59 01 59 01 58 01 28 04 26 04 27 04 00 00,20
hci_snoop_2025_11_26_15_00_04.cfa,2591,2025-11-26T15:02:45.133Z,FFF3-Notify,f4:db:00:00:00:d9,0x0024,0x07,07 91 05 00 00 03 57 01 57 01 56 01 28 04 29 04 29 04 00 00,20
hci_snoop_2025_11_26_15_00_04.cfa,2595,2025-11-26T15:02:45.494Z,FFF3-Notify,f4:db:00:00:00:d9,0x0024,0x07,07 94 05 00 00 03 56 01 57 01 58 01 2D 04 30 04 33 04 00 00,20
hci_snoop_2025_11_26_15_00_04.cfa,2599,2025-11-26T15:02:45.764Z,FFF3-Notify,f4:db:00:00:00:d9,0x0024,0x07,07 97 05 00 00 03 57 01 58 01 58 01 31 04 30 04 33 04 00 00,20
hci_snoop_2025_11_26_15_00_04.cfa,2603,2025-11-26T15:02:46.033Z,FFF3-Notify,f4:db:00:00:00:d9,0x0024,0x07,07 9A 05 00 00 03 59 01 59 01 5A 01 34 04 34 04 36 04 00 00,20
hci_snoop_2025_11_26_15_00_04.cfa,2607,2025-11-26T15:02:46.303Z,FFF3-Notify,f4:db:00:00:00:d9,0x0024,0x07,07 9D 05 00 00 03 5A 01 5B 01 5B 01 36 04 35 04 35 04 00 00,20
hci_snoop_2025_11_26_15_00_04.cfa,2611,2025-11-26T15:02:46.574Z,FFF3-Notify,f4:db:00:00:00:d9,0x0024,0x07,07 A0 05 00 00 03 4D 01 4F 01 50 01 6D 03 AD 03 BD 03 00 00,20
hci_snoop_2025_11_26_15_00_04.cfa,2615,2025-11-26T15:02:46.844Z,FFF3-Notify,f4:db:00:00:00:d9,0x0024,0x07,07 A3 05 00 00 03 52 01 52 01 52 01 CA 03 D0 03 D7 03 00 00,20
hci_snoop_2025_11_26_15_00_04.cfa,2619,2025-11-26T15:02:47.114Z,FFF3-Notify,f4:db:00:00:00:d9,0x0024,0x07,07 A6 05 00 00 03 52 01 52 01 52 01 DC 03 E1 03 E6 03 00 00,20
hci_snoop_2025_11_26_15_00_04.cfa,2623,2025-11-26T15:02:47.383Z,FFF3-Notify,f4:db:00:00:00:d9,0x0024,0x07,07 A9 05 00 00 03 52 01 51 01 51 01 E9 03 ED 03 F1 03 00 00,20
hci_snoop_2025_11_26_15_00_04.cfa,2627,2025-11-26T15:02:47.653Z,FFF3-Notify,f4:db:00:00:00:d9,0x0024,0x07,07 AC 05 00 00 03 51 01 51 01 50 01 F4 03 F9 03 FE 03 00 00,20
hci_snoop_2025_11_26_15_00_04.cfa,2631,2025-11-26T15:02:47.924Z,FFF3-Notify,f4:db:00:00:00:d9,0x0024,0x07,07 AF 05 00 00 03 50 01 50 01 50 01 02 04 05 04 08 04 00 00,20
hci_snoop_2025_11_26_15_00_04.cfa,2635,2025-11-26T15:02:48.193Z,FFF3-Notify,f4:db:00:00:00:d9,0x0024,0x07,07 B2 05 00 00 03 50 01 50 01 50 01 0B 04 0D 04 10 04 00 00,20
hci_snoop_2025_11_26_15_00_04.cfa,2639,2025-11-26T15:02:48.464Z,FFF3-Notify,f4:db:00:00:00:d9,0x0024,0x07,07 B5 05 00 00 03 4F 01 4F 01 4F 01 12 04 14 04 15 04 00 00,20
hci_snoop_2025_11_26_15_00_04.cfa,2643,2025-11-26T15:02:48.733Z,FFF3-Notify,f4:db:00:00:00:d9,0x0024,0x07,07 B8 05 00 00 03 4F 01 4F 01 4F 01 17 04 19 04 1B 04 00 00,20
hci_snoop_2025_11_26_15_00_04.cfa,2647,2025-11-26T15:02:49.003Z,FFF3-Notify,f4:db:00:00:00:d9,0x0024,0x07,07 BB 05 00 00 03 4F 01 4F 01 4F 01 1D 04 1E 04 1F 04 00 00,20
hci_snoop_2025_11_26_15_00_04.cfa,2651,2025-11-26T15:02:49.276Z,FFF3-Notify,f4:db:00:00:00:d9,0x0024,0x07,07 BE 05 00 00 03 4F 01 4F 01 4F 01 1F 04 1F 04 20 04 00 00,20
hci_snoop_2025_11_26_15_00_04.cfa,2655,2025-11-26T15:02:49.543Z,FFF3-Notify,f4:db:00:00:00:d9,0x0024,0x07,07 C1 05 00 00 03 4E 01 4E 01 4E 01 21 04 21 04 22 04 00 00,20
hci_snoop_2025_11_26_15_00_04.cfa,2659,2025-11-26T15:02:49.814Z,FFF3-Notify,f4:db:00:00:00:d9,0x0024,0x07,07 C4 05 00 00 03 4E 01 4E 01 4E 01 23 04 21 04 20 04 00 00,20
hci_snoop_2025_11_26_15_00_04.cfa,2663,2025-11-26T15:02:50.084Z,FFF3-Notify,f4:db:00:00:00:d9,0x0024,0x07,07 C7 05 00 00 03 4E 01 4E 01 4E 01 20 04 18 04 1B 04 00 00,20
hci_snoop_2025_11_26_15_00_04.cfa,2667,2025-11-26T15:02:50.353Z,FFF3-Notify,f4:db:00:00:00:d9,0x0024,0x07,07 CA 05 00 00 03 4E 01 4E 01 4F 01 21 04 28 04 2B 04 00 00,20
hci_snoop_2025_11_26_15_00_04.cfa,2671,2025-11-26T15:02:50.623Z,FFF3-Notify,f4:db:00:00:00:d9,0x0024,0x07,07 CD 05 00 00 03 4F 01 4F 01 4F 01 2E 04 31 04 32 04 00 00,20
hci_snoop_2025_11_26_15_00_04.cfa,2675,2025-11-26T15:02:50.893Z,FFF3-Notify,f4:db:00:00:00:d9,0x0024,0x07,07 D0 05 00 00 03 4F 01 4F 01 4F 01 35 04 36 04 39 04 00 00,20
hci_snoop_2025_11_26_15_00_04.cfa,2679,2025-11-26T15:02:51.164Z,FFF3-Notify,f4:db:00:00:00:d9,0x0024,0x07,07 D3 05 00 00 03 4F 01 4F 01 4F 01 3A 04 3C 04 3D 04 00 00,20
hci_snoop_2025_11_26_15_00_04.cfa,2684,2025-11-26T15:02:51.433Z,FFF3-Notify,f4:db:00:00:00:d9,0x0024,0x07,07 D6 05 00 00 03 4F 01 4F 01 4F 01 3E 04 3F 04 40 04 00 00,20
hci_snoop_2025_11_26_15_00_04.cfa,2688,2025-11-26T15:02:51.703Z,FFF3-Notify,f4:db:00:00:00:d9,0x0024,0x07,07 D9 05 00 00 03 4F 01 4F 01 4F 01 41 04 42 04 43 04 00 00,20
hci_snoop_2025_11_26_15_00_04.cfa,2692,2025-11-26T15:02:51.973Z,FFF3-Notify,f4:db:00:00:00:d9,0x0024,0x07,07 DC 05 00 00 03 4E 01 4E 01 4E 01 43 04 45 04 45 04 00 00,20
hci_snoop_2025_11_26_15_00_04.cfa,2696,2025-11-26T15:02:52.244Z,FFF3-Notify,f4:db:00:00:00:d9,0x0024,0x07,07 DF 05 00 00 03 4E 01 4E 01 4E 01 46 04 46 04 46 04 00 00,20
hci_snoop_2025_11_26_15_00_04.cfa,2700,2025-11-26T15:02:52.783Z,FFF3-Notify,f4:db:00:00:00:d9,0x0024,0x07,07 E2 05 00 00 03 4E 01 4E 01 4E 01 46 04 47 04 47 04 00 00,20
hci_snoop_2025_11_26_15_00_04.cfa,2704,2025-11-26T15:02:52.964Z,FFF3-Notify,f4:db:00:00:00:d9,0x0024,0x07,07 E5 05 00 00 03 4E 01 4E 01 4F 01 47 04 47 04 48 04 00 00,20
hci_snoop_2025_11_26_15_00_04.cfa,2708,2025-11-26T15:02:53.233Z,FFF3-Notify,f4:db:00:00:00:d9,0x0024,0x07,07 E8 05 00 00 03 4F 01 4F 01 4F 01 48 04 48 04 48 04 00 00,20
hci_snoop_2025_11_26_15_00_04.cfa,2712,2025-11-26T15:02:53.503Z,FFF3-Notify,f4:db:00:00:00:d9,0x0024,0x07,07 EB 05 00 00 03 4F 01 4F 01 4F 01 47 04 47 04 47 04 00 00,20
hci_snoop_2025_11_26_15_00_04.cfa,2716,2025-11-26T15:02:53.773Z,FFF3-Notify,f4:db:00:00:00:d9,0x0024,0x07,07 EE 05 00 00 03 4F 01 4F 01 4F 01 47 04 47 04 47 04 00 00,20
hci_snoop_2025_11_26_15_00_04.cfa,2720,2025-11-26T15:02:54.044Z,FFF3-Notify,f4:db:00:00:00:d9,0x0024,0x07,07 F1 05 00 00 03 4F 01 4F 01 4E 01 48 04 48 04 48 04 00 00,20
hci_snoop_2025_11_26_15_00_04.cfa,2724,2025-11-26T15:02:54.314Z,FFF3-Notify,f4:db:00:00:00:d9,0x0024,0x07,07 F4 05 00 00 03 4E 01 4F 01 4E 01 48 04 48 04 47 04 00 00,20
hci_snoop_2025_11_26_15_00_04.cfa,2728,2025-11-26T15:02:54.583Z,FFF3-Notify,f4:db:00:00:00:d9,0x0024,0x07,07 F7 05 00 00 03 4F 01 4F 01 4F 01 47 04 46 04 46 04 00 00,20
hci_snoop_2025_11_26_15_00_04.cfa,2732,2025-11-26T15:02:54.853Z,FFF3-Notify,f4:db:00:00:00:d9,0x0024,0x07,07 FA 05 00 00 03 4F 01 4F 01 4F 01 46 04 46 04 46 04 00 00,20
hci_snoop_2025_11_26_15_00_04.cfa,2736,2025-11-26T15:02:55.124Z,FFF3-Notify,f4:db:00:00:00:d9,0x0024,0x07,07 FD 05 00 00 03 4F 01 50 01 50 01 49 04 4A 04 49 04 00 00,20
hci_snoop_2025_11_26_15_00_04.cfa,2740,2025-11-26T15:02:55.394Z,FFF3-Notify,f4:db:00:00:00:d9,0x0024,0x07,07 00 06 00 00 03 3F 01 40 01 42 01 49 03 9B 03 B6 03 00 00,20
hci_snoop_2025_11_26_15_00_04.cfa,2744,2025-11-26T15:02:55.753Z,FFF3-Notify,f4:db:00:00:00:d9,0x0024,0x07,07 03 06 00 00 03 44 01 46 01 48 01 C4 03 CF 03 DA 03 00 00,20
hci_snoop_2025_11_26_15_00_04.cfa,2748,2025-11-26T15:02:55.933Z,FFF3-Notify,f4:db:00:00:00:d9,0x0024,0x07,07 06 06 00 00 03 4A 01 4B 01 4C 01 E0 03 E6 03 ED 03 00 00,20
hci_snoop_2025_11_26_15_00_04.cfa,2752,2025-11-26T15:02:56.204Z,FFF3-Notify,f4:db:00:00:00:d9,0x0024,0x07,07 09 06 00 00 03 4E 01 4F 01 50 01 F1 03 F5 03 F8 03 00 00,20
hci_snoop_2025_11_26_15_00_04.cfa,2756,2025-11-26T15:02:56.473Z,FFF3-Notify,f4:db:00:00:00:d9,0x0024,0x07,07 0C 06 00 00 03 51 01 52 01 53 01 FB 03 FD 03 00 04 00 00,20
hci_snoop_2025_11_26_15_00_04.cfa,2760,2025-11-26T15:02:56.743Z,FFF3-Notify,f4:db:00:00:00:d9,0x0024,0x07,07 0F 06 00 00 03 53 01 54 01 54 01 02 04 04 04 06 04 00 00,20
hci_snoop_2025_11_26_15_00_04.cfa,2764,2025-11-26T15:02:57.013Z,FFF3-Notify,f4:db:00:00:00:d9,0x0024,0x07,07 12 06 00 00 03 55 01 55 01 56 01 08 04 0A 04 0A 04 00 00,20
hci_snoop_2025_11_26_15_00_04.cfa,2768,2025-11-26T15:02:57.283Z,FFF3-Notify,f4:db:00:00:00:d9,0x0024,0x07,07 15 06 00 00 03 56 01 56 01 56 01 0B 04 0C 04 0C 04 00 00,20
hci_snoop_2025_11_26_15_00_04.cfa,2772,2025-11-26T15:02:57.553Z,FFF3-Notify,f4:db:00:00:00:d9,0x0024,0x07,07 18 06 00 00 03 57 01 58 01 59 01 0A 04 08 04 05 04 00 00,20
hci_snoop_2025_11_26_15_00_04.cfa,2776,2025-11-26T15:02:57.826Z,FFF3-Notify,f4:db:00:00:00:d9,0x0024,0x07,07 1B 06 00 00 03 5A 01 5A 01 5B 01 03 04 02 04 01 04 00 00,20
hci_snoop_2025_11_26_15_00_04.cfa,2780,2025-11-26T15:02:58.183Z,FFF3-Notify,f4:db:00:00:00:d9,0x0024,0x07,07 1E 06 00 00 03 5B 01 5C 01 5B 01 FF 03 FF 03 FF 03 00 00,20
hci_snoop_2025_11_26_15_00_04.cfa,2784,2025-11-26T15:02:58.453Z,FFF3-Notify,f4:db:00:00:00:d9,0x0024,0x07,07 21 06 00 00 03 5B 01 5A 01 5B 01 FF 03 01 04 05 04 00 00,20
hci_snoop_2025_11_26_15_00_04.cfa,2789,2025-11-26T15:02:58.724Z,FFF3-Notify,f4:db:00:00:00:d9,0x0024,0x07,07 24 06 00 00 03 5C 01 5C 01 5C 01 04 04 06 04 06 04 00 00,20
hci_snoop_2025_11_26_15_00_04.cfa,2793,2025-11-26T15:02:58.993Z,FFF3-Notify,f4:db:00:00:00:d9,0x0024,0x07,07 27 06 00 00 03 5B 01 5A 01 5A 01 08 04 0F 04 13 04 00 00,20
hci_snoop_2025_11_26_15_00_04.cfa,2797,2025-11-26T15:02:59.263Z,FFF3-Notify,f4:db:00:00:00:d9,0x0024,0x07,07 2A 06 00 00 03 5A 01 5A 01 5A 01 11 04 10 04 0E 04 00 00,20
hci_snoop_2025_11_26_15_00_04.cfa,2801,2025-11-26T15:02:59.533Z,FFF3-Notify,f4:db:00:00:00:d9,0x0024,0x07,07 2D 06 00 00 03 5A 01 5B 01 6E 01 0E 04 0F 04 F2 03 00 00,20
hci_snoop_2025_11_26_15_14_35.cfa,579,2025-11-26T15:14:55.424Z,CCCD,f4:db:00:00:00:d9,0x0025,0x01,01 00,2
hci_snoop_2025_11_26_15_14_35.cfa,750,2025-11-26T15:15:03.855Z,CCCD,f4:db:00:00:00:d9,0x0025,0x01,01 00,2
hci_snoop_2025_11_26_15_14_35.cfa,3161,2025-11-26T15:18:52.196Z,CCCD,f4:db:00:00:00:d9,0x0025,0x01,01 00,2
hci_snoop_2025_11_26_15_14_35.cfa,3257,2025-11-26T15:19:27.763Z,CCCD,f4:db:00:00:00:d9,0x0025,0x01,01 00,2
hci_snoop_2025_11_26_15_14_35.cfa,3423,2025-11-26T15:19:35.377Z,CCCD,f4:db:00:00:00:d9,0x0025,0x01,01 00,2
hci_snoop_2025_11_26_15_14_35.cfa,3590,2025-11-26T15:19:48.907Z,CCCD,f4:db:00:00:00:d9,0x0025,0x01,01 00,2
hci_snoop_2025_11_26_15_14_35.cfa,582,2025-11-26T15:14:55.455Z,FFF5-Write,f4:db:00:00:00:d9,0x0021,0x1A,1A,1
hci_snoop_2025_11_26_15_14_35.cfa,753,2025-11-26T15:15:03.887Z,FFF5-Write,f4:db:00:00:00:d9,0x0021,0x01,01,1
hci_snoop_2025_11_26_15_14_35.cfa,757,2025-11-26T15:15:03.934Z,FFF5-Write,f4:db:00:00:00:d9,0x0021,0x07,07 00 00 00 00 03,6
hci_snoop_2025_11_26_15_14_35.cfa,762,2025-11-26T15:15:04.119Z,FFF5-Write,f4:db:00:00:00:d9,0x0021,0x07,07 03 00 00 00 03,6
hci_snoop_2025_11_26_15_14_35.cfa,766,2025-11-26T15:15:04.284Z,FFF5-Write,f4:db:00:00:00:d9,0x0021,0x07,07 06 00 00 00 03,6
hci_snoop_2025_11_26_15_14_35.cfa,770,2025-11-26T15:15:04.468Z,FFF5-Write,f4:db:00:00:00:d9,0x0021,0x07,07 09 00 00 00 03,6
hci_snoop_2025_11_26_15_14_35.cfa,774,2025-11-26T15:15:04.653Z,FFF5-Write,f4:db:00:00:00:d9,0x0021,0x07,07 0C 00 00 00 03,6
hci_snoop_2025_11_26_15_14_35.cfa,778,2025-11-26T15:15:04.836Z,FFF5-Write,f4:db:00:00:00:d9,0x0021,0x07,07 0F 00 00 00 03,6
hci_snoop_2025_11_26_15_14_35.cfa,782,2025-11-26T15:15:05.000Z,FFF5-Write,f4:db:00:00:00:d9,0x0021,0x07,07 12 00 00 00 03,6
hci_snoop_2025_11_26_15_14_35.cfa,787,2025-11-26T15:15:05.201Z,FFF5-Write,f4:db:00:00:00:d9,0x0021,0x07,07 15 00 00 00 03,6
hci_snoop_2025_11_26_15_14_35.cfa,791,2025-11-26T15:15:05.418Z,FFF5-Write,f4:db:00:00:00:d9,0x0021,0x07,07 18 00 00 00 03,6
hci_snoop_2025_11_26_15_14_35.cfa,795,2025-11-26T15:15:05.602Z,FFF5-Write,f4:db:00:00:00:d9,0x0021,0x07,07 1B 00 00 00 03,6
hci_snoop_2025_11_26_15_14_35.cfa,799,2025-11-26T15:15:05.770Z,FFF5-Write,f4:db:00:00:00:d9,0x0021,0x07,07 1E 00 00 00 03,6
hci_snoop_2025_11_26_15_14_35.cfa,803,2025-11-26T15:15:05.950Z,FFF5-Write,f4:db:00:00:00:d9,0x0021,0x07,07 21 00 00 00 03,6
hci_snoop_2025_11_26_15_14_35.cfa,807,2025-11-26T15:15:06.135Z,FFF5-Write,f4:db:00:00:00:d9,0x0021,0x07,07 24 00 00 00 03,6
hci_snoop_2025_11_26_15_14_35.cfa,811,2025-11-26T15:15:06.320Z,FFF5-Write,f4:db:00:00:00:d9,0x0021,0x07,07 27 00 00 00 03,6
hci_snoop_2025_11_26_15_14_35.cfa,815,2025-11-26T15:15:06.503Z,FFF5-Write,f4:db:00:00:00:d9,0x0021,0x07,07 2A 00 00 00 03,6
hci_snoop_2025_11_26_15_14_35.cfa,819,2025-11-26T15:15:06.668Z,FFF5-Write,f4:db:00:00:00:d9,0x0021,0x07,07 2D 00 00 00 03,6
hci_snoop_2025_11_26_15_14_35.cfa,823,2025-11-26T15:15:06.852Z,FFF5-Write,f4:db:00:00:00:d9,0x0021,0x07,07 30 00 00 00 03,6
hci_snoop_2025_11_26_15_14_35.cfa,827,2025-11-26T15:15:07.034Z,FFF5-Write,f4:db:00:00:00:d9,0x0021,0x07,07 33 00 00 00 03,6
hci_snoop_2025_11_26_15_14_35.cfa,831,2025-11-26T15:15:07.218Z,FFF5-Write,f4:db:00:00:00:d9,0x0021,0x07,07 36 00 00 00 03,6
hci_snoop_2025_11_26_15_14_35.cfa,835,2025-11-26T15:15:07.404Z,FFF5-Write,f4:db:00:00:00:d9,0x0021,0x07,07 39 00 00 00 03,6
hci_snoop_2025_11_26_15_14_35.cfa,839,2025-11-26T15:15:07.571Z,FFF5-Write,f4:db:00:00:00:d9,0x0021,0x07,07 3C 00 00 00 03,6
hci_snoop_2025_11_26_15_14_35.cfa,843,2025-11-26T15:15:07.753Z,FFF5-Write,f4:db:00:00:00:d9,0x0021,0x07,07 3F 00 00 00 03,6
hci_snoop_2025_11_26_15_14_35.cfa,847,2025-11-26T15:15:07.935Z,FFF5-Write,f4:db:00:00:00:d9,0x0021,0x07,07 42 00 00 00 03,6
hci_snoop_2025_11_26_15_14_35.cfa,851,2025-11-26T15:15:08.120Z,FFF5-Write,f4:db:00:00:00:d9,0x0021,0x07,07 45 00 00 00 03,6
hci_snoop_2025_11_26_15_14_35.cfa,855,2025-11-26T15:15:08.302Z,FFF5-Write,f4:db:00:00:00:d9,0x0021,0x07,07 48 00 00 00 03,6
hci_snoop_2025_11_26_15_14_35.cfa,859,2025-11-26T15:15:08.468Z,FFF5-Write,f4:db:00:00:00:d9,0x0021,0x07,07 4B 00 00 00 03,6
hci_snoop_2025_11_26_15_14_35.cfa,863,2025-11-26T15:15:08.649Z,FFF5-Write,f4:db:00:00:00:d9,0x0021,0x07,07 4E 00 00 00 03,6
hci_snoop_2025_11_26_15_14_35.cfa,867,2025-11-26T15:15:08.883Z,FFF5-Write,f4:db:00:00:00:d9,0x0021,0x07,07 51 00 00 00 03,6
hci_snoop_2025_11_26_15_14_35.cfa,875,2025-11-26T15:15:09.052Z,FFF5-Write,f4:db:00:00:00:d9,0x0021,0x07,07 54 00 00 00 03,6
hci_snoop_2025_11_26_15_14_35.cfa,879,2025-11-26T15:15:09.234Z,FFF5-Write,f4:db:00:00:00:d9,0x0021,0x07,07 57 00 00 00 03,6
hci_snoop_2025_11_26_15_14_35.cfa,883,2025-11-26T15:15:09.416Z,FFF5-Write,f4:db:00:00:00:d9,0x0021,0x07,07 5A 00 00 00 03,6
hci_snoop_2025_11_26_15_14_35.cfa,888,2025-11-26T15:15:09.653Z,FFF5-Write,f4:db:00:00:00:d9,0x0021,0x07,07 5D 00 00 00 03,6
hci_snoop_2025_11_26_15_14_35.cfa,892,2025-11-26T15:15:09.919Z,FFF5-Write,f4:db:00:00:00:d9,0x0021,0x07,07 60 00 00 00 03,6
hci_snoop_2025_11_26_15_14_35.cfa,897,2025-11-26T15:15:10.186Z,FFF5-Write,f4:db:00:00:00:d9,0x0021,0x07,07 63 00 00 00 03,6
hci_snoop_2025_11_26_15_14_35.cfa,901,2025-11-26T15:15:10.451Z,FFF5-Write,f4:db:00:00:00:d9,0x0021,0x07,07 66 00 00 00 03,6
hci_snoop_2025_11_26_15_14_35.cfa,905,2025-11-26T15:15:10.720Z,FFF5-Write,f4:db:00:00:00:d9,0x0021,0x07,07 69 00 00 00 03,6
hci_snoop_2025_11_26_15_14_35.cfa,909,2025-11-26T15:15:11.002Z,FFF5-Write,f4:db:00:00:00:d9,0x0021,0x07,07 6C 00 00 00 03,6
hci_snoop_2025_11_26_15_14_35.cfa,913,2025-11-26T15:15:11.268Z,FFF5-Write,f4:db:00:00:00:d9,0x0021,0x07,07 6F 00 00 00 03,6
hci_snoop_2025_11_26_15_14_35.cfa,917,2025-11-26T15:15:11.533Z,FFF5-Write,f4:db:00:00:00:d9,0x0021,0x07,07 72 00 00 00 03,6
hci_snoop_2025_11_26_15_14_35.cfa,921,2025-11-26T15:15:11.802Z,FFF5-Write,f4:db:00:00:00:d9,0x0021,0x07,07 75 00 00 00 03,6
hci_snoop_2025_11_26_15_14_35.cfa,925,2025-11-26T15:15:12.067Z,FFF5-Write,f4:db:00:00:00:d9,0x0021,0x07,07 78 00 00 00 03,6
hci_snoop_2025_11_26_15_14_35.cfa,929,2025-11-26T15:15:12.352Z,FFF5-Write,f4:db:00:00:00:d9,0x0021,0x07,07 7B 00 00 00 03,6
hci_snoop_2025_11_26_15_14_35.cfa,933,2025-11-26T15:15:12.620Z,FFF5-Write,f4:db:00:00:00:d9,0x0021,0x07,07 7E 00 00 00 03,6
hci_snoop_2025_11_26_15_14_35.cfa,937,2025-11-26T15:15:12.967Z,FFF5-Write,f4:db:00:00:00:d9,0x0021,0x07,07 81 00 00 00 03,6
hci_snoop_2025_11_26_15_14_35.cfa,941,2025-11-26T15:15:13.252Z,FFF5-Write,f4:db:00:00:00:d9,0x0021,0x07,07 84 00 00 00 03,6
hci_snoop_2025_11_26_15_14_35.cfa,945,2025-11-26T15:15:13.516Z,FFF5-Write,f4:db:00:00:00:d9,0x0021,0x07,07 87 00 00 00 03,6
hci_snoop_2025_11_26_15_14_35.cfa,949,2025-11-26T15:15:13.784Z,FFF5-Write,f4:db:00:00:00:d9,0x0021,0x07,07 8A 00 00 00 03,6
hci_snoop_2025_11_26_15_14_35.cfa,953,2025-11-26T15:15:14.053Z,FFF5-Write,f4:db:00:00:00:d9,0x0021,0x07,07 8D 00 00 00 03,6
hci_snoop_2025_11_26_15_14_35.cfa,957,2025-11-26T15:15:14.320Z,FFF5-Write,f4:db:00:00:00:d9,0x0021,0x07,07 90 00 00 00 03,6
hci_snoop_2025_11_26_15_14_35.cfa,961,2025-11-26T15:15:14.603Z,FFF5-Write,f4:db:00:00:00:d9,0x0021,0x07,07 93 00 00 00 03,6
hci_snoop_2025_11_26_15_14_35.cfa,965,2025-11-26T15:15:14.867Z,FFF5-Write,f4:db:00:00:00:d9,0x0021,0x07,07 96 00 00 00 03,6
hci_snoop_2025_11_26_15_14_35.cfa,969,2025-11-26T15:15:15.134Z,FFF5-Write,f4:db:00:00:00:d9,0x0021,0x07,07 99 00 00 00 03,6
hci_snoop_2025_11_26_15_14_35.cfa,973,2025-11-26T15:15:15.403Z,FFF5-Write,f4:db:00:00:00:d9,0x0021,0x07,07 9C 00 00 00 03,6
hci_snoop_2025_11_26_15_14_35.cfa,977,2025-11-26T15:15:15.670Z,FFF5-Write,f4:db:00:00:00:d9,0x0021,0x07,07 9F 00 00 00 03,6
hci_snoop_2025_11_26_15_14_35.cfa,981,2025-11-26T15:15:15.952Z,FFF5-Write,f4:db:00:00:00:d9,0x0021,0x07,07 A2 00 00 00 03,6
hci_snoop_2025_11_26_15_14_35.cfa,985,2025-11-26T15:15:16.218Z,FFF5-Write,f4:db:00:00:00:d9,0x0021,0x07,07 A5 00 00 00 03,6
hci_snoop_2025_11_26_15_14_35.cfa,989,2025-11-26T15:15:16.486Z,FFF5-Write,f4:db:00:00:00:d9,0x0021,0x07,07 A8 00 00 00 03,6
hci_snoop_2025_11_26_15_14_35.cfa,993,2025-11-26T15:15:16.750Z,FFF5-Write,f4:db:00:00:00:d9,0x0021,0x07,07 AB 00 00 00 03,6
hci_snoop_2025_11_26_15_14_35.cfa,998,2025-11-26T15:15:17.019Z,FFF5-Write,f4:db:00:00:00:d9,0x0021,0x07,07 AE 00 00 00 03,6
hci_snoop_2025_11_26_15_14_35.cfa,1002,2025-11-26T15:15:17.305Z,FFF5-Write,f4:db:00:00:00:d9,0x0021,0x07,07 B1 00 00 00 03,6
hci_snoop_2025_11_26_15_14_35.cfa,1006,2025-11-26T15:15:17.567Z,FFF5-Write,f4:db:00:00:00:d9,0x0021,0x07,07 B4 00 00 00 03,6
hci_snoop_2025_11_26_15_14_35.cfa,1010,2025-11-26T15:15:17.836Z,FFF5-Write,f4:db:00:00:00:d9,0x0021,0x07,07 B7 00 00 00 03,6
hci_snoop_2025_11_26_15_14_35.cfa,1014,2025-11-26T15:15:18.104Z,FFF5-Write,f4:db:00:00:00:d9,0x0021,0x07,07 BA 00 00 00 03,6
hci_snoop_2025_11_26_15_14_35.cfa,1018,2025-11-26T15:15:18.367Z,FFF5-Write,f4:db:00:00:00:d9,0x0021,0x07,07 BD 00 00 00 03,6
hci_snoop_2025_11_26_15_14_35.cfa,1022,2025-11-26T15:15:18.635Z,FFF5-Write,f4:db:00:00:00:d9,0x0021,0x07,07 C0 00 00 00 03,6
hci_snoop_2025_11_26_15_14_35.cfa,1026,2025-11-26T15:15:18.918Z,FFF5-Write,f4:db:00:00:00:d9,0x0021,0x07,07 C3 00 00 00 03,6
hci_snoop_2025_11_26_15_14_35.cfa,1030,2025-11-26T15:15:19.185Z,FFF5-Write,f4:db:00:00:00:d9,0x0021,0x07,07 C6 00 00 00 03,6
hci_snoop_2025_11_26_15_14_35.cfa,1034,2025-11-26T15:15:19.450Z,FFF5-Write,f4:db:00:00:00:d9,0x0021,0x07,07 C9 00 00 00 03,6
hci_snoop_2025_11_26_15_14_35.cfa,1038,2025-11-26T15:15:19.716Z,FFF5-Write,f4:db:00:00:00:d9,0x0021,0x07,07 CC 00 00 00 03,6
hci_snoop_2025_11_26_15_14_35.cfa,1042,2025-11-26T15:15:20.004Z,FFF5-Write,f4:db:00:00:00:d9,0x0021,0x07,07 CF 00 00 00 03,6
hci_snoop_2025_11_26_15_14_35.cfa,1046,2025-11-26T15:15:20.269Z,FFF5-Write,f4:db:00:00:00:d9,0x0021,0x07,07 D2 00 00 00 03,6
hci_snoop_2025_11_26_15_14_35.cfa,1050,2025-11-26T15:15:20.537Z,FFF5-Write,f4:db:00:00:00:d9,0x0021,0x07,07 D5 00 00 00 03,6
hci_snoop_2025_11_26_15_14_35.cfa,1054,2025-11-26T15:15:20.800Z,FFF5-Write,f4:db:00:00:00:d9,0x0021,0x07,07 D8 00 00 00 03,6
hci_snoop_2025_11_26_15_14_35.cfa,1058,2025-11-26T15:15:21.069Z,FFF5-Write,f4:db:00:00:00:d9,0x0021,0x07,07 DB 00 00 00 03,6
hci_snoop_2025_11_26_15_14_35.cfa,1062,2025-11-26T15:15:21.352Z,FFF5-Write,f4:db:00:00:00:d9,0x0021,0x07,07 DE 00 00 00 03,6
hci_snoop_2025_11_26_15_14_35.cfa,1066,2025-11-26T15:15:21.618Z,FFF5-Write,f4:db:00:00:00:d9,0x0021,0x07,07 E1 00 00 00 03,6
hci_snoop_2025_11_26_15_14_35.cfa,1070,2025-11-26T15:15:21.885Z,FFF5-Write,f4:db:00:00:00:d9,0x0021,0x07,07 E4 00 00 00 03,6
hci_snoop_2025_11_26_15_14_35.cfa,1074,2025-11-26T15:15:22.151Z,FFF5-Write,f4:db:00:00:00:d9,0x0021,0x07,07 E7 00 00 00 03,6
hci_snoop_2025_11_26_15_14_35.cfa,1078,2025-11-26T15:15:22.419Z,FFF5-Write,f4:db:00:00:00:d9,0x0021,0x07,07 EA 00 00 00 03,6
hci_snoop_2025_11_26_15_14_35.cfa,1082,2025-11-26T15:15:22.700Z,FFF5-Write,f4:db:00:00:00:d9,0x0021,0x07,07 ED 00 00 00 03,6
hci_snoop_2025_11_26_15_14_35.cfa,1086,2025-11-26T15:15:22.968Z,FFF5-Write,f4:db:00:00:00:d9,0x0021,0x07,07 F0 00 00 00 03,6
hci_snoop_2025_11_26_15_14_35.cfa,1090,2025-11-26T15:15:23.234Z,FFF5-Write,f4:db:00:00:00:d9,0x0021,0x07,07 F3 00 00 00 03,6
hci_snoop_2025_11_26_15_14_35.cfa,1094,2025-11-26T15:15:23.503Z,FFF5-Write,f4:db:00:00:00:d9,0x0021,0x07,07 F6 00 00 00 03,6
hci_snoop_2025_11_26_15_14_35.cfa,1098,2025-11-26T15:15:23.767Z,FFF5-Write,f4:db:00:00:00:d9,0x0021,0x07,07 F9 00 00 00 03,6
hci_snoop_2025_11_26_15_14_35.cfa,1102,2025-11-26T15:15:24.051Z,FFF5-Write,f4:db:00:00:00:d9,0x0021,0x07,07 FC 00 00 00 03,6
hci_snoop_2025_11_26_15_14_35.cfa,1106,2025-11-26T15:15:24.319Z,FFF5-Write,f4:db:00:00:00:d9,0x0021,0x07,07 FF 00 00 00 03,6
hci_snoop_2025_11_26_15_14_35.cfa,1110,2025-11-26T15:15:24.583Z,FFF5-Write,f4:db:00:00:00:d9,0x0021,0x07,07 02 01 00 00 03,6
hci_snoop_2025_11_26_15_14_35.cfa,1114,2025-11-26T15:15:24.854Z,FFF5-Write,f4:db:00:00:00:d9,0x0021,0x07,07 05 01 00 00 03,6
hci_snoop_2025_11_26_15_14_35.cfa,1118,2025-11-26T15:15:25.118Z,FFF5-Write,f4:db:00:00:00:d9,0x0021,0x07,07 08 01 00 00 03,6
hci_snoop_2025_11_26_15_14_35.cfa,1122,2025-11-26T15:15:25.401Z,FFF5-Write,f4:db:00:00:00:d9,0x0021,0x07,07 0B 01 00 00 03,6
hci_snoop_2025_11_26_15_14_35.cfa,1126,2025-11-26T15:15:25.668Z,FFF5-Write,f4:db:00:00:00:d9,0x0021,0x07,07 0E 01 00 00 03,6
hci_snoop_2025_11_26_15_14_35.cfa,1130,2025-11-26T15:15:25.934Z,FFF5-Write,f4:db:00:00:00:d9,0x0021,0x07,07 11 01 00 00 03,6
hci_snoop_2025_11_26_15_14_35.cfa,1134,2025-11-26T15:15:26.302Z,FFF5-Write,f4:db:00:00:00:d9,0x0021,0x07,07 14 01 00 00 03,6
hci_snoop_2025_11_26_15_14_35.cfa,1139,2025-11-26T15:15:26.569Z,FFF5-Write,f4:db:00:00:00:d9,0x0021,0x07,07 17 01 00 00 03,6
hci_snoop_2025_11_26_15_14_35.cfa,1143,2025-11-26T15:15:26.832Z,FFF5-Write,f4:db:00:00:00:d9,0x0021,0x07,07 1A 01 00 00 03,6
hci_snoop_2025_11_26_15_14_35.cfa,1147,2025-11-26T15:15:27.101Z,FFF5-Write,f4:db:00:00:00:d9,0x0021,0x07,07 1D 01 00 00 03,6
hci_snoop_2025_11_26_15_14_35.cfa,1151,2025-11-26T15:15:27.367Z,FFF5-Write,f4:db:00:00:00:d9,0x0021,0x07,07 20 01 00 00 03,6
hci_snoop_2025_11_26_15_14_35.cfa,1155,2025-11-26T15:15:27.652Z,FFF5-Write,f4:db:00:00:00:d9,0x0021,0x07,07 23 01 00 00 03,6
hci_snoop_2025_11_26_15_14_35.cfa,1159,2025-11-26T15:15:27.919Z,FFF5-Write,f4:db:00:00:00:d9,0x0021,0x07,07 26 01 00 00 03,6
hci_snoop_2025_11_26_15_14_35.cfa,1163,2025-11-26T15:15:28.184Z,FFF5-Write,f4:db:00:00:00:d9,0x0021,0x07,07 29 01 00 00 03,6
hci_snoop_2025_11_26_15_14_35.cfa,1167,2025-11-26T15:15:28.452Z,FFF5-Write,f4:db:00:00:00:d9,0x0021,0x07,07 2C 01 00 00 03,6
hci_snoop_2025_11_26_15_14_35.cfa,1171,2025-11-26T15:15:28.717Z,FFF5-Write,f4:db:00:00:00:d9,0x0021,0x07,07 2F 01 00 00 03,6
hci_snoop_2025_11_26_15_14_35.cfa,1175,2025-11-26T15:15:29.000Z,FFF5-Write,f4:db:00:00:00:d9,0x0021,0x07,07 32 01 00 00 03,6
hci_snoop_2025_11_26_15_14_35.cfa,1179,2025-11-26T15:15:29.267Z,FFF5-Write,f4:db:00:00:00:d9,0x0021,0x07,07 35 01 00 00 03,6
hci_snoop_2025_11_26_15_14_35.cfa,1183,2025-11-26T15:15:29.533Z,FFF5-Write,f4:db:00:00:00:d9,0x0021,0x07,07 38 01 00 00 03,6
hci_snoop_2025_11_26_15_14_35.cfa,1187,2025-11-26T15:15:29.800Z,FFF5-Write,f4:db:00:00:00:d9,0x0021,0x07,07 3B 01 00 00 03,6
hci_snoop_2025_11_26_15_14_35.cfa,1191,2025-11-26T15:15:30.068Z,FFF5-Write,f4:db:00:00:00:d9,0x0021,0x07,07 3E 01 00 00 03,6
hci_snoop_2025_11_26_15_14_35.cfa,1195,2025-11-26T15:15:30.352Z,FFF5-Write,f4:db:00:00:00:d9,0x0021,0x07,07 41 01 00 00 03,6
hci_snoop_2025_11_26_15_14_35.cfa,1199,2025-11-26T15:15:30.617Z,FFF5-Write,f4:db:00:00:00:d9,0x0021,0x07,07 44 01 00 00 03,6
hci_snoop_2025_11_26_15_14_35.cfa,1203,2025-11-26T15:15:30.885Z,FFF5-Write,f4:db:00:00:00:d9,0x0021,0x07,07 47 01 00 00 03,6
hci_snoop_2025_11_26_15_14_35.cfa,1207,2025-11-26T15:15:31.151Z,FFF5-Write,f4:db:00:00:00:d9,0x0021,0x07,07 4A 01 00 00 03,6
hci_snoop_2025_11_26_15_14_35.cfa,1211,2025-11-26T15:15:31.417Z,FFF5-Write,f4:db:00:00:00:d9,0x0021,0x07,07 4D 01 00 00 03,6
hci_snoop_2025_11_26_15_14_35.cfa,1215,2025-11-26T15:15:31.702Z,FFF5-Write,f4:db:00:00:00:d9,0x0021,0x07,07 50 01 00 00 03,6
hci_snoop_2025_11_26_15_14_35.cfa,1219,2025-11-26T15:15:31.966Z,FFF5-Write,f4:db:00:00:00:d9,0x0021,0x07,07 53 01 00 00 03,6
hci_snoop_2025_11_26_15_14_35.cfa,1223,2025-11-26T15:15:32.237Z,FFF5-Write,f4:db:00:00:00:d9,0x0021,0x07,07 56 01 00 00 03,6
hci_snoop_2025_11_26_15_14_35.cfa,1227,2025-11-26T15:15:32.501Z,FFF5-Write,f4:db:00:00:00:d9,0x0021,0x07,07 59 01 00 00 03,6
hci_snoop_2025_11_26_15_14_35.cfa,1231,2025-11-26T15:15:32.769Z,FFF5-Write,f4:db:00:00:00:d9,0x0021,0x07,07 5C 01 00 00 03,6
hci_snoop_2025_11_26_15_14_35.cfa,1235,2025-11-26T15:15:33.050Z,FFF5-Write,f4:db:00:00:00:d9,0x0021,0x07,07 5F 01 00 00 03,6
hci_snoop_2025_11_26_15_14_35.cfa,1239,2025-11-26T15:15:33.317Z,FFF5-Write,f4:db:00:00:00:d9,0x0021,0x07,07 62 01 00 00 03,6
hci_snoop_2025_11_26_15_14_35.cfa,1243,2025-11-26T15:15:33.588Z,FFF5-Write,f4:db:00:00:00:d9,0x0021,0x07,07 65 01 00 00 03,6
hci_snoop_2025_11_26_15_14_35.cfa,1247,2025-11-26T15:15:33.850Z,FFF5-Write,f4:db:00:00:00:d9,0x0021,0x07,07 68 01 00 00 03,6
hci_snoop_2025_11_26_15_14_35.cfa,1251,2025-11-26T15:15:34.116Z,FFF5-Write,f4:db:00:00:00:d9,0x0021,0x07,07 6B 01 00 00 03,6
hci_snoop_2025_11_26_15_14_35.cfa,1255,2025-11-26T15:15:34.385Z,FFF5-Write,f4:db:00:00:00:d9,0x0021,0x07,07 6E 01 00 00 03,6
hci_snoop_2025_11_26_15_14_35.cfa,1259,2025-11-26T15:15:34.667Z,FFF5-Write,f4:db:00:00:00:d9,0x0021,0x07,07 71 01 00 00 03,6
hci_snoop_2025_11_26_15_14_35.cfa,1263,2025-11-26T15:15:34.933Z,FFF5-Write,f4:db:00:00:00:d9,0x0021,0x07,07 74 01 00 00 03,6
hci_snoop_2025_11_26_15_14_35.cfa,1267,2025-11-26T15:15:35.202Z,FFF5-Write,f4:db:00:00:00:d9,0x0021,0x07,07 77 01 00 00 03,6
hci_snoop_2025_11_26_15_14_35.cfa,1271,2025-11-26T15:15:35.468Z,FFF5-Write,f4:db:00:00:00:d9,0x0021,0x07,07 7A 01 00 00 03,6
hci_snoop_2025_11_26_15_14_35.cfa,1275,2025-11-26T15:15:35.750Z,FFF5-Write,f4:db:00:00:00:d9,0x0021,0x07,07 7D 01 00 00 03,6
hci_snoop_2025_11_26_15_14_35.cfa,1279,2025-11-26T15:15:36.018Z,FFF5-Write,f4:db:00:00:00:d9,0x0021,0x07,07 80 01 00 00 03,6
hci_snoop_2025_11_26_15_14_35.cfa,1283,2025-11-26T15:15:36.284Z,FFF5-Write,f4:db:00:00:00:d9,0x0021,0x07,07 83 01 00 00 03,6
hci_snoop_2025_11_26_15_14_35.cfa,1287,2025-11-26T15:15:36.551Z,FFF5-Write,f4:db:00:00:00:d9,0x0021,0x07,07 86 01 00 00 03,6
hci_snoop_2025_11_26_15_14_35.cfa,1291,2025-11-26T15:15:36.820Z,FFF5-Write,f4:db:00:00:00:d9,0x0021,0x07,07 89 01 00 00 03,6
hci_snoop_2025_11_26_15_14_35.cfa,1295,2025-11-26T15:15:37.104Z,FFF5-Write,f4:db:00:00:00:d9,0x0021,0x07,07 8C 01 00 00 03,6
hci_snoop_2025_11_26_15_14_35.cfa,1299,2025-11-26T15:15:37.368Z,FFF5-Write,f4:db:00:00:00:d9,0x0021,0x07,07 8F 01 00 00 03,6
hci_snoop_2025_11_26_15_14_35.cfa,1303,2025-11-26T15:15:37.635Z,FFF5-Write,f4:db:00:00:00:d9,0x0021,0x07,07 92 01 00 00 03,6
hci_snoop_2025_11_26_15_14_35.cfa,1307,2025-11-26T15:15:37.903Z,FFF5-Write,f4:db:00:00:00:d9,0x0021,0x07,07 95 01 00 00 03,6
hci_snoop_2025_11_26_15_14_35.cfa,1311,2025-11-26T15:15:38.171Z,FFF5-Write,f4:db:00:00:00:d9,0x0021,0x07,07 98 01 00 00 03,6
hci_snoop_2025_11_26_15_14_35.cfa,1315,2025-11-26T15:15:38.453Z,FFF5-Write,f4:db:00:00:00:d9,0x0021,0x07,07 9B 01 00 00 03,6
hci_snoop_2025_11_26_15_14_35.cfa,1319,2025-11-26T15:15:38.717Z,FFF5-Write,f4:db:00:00:00:d9,0x0021,0x07,07 9E 01 00 00 03,6
hci_snoop_2025_11_26_15_14_35.cfa,1323,2025-11-26T15:15:38.985Z,FFF5-Write,f4:db:00:00:00:d9,0x0021,0x07,07 A1 01 00 00 03,6
hci_snoop_2025_11_26_15_14_35.cfa,1327,2025-11-26T15:15:39.248Z,FFF5-Write,f4:db:00:00:00:d9,0x0021,0x07,07 A4 01 00 00 03,6
hci_snoop_2025_11_26_15_14_35.cfa,1331,2025-11-26T15:15:39.617Z,FFF5-Write,f4:db:00:00:00:d9,0x0021,0x07,07 A7 01 00 00 03,6
hci_snoop_2025_11_26_15_14_35.cfa,1335,2025-11-26T15:15:39.882Z,FFF5-Write,f4:db:00:00:00:d9,0x0021,0x07,07 AA 01 00 00 03,6
hci_snoop_2025_11_26_15_14_35.cfa,1339,2025-11-26T15:15:40.151Z,FFF5-Write,f4:db:00:00:00:d9,0x0021,0x07,07 AD 01 00 00 03,6
hci_snoop_2025_11_26_15_14_35.cfa,1344,2025-11-26T15:15:40.423Z,FFF5-Write,f4:db:00:00:00:d9,0x0021,0x07,07 B0 01 00 00 03,6
hci_snoop_2025_11_26_15_14_35.cfa,1348,2025-11-26T15:15:40.702Z,FFF5-Write,f4:db:00:00:00:d9,0x0021,0x07,07 B3 01 00 00 03,6
hci_snoop_2025_11_26_15_14_35.cfa,1352,2025-11-26T15:15:40.968Z,FFF5-Write,f4:db:00:00:00:d9,0x0021,0x07,07 B6 01 00 00 03,6
hci_snoop_2025_11_26_15_14_35.cfa,1356,2025-11-26T15:15:41.233Z,FFF5-Write,f4:db:00:00:00:d9,0x0021,0x07,07 B9 01 00 00 03,6
hci_snoop_2025_11_26_15_14_35.cfa,1360,2025-11-26T15:15:41.500Z,FFF5-Write,f4:db:00:00:00:d9,0x0021,0x07,07 BC 01 00 00 03,6
hci_snoop_2025_11_26_15_14_35.cfa,1364,2025-11-26T15:15:41.767Z,FFF5-Write,f4:db:00:00:00:d9,0x0021,0x07,07 BF 01 00 00 03,6
hci_snoop_2025_11_26_15_14_35.cfa,1368,2025-11-26T15:15:42.050Z,FFF5-Write,f4:db:00:00:00:d9,0x0021,0x07,07 C2 01 00 00 03,6
hci_snoop_2025_11_26_15_14_35.cfa,1372,2025-11-26T15:15:42.319Z,FFF5-Write,f4:db:00:00:00:d9,0x0021,0x07,07 C5 01 00 00 03,6
hci_snoop_2025_11_26_15_14_35.cfa,1376,2025-11-26T15:15:42.585Z,FFF5-Write,f4:db:00:00:00:d9,0x0021,0x07,07 C8 01 00 00 03,6
hci_snoop_2025_11_26_15_14_35.cfa,1380,2025-11-26T15:15:42.854Z,FFF5-Write,f4:db:00:00:00:d9,0x0021,0x07,07 CB 01 00 00 03,6
hci_snoop_2025_11_26_15_14_35.cfa,1384,2025-11-26T15:15:43.119Z,FFF5-Write,f4:db:00:00:00:d9,0x0021,0x07,07 CE 01 00 00 03,6
hci_snoop_2025_11_26_15_14_35.cfa,1388,2025-11-26T15:15:43.403Z,FFF5-Write,f4:db:00:00:00:d9,0x0021,0x07,07 D1 01 00 00 03,6
hci_snoop_2025_11_26_15_14_35.cfa,1392,2025-11-26T15:15:43.667Z,FFF5-Write,f4:db:00:00:00:d9,0x0021,0x07,07 D4 01 00 00 03,6
hci_snoop_2025_11_26_15_14_35.cfa,1396,2025-11-26T15:15:43.934Z,FFF5-Write,f4:db:00:00:00:d9,0x0021,0x07,07 D7 01 00 00 03,6
hci_snoop_2025_11_26_15_14_35.cfa,1400,2025-11-26T15:15:44.199Z,FFF5-Write,f4:db:00:00:00:d9,0x0021,0x07,07 DA 01 00 00 03,6
hci_snoop_2025_11_26_15_14_35.cfa,1404,2025-11-26T15:15:44.468Z,FFF5-Write,f4:db:00:00:00:d9,0x0021,0x07,07 DD 01 00 00 03,6
hci_snoop_2025_11_26_15_14_35.cfa,1408,2025-11-26T15:15:44.750Z,FFF5-Write,f4:db:00:00:00:d9,0x0021,0x07,07 E0 01 00 00 03,6
hci_snoop_2025_11_26_15_14_35.cfa,1412,2025-11-26T15:15:45.017Z,FFF5-Write,f4:db:00:00:00:d9,0x0021,0x07,07 E3 01 00 00 03,6
hci_snoop_2025_11_26_15_14_35.cfa,1416,2025-11-26T15:15:45.284Z,FFF5-Write,f4:db:00:00:00:d9,0x0021,0x07,07 E6 01 00 00 03,6
hci_snoop_2025_11_26_15_14_35.cfa,1420,2025-11-26T15:15:45.551Z,FFF5-Write,f4:db:00:00:00:d9,0x0021,0x07,07 E9 01 00 00 03,6
hci_snoop_2025_11_26_15_14_35.cfa,1424,2025-11-26T15:15:45.817Z,FFF5-Write,f4:db:00:00:00:d9,0x0021,0x07,07 EC 01 00 00 03,6
hci_snoop_2025_11_26_15_14_35.cfa,1428,2025-11-26T15:15:46.101Z,FFF5-Write,f4:db:00:00:00:d9,0x0021,0x07,07 EF 01 00 00 03,6
hci_snoop_2025_11_26_15_14_35.cfa,1432,2025-11-26T15:15:46.369Z,FFF5-Write,f4:db:00:00:00:d9,0x0021,0x07,07 F2 01 00 00 03,6
hci_snoop_2025_11_26_15_14_35.cfa,1436,2025-11-26T15:15:46.634Z,FFF5-Write,f4:db:00:00:00:d9,0x0021,0x07,07 F5 01 00 00 03,6
hci_snoop_2025_11_26_15_14_35.cfa,1440,2025-11-26T15:15:46.902Z,FFF5-Write,f4:db:00:00:00:d9,0x0021,0x07,07 F8 01 00 00 03,6
hci_snoop_2025_11_26_15_14_35.cfa,1444,2025-11-26T15:15:47.167Z,FFF5-Write,f4:db:00:00:00:d9,0x0021,0x07,07 FB 01 00 00 03,6
hci_snoop_2025_11_26_15_14_35.cfa,1448,2025-11-26T15:15:47.435Z,FFF5-Write,f4:db:00:00:00:d9,0x0021,0x07,07 FE 01 00 00 03,6
hci_snoop_2025_11_26_15_14_35.cfa,1452,2025-11-26T15:15:47.716Z,FFF5-Write,f4:db:00:00:00:d9,0x0021,0x07,07 01 02 00 00 03,6
hci_snoop_2025_11_26_15_14_35.cfa,1456,2025-11-26T15:15:47.986Z,FFF5-Write,f4:db:00:00:00:d9,0x0021,0x07,07 04 02 00 00 03,6
hci_snoop_2025_11_26_15_14_35.cfa,1460,2025-11-26T15:15:48.251Z,FFF5-Write,f4:db:00:00:00:d9,0x0021,0x07,07 07 02 00 00 03,6
hci_snoop_2025_11_26_15_14_35.cfa,1464,2025-11-26T15:15:48.517Z,FFF5-Write,f4:db:00:00:00:d9,0x0021,0x07,07 0A 02 00 00 03,6
hci_snoop_2025_11_26_15_14_35.cfa,1468,2025-11-26T15:15:48.801Z,FFF5-Write,f4:db:00:00:00:d9,0x0021,0x07,07 0D 02 00 00 03,6
hci_snoop_2025_11_26_15_14_35.cfa,1472,2025-11-26T15:15:49.067Z,FFF5-Write,f4:db:00:00:00:d9,0x0021,0x07,07 10 02 00 00 03,6
hci_snoop_2025_11_26_15_14_35.cfa,1476,2025-11-26T15:15:49.335Z,FFF5-Write,f4:db:00:00:00:d9,0x0021,0x07,07 13 02 00 00 03,6
hci_snoop_2025_11_26_15_14_35.cfa,1480,2025-11-26T15:15:49.601Z,FFF5-Write,f4:db:00:00:00:d9,0x0021,0x07,07 16 02 00 00 03,6
hci_snoop_2025_11_26_15_14_35.cfa,1484,2025-11-26T15:15:49.868Z,FFF5-Write,f4:db:00:00:00:d9,0x0021,0x07,07 19 02 00 00 03,6
hci_snoop_2025_11_26_15_14_35.cfa,1488,2025-11-26T15:15:50.149Z,FFF5-Write,f4:db:00:00:00:d9,0x0021,0x07,07 1C 02 00 00 03,6
hci_snoop_2025_11_26_15_14_35.cfa,1492,2025-11-26T15:15:50.418Z,FFF5-Write,f4:db:00:00:00:d9,0x0021,0x07,07 1F 02 00 00 03,6
hci_snoop_2025_11_26_15_14_35.cfa,1496,2025-11-26T15:15:50.683Z,FFF5-Write,f4:db:00:00:00:d9,0x0021,0x07,07 22 02 00 00 03,6
hci_snoop_2025_11_26_15_14_35.cfa,1500,2025-11-26T15:15:50.951Z,FFF5-Write,f4:db:00:00:00:d9,0x0021,0x07,07 25 02 00 00 03,6
hci_snoop_2025_11_26_15_14_35.cfa,1504,2025-11-26T15:15:51.216Z,FFF5-Write,f4:db:00:00:00:d9,0x0021,0x07,07 28 02 00 00 03,6
hci_snoop_2025_11_26_15_14_35.cfa,1508,2025-11-26T15:15:51.500Z,FFF5-Write,f4:db:00:00:00:d9,0x0021,0x07,07 2B 02 00 00 03,6
hci_snoop_2025_11_26_15_14_35.cfa,1512,2025-11-26T15:15:51.767Z,FFF5-Write,f4:db:00:00:00:d9,0x0021,0x07,07 2E 02 00 00 03,6
hci_snoop_2025_11_26_15_14_35.cfa,1516,2025-11-26T15:15:52.035Z,FFF5-Write,f4:db:00:00:00:d9,0x0021,0x07,07 31 02 00 00 03,6
hci_snoop_2025_11_26_15_14_35.cfa,1520,2025-11-26T15:15:52.300Z,FFF5-Write,f4:db:00:00:00:d9,0x0021,0x07,07 34 02 00 00 03,6
hci_snoop_2025_11_26_15_14_35.cfa,1524,2025-11-26T15:15:52.567Z,FFF5-Write,f4:db:00:00:00:d9,0x0021,0x07,07 37 02 00 00 03,6
hci_snoop_2025_11_26_15_14_35.cfa,1528,2025-11-26T15:15:52.935Z,FFF5-Write,f4:db:00:00:00:d9,0x0021,0x07,07 3A 02 00 00 03,6
hci_snoop_2025_11_26_15_14_35.cfa,1532,2025-11-26T15:15:53.303Z,FFF5-Write,f4:db:00:00:00:d9,0x0021,0x07,07 3D 02 00 00 03,6
hci_snoop_2025_11_26_15_14_35.cfa,1536,2025-11-26T15:15:53.568Z,FFF5-Write,f4:db:00:00:00:d9,0x0021,0x07,07 40 02 00 00 03,6
hci_snoop_2025_11_26_15_14_35.cfa,1540,2025-11-26T15:15:53.832Z,FFF5-Write,f4:db:00:00:00:d9,0x0021,0x07,07 43 02 00 00 03,6
hci_snoop_2025_11_26_15_14_35.cfa,1544,2025-11-26T15:15:54.100Z,FFF5-Write,f4:db:00:00:00:d9,0x0021,0x07,07 46 02 00 00 03,6
hci_snoop_2025_11_26_15_14_35.cfa,1548,2025-11-26T15:15:54.367Z,FFF5-Write,f4:db:00:00:00:d9,0x0021,0x07,07 49 02 00 00 03,6
hci_snoop_2025_11_26_15_14_35.cfa,1552,2025-11-26T15:15:54.651Z,FFF5-Write,f4:db:00:00:00:d9,0x0021,0x07,07 4C 02 00 00 03,6
hci_snoop_2025_11_26_15_14_35.cfa,1556,2025-11-26T15:15:54.919Z,FFF5-Write,f4:db:00:00:00:d9,0x0021,0x07,07 4F 02 00 00 03,6
hci_snoop_2025_11_26_15_14_35.cfa,1560,2025-11-26T15:15:55.185Z,FFF5-Write,f4:db:00:00:00:d9,0x0021,0x07,07 52 02 00 00 03,6
hci_snoop_2025_11_26_15_14_35.cfa,1564,2025-11-26T15:15:55.449Z,FFF5-Write,f4:db:00:00:00:d9,0x0021,0x07,07 55 02 00 00 03,6
hci_snoop_2025_11_26_15_14_35.cfa,1568,2025-11-26T15:15:55.715Z,FFF5-Write,f4:db:00:00:00:d9,0x0021,0x07,07 58 02 00 00 03,6
hci_snoop_2025_11_26_15_14_35.cfa,1572,2025-11-26T15:15:56.003Z,FFF5-Write,f4:db:00:00:00:d9,0x0021,0x07,07 5B 02 00 00 03,6
hci_snoop_2025_11_26_15_14_35.cfa,1576,2025-11-26T15:15:56.268Z,FFF5-Write,f4:db:00:00:00:d9,0x0021,0x07,07 5E 02 00 00 03,6
hci_snoop_2025_11_26_15_14_35.cfa,1580,2025-11-26T15:15:56.533Z,FFF5-Write,f4:db:00:00:00:d9,0x0021,0x07,07 61 02 00 00 03,6
hci_snoop_2025_11_26_15_14_35.cfa,1584,2025-11-26T15:15:56.801Z,FFF5-Write,f4:db:00:00:00:d9,0x0021,0x07,07 64 02 00 00 03,6
hci_snoop_2025_11_26_15_14_35.cfa,1588,2025-11-26T15:15:57.068Z,FFF5-Write,f4:db:00:00:00:d9,0x0021,0x07,07 67 02 00 00 03,6
hci_snoop_2025_11_26_15_14_35.cfa,1592,2025-11-26T15:15:57.436Z,FFF5-Write,f4:db:00:00:00:d9,0x0021,0x07,07 6A 02 00 00 03,6
hci_snoop_2025_11_26_15_14_35.cfa,1596,2025-11-26T15:15:57.702Z,FFF5-Write,f4:db:00:00:00:d9,0x0021,0x07,07 6D 02 00 00 03,6
hci_snoop_2025_11_26_15_14_35.cfa,1600,2025-11-26T15:15:57.967Z,FFF5-Write,f4:db:00:00:00:d9,0x0021,0x07,07 70 02 00 00 03,6
hci_snoop_2025_11_26_15_14_35.cfa,1604,2025-11-26T15:15:58.250Z,FFF5-Write,f4:db:00:00:00:d9,0x0021,0x07,07 73 02 00 00 03,6
hci_snoop_2025_11_26_15_14_35.cfa,1608,2025-11-26T15:15:58.515Z,FFF5-Write,f4:db:00:00:00:d9,0x0021,0x07,07 76 02 00 00 03,6
hci_snoop_2025_11_26_15_14_35.cfa,1612,2025-11-26T15:15:58.785Z,FFF5-Write,f4:db:00:00:00:d9,0x0021,0x07,07 79 02 00 00 03,6
hci_snoop_2025_11_26_15_14_35.cfa,1616,2025-11-26T15:15:59.052Z,FFF5-Write,f4:db:00:00:00:d9,0x0021,0x07,07 7C 02 00 00 03,6
hci_snoop_2025_11_26_15_14_35.cfa,1620,2025-11-26T15:15:59.317Z,FFF5-Write,f4:db:00:00:00:d9,0x0021,0x07,07 7F 02 00 00 03,6
hci_snoop_2025_11_26_15_14_35.cfa,1624,2025-11-26T15:15:59.602Z,FFF5-Write,f4:db:00:00:00:d9,0x0021,0x07,07 82 02 00 00 03,6
hci_snoop_2025_11_26_15_14_35.cfa,1628,2025-11-26T15:15:59.870Z,FFF5-Write,f4:db:00:00:00:d9,0x0021,0x07,07 85 02 00 00 03,6
hci_snoop_2025_11_26_15_14_35.cfa,1632,2025-11-26T15:16:00.134Z,FFF5-Write,f4:db:00:00:00:d9,0x0021,0x07,07 88 02 00 00 03,6
hci_snoop_2025_11_26_15_14_35.cfa,1636,2025-11-26T15:16:00.403Z,FFF5-Write,f4:db:00:00:00:d9,0x0021,0x07,07 8B 02 00 00 03,6
hci_snoop_2025_11_26_15_14_35.cfa,1640,2025-11-26T15:16:00.666Z,FFF5-Write,f4:db:00:00:00:d9,0x0021,0x07,07 8E 02 00 00 03,6
hci_snoop_2025_11_26_15_14_35.cfa,1645,2025-11-26T15:16:00.949Z,FFF5-Write,f4:db:00:00:00:d9,0x0021,0x07,07 91 02 00 00 03,6
hci_snoop_2025_11_26_15_14_35.cfa,1649,2025-11-26T15:16:01.219Z,FFF5-Write,f4:db:00:00:00:d9,0x0021,0x07,07 94 02 00 00 03,6
hci_snoop_2025_11_26_15_14_35.cfa,1653,2025-11-26T15:16:01.487Z,FFF5-Write,f4:db:00:00:00:d9,0x0021,0x07,07 97 02 00 00 03,6
hci_snoop_2025_11_26_15_14_35.cfa,1657,2025-11-26T15:16:01.749Z,FFF5-Write,f4:db:00:00:00:d9,0x0021,0x07,07 9A 02 00 00 03,6
hci_snoop_2025_11_26_15_14_35.cfa,1661,2025-11-26T15:16:02.019Z,FFF5-Write,f4:db:00:00:00:d9,0x0021,0x07,07 9D 02 00 00 03,6
hci_snoop_2025_11_26_15_14_35.cfa,1665,2025-11-26T15:16:02.286Z,FFF5-Write,f4:db:00:00:00:d9,0x0021,0x07,07 A0 02 00 00 03,6
hci_snoop_2025_11_26_15_14_35.cfa,1669,2025-11-26T15:16:02.567Z,FFF5-Write,f4:db:00:00:00:d9,0x0021,0x07,07 A3 02 00 00 03,6
hci_snoop_2025_11_26_15_14_35.cfa,1673,2025-11-26T15:16:02.834Z,FFF5-Write,f4:db:00:00:00:d9,0x0021,0x07,07 A6 02 00 00 03,6
hci_snoop_2025_11_26_15_14_35.cfa,1683,2025-11-26T15:16:03.078Z,FFF5-Write,f4:db:00:00:00:d9,0x0021,0x07,07 A9 02 00 00 03,6
hci_snoop_2025_11_26_15_14_35.cfa,1687,2025-11-26T15:16:03.351Z,FFF5-Write,f4:db:00:00:00:d9,0x0021,0x07,07 AC 02 00 00 03,6
hci_snoop_2025_11_26_15_14_35.cfa,1691,2025-11-26T15:16:03.619Z,FFF5-Write,f4:db:00:00:00:d9,0x0021,0x07,07 AF 02 00 00 03,6
hci_snoop_2025_11_26_15_14_35.cfa,1695,2025-11-26T15:16:03.888Z,FFF5-Write,f4:db:00:00:00:d9,0x0021,0x07,07 B2 02 00 00 03,6
hci_snoop_2025_11_26_15_14_35.cfa,1699,2025-11-26T15:16:04.161Z,FFF5-Write,f4:db:00:00:00:d9,0x0021,0x07,07 B5 02 00 00 03,6
hci_snoop_2025_11_26_15_14_35.cfa,1703,2025-11-26T15:16:04.431Z,FFF5-Write,f4:db:00:00:00:d9,0x0021,0x07,07 B8 02 00 00 03,6
hci_snoop_2025_11_26_15_14_35.cfa,1707,2025-11-26T15:16:04.700Z,FFF5-Write,f4:db:00:00:00:d9,0x0021,0x07,07 BB 02 00 00 03,6
hci_snoop_2025_11_26_15_14_35.cfa,1711,2025-11-26T15:16:04.968Z,FFF5-Write,f4:db:00:00:00:d9,0x0021,0x07,07 BE 02 00 00 03,6
hci_snoop_2025_11_26_15_14_35.cfa,1715,2025-11-26T15:16:05.242Z,FFF5-Write,f4:db:00:00:00:d9,0x0021,0x07,07 C1 02 00 00 03,6
hci_snoop_2025_11_26_15_14_35.cfa,1719,2025-11-26T15:16:05.509Z,FFF5-Write,f4:db:00:00:00:d9,0x0021,0x07,07 C4 02 00 00 03,6
hci_snoop_2025_11_26_15_14_35.cfa,1723,2025-11-26T15:16:05.779Z,FFF5-Write,f4:db:00:00:00:d9,0x0021,0x07,07 C7 02 00 00 03,6
hci_snoop_2025_11_26_15_14_35.cfa,1727,2025-11-26T15:16:06.050Z,FFF5-Write,f4:db:00:00:00:d9,0x0021,0x07,07 CA 02 00 00 03,6
hci_snoop_2025_11_26_15_14_35.cfa,1731,2025-11-26T15:16:06.318Z,FFF5-Write,f4:db:00:00:00:d9,0x0021,0x07,07 CD 02 00 00 03,6
hci_snoop_2025_11_26_15_14_35.cfa,1735,2025-11-26T15:16:06.592Z,FFF5-Write,f4:db:00:00:00:d9,0x0021,0x07,07 D0 02 00 00 03,6
hci_snoop_2025_11_26_15_14_35.cfa,1739,2025-11-26T15:16:06.863Z,FFF5-Write,f4:db:00:00:00:d9,0x0021,0x07,07 D3 02 00 00 03,6
hci_snoop_2025_11_26_15_14_35.cfa,1743,2025-11-26T15:16:07.131Z,FFF5-Write,f4:db:00:00:00:d9,0x0021,0x07,07 D6 02 00 00 03,6
hci_snoop_2025_11_26_15_14_35.cfa,1747,2025-11-26T15:16:07.401Z,FFF5-Write,f4:db:00:00:00:d9,0x0021,0x07,07 D9 02 00 00 03,6
hci_snoop_2025_11_26_15_14_35.cfa,1751,2025-11-26T15:16:07.678Z,FFF5-Write,f4:db:00:00:00:d9,0x0021,0x07,07 DC 02 00 00 03,6
hci_snoop_2025_11_26_15_14_35.cfa,1755,2025-11-26T15:16:07.937Z,FFF5-Write,f4:db:00:00:00:d9,0x0021,0x07,07 DF 02 00 00 03,6
hci_snoop_2025_11_26_15_14_35.cfa,1759,2025-11-26T15:16:08.208Z,FFF5-Write,f4:db:00:00:00:d9,0x0021,0x07,07 E2 02 00 00 03,6
hci_snoop_2025_11_26_15_14_35.cfa,1763,2025-11-26T15:16:08.480Z,FFF5-Write,f4:db:00:00:00:d9,0x0021,0x07,07 E5 02 00 00 03,6
hci_snoop_2025_11_26_15_14_35.cfa,1767,2025-11-26T15:16:08.748Z,FFF5-Write,f4:db:00:00:00:d9,0x0021,0x07,07 E8 02 00 00 03,6
hci_snoop_2025_11_26_15_14_35.cfa,1771,2025-11-26T15:16:09.019Z,FFF5-Write,f4:db:00:00:00:d9,0x0021,0x07,07 EB 02 00 00 03,6
hci_snoop_2025_11_26_15_14_35.cfa,1775,2025-11-26T15:16:09.289Z,FFF5-Write,f4:db:00:00:00:d9,0x0021,0x07,07 EE 02 00 00 03,6
hci_snoop_2025_11_26_15_14_35.cfa,1779,2025-11-26T15:16:09.561Z,FFF5-Write,f4:db:00:00:00:d9,0x0021,0x07,07 F1 02 00 00 03,6
hci_snoop_2025_11_26_15_14_35.cfa,1783,2025-11-26T15:16:09.831Z,FFF5-Write,f4:db:00:00:00:d9,0x0021,0x07,07 F4 02 00 00 03,6
hci_snoop_2025_11_26_15_14_35.cfa,1787,2025-11-26T15:16:10.097Z,FFF5-Write,f4:db:00:00:00:d9,0x0021,0x07,07 F7 02 00 00 03,6
hci_snoop_2025_11_26_15_14_35.cfa,1791,2025-11-26T15:16:10.370Z,FFF5-Write,f4:db:00:00:00:d9,0x0021,0x07,07 FA 02 00 00 03,6
hci_snoop_2025_11_26_15_14_35.cfa,1795,2025-11-26T15:16:10.641Z,FFF5-Write,f4:db:00:00:00:d9,0x0021,0x07,07 FD 02 00 00 03,6
hci_snoop_2025_11_26_15_14_35.cfa,1799,2025-11-26T15:16:10.909Z,FFF5-Write,f4:db:00:00:00:d9,0x0021,0x07,07 00 03 00 00 03,6
hci_snoop_2025_11_26_15_14_35.cfa,1803,2025-11-26T15:16:11.177Z,FFF5-Write,f4:db:00:00:00:d9,0x0021,0x07,07 03 03 00 00 03,6
hci_snoop_2025_11_26_15_14_35.cfa,1807,2025-11-26T15:16:11.451Z,FFF5-Write,f4:db:00:00:00:d9,0x0021,0x07,07 06 03 00 00 03,6
hci_snoop_2025_11_26_15_14_35.cfa,1811,2025-11-26T15:16:11.719Z,FFF5-Write,f4:db:00:00:00:d9,0x0021,0x07,07 09 03 00 00 03,6
hci_snoop_2025_11_26_15_14_35.cfa,1815,2025-11-26T15:16:11.990Z,FFF5-Write,f4:db:00:00:00:d9,0x0021,0x07,07 0C 03 00 00 03,6
hci_snoop_2025_11_26_15_14_35.cfa,1820,2025-11-26T15:16:12.261Z,FFF5-Write,f4:db:00:00:00:d9,0x0021,0x07,07 0F 03 00 00 03,6
hci_snoop_2025_11_26_15_14_35.cfa,1824,2025-11-26T15:16:12.529Z,FFF5-Write,f4:db:00:00:00:d9,0x0021,0x07,07 12 03 00 00 03,6
hci_snoop_2025_11_26_15_14_35.cfa,1828,2025-11-26T15:16:12.889Z,FFF5-Write,f4:db:00:00:00:d9,0x0021,0x07,07 15 03 00 00 03,6
hci_snoop_2025_11_26_15_14_35.cfa,1832,2025-11-26T15:16:13.159Z,FFF5-Write,f4:db:00:00:00:d9,0x0021,0x07,07 18 03 00 00 03,6
hci_snoop_2025_11_26_15_14_35.cfa,1836,2025-11-26T15:16:13.430Z,FFF5-Write,f4:db:00:00:00:d9,0x0021,0x07,07 1B 03 00 00 03,6
hci_snoop_2025_11_26_15_14_35.cfa,1840,2025-11-26T15:16:13.699Z,FFF5-Write,f4:db:00:00:00:d9,0x0021,0x07,07 1E 03 00 00 03,6
hci_snoop_2025_11_26_15_14_35.cfa,1844,2025-11-26T15:16:13.968Z,FFF5-Write,f4:db:00:00:00:d9,0x0021,0x07,07 21 03 00 00 03,6
hci_snoop_2025_11_26_15_14_35.cfa,1848,2025-11-26T15:16:14.238Z,FFF5-Write,f4:db:00:00:00:d9,0x0021,0x07,07 24 03 00 00 03,6
hci_snoop_2025_11_26_15_14_35.cfa,1852,2025-11-26T15:16:14.509Z,FFF5-Write,f4:db:00:00:00:d9,0x0021,0x07,07 27 03 00 00 03,6
hci_snoop_2025_11_26_15_14_35.cfa,1856,2025-11-26T15:16:14.778Z,FFF5-Write,f4:db:00:00:00:d9,0x0021,0x07,07 2A 03 00 00 03,6
hci_snoop_2025_11_26_15_14_35.cfa,1860,2025-11-26T15:16:15.048Z,FFF5-Write,f4:db:00:00:00:d9,0x0021,0x07,07 2D 03 00 00 03,6
hci_snoop_2025_11_26_15_14_35.cfa,1864,2025-11-26T15:16:15.320Z,FFF5-Write,f4:db:00:00:00:d9,0x0021,0x07,07 30 03 00 00 03,6
hci_snoop_2025_11_26_15_14_35.cfa,1868,2025-11-26T15:16:15.589Z,FFF5-Write,f4:db:00:00:00:d9,0x0021,0x07,07 33 03 00 00 03,6
hci_snoop_2025_11_26_15_14_35.cfa,1872,2025-11-26T15:16:15.860Z,FFF5-Write,f4:db:00:00:00:d9,0x0021,0x07,07 36 03 00 00 03,6
hci_snoop_2025_11_26_15_14_35.cfa,1876,2025-11-26T15:16:16.131Z,FFF5-Write,f4:db:00:00:00:d9,0x0021,0x07,07 39 03 00 00 03,6
hci_snoop_2025_11_26_15_14_35.cfa,1880,2025-11-26T15:16:16.398Z,FFF5-Write,f4:db:00:00:00:d9,0x0021,0x07,07 3C 03 00 00 03,6
hci_snoop_2025_11_26_15_14_35.cfa,1884,2025-11-26T15:16:16.669Z,FFF5-Write,f4:db:00:00:00:d9,0x0021,0x07,07 3F 03 00 00 03,6
hci_snoop_2025_11_26_15_14_35.cfa,1888,2025-11-26T15:16:16.938Z,FFF5-Write,f4:db:00:00:00:d9,0x0021,0x07,07 42 03 00 00 03,6
hci_snoop_2025_11_26_15_14_35.cfa,1892,2025-11-26T15:16:17.209Z,FFF5-Write,f4:db:00:00:00:d9,0x0021,0x07,07 45 03 00 00 03,6
hci_snoop_2025_11_26_15_14_35.cfa,1896,2025-11-26T15:16:17.480Z,FFF5-Write,f4:db:00:00:00:d9,0x0021,0x07,07 48 03 00 00 03,6
hci_snoop_2025_11_26_15_14_35.cfa,1900,2025-11-26T15:16:17.753Z,FFF5-Write,f4:db:00:00:00:d9,0x0021,0x07,07 4B 03 00 00 03,6
hci_snoop_2025_11_26_15_14_35.cfa,1904,2025-11-26T15:16:18.020Z,FFF5-Write,f4:db:00:00:00:d9,0x0021,0x07,07 4E 03 00 00 03,6
hci_snoop_2025_11_26_15_14_35.cfa,1908,2025-11-26T15:16:18.289Z,FFF5-Write,f4:db:00:00:00:d9,0x0021,0x07,07 51 03 00 00 03,6
hci_snoop_2025_11_26_15_14_35.cfa,1912,2025-11-26T15:16:18.558Z,FFF5-Write,f4:db:00:00:00:d9,0x0021,0x07,07 54 03 00 00 03,6
hci_snoop_2025_11_26_15_14_35.cfa,1916,2025-11-26T15:16:18.830Z,FFF5-Write,f4:db:00:00:00:d9,0x0021,0x07,07 57 03 00 00 03,6
hci_snoop_2025_11_26_15_14_35.cfa,1920,2025-11-26T15:16:19.100Z,FFF5-Write,f4:db:00:00:00:d9,0x0021,0x07,07 5A 03 00 00 03,6
hci_snoop_2025_11_26_15_14_35.cfa,1924,2025-11-26T15:16:19.372Z,FFF5-Write,f4:db:00:00:00:d9,0x0021,0x07,07 5D 03 00 00 03,6
hci_snoop_2025_11_26_15_14_35.cfa,1928,2025-11-26T15:16:19.638Z,FFF5-Write,f4:db:00:00:00:d9,0x0021,0x07,07 60 03 00 00 03,6
hci_snoop_2025_11_26_15_14_35.cfa,1932,2025-11-26T15:16:19.923Z,FFF5-Write,f4:db:00:00:00:d9,0x0021,0x07,07 63 03 00 00 03,6
hci_snoop_2025_11_26_15_14_35.cfa,1936,2025-11-26T15:16:20.177Z,FFF5-Write,f4:db:00:00:00:d9,0x0021,0x07,07 66 03 00 00 03,6
hci_snoop_2025_11_26_15_14_35.cfa,1940,2025-11-26T15:16:20.452Z,FFF5-Write,f4:db:00:00:00:d9,0x0021,0x07,07 69 03 00 00 03,6
hci_snoop_2025_11_26_15_14_35.cfa,1945,2025-11-26T15:16:20.721Z,FFF5-Write,f4:db:00:00:00:d9,0x0021,0x07,07 6C 03 00 00 03,6
hci_snoop_2025_11_26_15_14_35.cfa,1949,2025-11-26T15:16:20.990Z,FFF5-Write,f4:db:00:00:00:d9,0x0021,0x07,07 6F 03 00 00 03,6
hci_snoop_2025_11_26_15_14_35.cfa,1953,2025-11-26T15:16:21.258Z,FFF5-Write,f4:db:00:00:00:d9,0x0021,0x07,07 72 03 00 00 03,6
hci_snoop_2025_11_26_15_14_35.cfa,1957,2025-11-26T15:16:21.529Z,FFF5-Write,f4:db:00:00:00:d9,0x0021,0x07,07 75 03 00 00 03,6
hci_snoop_2025_11_26_15_14_35.cfa,1961,2025-11-26T15:16:21.800Z,FFF5-Write,f4:db:00:00:00:d9,0x0021,0x07,07 78 03 00 00 03,6
hci_snoop_2025_11_26_15_14_35.cfa,1965,2025-11-26T15:16:22.070Z,FFF5-Write,f4:db:00:00:00:d9,0x0021,0x07,07 7B 03 00 00 03,6
hci_snoop_2025_11_26_15_14_35.cfa,1969,2025-11-26T15:16:22.337Z,FFF5-Write,f4:db:00:00:00:d9,0x0021,0x07,07 7E 03 00 00 03,6
hci_snoop_2025_11_26_15_14_35.cfa,1973,2025-11-26T15:16:22.609Z,FFF5-Write,f4:db:00:00:00:d9,0x0021,0x07,07 81 03 00 00 03,6
hci_snoop_2025_11_26_15_14_35.cfa,1977,2025-11-26T15:16:22.879Z,FFF5-Write,f4:db:00:00:00:d9,0x0021,0x07,07 84 03 00 00 03,6
hci_snoop_2025_11_26_15_14_35.cfa,1981,2025-11-26T15:16:23.149Z,FFF5-Write,f4:db:00:00:00:d9,0x0021,0x07,07 87 03 00 00 03,6
hci_snoop_2025_11_26_15_14_35.cfa,1985,2025-11-26T15:16:23.423Z,FFF5-Write,f4:db:00:00:00:d9,0x0021,0x07,07 8A 03 00 00 03,6
hci_snoop_2025_11_26_15_14_35.cfa,1989,2025-11-26T15:16:23.689Z,FFF5-Write,f4:db:00:00:00:d9,0x0021,0x07,07 8D 03 00 00 03,6
hci_snoop_2025_11_26_15_14_35.cfa,1993,2025-11-26T15:16:23.959Z,FFF5-Write,f4:db:00:00:00:d9,0x0021,0x07,07 90 03 00 00 03,6
hci_snoop_2025_11_26_15_14_35.cfa,1997,2025-11-26T15:16:24.228Z,FFF5-Write,f4:db:00:00:00:d9,0x0021,0x07,07 93 03 00 00 03,6
hci_snoop_2025_11_26_15_14_35.cfa,2001,2025-11-26T15:16:24.502Z,FFF5-Write,f4:db:00:00:00:d9,0x0021,0x07,07 96 03 00 00 03,6
hci_snoop_2025_11_26_15_14_35.cfa,2005,2025-11-26T15:16:24.770Z,FFF5-Write,f4:db:00:00:00:d9,0x0021,0x07,07 99 03 00 00 03,6
hci_snoop_2025_11_26_15_14_35.cfa,2009,2025-11-26T15:16:25.038Z,FFF5-Write,f4:db:00:00:00:d9,0x0021,0x07,07 9C 03 00 00 03,6
hci_snoop_2025_11_26_15_14_35.cfa,2013,2025-11-26T15:16:25.308Z,FFF5-Write,f4:db:00:00:00:d9,0x0021,0x07,07 9F 03 00 00 03,6
hci_snoop_2025_11_26_15_14_35.cfa,2017,2025-11-26T15:16:25.580Z,FFF5-Write,f4:db:00:00:00:d9,0x0021,0x07,07 A2 03 00 00 03,6
hci_snoop_2025_11_26_15_14_35.cfa,2021,2025-11-26T15:16:25.848Z,FFF5-Write,f4:db:00:00:00:d9,0x0021,0x07,07 A5 03 00 00 03,6
hci_snoop_2025_11_26_15_14_35.cfa,2025,2025-11-26T15:16:26.120Z,FFF5-Write,f4:db:00:00:00:d9,0x0021,0x07,07 A8 03 00 00 03,6
hci_snoop_2025_11_26_15_14_35.cfa,2029,2025-11-26T15:16:26.388Z,FFF5-Write,f4:db:00:00:00:d9,0x0021,0x07,07 AB 03 00 00 03,6
hci_snoop_2025_11_26_15_14_35.cfa,2033,2025-11-26T15:16:26.658Z,FFF5-Write,f4:db:00:00:00:d9,0x0021,0x07,07 AE 03 00 00 03,6
hci_snoop_2025_11_26_15_14_35.cfa,2037,2025-11-26T15:16:26.928Z,FFF5-Write,f4:db:00:00:00:d9,0x0021,0x07,07 B1 03 00 00 03,6
hci_snoop_2025_11_26_15_14_35.cfa,2042,2025-11-26T15:16:27.198Z,FFF5-Write,f4:db:00:00:00:d9,0x0021,0x07,07 B4 03 00 00 03,6
hci_snoop_2025_11_26_15_14_35.cfa,2046,2025-11-26T15:16:27.470Z,FFF5-Write,f4:db:00:00:00:d9,0x0021,0x07,07 B7 03 00 00 03,6
hci_snoop_2025_11_26_15_14_35.cfa,2050,2025-11-26T15:16:27.738Z,FFF5-Write,f4:db:00:00:00:d9,0x0021,0x07,07 BA 03 00 00 03,6
hci_snoop_2025_11_26_15_14_35.cfa,2054,2025-11-26T15:16:28.009Z,FFF5-Write,f4:db:00:00:00:d9,0x0021,0x07,07 BD 03 00 00 03,6
hci_snoop_2025_11_26_15_14_35.cfa,2058,2025-11-26T15:16:28.278Z,FFF5-Write,f4:db:00:00:00:d9,0x0021,0x07,07 C0 03 00 00 03,6
hci_snoop_2025_11_26_15_14_35.cfa,2062,2025-11-26T15:16:28.549Z,FFF5-Write,f4:db:00:00:00:d9,0x0021,0x07,07 C3 03 00 00 03,6
hci_snoop_2025_11_26_15_14_35.cfa,2066,2025-11-26T15:16:28.818Z,FFF5-Write,f4:db:00:00:00:d9,0x0021,0x07,07 C6 03 00 00 03,6
hci_snoop_2025_11_26_15_14_35.cfa,2070,2025-11-26T15:16:29.089Z,FFF5-Write,f4:db:00:00:00:d9,0x0021,0x07,07 C9 03 00 00 03,6
hci_snoop_2025_11_26_15_14_35.cfa,2074,2025-11-26T15:16:29.359Z,FFF5-Write,f4:db:00:00:00:d9,0x0021,0x07,07 CC 03 00 00 03,6
hci_snoop_2025_11_26_15_14_35.cfa,2078,2025-11-26T15:16:29.629Z,FFF5-Write,f4:db:00:00:00:d9,0x0021,0x07,07 CF 03 00 00 03,6
hci_snoop_2025_11_26_15_14_35.cfa,2082,2025-11-26T15:16:29.904Z,FFF5-Write,f4:db:00:00:00:d9,0x0021,0x07,07 D2 03 00 00 03,6
hci_snoop_2025_11_26_15_14_35.cfa,2086,2025-11-26T15:16:30.164Z,FFF5-Write,f4:db:00:00:00:d9,0x0021,0x07,07 D5 03 00 00 03,6
hci_snoop_2025_11_26_15_14_35.cfa,2090,2025-11-26T15:16:30.437Z,FFF5-Write,f4:db:00:00:00:d9,0x0021,0x07,07 D8 03 00 00 03,6
hci_snoop_2025_11_26_15_14_35.cfa,2094,2025-11-26T15:16:30.710Z,FFF5-Write,f4:db:00:00:00:d9,0x0021,0x07,07 DB 03 00 00 03,6
hci_snoop_2025_11_26_15_14_35.cfa,2098,2025-11-26T15:16:30.980Z,FFF5-Write,f4:db:00:00:00:d9,0x0021,0x07,07 DE 03 00 00 03,6
hci_snoop_2025_11_26_15_14_35.cfa,2102,2025-11-26T15:16:31.254Z,FFF5-Write,f4:db:00:00:00:d9,0x0021,0x07,07 E1 03 00 00 03,6
hci_snoop_2025_11_26_15_14_35.cfa,2106,2025-11-26T15:16:31.518Z,FFF5-Write,f4:db:00:00:00:d9,0x0021,0x07,07 E4 03 00 00 03,6
hci_snoop_2025_11_26_15_14_35.cfa,2110,2025-11-26T15:16:31.792Z,FFF5-Write,f4:db:00:00:00:d9,0x0021,0x07,07 E7 03 00 00 03,6
hci_snoop_2025_11_26_15_14_35.cfa,2114,2025-11-26T15:16:32.061Z,FFF5-Write,f4:db:00:00:00:d9,0x0021,0x07,07 EA 03 00 00 03,6
hci_snoop_2025_11_26_15_14_35.cfa,2118,2025-11-26T15:16:32.329Z,FFF5-Write,f4:db:00:00:00:d9,0x0021,0x07,07 ED 03 00 00 03,6
hci_snoop_2025_11_26_15_14_35.cfa,2122,2025-11-26T15:16:32.602Z,FFF5-Write,f4:db:00:00:00:d9,0x0021,0x07,07 F0 03 00 00 03,6
hci_snoop_2025_11_26_15_14_35.cfa,2126,2025-11-26T15:16:32.872Z,FFF5-Write,f4:db:00:00:00:d9,0x0021,0x07,07 F3 03 00 00 03,6
hci_snoop_2025_11_26_15_14_35.cfa,2130,2025-11-26T15:16:33.141Z,FFF5-Write,f4:db:00:00:00:d9,0x0021,0x07,07 F6 03 00 00 03,6
hci_snoop_2025_11_26_15_14_35.cfa,2134,2025-11-26T15:16:33.408Z,FFF5-Write,f4:db:00:00:00:d9,0x0021,0x07,07 F9 03 00 00 03,6
hci_snoop_2025_11_26_15_14_35.cfa,2138,2025-11-26T15:16:33.679Z,FFF5-Write,f4:db:00:00:00:d9,0x0021,0x07,07 FC 03 00 00 03,6
hci_snoop_2025_11_26_15_14_35.cfa,2142,2025-11-26T15:16:33.953Z,FFF5-Write,f4:db:00:00:00:d9,0x0021,0x07,07 FF 03 00 00 03,6
hci_snoop_2025_11_26_15_14_35.cfa,2146,2025-11-26T15:16:34.221Z,FFF5-Write,f4:db:00:00:00:d9,0x0021,0x07,07 02 04 00 00 03,6
hci_snoop_2025_11_26_15_14_35.cfa,2150,2025-11-26T15:16:34.490Z,FFF5-Write,f4:db:00:00:00:d9,0x0021,0x07,07 05 04 00 00 03,6
hci_snoop_2025_11_26_15_14_35.cfa,2154,2025-11-26T15:16:34.763Z,FFF5-Write,f4:db:00:00:00:d9,0x0021,0x07,07 08 04 00 00 03,6
hci_snoop_2025_11_26_15_14_35.cfa,2158,2025-11-26T15:16:35.028Z,FFF5-Write,f4:db:00:00:00:d9,0x0021,0x07,07 0B 04 00 00 03,6
hci_snoop_2025_11_26_15_14_35.cfa,2162,2025-11-26T15:16:35.298Z,FFF5-Write,f4:db:00:00:00:d9,0x0021,0x07,07 0E 04 00 00 03,6
hci_snoop_2025_11_26_15_14_35.cfa,2166,2025-11-26T15:16:35.572Z,FFF5-Write,f4:db:00:00:00:d9,0x0021,0x07,07 11 04 00 00 03,6
hci_snoop_2025_11_26_15_14_35.cfa,2170,2025-11-26T15:16:35.841Z,FFF5-Write,f4:db:00:00:00:d9,0x0021,0x07,07 14 04 00 00 03,6
hci_snoop_2025_11_26_15_14_35.cfa,2174,2025-11-26T15:16:36.111Z,FFF5-Write,f4:db:00:00:00:d9,0x0021,0x07,07 17 04 00 00 03,6
hci_snoop_2025_11_26_15_14_35.cfa,2178,2025-11-26T15:16:36.379Z,FFF5-Write,f4:db:00:00:00:d9,0x0021,0x07,07 1A 04 00 00 03,6
hci_snoop_2025_11_26_15_14_35.cfa,2182,2025-11-26T15:16:36.651Z,FFF5-Write,f4:db:00:00:00:d9,0x0021,0x07,07 1D 04 00 00 03,6
hci_snoop_2025_11_26_15_14_35.cfa,2186,2025-11-26T15:16:36.918Z,FFF5-Write,f4:db:00:00:00:d9,0x0021,0x07,07 20 04 00 00 03,6
hci_snoop_2025_11_26_15_14_35.cfa,2190,2025-11-26T15:16:37.191Z,FFF5-Write,f4:db:00:00:00:d9,0x0021,0x07,07 23 04 00 00 03,6
hci_snoop_2025_11_26_15_14_35.cfa,2194,2025-11-26T15:16:37.552Z,FFF5-Write,f4:db:00:00:00:d9,0x0021,0x07,07 26 04 00 00 03,6
hci_snoop_2025_11_26_15_14_35.cfa,2198,2025-11-26T15:16:37.820Z,FFF5-Write,f4:db:00:00:00:d9,0x0021,0x07,07 29 04 00 00 03,6
hci_snoop_2025_11_26_15_14_35.cfa,2202,2025-11-26T15:16:38.178Z,FFF5-Write,f4:db:00:00:00:d9,0x0021,0x07,07 2C 04 00 00 03,6
hci_snoop_2025_11_26_15_14_35.cfa,2206,2025-11-26T15:16:38.449Z,FFF5-Write,f4:db:00:00:00:d9,0x0021,0x07,07 2F 04 00 00 03,6
hci_snoop_2025_11_26_15_14_35.cfa,2210,2025-11-26T15:16:38.722Z,FFF5-Write,f4:db:00:00:00:d9,0x0021,0x07,07 32 04 00 00 03,6
hci_snoop_2025_11_26_15_14_35.cfa,2214,2025-11-26T15:16:38.992Z,FFF5-Write,f4:db:00:00:00:d9,0x0021,0x07,07 35 04 00 00 03,6
hci_snoop_2025_11_26_15_14_35.cfa,2218,2025-11-26T15:16:39.259Z,FFF5-Write,f4:db:00:00:00:d9,0x0021,0x07,07 38 04 00 00 03,6
hci_snoop_2025_11_26_15_14_35.cfa,2222,2025-11-26T15:16:39.528Z,FFF5-Write,f4:db:00:00:00:d9,0x0021,0x07,07 3B 04 00 00 03,6
hci_snoop_2025_11_26_15_14_35.cfa,2226,2025-11-26T15:16:39.799Z,FFF5-Write,f4:db:00:00:00:d9,0x0021,0x07,07 3E 04 00 00 03,6
hci_snoop_2025_11_26_15_14_35.cfa,2230,2025-11-26T15:16:40.068Z,FFF5-Write,f4:db:00:00:00:d9,0x0021,0x07,07 41 04 00 00 03,6
hci_snoop_2025_11_26_15_14_35.cfa,2234,2025-11-26T15:16:40.343Z,FFF5-Write,f4:db:00:00:00:d9,0x0021,0x07,07 44 04 00 00 03,6
hci_snoop_2025_11_26_15_14_35.cfa,2238,2025-11-26T15:16:40.611Z,FFF5-Write,f4:db:00:00:00:d9,0x0021,0x07,07 47 04 00 00 03,6
hci_snoop_2025_11_26_15_14_35.cfa,2242,2025-11-26T15:16:40.878Z,FFF5-Write,f4:db:00:00:00:d9,0x0021,0x07,07 4A 04 00 00 03,6
hci_snoop_2025_11_26_15_14_35.cfa,2246,2025-11-26T15:16:41.149Z,FFF5-Write,f4:db:00:00:00:d9,0x0021,0x07,07 4D 04 00 00 03,6
hci_snoop_2025_11_26_15_14_35.cfa,2250,2025-11-26T15:16:41.417Z,FFF5-Write,f4:db:00:00:00:d9,0x0021,0x07,07 50 04 00 00 03,6
hci_snoop_2025_11_26_15_14_35.cfa,2254,2025-11-26T15:16:41.691Z,FFF5-Write,f4:db:00:00:00:d9,0x0021,0x07,07 53 04 00 00 03,6
hci_snoop_2025_11_26_15_14_35.cfa,2258,2025-11-26T15:16:41.961Z,FFF5-Write,f4:db:00:00:00:d9,0x0021,0x07,07 56 04 00 00 03,6
hci_snoop_2025_11_26_15_14_35.cfa,2263,2025-11-26T15:16:42.228Z,FFF5-Write,f4:db:00:00:00:d9,0x0021,0x07,07 59 04 00 00 03,6
hci_snoop_2025_11_26_15_14_35.cfa,2267,2025-11-26T15:16:42.503Z,FFF5-Write,f4:db:00:00:00:d9,0x0021,0x07,07 5C 04 00 00 03,6
hci_snoop_2025_11_26_15_14_35.cfa,2271,2025-11-26T15:16:42.771Z,FFF5-Write,f4:db:00:00:00:d9,0x0021,0x07,07 5F 04 00 00 03,6
hci_snoop_2025_11_26_15_14_35.cfa,2275,2025-11-26T15:16:43.042Z,FFF5-Write,f4:db:00:00:00:d9,0x0021,0x07,07 62 04 00 00 03,6
hci_snoop_2025_11_26_15_14_35.cfa,2279,2025-11-26T15:16:43.309Z,FFF5-Write,f4:db:00:00:00:d9,0x0021,0x07,07 65 04 00 00 03,6
hci_snoop_2025_11_26_15_14_35.cfa,2283,2025-11-26T15:16:43.579Z,FFF5-Write,f4:db:00:00:00:d9,0x0021,0x07,07 68 04 00 00 03,6
hci_snoop_2025_11_26_15_14_35.cfa,2287,2025-11-26T15:16:43.849Z,FFF5-Write,f4:db:00:00:00:d9,0x0021,0x07,07 6B 04 00 00 03,6
hci_snoop_2025_11_26_15_14_35.cfa,2291,2025-11-26T15:16:44.121Z,FFF5-Write,f4:db:00:00:00:d9,0x0021,0x07,07 6E 04 00 00 03,6
hci_snoop_2025_11_26_15_14_35.cfa,2295,2025-11-26T15:16:44.400Z,FFF5-Write,f4:db:00:00:00:d9,0x0021,0x07,07 71 04 00 00 03,6
hci_snoop_2025_11_26_15_14_35.cfa,2299,2025-11-26T15:16:44.660Z,FFF5-Write,f4:db:00:00:00:d9,0x0021,0x07,07 74 04 00 00 03,6
hci_snoop_2025_11_26_15_14_35.cfa,2303,2025-11-26T15:16:44.937Z,FFF5-Write,f4:db:00:00:00:d9,0x0021,0x07,07 77 04 00 00 03,6
hci_snoop_2025_11_26_15_14_35.cfa,2307,2025-11-26T15:16:45.295Z,FFF5-Write,f4:db:00:00:00:d9,0x0021,0x07,07 7A 04 00 00 03,6
hci_snoop_2025_11_26_15_14_35.cfa,2311,2025-11-26T15:16:45.559Z,FFF5-Write,f4:db:00:00:00:d9,0x0021,0x07,07 7D 04 00 00 03,6
hci_snoop_2025_11_26_15_14_35.cfa,2315,2025-11-26T15:16:45.830Z,FFF5-Write,f4:db:00:00:00:d9,0x0021,0x07,07 80 04 00 00 03,6
hci_snoop_2025_11_26_15_14_35.cfa,2319,2025-11-26T15:16:46.098Z,FFF5-Write,f4:db:00:00:00:d9,0x0021,0x07,07 83 04 00 00 03,6
hci_snoop_2025_11_26_15_14_35.cfa,2323,2025-11-26T15:16:46.368Z,FFF5-Write,f4:db:00:00:00:d9,0x0021,0x07,07 86 04 00 00 03,6
hci_snoop_2025_11_26_15_14_35.cfa,2327,2025-11-26T15:16:46.639Z,FFF5-Write,f4:db:00:00:00:d9,0x0021,0x07,07 89 04 00 00 03,6
hci_snoop_2025_11_26_15_14_35.cfa,2331,2025-11-26T15:16:46.910Z,FFF5-Write,f4:db:00:00:00:d9,0x0021,0x07,07 8C 04 00 00 03,6
hci_snoop_2025_11_26_15_14_35.cfa,2335,2025-11-26T15:16:47.179Z,FFF5-Write,f4:db:00:00:00:d9,0x0021,0x07,07 8F 04 00 00 03,6
hci_snoop_2025_11_26_15_14_35.cfa,2339,2025-11-26T15:16:47.448Z,FFF5-Write,f4:db:00:00:00:d9,0x0021,0x07,07 92 04 00 00 03,6
hci_snoop_2025_11_26_15_14_35.cfa,2343,2025-11-26T15:16:47.719Z,FFF5-Write,f4:db:00:00:00:d9,0x0021,0x07,07 95 04 00 00 03,6
hci_snoop_2025_11_26_15_14_35.cfa,2347,2025-11-26T15:16:48.077Z,FFF5-Write,f4:db:00:00:00:d9,0x0021,0x07,07 98 04 00 00 03,6
hci_snoop_2025_11_26_15_14_35.cfa,2351,2025-11-26T15:16:48.351Z,FFF5-Write,f4:db:00:00:00:d9,0x0021,0x07,07 9B 04 00 00 03,6
hci_snoop_2025_11_26_15_14_35.cfa,2355,2025-11-26T15:16:48.620Z,FFF5-Write,f4:db:00:00:00:d9,0x0021,0x07,07 9E 04 00 00 03,6
hci_snoop_2025_11_26_15_14_35.cfa,2359,2025-11-26T15:16:48.890Z,FFF5-Write,f4:db:00:00:00:d9,0x0021,0x07,07 A1 04 00 00 03,6
hci_snoop_2025_11_26_15_14_35.cfa,2363,2025-11-26T15:16:49.159Z,FFF5-Write,f4:db:00:00:00:d9,0x0021,0x07,07 A4 04 00 00 03,6
hci_snoop_2025_11_26_15_14_35.cfa,2367,2025-11-26T15:16:49.428Z,FFF5-Write,f4:db:00:00:00:d9,0x0021,0x07,07 A7 04 00 00 03,6
hci_snoop_2025_11_26_15_14_35.cfa,2371,2025-11-26T15:16:49.698Z,FFF5-Write,f4:db:00:00:00:d9,0x0021,0x07,07 AA 04 00 00 03,6
hci_snoop_2025_11_26_15_14_35.cfa,2375,2025-11-26T15:16:49.975Z,FFF5-Write,f4:db:00:00:00:d9,0x0021,0x07,07 AD 04 00 00 03,6
hci_snoop_2025_11_26_15_14_35.cfa,2379,2025-11-26T15:16:50.238Z,FFF5-Write,f4:db:00:00:00:d9,0x0021,0x07,07 B0 04 00 00 03,6
hci_snoop_2025_11_26_15_14_35.cfa,2383,2025-11-26T15:16:50.508Z,FFF5-Write,f4:db:00:00:00:d9,0x0021,0x07,07 B3 04 00 00 03,6
hci_snoop_2025_11_26_15_14_35.cfa,2388,2025-11-26T15:16:50.877Z,FFF5-Write,f4:db:00:00:00:d9,0x0021,0x07,07 B6 04 00 00 03,6
hci_snoop_2025_11_26_15_14_35.cfa,2392,2025-11-26T15:16:51.141Z,FFF5-Write,f4:db:00:00:00:d9,0x0021,0x07,07 B9 04 00 00 03,6
hci_snoop_2025_11_26_15_14_35.cfa,2396,2025-11-26T15:16:51.410Z,FFF5-Write,f4:db:00:00:00:d9,0x0021,0x07,07 BC 04 00 00 03,6
hci_snoop_2025_11_26_15_14_35.cfa,2400,2025-11-26T15:16:51.680Z,FFF5-Write,f4:db:00:00:00:d9,0x0021,0x07,07 BF 04 00 00 03,6
hci_snoop_2025_11_26_15_14_35.cfa,2404,2025-11-26T15:16:51.950Z,FFF5-Write,f4:db:00:00:00:d9,0x0021,0x07,07 C2 04 00 00 03,6
hci_snoop_2025_11_26_15_14_35.cfa,2408,2025-11-26T15:16:52.218Z,FFF5-Write,f4:db:00:00:00:d9,0x0021,0x07,07 C5 04 00 00 03,6
hci_snoop_2025_11_26_15_14_35.cfa,2412,2025-11-26T15:16:52.490Z,FFF5-Write,f4:db:00:00:00:d9,0x0021,0x07,07 C8 04 00 00 03,6
hci_snoop_2025_11_26_15_14_35.cfa,2416,2025-11-26T15:16:52.762Z,FFF5-Write,f4:db:00:00:00:d9,0x0021,0x07,07 CB 04 00 00 03,6
hci_snoop_2025_11_26_15_14_35.cfa,2420,2025-11-26T15:16:53.028Z,FFF5-Write,f4:db:00:00:00:d9,0x0021,0x07,07 CE 04 00 00 03,6
hci_snoop_2025_11_26_15_14_35.cfa,2424,2025-11-26T15:16:53.298Z,FFF5-Write,f4:db:00:00:00:d9,0x0021,0x07,07 D1 04 00 00 03,6
hci_snoop_2025_11_26_15_14_35.cfa,2428,2025-11-26T15:16:53.568Z,FFF5-Write,f4:db:00:00:00:d9,0x0021,0x07,07 D4 04 00 00 03,6
hci_snoop_2025_11_26_15_14_35.cfa,2432,2025-11-26T15:16:53.838Z,FFF5-Write,f4:db:00:00:00:d9,0x0021,0x07,07 D7 04 00 00 03,6
hci_snoop_2025_11_26_15_14_35.cfa,2436,2025-11-26T15:16:54.111Z,FFF5-Write,f4:db:00:00:00:d9,0x0021,0x07,07 DA 04 00 00 03,6
hci_snoop_2025_11_26_15_14_35.cfa,2440,2025-11-26T15:16:54.385Z,FFF5-Write,f4:db:00:00:00:d9,0x0021,0x07,07 DD 04 00 00 03,6
hci_snoop_2025_11_26_15_14_35.cfa,2444,2025-11-26T15:16:54.651Z,FFF5-Write,f4:db:00:00:00:d9,0x0021,0x07,07 E0 04 00 00 03,6
hci_snoop_2025_11_26_15_14_35.cfa,2448,2025-11-26T15:16:54.919Z,FFF5-Write,f4:db:00:00:00:d9,0x0021,0x07,07 E3 04 00 00 03,6
hci_snoop_2025_11_26_15_14_35.cfa,2452,2025-11-26T15:16:55.191Z,FFF5-Write,f4:db:00:00:00:d9,0x0021,0x07,07 E6 04 00 00 03,6
hci_snoop_2025_11_26_15_14_35.cfa,2456,2025-11-26T15:16:55.460Z,FFF5-Write,f4:db:00:00:00:d9,0x0021,0x07,07 E9 04 00 00 03,6
hci_snoop_2025_11_26_15_14_35.cfa,2460,2025-11-26T15:16:55.728Z,FFF5-Write,f4:db:00:00:00:d9,0x0021,0x07,07 EC 04 00 00 03,6
hci_snoop_2025_11_26_15_14_35.cfa,2464,2025-11-26T15:16:55.998Z,FFF5-Write,f4:db:00:00:00:d9,0x0021,0x07,07 EF 04 00 00 03,6
hci_snoop_2025_11_26_15_14_35.cfa,2468,2025-11-26T15:16:56.268Z,FFF5-Write,f4:db:00:00:00:d9,0x0021,0x07,07 F2 04 00 00 03,6
hci_snoop_2025_11_26_15_14_35.cfa,2472,2025-11-26T15:16:56.541Z,FFF5-Write,f4:db:00:00:00:d9,0x0021,0x07,07 F5 04 00 00 03,6
hci_snoop_2025_11_26_15_14_35.cfa,2476,2025-11-26T15:16:56.810Z,FFF5-Write,f4:db:00:00:00:d9,0x0021,0x07,07 F8 04 00 00 03,6
hci_snoop_2025_11_26_15_14_35.cfa,2480,2025-11-26T15:16:57.079Z,FFF5-Write,f4:db:00:00:00:d9,0x0021,0x07,07 FB 04 00 00 03,6
hci_snoop_2025_11_26_15_14_35.cfa,2485,2025-11-26T15:16:57.347Z,FFF5-Write,f4:db:00:00:00:d9,0x0021,0x07,07 FE 04 00 00 03,6
hci_snoop_2025_11_26_15_14_35.cfa,2489,2025-11-26T15:16:57.620Z,FFF5-Write,f4:db:00:00:00:d9,0x0021,0x07,07 01 05 00 00 03,6
hci_snoop_2025_11_26_15_14_35.cfa,2493,2025-11-26T15:16:57.888Z,FFF5-Write,f4:db:00:00:00:d9,0x0021,0x07,07 04 05 00 00 03,6
hci_snoop_2025_11_26_15_14_35.cfa,2497,2025-11-26T15:16:58.159Z,FFF5-Write,f4:db:00:00:00:d9,0x0021,0x07,07 07 05 00 00 03,6
hci_snoop_2025_11_26_15_14_35.cfa,2501,2025-11-26T15:16:58.431Z,FFF5-Write,f4:db:00:00:00:d9,0x0021,0x07,07 0A 05 00 00 03,6
hci_snoop_2025_11_26_15_14_35.cfa,2505,2025-11-26T15:16:58.699Z,FFF5-Write,f4:db:00:00:00:d9,0x0021,0x07,07 0D 05 00 00 03,6
hci_snoop_2025_11_26_15_14_35.cfa,2509,2025-11-26T15:16:58.969Z,FFF5-Write,f4:db:00:00:00:d9,0x0021,0x07,07 10 05 00 00 03,6
hci_snoop_2025_11_26_15_14_35.cfa,2513,2025-11-26T15:16:59.242Z,FFF5-Write,f4:db:00:00:00:d9,0x0021,0x07,07 13 05 00 00 03,6
hci_snoop_2025_11_26_15_14_35.cfa,2517,2025-11-26T15:16:59.508Z,FFF5-Write,f4:db:00:00:00:d9,0x0021,0x07,07 16 05 00 00 03,6
hci_snoop_2025_11_26_15_14_35.cfa,2521,2025-11-26T15:16:59.779Z,FFF5-Write,f4:db:00:00:00:d9,0x0021,0x07,07 19 05 00 00 03,6
hci_snoop_2025_11_26_15_14_35.cfa,2525,2025-11-26T15:17:00.048Z,FFF5-Write,f4:db:00:00:00:d9,0x0021,0x07,07 1C 05 00 00 03,6
hci_snoop_2025_11_26_15_14_35.cfa,2529,2025-11-26T15:17:00.317Z,FFF5-Write,f4:db:00:00:00:d9,0x0021,0x07,07 1F 05 00 00 03,6
hci_snoop_2025_11_26_15_14_35.cfa,2533,2025-11-26T15:17:00.590Z,FFF5-Write,f4:db:00:00:00:d9,0x0021,0x07,07 22 05 00 00 03,6
hci_snoop_2025_11_26_15_14_35.cfa,2537,2025-11-26T15:17:00.857Z,FFF5-Write,f4:db:00:00:00:d9,0x0021,0x07,07 25 05 00 00 03,6
hci_snoop_2025_11_26_15_14_35.cfa,2541,2025-11-26T15:17:01.130Z,FFF5-Write,f4:db:00:00:00:d9,0x0021,0x07,07 28 05 00 00 03,6
hci_snoop_2025_11_26_15_14_35.cfa,2545,2025-11-26T15:17:01.398Z,FFF5-Write,f4:db:00:00:00:d9,0x0021,0x07,07 2B 05 00 00 03,6
hci_snoop_2025_11_26_15_14_35.cfa,2549,2025-11-26T15:17:01.667Z,FFF5-Write,f4:db:00:00:00:d9,0x0021,0x07,07 2E 05 00 00 03,6
hci_snoop_2025_11_26_15_14_35.cfa,2553,2025-11-26T15:17:01.938Z,FFF5-Write,f4:db:00:00:00:d9,0x0021,0x07,07 31 05 00 00 03,6
hci_snoop_2025_11_26_15_14_35.cfa,2557,2025-11-26T15:17:02.210Z,FFF5-Write,f4:db:00:00:00:d9,0x0021,0x07,07 34 05 00 00 03,6
hci_snoop_2025_11_26_15_14_35.cfa,2561,2025-11-26T15:17:02.481Z,FFF5-Write,f4:db:00:00:00:d9,0x0021,0x07,07 37 05 00 00 03,6
hci_snoop_2025_11_26_15_14_35.cfa,2565,2025-11-26T15:17:02.749Z,FFF5-Write,f4:db:00:00:00:d9,0x0021,0x07,07 3A 05 00 00 03,6
hci_snoop_2025_11_26_15_14_35.cfa,2569,2025-11-26T15:17:03.020Z,FFF5-Write,f4:db:00:00:00:d9,0x0021,0x07,07 3D 05 00 00 03,6
hci_snoop_2025_11_26_15_14_35.cfa,2573,2025-11-26T15:17:03.288Z,FFF5-Write,f4:db:00:00:00:d9,0x0021,0x07,07 40 05 00 00 03,6
hci_snoop_2025_11_26_15_14_35.cfa,2577,2025-11-26T15:17:03.560Z,FFF5-Write,f4:db:00:00:00:d9,0x0021,0x07,07 43 05 00 00 03,6
hci_snoop_2025_11_26_15_14_35.cfa,2581,2025-11-26T15:17:03.830Z,FFF5-Write,f4:db:00:00:00:d9,0x0021,0x07,07 46 05 00 00 03,6
hci_snoop_2025_11_26_15_14_35.cfa,2585,2025-11-26T15:17:04.100Z,FFF5-Write,f4:db:00:00:00:d9,0x0021,0x07,07 49 05 00 00 03,6
hci_snoop_2025_11_26_15_14_35.cfa,2589,2025-11-26T15:17:04.369Z,FFF5-Write,f4:db:00:00:00:d9,0x0021,0x07,07 4C 05 00 00 03,6
hci_snoop_2025_11_26_15_14_35.cfa,2593,2025-11-26T15:17:04.640Z,FFF5-Write,f4:db:00:00:00:d9,0x0021,0x07,07 4F 05 00 00 03,6
hci_snoop_2025_11_26_15_14_35.cfa,2597,2025-11-26T15:17:04.908Z,FFF5-Write,f4:db:00:00:00:d9,0x0021,0x07,07 52 05 00 00 03,6
hci_snoop_2025_11_26_15_14_35.cfa,2601,2025-11-26T15:17:05.178Z,FFF5-Write,f4:db:00:00:00:d9,0x0021,0x07,07 55 05 00 00 03,6
hci_snoop_2025_11_26_15_14_35.cfa,2605,2025-11-26T15:17:05.450Z,FFF5-Write,f4:db:00:00:00:d9,0x0021,0x07,07 58 05 00 00 03,6
hci_snoop_2025_11_26_15_14_35.cfa,2609,2025-11-26T15:17:05.720Z,FFF5-Write,f4:db:00:00:00:d9,0x0021,0x07,07 5B 05 00 00 03,6
hci_snoop_2025_11_26_15_14_35.cfa,2613,2025-11-26T15:17:05.990Z,FFF5-Write,f4:db:00:00:00:d9,0x0021,0x07,07 5E 05 00 00 03,6
hci_snoop_2025_11_26_15_14_35.cfa,2617,2025-11-26T15:17:06.258Z,FFF5-Write,f4:db:00:00:00:d9,0x0021,0x07,07 61 05 00 00 03,6
hci_snoop_2025_11_26_15_14_35.cfa,2621,2025-11-26T15:17:06.530Z,FFF5-Write,f4:db:00:00:00:d9,0x0021,0x07,07 64 05 00 00 03,6
hci_snoop_2025_11_26_15_14_35.cfa,2625,2025-11-26T15:17:06.799Z,FFF5-Write,f4:db:00:00:00:d9,0x0021,0x07,07 67 05 00 00 03,6
hci_snoop_2025_11_26_15_14_35.cfa,2629,2025-11-26T15:17:07.069Z,FFF5-Write,f4:db:00:00:00:d9,0x0021,0x07,07 6A 05 00 00 03,6
hci_snoop_2025_11_26_15_14_35.cfa,2633,2025-11-26T15:17:07.339Z,FFF5-Write,f4:db:00:00:00:d9,0x0021,0x07,07 6D 05 00 00 03,6
hci_snoop_2025_11_26_15_14_35.cfa,2637,2025-11-26T15:17:07.611Z,FFF5-Write,f4:db:00:00:00:d9,0x0021,0x07,07 70 05 00 00 03,6
hci_snoop_2025_11_26_15_14_35.cfa,2641,2025-11-26T15:17:07.879Z,FFF5-Write,f4:db:00:00:00:d9,0x0021,0x07,07 73 05 00 00 03,6
hci_snoop_2025_11_26_15_14_35.cfa,2645,2025-11-26T15:17:08.150Z,FFF5-Write,f4:db:00:00:00:d9,0x0021,0x07,07 76 05 00 00 03,6
hci_snoop_2025_11_26_15_14_35.cfa,2649,2025-11-26T15:17:08.419Z,FFF5-Write,f4:db:00:00:00:d9,0x0021,0x07,07 79 05 00 00 03,6
hci_snoop_2025_11_26_15_14_35.cfa,2653,2025-11-26T15:17:08.688Z,FFF5-Write,f4:db:00:00:00:d9,0x0021,0x07,07 7C 05 00 00 03,6
hci_snoop_2025_11_26_15_14_35.cfa,2657,2025-11-26T15:17:08.959Z,FFF5-Write,f4:db:00:00:00:d9,0x0021,0x07,07 7F 05 00 00 03,6
hci_snoop_2025_11_26_15_14_35.cfa,2661,2025-11-26T15:17:09.230Z,FFF5-Write,f4:db:00:00:00:d9,0x0021,0x07,07 82 05 00 00 03,6
hci_snoop_2025_11_26_15_14_35.cfa,2665,2025-11-26T15:17:09.505Z,FFF5-Write,f4:db:00:00:00:d9,0x0021,0x07,07 85 05 00 00 03,6
hci_snoop_2025_11_26_15_14_35.cfa,2669,2025-11-26T15:17:09.768Z,FFF5-Write,f4:db:00:00:00:d9,0x0021,0x07,07 88 05 00 00 03,6
hci_snoop_2025_11_26_15_14_35.cfa,2673,2025-11-26T15:17:10.044Z,FFF5-Write,f4:db:00:00:00:d9,0x0021,0x07,07 8B 05 00 00 03,6
hci_snoop_2025_11_26_15_14_35.cfa,2678,2025-11-26T15:17:10.312Z,FFF5-Write,f4:db:00:00:00:d9,0x0021,0x07,07 8E 05 00 00 03,6
hci_snoop_2025_11_26_15_14_35.cfa,2682,2025-11-26T15:17:10.579Z,FFF5-Write,f4:db:00:00:00:d9,0x0021,0x07,07 91 05 00 00 03,6
hci_snoop_2025_11_26_15_14_35.cfa,2686,2025-11-26T15:17:10.850Z,FFF5-Write,f4:db:00:00:00:d9,0x0021,0x07,07 94 05 00 00 03,6
hci_snoop_2025_11_26_15_14_35.cfa,2690,2025-11-26T15:17:11.121Z,FFF5-Write,f4:db:00:00:00:d9,0x0021,0x07,07 97 05 00 00 03,6
hci_snoop_2025_11_26_15_14_35.cfa,2694,2025-11-26T15:17:11.388Z,FFF5-Write,f4:db:00:00:00:d9,0x0021,0x07,07 9A 05 00 00 03,6
hci_snoop_2025_11_26_15_14_35.cfa,2698,2025-11-26T15:17:11.662Z,FFF5-Write,f4:db:00:00:00:d9,0x0021,0x07,07 9D 05 00 00 03,6
hci_snoop_2025_11_26_15_14_35.cfa,2702,2025-11-26T15:17:11.928Z,FFF5-Write,f4:db:00:00:00:d9,0x0021,0x07,07 A0 05 00 00 03,6
hci_snoop_2025_11_26_15_14_35.cfa,2706,2025-11-26T15:17:12.199Z,FFF5-Write,f4:db:00:00:00:d9,0x0021,0x07,07 A3 05 00 00 03,6
hci_snoop_2025_11_26_15_14_35.cfa,2710,2025-11-26T15:17:12.467Z,FFF5-Write,f4:db:00:00:00:d9,0x0021,0x07,07 A6 05 00 00 03,6
hci_snoop_2025_11_26_15_14_35.cfa,2714,2025-11-26T15:17:12.738Z,FFF5-Write,f4:db:00:00:00:d9,0x0021,0x07,07 A9 05 00 00 03,6
hci_snoop_2025_11_26_15_14_35.cfa,2718,2025-11-26T15:17:13.007Z,FFF5-Write,f4:db:00:00:00:d9,0x0021,0x07,07 AC 05 00 00 03,6
hci_snoop_2025_11_26_15_14_35.cfa,2722,2025-11-26T15:17:13.278Z,FFF5-Write,f4:db:00:00:00:d9,0x0021,0x07,07 AF 05 00 00 03,6
hci_snoop_2025_11_26_15_14_35.cfa,2726,2025-11-26T15:17:13.552Z,FFF5-Write,f4:db:00:00:00:d9,0x0021,0x07,07 B2 05 00 00 03,6
hci_snoop_2025_11_26_15_14_35.cfa,2730,2025-11-26T15:17:13.821Z,FFF5-Write,f4:db:00:00:00:d9,0x0021,0x07,07 B5 05 00 00 03,6
hci_snoop_2025_11_26_15_14_35.cfa,2734,2025-11-26T15:17:14.089Z,FFF5-Write,f4:db:00:00:00:d9,0x0021,0x07,07 B8 05 00 00 03,6
hci_snoop_2025_11_26_15_14_35.cfa,2738,2025-11-26T15:17:14.358Z,FFF5-Write,f4:db:00:00:00:d9,0x0021,0x07,07 BB 05 00 00 03,6
hci_snoop_2025_11_26_15_14_35.cfa,2742,2025-11-26T15:17:14.628Z,FFF5-Write,f4:db:00:00:00:d9,0x0021,0x07,07 BE 05 00 00 03,6
hci_snoop_2025_11_26_15_14_35.cfa,2746,2025-11-26T15:17:14.901Z,FFF5-Write,f4:db:00:00:00:d9,0x0021,0x07,07 C1 05 00 00 03,6
hci_snoop_2025_11_26_15_14_35.cfa,2750,2025-11-26T15:17:15.167Z,FFF5-Write,f4:db:00:00:00:d9,0x0021,0x07,07 C4 05 00 00 03,6
hci_snoop_2025_11_26_15_14_35.cfa,2754,2025-11-26T15:17:15.440Z,FFF5-Write,f4:db:00:00:00:d9,0x0021,0x07,07 C7 05 00 00 03,6
hci_snoop_2025_11_26_15_14_35.cfa,2758,2025-11-26T15:17:15.708Z,FFF5-Write,f4:db:00:00:00:d9,0x0021,0x07,07 CA 05 00 00 03,6
hci_snoop_2025_11_26_15_14_35.cfa,2762,2025-11-26T15:17:15.980Z,FFF5-Write,f4:db:00:00:00:d9,0x0021,0x07,07 CD 05 00 00 03,6
hci_snoop_2025_11_26_15_14_35.cfa,2766,2025-11-26T15:17:16.248Z,FFF5-Write,f4:db:00:00:00:d9,0x0021,0x07,07 D0 05 00 00 03,6
hci_snoop_2025_11_26_15_14_35.cfa,2770,2025-11-26T15:17:16.519Z,FFF5-Write,f4:db:00:00:00:d9,0x0021,0x07,07 D3 05 00 00 03,6
hci_snoop_2025_11_26_15_14_35.cfa,2774,2025-11-26T15:17:16.792Z,FFF5-Write,f4:db:00:00:00:d9,0x0021,0x07,07 D6 05 00 00 03,6
hci_snoop_2025_11_26_15_14_35.cfa,2778,2025-11-26T15:17:17.057Z,FFF5-Write,f4:db:00:00:00:d9,0x0021,0x07,07 D9 05 00 00 03,6
hci_snoop_2025_11_26_15_14_35.cfa,2782,2025-11-26T15:17:17.330Z,FFF5-Write,f4:db:00:00:00:d9,0x0021,0x07,07 DC 05 00 00 03,6
hci_snoop_2025_11_26_15_14_35.cfa,2786,2025-11-26T15:17:17.600Z,FFF5-Write,f4:db:00:00:00:d9,0x0021,0x07,07 DF 05 00 00 03,6
hci_snoop_2025_11_26_15_14_35.cfa,2790,2025-11-26T15:17:17.869Z,FFF5-Write,f4:db:00:00:00:d9,0x0021,0x07,07 E2 05 00 00 03,6
hci_snoop_2025_11_26_15_14_35.cfa,2794,2025-11-26T15:17:18.137Z,FFF5-Write,f4:db:00:00:00:d9,0x0021,0x07,07 E5 05 00 00 03,6
hci_snoop_2025_11_26_15_14_35.cfa,2798,2025-11-26T15:17:18.404Z,FFF5-Write,f4:db:00:00:00:d9,0x0021,0x07,07 E8 05 00 00 03,6
hci_snoop_2025_11_26_15_14_35.cfa,2854,2025-11-26T15:17:18.685Z,FFF5-Write,f4:db:00:00:00:d9,0x0021,0x07,07 EB 05 00 00 03,6
hci_snoop_2025_11_26_15_14_35.cfa,2858,2025-11-26T15:17:18.951Z,FFF5-Write,f4:db:00:00:00:d9,0x0021,0x07,07 EE 05 00 00 03,6
hci_snoop_2025_11_26_15_14_35.cfa,2862,2025-11-26T15:17:19.217Z,FFF5-Write,f4:db:00:00:00:d9,0x0021,0x07,07 F1 05 00 00 03,6
hci_snoop_2025_11_26_15_14_35.cfa,2866,2025-11-26T15:17:19.511Z,FFF5-Write,f4:db:00:00:00:d9,0x0021,0x07,07 F4 05 00 00 03,6
hci_snoop_2025_11_26_15_14_35.cfa,2871,2025-11-26T15:17:19.780Z,FFF5-Write,f4:db:00:00:00:d9,0x0021,0x07,07 F7 05 00 00 03,6
hci_snoop_2025_11_26_15_14_35.cfa,2875,2025-11-26T15:17:20.046Z,FFF5-Write,f4:db:00:00:00:d9,0x0021,0x07,07 FA 05 00 00 03,6
hci_snoop_2025_11_26_15_14_35.cfa,2879,2025-11-26T15:17:20.328Z,FFF5-Write,f4:db:00:00:00:d9,0x0021,0x07,07 FD 05 00 00 03,6
hci_snoop_2025_11_26_15_14_35.cfa,2883,2025-11-26T15:17:20.602Z,FFF5-Write,f4:db:00:00:00:d9,0x0021,0x07,07 00 06 00 00 03,6
hci_snoop_2025_11_26_15_14_35.cfa,2887,2025-11-26T15:17:20.863Z,FFF5-Write,f4:db:00:00:00:d9,0x0021,0x07,07 03 06 00 00 03,6
hci_snoop_2025_11_26_15_14_35.cfa,2891,2025-11-26T15:17:21.131Z,FFF5-Write,f4:db:00:00:00:d9,0x0021,0x07,07 06 06 00 00 03,6
hci_snoop_2025_11_26_15_14_35.cfa,2895,2025-11-26T15:17:21.396Z,FFF5-Write,f4:db:00:00:00:d9,0x0021,0x07,07 09 06 00 00 03,6
hci_snoop_2025_11_26_15_14_35.cfa,2919,2025-11-26T15:17:21.680Z,FFF5-Write,f4:db:00:00:00:d9,0x0021,0x07,07 0C 06 00 00 03,6
hci_snoop_2025_11_26_15_14_35.cfa,2923,2025-11-26T15:17:21.947Z,FFF5-Write,f4:db:00:00:00:d9,0x0021,0x07,07 0F 06 00 00 03,6
hci_snoop_2025_11_26_15_14_35.cfa,2927,2025-11-26T15:17:22.214Z,FFF5-Write,f4:db:00:00:00:d9,0x0021,0x07,07 12 06 00 00 03,6
hci_snoop_2025_11_26_15_14_35.cfa,2931,2025-11-26T15:17:22.480Z,FFF5-Write,f4:db:00:00:00:d9,0x0021,0x07,07 15 06 00 00 03,6
hci_snoop_2025_11_26_15_14_35.cfa,2935,2025-11-26T15:17:22.747Z,FFF5-Write,f4:db:00:00:00:d9,0x0021,0x07,07 18 06 00 00 03,6
hci_snoop_2025_11_26_15_14_35.cfa,2939,2025-11-26T15:17:23.029Z,FFF5-Write,f4:db:00:00:00:d9,0x0021,0x07,07 1B 06 00 00 03,6
hci_snoop_2025_11_26_15_14_35.cfa,2943,2025-11-26T15:17:23.296Z,FFF5-Write,f4:db:00:00:00:d9,0x0021,0x07,07 1E 06 00 00 03,6
hci_snoop_2025_11_26_15_14_35.cfa,2947,2025-11-26T15:17:23.562Z,FFF5-Write,f4:db:00:00:00:d9,0x0021,0x07,07 21 06 00 00 03,6
hci_snoop_2025_11_26_15_14_35.cfa,2951,2025-11-26T15:17:23.830Z,FFF5-Write,f4:db:00:00:00:d9,0x0021,0x07,07 24 06 00 00 03,6
hci_snoop_2025_11_26_15_14_35.cfa,2955,2025-11-26T15:17:24.098Z,FFF5-Write,f4:db:00:00:00:d9,0x0021,0x07,07 27 06 00 00 03,6
hci_snoop_2025_11_26_15_14_35.cfa,2959,2025-11-26T15:17:24.380Z,FFF5-Write,f4:db:00:00:00:d9,0x0021,0x07,07 2A 06 00 00 03,6
hci_snoop_2025_11_26_15_14_35.cfa,2963,2025-11-26T15:17:24.648Z,FFF5-Write,f4:db:00:00:00:d9,0x0021,0x07,07 2D 06 00 00 03,6
hci_snoop_2025_11_26_15_14_35.cfa,2967,2025-11-26T15:17:24.915Z,FFF5-Write,f4:db:00:00:00:d9,0x0021,0x07,07 30 06 00 00 01,6
hci_snoop_2025_11_26_15_14_35.cfa,3164,2025-11-26T15:18:52.217Z,FFF5-Write,f4:db:00:00:00:d9,0x0021,0x04,04 00 00 00 00,5
hci_snoop_2025_11_26_15_14_35.cfa,3260,2025-11-26T15:19:27.790Z,FFF5-Write,f4:db:00:00:00:d9,0x0021,0x18,18 E7 03 5E,4
hci_snoop_2025_11_26_15_14_35.cfa,3426,2025-11-26T15:19:35.406Z,FFF5-Write,f4:db:00:00:00:d9,0x0021,0x01,01,1
hci_snoop_2025_11_26_15_14_35.cfa,3431,2025-11-26T15:19:35.457Z,FFF5-Write,f4:db:00:00:00:d9,0x0021,0x07,07 31 06 00 00 01,6
hci_snoop_2025_11_26_15_14_35.cfa,3593,2025-11-26T15:19:48.924Z,FFF5-Write,f4:db:00:00:00:d9,0x0021,0x18,18 00 00 70,4
hci_snoop_2025_11_26_15_14_35.cfa,584,2025-11-26T15:14:55.483Z,FFF3-Notify,f4:db:00:00:00:d9,0x0024,0x1A,1A 01 00 01 00 00 00 00 00 00 00 00 00 00 00 00 00 00 00 00,20
hci_snoop_2025_11_26_15_14_35.cfa,755,2025-11-26T15:15:03.898Z,FFF3-Notify,f4:db:00:00:00:d9,0x0024,0x01,01 31 06 00 00 00 00 00 00 00 00 00 00 00 00 00 00 00 00 00,20
hci_snoop_2025_11_26_15_14_35.cfa,760,2025-11-26T15:15:03.990Z,FFF3-Notify,f4:db:00:00:00:d9,0x0024,0x07,07 00 00 00 00 03 81 01 7B 01 79 01 B4 03 BC 03 CB 03 00 00,20
hci_snoop_2025_11_26_15_14_35.cfa,764,2025-11-26T15:15:04.169Z,FFF3-Notify,f4:db:00:00:00:d9,0x0024,0x07,07 03 00 00 00 03 74 01 67 01 5A 01 C0 03 CE 03 EF 03 00 00,20
hci_snoop_2025_11_26_15_14_35.cfa,768,2025-11-26T15:15:04.350Z,FFF3-Notify,f4:db:00:00:00:d9,0x0024,0x07,07 06 00 00 00 03 53 01 77 01 5C 01 04 04 BD 03 F4 03 00 00,20
hci_snoop_2025_11_26_15_14_35.cfa,772,2025-11-26T15:15:04.528Z,FFF3-Notify,f4:db:00:00:00:d9,0x0024,0x07,07 09 00 00 00 03 62 01 65 01 69 01 F0 03 E9 03 E4 03 00 00,20
hci_snoop_2025_11_26_15_14_35.cfa,776,2025-11-26T15:15:04.708Z,FFF3-Notify,f4:db:00:00:00:d9,0x0024,0x07,07 0C 00 00 00 03 6B 01 6E 01 6F 01 DE 03 D9 03 DC 03 00 00,20
hci_snoop_2025_11_26_15_14_35.cfa,780,2025-11-26T15:15:04.889Z,FFF3-Notify,f4:db:00:00:00:d9,0x0024,0x07,07 0F 00 00 00 03 71 01 72 01 6C 01 D3 03 CF 03 D5 03 00 00,20
hci_snoop_2025_11_26_15_14_35.cfa,784,2025-11-26T15:15:05.069Z,FFF3-Notify,f4:db:00:00:00:d9,0x0024,0x07,07 12 00 00 00 03 67 01 63 01 60 01 E1 03 E9 03 F1 03 00 00,20
hci_snoop_2025_11_26_15_14_35.cfa,789,2025-11-26T15:15:05.293Z,FFF3-Notify,f4:db:00:00:00:d9,0x0024,0x07,07 15 00 00 00 03 5D 01 5A 01 58 01 F9 03 00 04 06 04 00 00,20
hci_snoop_2025_11_26_15_14_35.cfa,793,2025-11-26T15:15:05.474Z,FFF3-Notify,f4:db:00:00:00:d9,0x0024,0x07,07 18 00 00 00 03 56 01 54 01 53 01 0B 04 0E 04 11 04 00 00,20
hci_snoop_2025_11_26_15_14_35.cfa,797,2025-11-26T15:15:05.654Z,FFF3-Notify,f4:db:00:00:00:d9,0x0024,0x07,07 1B 00 00 00 03 52 01 51 01 50 01 13 04 15 04 18 04 00 00,20
hci_snoop_2025_11_26_15_14_35.cfa,801,2025-11-26T15:15:05.837Z,FFF3-Notify,f4:db:00:00:00:d9,0x0024,0x07,07 1E 00 00 00 03 4F 01 4F 01 4E 01 19 04 1B 04 1D 04 00 00,20
hci_snoop_2025_11_26_15_14_35.cfa,805,2025-11-26T15:15:06.013Z,FFF3-Notify,f4:db:00:00:00:d9,0x0024,0x07,07 21 00 00 00 03 4D 01 4C 01 4C 01 1F 04 20 04 21 04 00 00,20
hci_snoop_2025_11_26_15_14_35.cfa,809,2025-11-26T15:15:06.194Z,FFF3-Notify,f4:db:00:00:00:d9,0x0024,0x07,07 24 00 00 00 03 4B 01 4B 01 4B 01 22 04 24 04 25 04 00 00,20
hci_snoop_2025_11_26_15_14_35.cfa,813,2025-11-26T15:15:06.373Z,FFF3-Notify,f4:db:00:00:00:d9,0x0024,0x07,07 27 00 00 00 03 4A 01 49 01 49 01 26 04 27 04 28 04 00 00,20
hci_snoop_2025_11_26_15_14_35.cfa,817,2025-11-26T15:15:06.553Z,FFF3-Notify,f4:db:00:00:00:d9,0x0024,0x07,07 2A 00 00 00 03 49 01 48 01 48 01 28 04 28 04 29 04 00 00,20
hci_snoop_2025_11_26_15_14_35.cfa,821,2025-11-26T15:15:06.735Z,FFF3-Notify,f4:db:00:00:00:d9,0x0024,0x07,07 2D 00 00 00 03 47 01 47 01 47 01 29 04 29 04 2A 04 00 00,20
hci_snoop_2025_11_26_15_14_35.cfa,825,2025-11-26T15:15:06.913Z,FFF3-Notify,f4:db:00:00:00:d9,0x0024,0x07,07 30 00 00 00 03 46 01 46 01 46 01 2B 04 2B 04 2C 04 00 00,20
hci_snoop_2025_11_26_15_14_35.cfa,829,2025-11-26T15:15:07.093Z,FFF3-Notify,f4:db:00:00:00:d9,0x0024,0x07,07 33 00 00 00 03 46 01 46 01 45 01 2D 04 2D 04 2E 04 00 00,20
hci_snoop_2025_11_26_15_14_35.cfa,833,2025-11-26T15:15:07.273Z,FFF3-Notify,f4:db:00:00:00:d9,0x0024,0x07,07 36 00 00 00 03 45 01 45 01 45 01 30 04 31 04 32 04 00 00,20
hci_snoop_2025_11_26_15_14_35.cfa,837,2025-11-26T15:15:07.455Z,FFF3-Notify,f4:db:00:00:00:d9,0x0024,0x07,07 39 00 00 00 03 44 01 44 01 45 01 33 04 35 04 3D 04 00 00,20
hci_snoop_2025_11_26_15_14_35.cfa,841,2025-11-26T15:15:07.637Z,FFF3-Notify,f4:db:00:00:00:d9,0x0024,0x07,07 3C 00 00 00 03 44 01 44 01 43 01 3F 04 40 04 41 04 00 00,20
hci_snoop_2025_11_26_15_14_35.cfa,845,2025-11-26T15:15:07.814Z,FFF3-Notify,f4:db:00:00:00:d9,0x0024,0x07,07 3F 00 00 00 03 43 01 43 01 43 01 42 04 44 04 45 04 00 00,20
hci_snoop_2025_11_26_15_14_35.cfa,849,2025-11-26T15:15:07.993Z,FFF3-Notify,f4:db:00:00:00:d9,0x0024,0x07,07 42 00 00 00 03 43 01 43 01 43 01 47 04 48 04 4A 04 00 00,20
hci_snoop_2025_11_26_15_14_35.cfa,853,2025-11-26T15:15:08.173Z,FFF3-Notify,f4:db:00:00:00:d9,0x0024,0x07,07 45 00 00 00 03 42 01 42 01 42 01 4B 04 4C 04 4C 04 00 00,20
hci_snoop_2025_11_26_15_14_35.cfa,857,2025-11-26T15:15:08.354Z,FFF3-Notify,f4:db:00:00:00:d9,0x0024,0x07,07 48 00 00 00 03 42 01 42 01 42 01 4E 04 4F 04 50 04 00 00,20
hci_snoop_2025_11_26_15_14_35.cfa,861,2025-11-26T15:15:08.535Z,FFF3-Notify,f4:db:00:00:00:d9,0x0024,0x07,07 4B 00 00 00 03 42 01 42 01 42 01 52 04 53 04 54 04 00 00,20
hci_snoop_2025_11_26_15_14_35.cfa,865,2025-11-26T15:15:08.804Z,FFF3-Notify,f4:db:00:00:00:d9,0x0024,0x07,07 4E 00 00 00 03 42 01 42 01 41 01 54 04 55 04 56 04 00 00,20
hci_snoop_2025_11_26_15_14_35.cfa,869,2025-11-26T15:15:08.938Z,FFF3-Notify,f4:db:00:00:00:d9,0x0024,0x07,07 51 00 00 00 03 42 01 41 01 41 01 57 04 58 04 58 04 00 00,20
hci_snoop_2025_11_26_15_14_35.cfa,877,2025-11-26T15:15:09.118Z,FFF3-Notify,f4:db:00:00:00:d9,0x0024,0x07,07 54 00 00 00 03 41 01 41 01 41 01 5A 04 5A 04 5B 04 00 00,20
hci_snoop_2025_11_26_15_14_35.cfa,881,2025-11-26T15:15:09.298Z,FFF3-Notify,f4:db:00:00:00:d9,0x0024,0x07,07 57 00 00 00 03 41 01 41 01 41 01 5C 04 5D 04 5E 04 00 00,20
hci_snoop_2025_11_26_15_14_35.cfa,885,2025-11-26T15:15:09.524Z,FFF3-Notify,f4:db:00:00:00:d9,0x0024,0x07,07 5A 00 00 00 03 41 01 41 01 41 01 5F 04 5F 04 5F 04 00 00,20
hci_snoop_2025_11_26_15_14_35.cfa,890,2025-11-26T15:15:09.793Z,FFF3-Notify,f4:db:00:00:00:d9,0x0024,0x07,07 5D 00 00 00 03 41 01 41 01 41 01 60 04 61 04 61 04 00 00,20
hci_snoop_2025_11_26_15_14_35.cfa,895,2025-11-26T15:15:10.063Z,FFF3-Notify,f4:db:00:00:00:d9,0x0024,0x07,07 60 00 00 00 03 41 01 41 01 40 01 62 04 62 04 63 04 00 00,20
hci_snoop_2025_11_26_15_14_35.cfa,899,2025-11-26T15:15:10.334Z,FFF3-Notify,f4:db:00:00:00:d9,0x0024,0x07,07 63 00 00 00 03 40 01 41 01 40 01 63 04 64 04 65 04 00 00,20
hci_snoop_2025_11_26_15_14_35.cfa,903,2025-11-26T15:15:10.604Z,FFF3-Notify,f4:db:00:00:00:d9,0x0024,0x07,07 66 00 00 00 03 40 01 40 01 40 01 65 04 66 04 66 04 00 00,20
hci_snoop_2025_11_26_15_14_35.cfa,907,2025-11-26T15:15:10.874Z,FFF3-Notify,f4:db:00:00:00:d9,0x0024,0x07,07 69 00 00 00 03 40 01 40 01 40 01 67 04 67 04 68 04 00 00,20
hci_snoop_2025_11_26_15_14_35.cfa,911,2025-11-26T15:15:11.144Z,FFF3-Notify,f4:db:00:00:00:d9,0x0024,0x07,07 6C 00 00 00 03 40 01 40 01 40 01 68 04 68 04 69 04 00 00,20
hci_snoop_2025_11_26_15_14_35.cfa,915,2025-11-26T15:15:11.413Z,FFF3-Notify,f4:db:00:00:00:d9,0x0024,0x07,07 6F 00 00 00 03 40 01 40 01 40 01 6A 04 69 04 6A 04 00 00,20
hci_snoop_2025_11_26_15_14_35.cfa,919,2025-11-26T15:15:11.685Z,FFF3-Notify,f4:db:00:00:00:d9,0x0024,0x07,07 72 00 00 00 03 40 01 40 01 40 01 6B 04 6C 04 6C 04 00 00,20
hci_snoop_2025_11_26_15_14_35.cfa,923,2025-11-26T15:15:11.953Z,FFF3-Notify,f4:db:00:00:00:d9,0x0024,0x07,07 75 00 00 00 03 40 01 40 01 40 01 6E 04 6E 04 6F 04 00 00,20
hci_snoop_2025_11_26_15_14_35.cfa,927,2025-11-26T15:15:12.224Z,FFF3-Notify,f4:db:00:00:00:d9,0x0024,0x07,07 78 00 00 00 03 40 01 40 01 40 01 6E 04 6F 04 6F 04 00 00,20
hci_snoop_2025_11_26_15_14_35.cfa,931,2025-11-26T15:15:12.493Z,FFF3-Notify,f4:db:00:00:00:d9,0x0024,0x07,07 7B 00 00 00 03 40 01 40 01 3B 01 6F 04 6F 04 F2 03 00 00,20
hci_snoop_2025_11_26_15_14_35.cfa,935,2025-11-26T15:15:12.764Z,FFF3-Notify,f4:db:00:00:00:d9,0x0024,0x07,07 7E 00 00 00 03 3A 01 3B 01 3C 01 0A 04 28 04 2E 04 00 00,20
hci_snoop_2025_11_26_15_14_35.cfa,939,2025-11-26T15:15:13.124Z,FFF3-Notify,f4:db:00:00:00:d9,0x0024,0x07,07 81 00 00 00 03 3C 01 3C 01 3D 01 35 04 3B 04 3F 04 00 00,20
hci_snoop_2025_11_26_15_14_35.cfa,943,2025-11-26T15:15:13.393Z,FFF3-Notify,f4:db:00:00:00:d9,0x0024,0x07,07 84 00 00 00 03 3F 01 3F 01 39 01 48 04 48 04 62 04 00 00,20
hci_snoop_2025_11_26_15_14_35.cfa,947,2025-11-26T15:15:13.665Z,FFF3-Notify,f4:db:00:00:00:d9,0x0024,0x07,07 87 00 00 00 03 36 01 37 01 38 01 76 04 7C 04 80 04 00 00,20
hci_snoop_2025_11_26_15_14_35.cfa,951,2025-11-26T15:15:13.934Z,FFF3-Notify,f4:db:00:00:00:d9,0x0024,0x07,07 8A 00 00 00 03 3A 01 3C 01 3F 01 81 04 85 04 81 04 00 00,20
hci_snoop_2025_11_26_15_14_35.cfa,955,2025-11-26T15:15:14.205Z,FFF3-Notify,f4:db:00:00:00:d9,0x0024,0x07,07 8D 00 00 00 03 40 01 41 01 46 01 7F 04 83 04 7A 04 00 00,20
hci_snoop_2025_11_26_15_14_35.cfa,959,2025-11-26T15:15:14.473Z,FFF3-Notify,f4:db:00:00:00:d9,0x0024,0x07,07 90 00 00 00 03 4B 01 4D 01 4D 01 72 04 65 04 5E 04 00 00,20
hci_snoop_2025_11_26_15_14_35.cfa,963,2025-11-26T15:15:14.743Z,FFF3-Notify,f4:db:00:00:00:d9,0x0024,0x07,07 93 00 00 00 03 4D 01 4D 01 4C 01 59 04 58 04 58 04 00 00,20
hci_snoop_2025_11_26_15_14_35.cfa,967,2025-11-26T15:15:15.013Z,FFF3-Notify,f4:db:00:00:00:d9,0x0024,0x07,07 96 00 00 00 03 4C 01 4C 01 4B 01 57 04 56 04 57 04 00 00,20
hci_snoop_2025_11_26_15_14_35.cfa,971,2025-11-26T15:15:15.286Z,FFF3-Notify,f4:db:00:00:00:d9,0x0024,0x07,07 99 00 00 00 03 4A 01 4A 01 49 01 5A 04 5A 04 5B 04 00 00,20
hci_snoop_2025_11_26_15_14_35.cfa,975,2025-11-26T15:15:15.553Z,FFF3-Notify,f4:db:00:00:00:d9,0x0024,0x07,07 9C 00 00 00 03 48 01 48 01 47 01 5C 04 5D 04 5C 04 00 00,20
hci_snoop_2025_11_26_15_14_35.cfa,979,2025-11-26T15:15:15.823Z,FFF3-Notify,f4:db:00:00:00:d9,0x0024,0x07,07 9F 00 00 00 03 47 01 46 01 46 01 5C 04 5C 04 59 04 00 00,20
hci_snoop_2025_11_26_15_14_35.cfa,983,2025-11-26T15:15:16.094Z,FFF3-Notify,f4:db:00:00:00:d9,0x0024,0x07,07 A2 00 00 00 03 45 01 44 01 43 01 4D 04 3F 04 36 04 00 00,20
hci_snoop_2025_11_26_15_14_35.cfa,987,2025-11-26T15:15:16.363Z,FFF3-Notify,f4:db:00:00:00:d9,0x0024,0x07,07 A5 00 00 00 03 43 01 42 01 41 01 2A 04 29 04 23 04 00 00,20
hci_snoop_2025_11_26_15_14_35.cfa,991,2025-11-26T15:15:16.634Z,FFF3-Notify,f4:db:00:00:00:d9,0x0024,0x07,07 A8 00 00 00 03 41 01 40 01 40 01 21 04 18 04 11 04 00 00,20
hci_snoop_2025_11_26_15_14_35.cfa,995,2025-11-26T15:15:16.905Z,FFF3-Notify,f4:db:00:00:00:d9,0x0024,0x07,07 AB 00 00 00 03 3F 01 3F 01 3E 01 0B 04 01 04 F9 03 00 00,20
hci_snoop_2025_11_26_15_14_35.cfa,1000,2025-11-26T15:15:17.173Z,FFF3-Notify,f4:db:00:00:00:d9,0x0024,0x07,07 AE 00 00 00 03 3D 01 3D 01 3C 01 F9 03 F0 03 F0 03 00 00,20
hci_snoop_2025_11_26_15_14_35.cfa,1004,2025-11-26T15:15:17.443Z,FFF3-Notify,f4:db:00:00:00:d9,0x0024,0x07,07 B1 00 00 00 03 3C 01 3B 01 3B 01 E2 03 D6 03 CF 03 00 00,20
hci_snoop_2025_11_26_15_14_35.cfa,1008,2025-11-26T15:15:17.713Z,FFF3-Notify,f4:db:00:00:00:d9,0x0024,0x07,07 B4 00 00 00 03 3A 01 3A 01 3A 01 E4 03 ED 03 F3 03 00 00,20
hci_snoop_2025_11_26_15_14_35.cfa,1012,2025-11-26T15:15:17.984Z,FFF3-Notify,f4:db:00:00:00:d9,0x0024,0x07,07 B7 00 00 00 03 3A 01 3A 01 39 01 FA 03 01 04 07 04 00 00,20
hci_snoop_2025_11_26_15_14_35.cfa,1016,2025-11-26T15:15:18.254Z,FFF3-Notify,f4:db:00:00:00:d9,0x0024,0x07,07 BA 00 00 00 03 39 01 39 01 39 01 0D 04 11 04 13 04 00 00,20
hci_snoop_2025_11_26_15_14_35.cfa,1020,2025-11-26T15:15:18.524Z,FFF3-Notify,f4:db:00:00:00:d9,0x0024,0x07,07 BD 00 00 00 03 39 01 3A 01 39 01 17 04 1D 04 22 04 00 00,20
hci_snoop_2025_11_26_15_14_35.cfa,1024,2025-11-26T15:15:18.793Z,FFF3-Notify,f4:db:00:00:00:d9,0x0024,0x07,07 C0 00 00 00 03 3A 01 39 01 3A 01 26 04 2A 04 2D 04 00 00,20
hci_snoop_2025_11_26_15_14_35.cfa,1028,2025-11-26T15:15:19.063Z,FFF3-Notify,f4:db:00:00:00:d9,0x0024,0x07,07 C3 00 00 00 03 3A 01 3A 01 3A 01 31 04 34 04 37 04 00 00,20
hci_snoop_2025_11_26_15_14_35.cfa,1032,2025-11-26T15:15:19.336Z,FFF3-Notify,f4:db:00:00:00:d9,0x0024,0x07,07 C6 00 00 00 03 3A 01 3A 01 3A 01 3A 04 3D 04 3F 04 00 00,20
hci_snoop_2025_11_26_15_14_35.cfa,1036,2025-11-26T15:15:19.606Z,FFF3-Notify,f4:db:00:00:00:d9,0x0024,0x07,07 C9 00 00 00 03 3A 01 3A 01 3A 01 42 04 44 04 47 04 00 00,20
hci_snoop_2025_11_26_15_14_35.cfa,1040,2025-11-26T15:15:19.874Z,FFF3-Notify,f4:db:00:00:00:d9,0x0024,0x07,07 CC 00 00 00 03 3A 01 3A 01 3A 01 49 04 4B 04 4D 04 00 00,20
hci_snoop_2025_11_26_15_14_35.cfa,1044,2025-11-26T15:15:20.144Z,FFF3-Notify,f4:db:00:00:00:d9,0x0024,0x07,07 CF 00 00 00 03 3A 01 3A 01 3A 01 4E 04 4F 04 51 04 00 00,20
hci_snoop_2025_11_26_15_14_35.cfa,1048,2025-11-26T15:15:20.413Z,FFF3-Notify,f4:db:00:00:00:d9,0x0024,0x07,07 D2 00 00 00 03 3B 01 3B 01 3B 01 53 04 55 04 56 04 00 00,20
hci_snoop_2025_11_26_15_14_35.cfa,1052,2025-11-26T15:15:20.685Z,FFF3-Notify,f4:db:00:00:00:d9,0x0024,0x07,07 D5 00 00 00 03 3B 01 3B 01 3B 01 57 04 58 04 59 04 00 00,20
hci_snoop_2025_11_26_15_14_35.cfa,1056,2025-11-26T15:15:20.955Z,FFF3-Notify,f4:db:00:00:00:d9,0x0024,0x07,07 D8 00 00 00 03 3B 01 3B 01 3B 01 5A 04 5B 04 5C 04 00 00,20
hci_snoop_2025_11_26_15_14_35.cfa,1060,2025-11-26T15:15:21.223Z,FFF3-Notify,f4:db:00:00:00:d9,0x0024,0x07,07 DB 00 00 00 03 3B 01 3B 01 3B 01 5D 04 5E 04 5F 04 00 00,20
hci_snoop_2025_11_26_15_14_35.cfa,1064,2025-11-26T15:15:21.493Z,FFF3-Notify,f4:db:00:00:00:d9,0x0024,0x07,07 DE 00 00 00 03 3B 01 3B 01 3B 01 60 04 61 04 61 04 00 00,20
hci_snoop_2025_11_26_15_14_35.cfa,1068,2025-11-26T15:15:21.765Z,FFF3-Notify,f4:db:00:00:00:d9,0x0024,0x07,07 E1 00 00 00 03 3B 01 3B 01 3B 01 63 04 63 04 64 04 00 00,20
hci_snoop_2025_11_26_15_14_35.cfa,1072,2025-11-26T15:15:22.034Z,FFF3-Notify,f4:db:00:00:00:d9,0x0024,0x07,07 E4 00 00 00 03 3B 01 3B 01 3B 01 65 04 66 04 66 04 00 00,20
hci_snoop_2025_11_26_15_14_35.cfa,1076,2025-11-26T15:15:22.304Z,FFF3-Notify,f4:db:00:00:00:d9,0x0024,0x07,07 E7 00 00 00 03 3B 01 3B 01 3A 01 67 04 68 04 69 04 00 00,20
hci_snoop_2025_11_26_15_14_35.cfa,1080,2025-11-26T15:15:22.574Z,FFF3-Notify,f4:db:00:00:00:d9,0x0024,0x07,07 EA 00 00 00 03 3A 01 3B 01 3A 01 6A 04 6B 04 6A 04 00 00,20
hci_snoop_2025_11_26_15_14_35.cfa,1084,2025-11-26T15:15:22.844Z,FFF3-Notify,f4:db:00:00:00:d9,0x0024,0x07,07 ED 00 00 00 03 3A 01 3B 01 3C 01 6A 04 6C 04 6B 04 00 00,20
hci_snoop_2025_11_26_15_14_35.cfa,1088,2025-11-26T15:15:23.113Z,FFF3-Notify,f4:db:00:00:00:d9,0x0024,0x07,07 F0 00 00 00 03 3E 01 40 01 41 01 68 04 64 04 5F 04 00 00,20
hci_snoop_2025_11_26_15_14_35.cfa,1092,2025-11-26T15:15:23.385Z,FFF3-Notify,f4:db:00:00:00:d9,0x0024,0x07,07 F3 00 00 00 03 43 01 44 01 45 01 5C 04 58 04 56 04 00 00,20
hci_snoop_2025_11_26_15_14_35.cfa,1096,2025-11-26T15:15:23.653Z,FFF3-Notify,f4:db:00:00:00:d9,0x0024,0x07,07 F6 00 00 00 03 47 01 48 01 4A 01 56 04 53 04 4D 04 00 00,20
hci_snoop_2025_11_26_15_14_35.cfa,1100,2025-11-26T15:15:23.924Z,FFF3-Notify,f4:db:00:00:00:d9,0x0024,0x07,07 F9 00 00 00 03 4C 01 51 01 4F 01 48 04 3D 04 41 04 00 00,20
hci_snoop_2025_11_26_15_14_35.cfa,1104,2025-11-26T15:15:24.193Z,FFF3-Notify,f4:db:00:00:00:d9,0x0024,0x07,07 FC 00 00 00 03 4F 01 4F 01 4F 01 41 04 3F 04 3F 04 00 00,20
hci_snoop_2025_11_26_15_14_35.cfa,1108,2025-11-26T15:15:24.464Z,FFF3-Notify,f4:db:00:00:00:d9,0x0024,0x07,07 FF 00 00 00 03 50 01 50 01 50 01 3F 04 3D 04 3C 04 00 00,20
hci_snoop_2025_11_26_15_14_35.cfa,1112,2025-11-26T15:15:24.734Z,FFF3-Notify,f4:db:00:00:00:d9,0x0024,0x07,07 02 01 00 00 03 51 01 52 01 53 01 3C 04 3F 04 37 04 00 00,20
hci_snoop_2025_11_26_15_14_35.cfa,1116,2025-11-26T15:15:25.004Z,FFF3-Notify,f4:db:00:00:00:d9,0x0024,0x07,07 05 01 00 00 03 54 01 54 01 55 01 36 04 31 04 31 04 00 00,20
hci_snoop_2025_11_26_15_14_35.cfa,1120,2025-11-26T15:15:25.273Z,FFF3-Notify,f4:db:00:00:00:d9,0x0024,0x07,07 08 01 00 00 03 55 01 4A 01 4E 01 2F 04 65 03 A9 03 00 00,20
hci_snoop_2025_11_26_15_14_35.cfa,1124,2025-11-26T15:15:25.543Z,FFF3-Notify,f4:db:00:00:00:d9,0x0024,0x07,07 0B 01 00 00 03 51 01 53 01 55 01 B9 03 C2 03 CF 03 00 00,20
hci_snoop_2025_11_26_15_14_35.cfa,1128,2025-11-26T15:15:25.813Z,FFF3-Notify,f4:db:00:00:00:d9,0x0024,0x07,07 0E 01 00 00 03 54 01 52 01 52 01 D3 03 D9 03 E3 03 00 00,20
hci_snoop_2025_11_26_15_14_35.cfa,1132,2025-11-26T15:15:26.083Z,FFF3-Notify,f4:db:00:00:00:d9,0x0024,0x07,07 11 01 00 00 03 52 01 50 01 50 01 E6 03 EC 03 F0 03 00 00,20
hci_snoop_2025_11_26_15_14_35.cfa,1136,2025-11-26T15:15:26.445Z,FFF3-Notify,f4:db:00:00:00:d9,0x0024,0x07,07 14 01 00 00 03 4F 01 51 01 53 01 F6 03 F5 03 F6 03 00 00,20
hci_snoop_2025_11_26_15_14_35.cfa,1141,2025-11-26T15:15:26.714Z,FFF3-Notify,f4:db:00:00:00:d9,0x0024,0x07,07 17 01 00 00 03 54 01 56 01 57 01 F3 03 ED 03 ED 03 00 00,20
hci_snoop_2025_11_26_15_14_35.cfa,1145,2025-11-26T15:15:26.985Z,FFF3-Notify,f4:db:00:00:00:d9,0x0024,0x07,07 1A 01 00 00 03 58 01 59 01 57 01 EB 03 E8 03 EE 03 00 00,20
hci_snoop_2025_11_26_15_14_35.cfa,1149,2025-11-26T15:15:27.253Z,FFF3-Notify,f4:db:00:00:00:d9,0x0024,0x07,07 1D 01 00 00 03 5A 01 5C 01 5C 01 E6 03 DC 03 D9 03 00 00,20
hci_snoop_2025_11_26_15_14_35.cfa,1153,2025-11-26T15:15:27.524Z,FFF3-Notify,f4:db:00:00:00:d9,0x0024,0x07,07 20 01 00 00 03 5C 01 5B 01 59 01 DC 03 DB 03 DF 03 00 00,20
hci_snoop_2025_11_26_15_14_35.cfa,1157,2025-11-26T15:15:27.794Z,FFF3-Notify,f4:db:00:00:00:d9,0x0024,0x07,07 23 01 00 00 03 59 01 59 01 59 01 E1 03 E2 03 E0 03 00 00,20
hci_snoop_2025_11_26_15_14_35.cfa,1161,2025-11-26T15:15:28.064Z,FFF3-Notify,f4:db:00:00:00:d9,0x0024,0x07,07 26 01 00 00 03 59 01 58 01 57 01 E0 03 E7 03 E8 03 00 00,20
hci_snoop_2025_11_26_15_14_35.cfa,1165,2025-11-26T15:15:28.334Z,FFF3-Notify,f4:db:00:00:00:d9,0x0024,0x07,07 29 01 00 00 03 54 01 51 01 4E 01 EF 03 F7 03 FF 03 00 00,20
hci_snoop_2025_11_26_15_14_35.cfa,1169,2025-11-26T15:15:28.605Z,FFF3-Notify,f4:db:00:00:00:d9,0x0024,0x07,07 2C 01 00 00 03 4C 01 4A 01 48 01 04 04 0A 04 0E 04 00 00,20
hci_snoop_2025_11_26_15_14_35.cfa,1173,2025-11-26T15:15:28.874Z,FFF3-Notify,f4:db:00:00:00:d9,0x0024,0x07,07 2F 01 00 00 03 46 01 45 01 44 01 12 04 16 04 1A 04 00 00,20
hci_snoop_2025_11_26_15_14_35.cfa,1177,2025-11-26T15:15:29.144Z,FFF3-Notify,f4:db:00:00:00:d9,0x0024,0x07,07 32 01 00 00 03 42 01 42 01 41 01 1D 04 20 04 21 04 00 00,20
hci_snoop_2025_11_26_15_14_35.cfa,1181,2025-11-26T15:15:29.413Z,FFF3-Notify,f4:db:00:00:00:d9,0x0024,0x07,07 35 01 00 00 03 40 01 3F 01 3F 01 23 04 24 04 27 04 00 00,20
hci_snoop_2025_11_26_15_14_35.cfa,1185,2025-11-26T15:15:29.686Z,FFF3-Notify,f4:db:00:00:00:d9,0x0024,0x07,07 38 01 00 00 03 3E 01 3D 01 3D 01 2A 04 2B 04 2E 04 00 00,20
hci_snoop_2025_11_26_15_14_35.cfa,1189,2025-11-26T15:15:29.953Z,FFF3-Notify,f4:db:00:00:00:d9,0x0024,0x07,07 3B 01 00 00 03 3D 01 42 01 46 01 31 04 2C 04 24 04 00 00,20
hci_snoop_2025_11_26_15_14_35.cfa,1193,2025-11-26T15:15:30.223Z,FFF3-Notify,f4:db:00:00:00:d9,0x0024,0x07,07 3E 01 00 00 03 45 01 45 01 45 01 23 04 23 04 21 04 00 00,20
hci_snoop_2025_11_26_15_14_35.cfa,1197,2025-11-26T15:15:30.493Z,FFF3-Notify,f4:db:00:00:00:d9,0x0024,0x07,07 41 01 00 00 03 46 01 56 01 54 01 1E 04 02 04 00 04 00 00,20
hci_snoop_2025_11_26_15_14_35.cfa,1201,2025-11-26T15:15:30.764Z,FFF3-Notify,f4:db:00:00:00:d9,0x0024,0x07,07 44 01 00 00 03 53 01 50 01 4C 01 01 04 03 04 0D 04 00 00,20
hci_snoop_2025_11_26_15_14_35.cfa,1205,2025-11-26T15:15:31.034Z,FFF3-Notify,f4:db:00:00:00:d9,0x0024,0x07,07 47 01 00 00 03 4A 01 48 01 46 01 12 04 16 04 19 04 00 00,20
hci_snoop_2025_11_26_15_14_35.cfa,1209,2025-11-26T15:15:31.304Z,FFF3-Notify,f4:db:00:00:00:d9,0x0024,0x07,07 4A 01 00 00 03 45 01 43 01 42 01 1D 04 20 04 23 04 00 00,20
hci_snoop_2025_11_26_15_14_35.cfa,1213,2025-11-26T15:15:31.573Z,FFF3-Notify,f4:db:00:00:00:d9,0x0024,0x07,07 4D 01 00 00 03 41 01 40 01 3F 01 26 04 29 04 2C 04 00 00,20
hci_snoop_2025_11_26_15_14_35.cfa,1217,2025-11-26T15:15:31.844Z,FFF3-Notify,f4:db:00:00:00:d9,0x0024,0x07,07 50 01 00 00 03 3D 01 3D 01 3C 01 2F 04 32 04 34 04 00 00,20
hci_snoop_2025_11_26_15_14_35.cfa,1221,2025-11-26T15:15:32.113Z,FFF3-Notify,f4:db:00:00:00:d9,0x0024,0x07,07 53 01 00 00 03 3C 01 3B 01 3A 01 37 04 3A 04 3D 04 00 00,20
hci_snoop_2025_11_26_15_14_35.cfa,1225,2025-11-26T15:15:32.385Z,FFF3-Notify,f4:db:00:00:00:d9,0x0024,0x07,07 56 01 00 00 03 3A 01 39 01 39 01 40 04 42 04 44 04 00 00,20
hci_snoop_2025_11_26_15_14_35.cfa,1229,2025-11-26T15:15:32.653Z,FFF3-Notify,f4:db:00:00:00:d9,0x0024,0x07,07 59 01 00 00 03 39 01 38 01 38 01 46 04 48 04 49 04 00 00,20
hci_snoop_2025_11_26_15_14_35.cfa,1233,2025-11-26T15:15:32.923Z,FFF3-Notify,f4:db:00:00:00:d9,0x0024,0x07,07 5C 01 00 00 03 37 01 37 01 37 01 4A 04 4B 04 4B 04 00 00,20
hci_snoop_2025_11_26_15_14_35.cfa,1237,2025-11-26T15:15:33.194Z,FFF3-Notify,f4:db:00:00:00:d9,0x0024,0x07,07 5F 01 00 00 03 37 01 36 01 36 01 4C 04 4D 04 4E 04 00 00,20
hci_snoop_2025_11_26_15_14_35.cfa,1241,2025-11-26T15:15:33.464Z,FFF3-Notify,f4:db:00:00:00:d9,0x0024,0x07,07 62 01 00 00 03 36 01 36 01 35 01 4F 04 50 04 51 04 00 00,20
hci_snoop_2025_11_26_15_14_35.cfa,1245,2025-11-26T15:15:33.734Z,FFF3-Notify,f4:db:00:00:00:d9,0x0024,0x07,07 65 01 00 00 03 35 01 35 01 35 01 53 04 55 04 55 04 00 00,20
hci_snoop_2025_11_26_15_14_35.cfa,1249,2025-11-26T15:15:34.004Z,FFF3-Notify,f4:db:00:00:00:d9,0x0024,0x07,07 68 01 00 00 03 34 01 34 01 34 01 55 04 57 04 58 04 00 00,20
hci_snoop_2025_11_26_15_14_35.cfa,1253,2025-11-26T15:15:34.274Z,FFF3-Notify,f4:db:00:00:00:d9,0x0024,0x07,07 6B 01 00 00 03 34 01 34 01 33 01 59 04 5A 04 5A 04 00 00,20
hci_snoop_2025_11_26_15_14_35.cfa,1257,2025-11-26T15:15:34.543Z,FFF3-Notify,f4:db:00:00:00:d9,0x0024,0x07,07 6E 01 00 00 03 33 01 33 01 33 01 5A 04 5B 04 5B 04 00 00,20
hci_snoop_2025_11_26_15_14_35.cfa,1261,2025-11-26T15:15:34.814Z,FFF3-Notify,f4:db:00:00:00:d9,0x0024,0x07,07 71 01 00 00 03 33 01 33 01 32 01 5C 04 5B 04 5C 04 00 00,20
hci_snoop_2025_11_26_15_14_35.cfa,1265,2025-11-26T15:15:35.086Z,FFF3-Notify,f4:db:00:00:00:d9,0x0024,0x07,07 74 01 00 00 03 32 01 32 01 32 01 5C 04 5C 04 5C 04 00 00,20
hci_snoop_2025_11_26_15_14_35.cfa,1269,2025-11-26T15:15:35.355Z,FFF3-Notify,f4:db:00:00:00:d9,0x0024,0x07,07 77 01 00 00 03 31 01 31 01 31 01 5D 04 5D 04 60 04 00 00,20
hci_snoop_2025_11_26_15_14_35.cfa,1273,2025-11-26T15:15:35.623Z,FFF3-Notify,f4:db:00:00:00:d9,0x0024,0x07,07 7A 01 00 00 03 31 01 31 01 31 01 61 04 60 04 5F 04 00 00,20
hci_snoop_2025_11_26_15_14_35.cfa,1277,2025-11-26T15:15:35.893Z,FFF3-Notify,f4:db:00:00:00:d9,0x0024,0x07,07 7D 01 00 00 03 31 01 31 01 31 01 5F 04 5F 04 5F 04 00 00,20
hci_snoop_2025_11_26_15_14_35.cfa,1281,2025-11-26T15:15:36.255Z,FFF3-Notify,f4:db:00:00:00:d9,0x0024,0x07,07 80 01 00 00 03 30 01 30 01 30 01 5F 04 5E 04 5E 04 00 00,20
hci_snoop_2025_11_26_15_14_35.cfa,1285,2025-11-26T15:15:36.434Z,FFF3-Notify,f4:db:00:00:00:d9,0x0024,0x07,07 83 01 00 00 03 30 01 30 01 2F 01 5E 04 5D 04 5D 04 00 00,20
hci_snoop_2025_11_26_15_14_35.cfa,1289,2025-11-26T15:15:36.705Z,FFF3-Notify,f4:db:00:00:00:d9,0x0024,0x07,07 86 01 00 00 03 2F 01 2F 01 2F 01 5D 04 5C 04 5C 04 00 00,20
hci_snoop_2025_11_26_15_14_35.cfa,1293,2025-11-26T15:15:36.973Z,FFF3-Notify,f4:db:00:00:00:d9,0x0024,0x07,07 89 01 00 00 03 30 01 30 01 31 01 5B 04 59 04 57 04 00 00,20
hci_snoop_2025_11_26_15_14_35.cfa,1297,2025-11-26T15:15:37.244Z,FFF3-Notify,f4:db:00:00:00:d9,0x0024,0x07,07 8C 01 00 00 03 30 01 31 01 3B 01 57 04 57 04 45 04 00 00,20
hci_snoop_2025_11_26_15_14_35.cfa,1301,2025-11-26T15:15:37.514Z,FFF3-Notify,f4:db:00:00:00:d9,0x0024,0x07,07 8F 01 00 00 03 3D 01 3D 01 3A 01 3A 04 32 04 39 04 00 00,20
hci_snoop_2025_11_26_15_14_35.cfa,1305,2025-11-26T15:15:37.785Z,FFF3-Notify,f4:db:00:00:00:d9,0x0024,0x07,07 92 01 00 00 03 40 01 3F 01 3B 01 36 04 29 04 33 04 00 00,20
hci_snoop_2025_11_26_15_14_35.cfa,1309,2025-11-26T15:15:38.053Z,FFF3-Notify,f4:db:00:00:00:d9,0x0024,0x07,07 95 01 00 00 03 38 01 37 01 35 01 39 04 3C 04 3F 04 00 00,20
hci_snoop_2025_11_26_15_14_35.cfa,1313,2025-11-26T15:15:38.324Z,FFF3-Notify,f4:db:00:00:00:d9,0x0024,0x07,07 98 01 00 00 03 34 01 33 01 33 01 42 04 44 04 45 04 00 00,20
hci_snoop_2025_11_26_15_14_35.cfa,1317,2025-11-26T15:15:38.593Z,FFF3-Notify,f4:db:00:00:00:d9,0x0024,0x07,07 9B 01 00 00 03 32 01 32 01 32 01 46 04 47 04 48 04 00 00,20
hci_snoop_2025_11_26_15_14_35.cfa,1321,2025-11-26T15:15:38.863Z,FFF3-Notify,f4:db:00:00:00:d9,0x0024,0x07,07 9E 01 00 00 03 31 01 31 01 30 01 49 04 4A 04 4B 04 00 00,20
hci_snoop_2025_11_26_15_14_35.cfa,1325,2025-11-26T15:15:39.134Z,FFF3-Notify,f4:db:00:00:00:d9,0x0024,0x07,07 A1 01 00 00 03 30 01 30 01 2F 01 4B 04 4C 04 4D 04 00 00,20
hci_snoop_2025_11_26_15_14_35.cfa,1329,2025-11-26T15:15:39.404Z,FFF3-Notify,f4:db:00:00:00:d9,0x0024,0x07,07 A4 01 00 00 03 2F 01 2F 01 2F 01 4E 04 4E 04 4E 04 00 00,20
hci_snoop_2025_11_26_15_14_35.cfa,1333,2025-11-26T15:15:39.764Z,FFF3-Notify,f4:db:00:00:00:d9,0x0024,0x07,07 A7 01 00 00 03 2F 01 2F 01 2E 01 4E 04 4E 04 4F 04 00 00,20
hci_snoop_2025_11_26_15_14_35.cfa,1337,2025-11-26T15:15:40.034Z,FFF3-Notify,f4:db:00:00:00:d9,0x0024,0x07,07 AA 01 00 00 03 2E 01 2E 01 2E 01 4F 04 4F 04 50 04 00 00,20
hci_snoop_2025_11_26_15_14_35.cfa,1341,2025-11-26T15:15:40.305Z,FFF3-Notify,f4:db:00:00:00:d9,0x0024,0x07,07 AD 01 00 00 03 2D 01 2D 01 2D 01 50 04 51 04 52 04 00 00,20
hci_snoop_2025_11_26_15_14_35.cfa,1346,2025-11-26T15:15:40.574Z,FFF3-Notify,f4:db:00:00:00:d9,0x0024,0x07,07 B0 01 00 00 03 2D 01 2D 01 2C 01 52 04 52 04 52 04 00 00,20
hci_snoop_2025_11_26_15_14_35.cfa,1350,2025-11-26T15:15:40.844Z,FFF3-Notify,f4:db:00:00:00:d9,0x0024,0x07,07 B3 01 00 00 03 2C 01 2C 01 2C 01 52 04 52 04 52 04 00 00,20
hci_snoop_2025_11_26_15_14_35.cfa,1354,2025-11-26T15:15:41.113Z,FFF3-Notify,f4:db:00:00:00:d9,0x0024,0x07,07 B6 01 00 00 03 2C 01 2B 01 2B 01 53 04 53 04 53 04 00 00,20
hci_snoop_2025_11_26_15_14_35.cfa,1358,2025-11-26T15:15:41.385Z,FFF3-Notify,f4:db:00:00:00:d9,0x0024,0x07,07 B9 01 00 00 03 2B 01 2B 01 2C 01 54 04 54 04 53 04 00 00,20
hci_snoop_2025_11_26_15_14_35.cfa,1362,2025-11-26T15:15:41.654Z,FFF3-Notify,f4:db:00:00:00:d9,0x0024,0x07,07 BC 01 00 00 03 2B 01 2B 01 2B 01 55 04 55 04 55 04 00 00,20
hci_snoop_2025_11_26_15_14_35.cfa,1366,2025-11-26T15:15:41.923Z,FFF3-Notify,f4:db:00:00:00:d9,0x0024,0x07,07 BF 01 00 00 03 2B 01 2B 01 2B 01 55 04 55 04 55 04 00 00,20
hci_snoop_2025_11_26_15_14_35.cfa,1370,2025-11-26T15:15:42.194Z,FFF3-Notify,f4:db:00:00:00:d9,0x0024,0x07,07 C2 01 00 00 03 2B 01 2C 01 2B 01 55 04 55 04 21 04 00 00,20
hci_snoop_2025_11_26_15_14_35.cfa,1374,2025-11-26T15:15:42.464Z,FFF3-Notify,f4:db:00:00:00:d9,0x0024,0x07,07 C5 01 00 00 03 2C 01 2D 01 2E 01 2D 04 32 04 36 04 00 00,20
hci_snoop_2025_11_26_15_14_35.cfa,1378,2025-11-26T15:15:42.734Z,FFF3-Notify,f4:db:00:00:00:d9,0x0024,0x07,07 C8 01 00 00 03 2F 01 30 01 31 01 39 04 3D 04 3A 04 00 00,20
hci_snoop_2025_11_26_15_14_35.cfa,1382,2025-11-26T15:15:43.004Z,FFF3-Notify,f4:db:00:00:00:d9,0x0024,0x07,07 CB 01 00 00 03 32 01 33 01 35 01 3B 04 3C 04 3C 04 00 00,20
hci_snoop_2025_11_26_15_14_35.cfa,1386,2025-11-26T15:15:43.273Z,FFF3-Notify,f4:db:00:00:00:d9,0x0024,0x07,07 CE 01 00 00 03 36 01 3F 01 43 01 3E 04 34 04 30 04 00 00,20
hci_snoop_2025_11_26_15_14_35.cfa,1390,2025-11-26T15:15:43.544Z,FFF3-Notify,f4:db:00:00:00:d9,0x0024,0x07,07 D1 01 00 00 03 46 01 48 01 4B 01 2E 04 2A 04 28 04 00 00,20
hci_snoop_2025_11_26_15_14_35.cfa,1394,2025-11-26T15:15:43.813Z,FFF3-Notify,f4:db:00:00:00:d9,0x0024,0x07,07 D4 01 00 00 03 4D 01 4F 01 50 01 26 04 24 04 23 04 00 00,20
hci_snoop_2025_11_26_15_14_35.cfa,1398,2025-11-26T15:15:44.085Z,FFF3-Notify,f4:db:00:00:00:d9,0x0024,0x07,07 D7 01 00 00 03 51 01 52 01 51 01 25 04 23 04 1D 04 00 00,20
hci_snoop_2025_11_26_15_14_35.cfa,1402,2025-11-26T15:15:44.354Z,FFF3-Notify,f4:db:00:00:00:d9,0x0024,0x07,07 DA 01 00 00 03 4E 01 4D 01 4B 01 23 04 25 04 27 04 00 00,20
hci_snoop_2025_11_26_15_14_35.cfa,1406,2025-11-26T15:15:44.623Z,FFF3-Notify,f4:db:00:00:00:d9,0x0024,0x07,07 DD 01 00 00 03 4B 01 4A 01 49 01 29 04 2A 04 2C 04 00 00,20
hci_snoop_2025_11_26_15_14_35.cfa,1410,2025-11-26T15:15:44.894Z,FFF3-Notify,f4:db:00:00:00:d9,0x0024,0x07,07 E0 01 00 00 03 49 01 49 01 49 01 2D 04 2E 04 30 04 00 00,20
hci_snoop_2025_11_26_15_14_35.cfa,1414,2025-11-26T15:15:45.163Z,FFF3-Notify,f4:db:00:00:00:d9,0x0024,0x07,07 E3 01 00 00 03 49 01 49 01 49 01 31 04 32 04 32 04 00 00,20
hci_snoop_2025_11_26_15_14_35.cfa,1418,2025-11-26T15:15:45.433Z,FFF3-Notify,f4:db:00:00:00:d9,0x0024,0x07,07 E6 01 00 00 03 4A 01 4A 01 4A 01 33 04 33 04 33 04 00 00,20
hci_snoop_2025_11_26_15_14_35.cfa,1422,2025-11-26T15:15:45.704Z,FFF3-Notify,f4:db:00:00:00:d9,0x0024,0x07,07 E9 01 00 00 03 4B 01 4B 01 4B 01 33 04 33 04 33 04 00 00,20
hci_snoop_2025_11_26_15_14_35.cfa,1426,2025-11-26T15:15:45.974Z,FFF3-Notify,f4:db:00:00:00:d9,0x0024,0x07,07 EC 01 00 00 03 4B 01 4C 01 4C 01 32 04 32 04 32 04 00 00,20
hci_snoop_2025_11_26_15_14_35.cfa,1430,2025-11-26T15:15:46.243Z,FFF3-Notify,f4:db:00:00:00:d9,0x0024,0x07,07 EF 01 00 00 03 4C 01 4D 01 4D 01 31 04 31 04 31 04 00 00,20
hci_snoop_2025_11_26_15_14_35.cfa,1434,2025-11-26T15:15:46.513Z,FFF3-Notify,f4:db:00:00:00:d9,0x0024,0x07,07 F2 01 00 00 03 4E 01 4E 01 4E 01 30 04 2F 04 2F 04 00 00,20
hci_snoop_2025_11_26_15_14_35.cfa,1438,2025-11-26T15:15:46.784Z,FFF3-Notify,f4:db:00:00:00:d9,0x0024,0x07,07 F5 01 00 00 03 4E 01 4E 01 4E 01 2F 04 2E 04 2E 04 00 00,20
hci_snoop_2025_11_26_15_14_35.cfa,1442,2025-11-26T15:15:47.054Z,FFF3-Notify,f4:db:00:00:00:d9,0x0024,0x07,07 F8 01 00 00 03 4E 01 4E 01 4E 01 2E 04 2F 04 2F 04 00 00,20
hci_snoop_2025_11_26_15_14_35.cfa,1446,2025-11-26T15:15:47.323Z,FFF3-Notify,f4:db:00:00:00:d9,0x0024,0x07,07 FB 01 00 00 03 4E 01 4E 01 4D 01 2F 04 2F 04 2F 04 00 00,20
hci_snoop_2025_11_26_15_14_35.cfa,1450,2025-11-26T15:15:47.594Z,FFF3-Notify,f4:db:00:00:00:d9,0x0024,0x07,07 FE 01 00 00 03 4D 01 4D 01 4C 01 2F 04 2F 04 2F 04 00 00,20
hci_snoop_2025_11_26_15_14_35.cfa,1454,2025-11-26T15:15:47.863Z,FFF3-Notify,f4:db:00:00:00:d9,0x0024,0x07,07 01 02 00 00 03 4C 01 4C 01 4C 01 30 04 30 04 30 04 00 00,20
hci_snoop_2025_11_26_15_14_35.cfa,1458,2025-11-26T15:15:48.135Z,FFF3-Notify,f4:db:00:00:00:d9,0x0024,0x07,07 04 02 00 00 03 4C 01 4C 01 4C 01 30 04 30 04 30 04 00 00,20
hci_snoop_2025_11_26_15_14_35.cfa,1462,2025-11-26T15:15:48.404Z,FFF3-Notify,f4:db:00:00:00:d9,0x0024,0x07,07 07 02 00 00 03 4C 01 4C 01 4C 01 30 04 30 04 30 04 00 00,20
hci_snoop_2025_11_26_15_14_35.cfa,1466,2025-11-26T15:15:48.673Z,FFF3-Notify,f4:db:00:00:00:d9,0x0024,0x07,07 0A 02 00 00 03 4B 01 4C 01 4B 01 30 04 31 04 31 04 00 00,20
hci_snoop_2025_11_26_15_14_35.cfa,1470,2025-11-26T15:15:48.943Z,FFF3-Notify,f4:db:00:00:00:d9,0x0024,0x07,07 0D 02 00 00 03 4C 01 4C 01 4C 01 31 04 31 04 31 04 00 00,20
hci_snoop_2025_11_26_15_14_35.cfa,1474,2025-11-26T15:15:49.214Z,FFF3-Notify,f4:db:00:00:00:d9,0x0024,0x07,07 10 02 00 00 03 4C 01 4C 01 4C 01 31 04 30 04 2F 04 00 00,20
hci_snoop_2025_11_26_15_14_35.cfa,1478,2025-11-26T15:15:49.484Z,FFF3-Notify,f4:db:00:00:00:d9,0x0024,0x07,07 13 02 00 00 03 4C 01 4D 01 4F 01 2F 04 31 04 2A 04 00 00,20
hci_snoop_2025_11_26_15_14_35.cfa,1482,2025-11-26T15:15:49.753Z,FFF3-Notify,f4:db:00:00:00:d9,0x0024,0x07,07 16 02 00 00 03 3A 01 42 01 46 01 5A 03 85 03 A0 03 00 00,20
hci_snoop_2025_11_26_15_14_35.cfa,1486,2025-11-26T15:15:50.023Z,FFF3-Notify,f4:db:00:00:00:d9,0x0024,0x07,07 19 02 00 00 03 4A 01 4C 01 4D 01 AE 03 B7 03 BD 03 00 00,20
hci_snoop_2025_11_26_15_14_35.cfa,1490,2025-11-26T15:15:50.293Z,FFF3-Notify,f4:db:00:00:00:d9,0x0024,0x07,07 1C 02 00 00 03 4E 01 50 01 54 01 C2 03 C5 03 C9 03 00 00,20
hci_snoop_2025_11_26_15_14_35.cfa,1494,2025-11-26T15:15:50.563Z,FFF3-Notify,f4:db:00:00:00:d9,0x0024,0x07,07 1F 02 00 00 03 58 01 5A 01 5D 01 CF 03 D1 03 D2 03 00 00,20
hci_snoop_2025_11_26_15_14_35.cfa,1498,2025-11-26T15:15:50.833Z,FFF3-Notify,f4:db:00:00:00:d9,0x0024,0x07,07 22 02 00 00 03 5C 01 5C 01 5D 01 C6 03 C6 03 C9 03 00 00,20
hci_snoop_2025_11_26_15_14_35.cfa,1502,2025-11-26T15:15:51.104Z,FFF3-Notify,f4:db:00:00:00:d9,0x0024,0x07,07 25 02 00 00 03 5C 01 5E 01 5E 01 CB 03 D3 03 D5 03 00 00,20
hci_snoop_2025_11_26_15_14_35.cfa,1506,2025-11-26T15:15:51.374Z,FFF3-Notify,f4:db:00:00:00:d9,0x0024,0x07,07 28 02 00 00 03 62 01 65 01 67 01 D7 03 CF 03 CD 03 00 00,20
hci_snoop_2025_11_26_15_14_35.cfa,1510,2025-11-26T15:15:51.644Z,FFF3-Notify,f4:db:00:00:00:d9,0x0024,0x07,07 2B 02 00 00 03 66 01 67 01 67 01 D1 03 D0 03 D2 03 00 00,20
hci_snoop_2025_11_26_15_14_35.cfa,1514,2025-11-26T15:15:51.914Z,FFF3-Notify,f4:db:00:00:00:d9,0x0024,0x07,07 2E 02 00 00 03 63 01 60 01 5E 01 DA 03 E3 03 EB 03 00 00,20
hci_snoop_2025_11_26_15_14_35.cfa,1518,2025-11-26T15:15:52.186Z,FFF3-Notify,f4:db:00:00:00:d9,0x0024,0x07,07 31 02 00 00 03 5D 01 5D 01 5E 01 F1 03 F5 03 FA 03 00 00,20
hci_snoop_2025_11_26_15_14_35.cfa,1522,2025-11-26T15:15:52.454Z,FFF3-Notify,f4:db:00:00:00:d9,0x0024,0x07,07 34 02 00 00 03 5D 01 5B 01 5C 01 F9 03 5B 03 90 03 00 00,20
hci_snoop_2025_11_26_15_14_35.cfa,1526,2025-11-26T15:15:52.724Z,FFF3-Notify,f4:db:00:00:00:d9,0x0024,0x07,07 37 02 00 00 03 5E 01 5F 01 5F 01 A6 03 AD 03 BA 03 00 00,20
hci_snoop_2025_11_26_15_14_35.cfa,1530,2025-11-26T15:15:53.173Z,FFF3-Notify,f4:db:00:00:00:d9,0x0024,0x07,07 3A 02 00 00 03 61 01 63 01 64 01 BC 03 BE 03 C1 03 00 00,20
hci_snoop_2025_11_26_15_14_35.cfa,1534,2025-11-26T15:15:53.443Z,FFF3-Notify,f4:db:00:00:00:d9,0x0024,0x07,07 3D 02 00 00 03 66 01 68 01 68 01 C1 03 C2 03 C3 03 00 00,20
hci_snoop_2025_11_26_15_14_35.cfa,1538,2025-11-26T15:15:53.714Z,FFF3-Notify,f4:db:00:00:00:d9,0x0024,0x07,07 40 02 00 00 03 69 01 69 01 68 01 C6 03 C7 03 C6 03 00 00,20
hci_snoop_2025_11_26_15_14_35.cfa,1542,2025-11-26T15:15:53.984Z,FFF3-Notify,f4:db:00:00:00:d9,0x0024,0x07,07 43 02 00 00 03 65 01 65 01 65 01 9D 03 B2 03 BC 03 00 00,20
hci_snoop_2025_11_26_15_14_35.cfa,1546,2025-11-26T15:15:54.254Z,FFF3-Notify,f4:db:00:00:00:d9,0x0024,0x07,07 46 02 00 00 03 65 01 63 01 60 01 C1 03 C7 03 CF 03 00 00,20
hci_snoop_2025_11_26_15_14_35.cfa,1550,2025-11-26T15:15:54.524Z,FFF3-Notify,f4:db:00:00:00:d9,0x0024,0x07,07 49 02 00 00 03 5E 01 5A 01 59 01 D7 03 D3 03 D7 03 00 00,20
hci_snoop_2025_11_26_15_14_35.cfa,1554,2025-11-26T15:15:54.794Z,FFF3-Notify,f4:db:00:00:00:d9,0x0024,0x07,07 4C 02 00 00 03 57 01 55 01 54 01 DD 03 E3 03 E9 03 00 00,20
hci_snoop_2025_11_26_15_14_35.cfa,1558,2025-11-26T15:15:55.064Z,FFF3-Notify,f4:db:00:00:00:d9,0x0024,0x07,07 4F 02 00 00 03 52 01 51 01 50 01 EF 03 F4 03 F8 03 00 00,20
hci_snoop_2025_11_26_15_14_35.cfa,1562,2025-11-26T15:15:55.333Z,FFF3-Notify,f4:db:00:00:00:d9,0x0024,0x07,07 52 02 00 00 03 4F 01 4F 01 4E 01 FD 03 01 04 04 04 00 00,20
hci_snoop_2025_11_26_15_14_35.cfa,1566,2025-11-26T15:15:55.605Z,FFF3-Notify,f4:db:00:00:00:d9,0x0024,0x07,07 55 02 00 00 03 4E 01 4D 01 4D 01 07 04 0B 04 0E 04 00 00,20
hci_snoop_2025_11_26_15_14_35.cfa,1570,2025-11-26T15:15:55.874Z,FFF3-Notify,f4:db:00:00:00:d9,0x0024,0x07,07 58 02 00 00 03 4C 01 4C 01 4C 01 11 04 15 04 18 04 00 00,20
hci_snoop_2025_11_26_15_14_35.cfa,1574,2025-11-26T15:15:56.143Z,FFF3-Notify,f4:db:00:00:00:d9,0x0024,0x07,07 5B 02 00 00 03 4C 01 4C 01 4D 01 1B 04 1E 04 23 04 00 00,20
hci_snoop_2025_11_26_15_14_35.cfa,1578,2025-11-26T15:15:56.414Z,FFF3-Notify,f4:db:00:00:00:d9,0x0024,0x07,07 5E 02 00 00 03 50 01 54 01 58 01 23 04 1D 04 1A 04 00 00,20
hci_snoop_2025_11_26_15_14_35.cfa,1582,2025-11-26T15:15:56.685Z,FFF3-Notify,f4:db:00:00:00:d9,0x0024,0x07,07 61 02 00 00 03 5D 01 61 01 67 01 13 04 0B 04 0B 04 00 00,20
hci_snoop_2025_11_26_15_14_35.cfa,1586,2025-11-26T15:15:56.953Z,FFF3-Notify,f4:db:00:00:00:d9,0x0024,0x07,07 64 02 00 00 03 6B 01 6D 01 6F 01 FD 03 F6 03 F2 03 00 00,20
hci_snoop_2025_11_26_15_14_35.cfa,1590,2025-11-26T15:15:57.223Z,FFF3-Notify,f4:db:00:00:00:d9,0x0024,0x07,07 67 02 00 00 03 72 01 73 01 73 01 F3 03 ED 03 ED 03 00 00,20
hci_snoop_2025_11_26_15_14_35.cfa,1594,2025-11-26T15:15:57.585Z,FFF3-Notify,f4:db:00:00:00:d9,0x0024,0x07,07 6A 02 00 00 03 71 01 6D 01 69 01 EE 03 F0 03 F5 03 00 00,20
hci_snoop_2025_11_26_15_14_35.cfa,1598,2025-11-26T15:15:57.853Z,FFF3-Notify,f4:db:00:00:00:d9,0x0024,0x07,07 6D 02 00 00 03 67 01 64 01 62 01 FA 03 FF 03 04 04 00 00,20
hci_snoop_2025_11_26_15_14_35.cfa,1602,2025-11-26T15:15:58.123Z,FFF3-Notify,f4:db:00:00:00:d9,0x0024,0x07,07 70 02 00 00 03 60 01 5E 01 5D 01 08 04 0C 04 10 04 00 00,20
hci_snoop_2025_11_26_15_14_35.cfa,1606,2025-11-26T15:15:58.394Z,FFF3-Notify,f4:db:00:00:00:d9,0x0024,0x07,07 73 02 00 00 03 5B 01 5A 01 59 01 14 04 16 04 1A 04 00 00,20
hci_snoop_2025_11_26_15_14_35.cfa,1610,2025-11-26T15:15:58.665Z,FFF3-Notify,f4:db:00:00:00:d9,0x0024,0x07,07 76 02 00 00 03 58 01 57 01 56 01 1D 04 1F 04 22 04 00 00,20
hci_snoop_2025_11_26_15_14_35.cfa,1614,2025-11-26T15:15:58.935Z,FFF3-Notify,f4:db:00:00:00:d9,0x0024,0x07,07 79 02 00 00 03 55 01 54 01 54 01 24 04 26 04 29 04 00 00,20
hci_snoop_2025_11_26_15_14_35.cfa,1618,2025-11-26T15:15:59.204Z,FFF3-Notify,f4:db:00:00:00:d9,0x0024,0x07,07 7C 02 00 00 03 53 01 52 01 52 01 2B 04 2C 04 2F 04 00 00,20
hci_snoop_2025_11_26_15_14_35.cfa,1622,2025-11-26T15:15:59.473Z,FFF3-Notify,f4:db:00:00:00:d9,0x0024,0x07,07 7F 02 00 00 03 51 01 51 01 50 01 30 04 32 04 34 04 00 00,20
hci_snoop_2025_11_26_15_14_35.cfa,1626,2025-11-26T15:15:59.744Z,FFF3-Notify,f4:db:00:00:00:d9,0x0024,0x07,07 82 02 00 00 03 50 01 50 01 4F 01 35 04 37 04 38 04 00 00,20
hci_snoop_2025_11_26_15_14_35.cfa,1630,2025-11-26T15:16:00.014Z,FFF3-Notify,f4:db:00:00:00:d9,0x0024,0x07,07 85 02 00 00 03 4F 01 4F 01 4E 01 3A 04 3C 04 3C 04 00 00,20
hci_snoop_2025_11_26_15_14_35.cfa,1634,2025-11-26T15:16:00.284Z,FFF3-Notify,f4:db:00:00:00:d9,0x0024,0x07,07 88 02 00 00 03 4E 01 4E 01 4E 01 3D 04 3F 04 3F 04 00 00,20
hci_snoop_2025_11_26_15_14_35.cfa,1638,2025-11-26T15:16:00.554Z,FFF3-Notify,f4:db:00:00:00:d9,0x0024,0x07,07 8B 02 00 00 03 4E 01 4E 01 4E 01 41 04 41 04 43 04 00 00,20
hci_snoop_2025_11_26_15_14_35.cfa,1642,2025-11-26T15:16:00.825Z,FFF3-Notify,f4:db:00:00:00:d9,0x0024,0x07,07 8E 02 00 00 03 4E 01 4E 01 4E 01 43 04 44 04 44 04 00 00,20
hci_snoop_2025_11_26_15_14_35.cfa,1647,2025-11-26T15:16:01.094Z,FFF3-Notify,f4:db:00:00:00:d9,0x0024,0x07,07 91 02 00 00 03 4E 01 4E 01 4F 01 44 04 44 04 44 04 00 00,20
hci_snoop_2025_11_26_15_14_35.cfa,1651,2025-11-26T15:16:01.363Z,FFF3-Notify,f4:db:00:00:00:d9,0x0024,0x07,07 94 02 00 00 03 4F 01 4F 01 50 01 44 04 44 04 44 04 00 00,20
hci_snoop_2025_11_26_15_14_35.cfa,1655,2025-11-26T15:16:01.634Z,FFF3-Notify,f4:db:00:00:00:d9,0x0024,0x07,07 97 02 00 00 03 50 01 50 01 50 01 44 04 43 04 43 04 00 00,20
hci_snoop_2025_11_26_15_14_35.cfa,1659,2025-11-26T15:16:01.904Z,FFF3-Notify,f4:db:00:00:00:d9,0x0024,0x07,07 9A 02 00 00 03 51 01 51 01 51 01 43 04 43 04 43 04 00 00,20
hci_snoop_2025_11_26_15_14_35.cfa,1663,2025-11-26T15:16:02.174Z,FFF3-Notify,f4:db:00:00:00:d9,0x0024,0x07,07 9D 02 00 00 03 51 01 51 01 51 01 43 04 42 04 41 04 00 00,20
hci_snoop_2025_11_26_15_14_35.cfa,1667,2025-11-26T15:16:02.443Z,FFF3-Notify,f4:db:00:00:00:d9,0x0024,0x07,07 A0 02 00 00 03 51 01 51 01 51 01 41 04 41 04 40 04 00 00,20
hci_snoop_2025_11_26_15_14_35.cfa,1671,2025-11-26T15:16:02.713Z,FFF3-Notify,f4:db:00:00:00:d9,0x0024,0x07,07 A3 02 00 00 03 51 01 51 01 51 01 40 04 40 04 40 04 00 00,20
hci_snoop_2025_11_26_15_14_35.cfa,1675,2025-11-26T15:16:02.985Z,FFF3-Notify,f4:db:00:00:00:d9,0x0024,0x07,07 A6 02 00 00 03 50 01 50 01 50 01 40 04 40 04 40 04 00 00,20
hci_snoop_2025_11_26_15_14_35.cfa,1685,2025-11-26T15:16:03.255Z,FFF3-Notify,f4:db:00:00:00:d9,0x0024,0x07,07 A9 02 00 00 03 50 01 50 01 4F 01 41 04 41 04 41 04 00 00,20
hci_snoop_2025_11_26_15_14_35.cfa,1689,2025-11-26T15:16:03.528Z,FFF3-Notify,f4:db:00:00:00:d9,0x0024,0x07,07 AC 02 00 00 03 4F 01 4F 01 4F 01 41 04 41 04 41 04 00 00,20
hci_snoop_2025_11_26_15_14_35.cfa,1693,2025-11-26T15:16:03.796Z,FFF3-Notify,f4:db:00:00:00:d9,0x0024,0x07,07 AF 02 00 00 03 4F 01 4F 01 4F 01 41 04 41 04 41 04 00 00,20
hci_snoop_2025_11_26_15_14_35.cfa,1697,2025-11-26T15:16:04.068Z,FFF3-Notify,f4:db:00:00:00:d9,0x0024,0x07,07 B2 02 00 00 03 4E 01 4E 01 4E 01 41 04 40 04 40 04 00 00,20
hci_snoop_2025_11_26_15_14_35.cfa,1701,2025-11-26T15:16:04.338Z,FFF3-Notify,f4:db:00:00:00:d9,0x0024,0x07,07 B5 02 00 00 03 4E 01 4E 01 4E 01 40 04 3F 04 3F 04 00 00,20
hci_snoop_2025_11_26_15_14_35.cfa,1705,2025-11-26T15:16:04.608Z,FFF3-Notify,f4:db:00:00:00:d9,0x0024,0x07,07 B8 02 00 00 03 4F 01 4F 01 4F 01 3F 04 3E 04 3D 04 00 00,20
hci_snoop_2025_11_26_15_14_35.cfa,1709,2025-11-26T15:16:04.879Z,FFF3-Notify,f4:db:00:00:00:d9,0x0024,0x07,07 BB 02 00 00 03 4F 01 4F 01 50 01 3D 04 3D 04 3C 04 00 00,20
hci_snoop_2025_11_26_15_14_35.cfa,1713,2025-11-26T15:16:05.145Z,FFF3-Notify,f4:db:00:00:00:d9,0x0024,0x07,07 BE 02 00 00 03 4F 01 50 01 50 01 3C 04 3B 04 3B 04 00 00,20
hci_snoop_2025_11_26_15_14_35.cfa,1717,2025-11-26T15:16:05.419Z,FFF3-Notify,f4:db:00:00:00:d9,0x0024,0x07,07 C1 02 00 00 03 50 01 50 01 50 01 3A 04 3A 04 3A 04 00 00,20
hci_snoop_2025_11_26_15_14_35.cfa,1721,2025-11-26T15:16:05.688Z,FFF3-Notify,f4:db:00:00:00:d9,0x0024,0x07,07 C4 02 00 00 03 50 01 50 01 50 01 39 04 39 04 39 04 00 00,20
hci_snoop_2025_11_26_15_14_35.cfa,1725,2025-11-26T15:16:05.959Z,FFF3-Notify,f4:db:00:00:00:d9,0x0024,0x07,07 C7 02 00 00 03 50 01 50 01 50 01 38 04 38 04 38 04 00 00,20
hci_snoop_2025_11_26_15_14_35.cfa,1729,2025-11-26T15:16:06.228Z,FFF3-Notify,f4:db:00:00:00:d9,0x0024,0x07,07 CA 02 00 00 03 50 01 50 01 4F 01 38 04 38 04 38 04 00 00,20
hci_snoop_2025_11_26_15_14_35.cfa,1733,2025-11-26T15:16:06.498Z,FFF3-Notify,f4:db:00:00:00:d9,0x0024,0x07,07 CD 02 00 00 03 4F 01 4F 01 4F 01 39 04 39 04 39 04 00 00,20
hci_snoop_2025_11_26_15_14_35.cfa,1737,2025-11-26T15:16:06.769Z,FFF3-Notify,f4:db:00:00:00:d9,0x0024,0x07,07 D0 02 00 00 03 4F 01 4E 01 4E 01 3A 04 3A 04 3A 04 00 00,20
hci_snoop_2025_11_26_15_14_35.cfa,1741,2025-11-26T15:16:07.038Z,FFF3-Notify,f4:db:00:00:00:d9,0x0024,0x07,07 D3 02 00 00 03 4E 01 4D 01 4E 01 3A 04 3B 04 3B 04 00 00,20
hci_snoop_2025_11_26_15_14_35.cfa,1745,2025-11-26T15:16:07.309Z,FFF3-Notify,f4:db:00:00:00:d9,0x0024,0x07,07 D6 02 00 00 03 4D 01 4D 01 4D 01 3B 04 3C 04 3C 04 00 00,20
hci_snoop_2025_11_26_15_14_35.cfa,1749,2025-11-26T15:16:07.578Z,FFF3-Notify,f4:db:00:00:00:d9,0x0024,0x07,07 D9 02 00 00 03 4D 01 4D 01 4D 01 3C 04 3C 04 3C 04 00 00,20
hci_snoop_2025_11_26_15_14_35.cfa,1753,2025-11-26T15:16:07.845Z,FFF3-Notify,f4:db:00:00:00:d9,0x0024,0x07,07 DC 02 00 00 03 4D 01 4D 01 4D 01 3C 04 3C 04 3B 04 00 00,20
hci_snoop_2025_11_26_15_14_35.cfa,1757,2025-11-26T15:16:08.117Z,FFF3-Notify,f4:db:00:00:00:d9,0x0024,0x07,07 DF 02 00 00 03 4D 01 4D 01 4D 01 3B 04 3A 04 3A 04 00 00,20
hci_snoop_2025_11_26_15_14_35.cfa,1761,2025-11-26T15:16:08.388Z,FFF3-Notify,f4:db:00:00:00:d9,0x0024,0x07,07 E2 02 00 00 03 4D 01 4C 01 4C 01 3A 04 C7 03 F4 03 00 00,20
hci_snoop_2025_11_26_15_14_35.cfa,1765,2025-11-26T15:16:08.658Z,FFF3-Notify,f4:db:00:00:00:d9,0x0024,0x07,07 E5 02 00 00 03 4C 01 4B 01 4C 01 FE 03 D0 03 DF 03 00 00,20
hci_snoop_2025_11_26_15_14_35.cfa,1769,2025-11-26T15:16:08.929Z,FFF3-Notify,f4:db:00:00:00:d9,0x0024,0x07,07 E8 02 00 00 03 4C 01 4D 01 4D 01 EA 03 F4 03 FD 03 00 00,20
hci_snoop_2025_11_26_15_14_35.cfa,1773,2025-11-26T15:16:09.199Z,FFF3-Notify,f4:db:00:00:00:d9,0x0024,0x07,07 EB 02 00 00 03 4E 01 4F 01 4F 01 0B 04 16 04 1D 04 00 00,20
hci_snoop_2025_11_26_15_14_35.cfa,1777,2025-11-26T15:16:09.468Z,FFF3-Notify,f4:db:00:00:00:d9,0x0024,0x07,07 EE 02 00 00 03 50 01 51 01 52 01 1F 04 23 04 25 04 00 00,20
hci_snoop_2025_11_26_15_14_35.cfa,1781,2025-11-26T15:16:09.735Z,FFF3-Notify,f4:db:00:00:00:d9,0x0024,0x07,07 F1 02 00 00 03 52 01 52 01 53 01 26 04 26 04 26 04 00 00,20
hci_snoop_2025_11_26_15_14_35.cfa,1785,2025-11-26T15:16:10.004Z,FFF3-Notify,f4:db:00:00:00:d9,0x0024,0x07,07 F4 02 00 00 03 53 01 53 01 54 01 28 04 2A 04 2B 04 00 00,20
hci_snoop_2025_11_26_15_14_35.cfa,1789,2025-11-26T15:16:10.278Z,FFF3-Notify,f4:db:00:00:00:d9,0x0024,0x07,07 F7 02 00 00 03 54 01 54 01 54 01 2C 04 2E 04 2F 04 00 00,20
hci_snoop_2025_11_26_15_14_35.cfa,1793,2025-11-26T15:16:10.548Z,FFF3-Notify,f4:db:00:00:00:d9,0x0024,0x07,07 FA 02 00 00 03 54 01 54 01 54 01 30 04 31 04 33 04 00 00,20
hci_snoop_2025_11_26_15_14_35.cfa,1797,2025-11-26T15:16:10.818Z,FFF3-Notify,f4:db:00:00:00:d9,0x0024,0x07,07 FD 02 00 00 03 54 01 54 01 54 01 34 04 36 04 36 04 00 00,20
hci_snoop_2025_11_26_15_14_35.cfa,1801,2025-11-26T15:16:11.089Z,FFF3-Notify,f4:db:00:00:00:d9,0x0024,0x07,07 00 03 00 00 03 54 01 54 01 54 01 38 04 38 04 3A 04 00 00,20
hci_snoop_2025_11_26_15_14_35.cfa,1805,2025-11-26T15:16:11.358Z,FFF3-Notify,f4:db:00:00:00:d9,0x0024,0x07,07 03 03 00 00 03 54 01 54 01 54 01 3A 04 3B 04 3B 04 00 00,20
hci_snoop_2025_11_26_15_14_35.cfa,1809,2025-11-26T15:16:11.628Z,FFF3-Notify,f4:db:00:00:00:d9,0x0024,0x07,07 06 03 00 00 03 54 01 54 01 53 01 3C 04 3D 04 3F 04 00 00,20
hci_snoop_2025_11_26_15_14_35.cfa,1813,2025-11-26T15:16:11.898Z,FFF3-Notify,f4:db:00:00:00:d9,0x0024,0x07,07 09 03 00 00 03 53 01 53 01 53 01 42 04 44 04 46 04 00 00,20
hci_snoop_2025_11_26_15_14_35.cfa,1818,2025-11-26T15:16:12.168Z,FFF3-Notify,f4:db:00:00:00:d9,0x0024,0x07,07 0C 03 00 00 03 53 01 53 01 53 01 49 04 4B 04 4D 04 00 00,20
hci_snoop_2025_11_26_15_14_35.cfa,1822,2025-11-26T15:16:12.439Z,FFF3-Notify,f4:db:00:00:00:d9,0x0024,0x07,07 0F 03 00 00 03 53 01 53 01 52 01 50 04 53 04 56 04 00 00,20
hci_snoop_2025_11_26_15_14_35.cfa,1826,2025-11-26T15:16:12.798Z,FFF3-Notify,f4:db:00:00:00:d9,0x0024,0x07,07 12 03 00 00 03 52 01 52 01 52 01 58 04 5A 04 5D 04 00 00,20
hci_snoop_2025_11_26_15_14_35.cfa,1830,2025-11-26T15:16:13.069Z,FFF3-Notify,f4:db:00:00:00:d9,0x0024,0x07,07 15 03 00 00 03 52 01 52 01 52 01 5F 04 61 04 62 04 00 00,20
hci_snoop_2025_11_26_15_14_35.cfa,1834,2025-11-26T15:16:13.337Z,FFF3-Notify,f4:db:00:00:00:d9,0x0024,0x07,07 18 03 00 00 03 52 01 52 01 51 01 65 04 66 04 69 04 00 00,20
hci_snoop_2025_11_26_15_14_35.cfa,1838,2025-11-26T15:16:13.607Z,FFF3-Notify,f4:db:00:00:00:d9,0x0024,0x07,07 1B 03 00 00 03 51 01 51 01 51 01 6B 04 6C 04 6E 04 00 00,20
hci_snoop_2025_11_26_15_14_35.cfa,1842,2025-11-26T15:16:13.878Z,FFF3-Notify,f4:db:00:00:00:d9,0x0024,0x07,07 1E 03 00 00 03 51 01 50 01 50 01 70 04 71 04 72 04 00 00,20
hci_snoop_2025_11_26_15_14_35.cfa,1846,2025-11-26T15:16:14.149Z,FFF3-Notify,f4:db:00:00:00:d9,0x0024,0x07,07 21 03 00 00 03 50 01 50 01 50 01 73 04 74 04 75 04 00 00,20
hci_snoop_2025_11_26_15_14_35.cfa,1850,2025-11-26T15:16:14.416Z,FFF3-Notify,f4:db:00:00:00:d9,0x0024,0x07,07 24 03 00 00 03 50 01 50 01 4F 01 76 04 78 04 79 04 00 00,20
hci_snoop_2025_11_26_15_14_35.cfa,1854,2025-11-26T15:16:14.689Z,FFF3-Notify,f4:db:00:00:00:d9,0x0024,0x07,07 27 03 00 00 03 4F 01 4F 01 4F 01 7A 04 7C 04 7C 04 00 00,20
hci_snoop_2025_11_26_15_14_35.cfa,1858,2025-11-26T15:16:14.958Z,FFF3-Notify,f4:db:00:00:00:d9,0x0024,0x07,07 2A 03 00 00 03 4F 01 4E 01 4E 01 7A 04 7A 04 7A 04 00 00,20
hci_snoop_2025_11_26_15_14_35.cfa,1862,2025-11-26T15:16:15.228Z,FFF3-Notify,f4:db:00:00:00:d9,0x0024,0x07,07 2D 03 00 00 03 4E 01 4E 01 4E 01 7A 04 7A 04 7B 04 00 00,20
hci_snoop_2025_11_26_15_14_35.cfa,1866,2025-11-26T15:16:15.495Z,FFF3-Notify,f4:db:00:00:00:d9,0x0024,0x07,07 30 03 00 00 03 4F 01 51 01 52 01 7D 04 78 04 76 04 00 00,20
hci_snoop_2025_11_26_15_14_35.cfa,1870,2025-11-26T15:16:15.768Z,FFF3-Notify,f4:db:00:00:00:d9,0x0024,0x07,07 33 03 00 00 03 3A 01 46 01 4A 01 3A 03 6E 03 A5 03 00 00,20
hci_snoop_2025_11_26_15_14_35.cfa,1874,2025-11-26T15:16:16.038Z,FFF3-Notify,f4:db:00:00:00:d9,0x0024,0x07,07 36 03 00 00 03 4B 01 52 01 58 01 A4 03 C9 03 CC 03 00 00,20
hci_snoop_2025_11_26_15_14_35.cfa,1878,2025-11-26T15:16:16.308Z,FFF3-Notify,f4:db:00:00:00:d9,0x0024,0x07,07 39 03 00 00 03 5A 01 63 01 69 01 CE 03 C6 03 BD 03 00 00,20
hci_snoop_2025_11_26_15_14_35.cfa,1882,2025-11-26T15:16:16.575Z,FFF3-Notify,f4:db:00:00:00:d9,0x0024,0x07,07 3C 03 00 00 03 66 01 60 01 5F 01 CD 03 E6 03 F4 03 00 00,20
hci_snoop_2025_11_26_15_14_35.cfa,1886,2025-11-26T15:16:16.847Z,FFF3-Notify,f4:db:00:00:00:d9,0x0024,0x07,07 3F 03 00 00 03 62 01 66 01 64 01 F9 03 FA 03 02 04 00 00,20
hci_snoop_2025_11_26_15_14_35.cfa,1890,2025-11-26T15:16:17.118Z,FFF3-Notify,f4:db:00:00:00:d9,0x0024,0x07,07 42 03 00 00 03 64 01 64 01 64 01 0A 04 0F 04 12 04 00 00,20
hci_snoop_2025_11_26_15_14_35.cfa,1894,2025-11-26T15:16:17.385Z,FFF3-Notify,f4:db:00:00:00:d9,0x0024,0x07,07 45 03 00 00 03 64 01 64 01 64 01 F9 03 02 04 0A 04 00 00,20
hci_snoop_2025_11_26_15_14_35.cfa,1898,2025-11-26T15:16:17.658Z,FFF3-Notify,f4:db:00:00:00:d9,0x0024,0x07,07 48 03 00 00 03 65 01 66 01 67 01 0F 04 12 04 16 04 00 00,20
hci_snoop_2025_11_26_15_14_35.cfa,1902,2025-11-26T15:16:17.925Z,FFF3-Notify,f4:db:00:00:00:d9,0x0024,0x07,07 4B 03 00 00 03 68 01 68 01 69 01 19 04 1B 04 1D 04 00 00,20
hci_snoop_2025_11_26_15_14_35.cfa,1906,2025-11-26T15:16:18.199Z,FFF3-Notify,f4:db:00:00:00:d9,0x0024,0x07,07 4E 03 00 00 03 68 01 68 01 67 01 1D 04 1F 04 1D 04 00 00,20
hci_snoop_2025_11_26_15_14_35.cfa,1910,2025-11-26T15:16:18.468Z,FFF3-Notify,f4:db:00:00:00:d9,0x0024,0x07,07 51 03 00 00 03 5C 01 5F 01 61 01 2E 03 79 03 95 03 00 00,20
hci_snoop_2025_11_26_15_14_35.cfa,1914,2025-11-26T15:16:18.739Z,FFF3-Notify,f4:db:00:00:00:d9,0x0024,0x07,07 54 03 00 00 03 64 01 64 01 65 01 A5 03 B2 03 C1 03 00 00,20
hci_snoop_2025_11_26_15_14_35.cfa,1918,2025-11-26T15:16:19.008Z,FFF3-Notify,f4:db:00:00:00:d9,0x0024,0x07,07 57 03 00 00 03 67 01 68 01 69 01 CD 03 D5 03 DC 03 00 00,20
hci_snoop_2025_11_26_15_14_35.cfa,1922,2025-11-26T15:16:19.278Z,FFF3-Notify,f4:db:00:00:00:d9,0x0024,0x07,07 5A 03 00 00 03 69 01 69 01 6A 01 E2 03 E8 03 EC 03 00 00,20
hci_snoop_2025_11_26_15_14_35.cfa,1926,2025-11-26T15:16:19.548Z,FFF3-Notify,f4:db:00:00:00:d9,0x0024,0x07,07 5D 03 00 00 03 6A 01 6A 01 69 01 F1 03 F6 03 FA 03 00 00,20
hci_snoop_2025_11_26_15_14_35.cfa,1930,2025-11-26T15:16:19.909Z,FFF3-Notify,f4:db:00:00:00:d9,0x0024,0x07,07 60 03 00 00 03 69 01 67 01 66 01 FB 03 FD 03 01 04 00 00,20
hci_snoop_2025_11_26_15_14_35.cfa,1934,2025-11-26T15:16:20.084Z,FFF3-Notify,f4:db:00:00:00:d9,0x0024,0x07,07 63 03 00 00 03 64 01 63 01 62 01 04 04 08 04 0B 04 00 00,20
hci_snoop_2025_11_26_15_14_35.cfa,1938,2025-11-26T15:16:20.358Z,FFF3-Notify,f4:db:00:00:00:d9,0x0024,0x07,07 66 03 00 00 03 61 01 60 01 5F 01 0E 04 11 04 14 04 00 00,20
hci_snoop_2025_11_26_15_14_35.cfa,1942,2025-11-26T15:16:20.629Z,FFF3-Notify,f4:db:00:00:00:d9,0x0024,0x07,07 69 03 00 00 03 5E 01 5D 01 5C 01 16 04 18 04 1A 04 00 00,20
hci_snoop_2025_11_26_15_14_35.cfa,1947,2025-11-26T15:16:20.898Z,FFF3-Notify,f4:db:00:00:00:d9,0x0024,0x07,07 6C 03 00 00 03 5C 01 5B 01 5A 01 1C 04 1D 04 1E 04 00 00,20
hci_snoop_2025_11_26_15_14_35.cfa,1951,2025-11-26T15:16:21.169Z,FFF3-Notify,f4:db:00:00:00:d9,0x0024,0x07,07 6F 03 00 00 03 5A 01 59 01 59 01 1F 04 21 04 23 04 00 00,20
hci_snoop_2025_11_26_15_14_35.cfa,1955,2025-11-26T15:16:21.439Z,FFF3-Notify,f4:db:00:00:00:d9,0x0024,0x07,07 72 03 00 00 03 58 01 58 01 58 01 24 04 25 04 26 04 00 00,20
hci_snoop_2025_11_26_15_14_35.cfa,1959,2025-11-26T15:16:21.705Z,FFF3-Notify,f4:db:00:00:00:d9,0x0024,0x07,07 75 03 00 00 03 57 01 57 01 56 01 27 04 28 04 29 04 00 00,20
hci_snoop_2025_11_26_15_14_35.cfa,1963,2025-11-26T15:16:21.979Z,FFF3-Notify,f4:db:00:00:00:d9,0x0024,0x07,07 78 03 00 00 03 56 01 3E 01 3C 01 2A 04 B9 02 0C 03 00 00,20
hci_snoop_2025_11_26_15_14_35.cfa,1967,2025-11-26T15:16:22.245Z,FFF3-Notify,f4:db:00:00:00:d9,0x0024,0x07,07 7B 03 00 00 03 40 01 43 01 46 01 46 03 62 03 80 03 00 00,20
hci_snoop_2025_11_26_15_14_35.cfa,1971,2025-11-26T15:16:22.518Z,FFF3-Notify,f4:db:00:00:00:d9,0x0024,0x07,07 7E 03 00 00 03 47 01 49 01 4A 01 97 03 A6 03 B2 03 00 00,20
hci_snoop_2025_11_26_15_14_35.cfa,1975,2025-11-26T15:16:22.788Z,FFF3-Notify,f4:db:00:00:00:d9,0x0024,0x07,07 81 03 00 00 03 4B 01 4C 01 4E 01 BA 03 C1 03 C9 03 00 00,20
hci_snoop_2025_11_26_15_14_35.cfa,1979,2025-11-26T15:16:23.058Z,FFF3-Notify,f4:db:00:00:00:d9,0x0024,0x07,07 84 03 00 00 03 50 01 53 01 57 01 D4 03 D8 03 DA 03 00 00,20
hci_snoop_2025_11_26_15_14_35.cfa,1983,2025-11-26T15:16:23.327Z,FFF3-Notify,f4:db:00:00:00:d9,0x0024,0x07,07 87 03 00 00 03 5A 01 5D 01 60 01 DB 03 DD 03 DE 03 00 00,20
hci_snoop_2025_11_26_15_14_35.cfa,1987,2025-11-26T15:16:23.595Z,FFF3-Notify,f4:db:00:00:00:d9,0x0024,0x07,07 8A 03 00 00 03 62 01 64 01 66 01 E0 03 E1 03 E3 03 00 00,20
hci_snoop_2025_11_26_15_14_35.cfa,1991,2025-11-26T15:16:23.868Z,FFF3-Notify,f4:db:00:00:00:d9,0x0024,0x07,07 8D 03 00 00 03 68 01 69 01 6B 01 E4 03 E6 03 E8 03 00 00,20
hci_snoop_2025_11_26_15_14_35.cfa,1995,2025-11-26T15:16:24.134Z,FFF3-Notify,f4:db:00:00:00:d9,0x0024,0x07,07 90 03 00 00 03 6B 01 69 01 67 01 E2 03 E0 03 E5 03 00 00,20
hci_snoop_2025_11_26_15_14_35.cfa,1999,2025-11-26T15:16:24.408Z,FFF3-Notify,f4:db:00:00:00:d9,0x0024,0x07,07 93 03 00 00 03 67 01 66 01 64 01 EA 03 E8 03 E9 03 00 00,20
hci_snoop_2025_11_26_15_14_35.cfa,2003,2025-11-26T15:16:24.679Z,FFF3-Notify,f4:db:00:00:00:d9,0x0024,0x07,07 96 03 00 00 03 63 01 62 01 61 01 EA 03 EC 03 EF 03 00 00,20
hci_snoop_2025_11_26_15_14_35.cfa,2007,2025-11-26T15:16:24.948Z,FFF3-Notify,f4:db:00:00:00:d9,0x0024,0x07,07 99 03 00 00 03 60 01 60 01 5F 01 F0 03 F2 03 F4 03 00 00,20
hci_snoop_2025_11_26_15_14_35.cfa,2011,2025-11-26T15:16:25.219Z,FFF3-Notify,f4:db:00:00:00:d9,0x0024,0x07,07 9C 03 00 00 03 5E 01 5E 01 5E 01 F6 03 F8 03 F9 03 00 00,20
hci_snoop_2025_11_26_15_14_35.cfa,2015,2025-11-26T15:16:25.488Z,FFF3-Notify,f4:db:00:00:00:d9,0x0024,0x07,07 9F 03 00 00 03 5D 01 5D 01 5C 01 FB 03 FC 03 FE 03 00 00,20
hci_snoop_2025_11_26_15_14_35.cfa,2019,2025-11-26T15:16:25.756Z,FFF3-Notify,f4:db:00:00:00:d9,0x0024,0x07,07 A2 03 00 00 03 5C 01 5B 01 5B 01 FF 03 01 04 02 04 00 00,20
hci_snoop_2025_11_26_15_14_35.cfa,2023,2025-11-26T15:16:26.025Z,FFF3-Notify,f4:db:00:00:00:d9,0x0024,0x07,07 A5 03 00 00 03 5A 01 5A 01 5A 01 03 04 04 04 05 04 00 00,20
hci_snoop_2025_11_26_15_14_35.cfa,2027,2025-11-26T15:16:26.298Z,FFF3-Notify,f4:db:00:00:00:d9,0x0024,0x07,07 A8 03 00 00 03 59 01 59 01 59 01 07 04 08 04 0A 04 00 00,20
hci_snoop_2025_11_26_15_14_35.cfa,2031,2025-11-26T15:16:26.568Z,FFF3-Notify,f4:db:00:00:00:d9,0x0024,0x07,07 AB 03 00 00 03 59 01 58 01 58 01 0B 04 0C 04 0D 04 00 00,20
hci_snoop_2025_11_26_15_14_35.cfa,2035,2025-11-26T15:16:26.838Z,FFF3-Notify,f4:db:00:00:00:d9,0x0024,0x07,07 AE 03 00 00 03 57 01 57 01 57 01 0F 04 11 04 12 04 00 00,20
hci_snoop_2025_11_26_15_14_35.cfa,2039,2025-11-26T15:16:27.110Z,FFF3-Notify,f4:db:00:00:00:d9,0x0024,0x07,07 B1 03 00 00 03 56 01 56 01 56 01 13 04 14 04 16 04 00 00,20
hci_snoop_2025_11_26_15_14_35.cfa,2044,2025-11-26T15:16:27.375Z,FFF3-Notify,f4:db:00:00:00:d9,0x0024,0x07,07 B4 03 00 00 03 55 01 55 01 55 01 17 04 18 04 1A 04 00 00,20
hci_snoop_2025_11_26_15_14_35.cfa,2048,2025-11-26T15:16:27.649Z,FFF3-Notify,f4:db:00:00:00:d9,0x0024,0x07,07 B7 03 00 00 03 55 01 54 01 54 01 1B 04 1C 04 1D 04 00 00,20
hci_snoop_2025_11_26_15_14_35.cfa,2052,2025-11-26T15:16:27.917Z,FFF3-Notify,f4:db:00:00:00:d9,0x0024,0x07,07 BA 03 00 00 03 54 01 53 01 53 01 1E 04 20 04 21 04 00 00,20
hci_snoop_2025_11_26_15_14_35.cfa,2056,2025-11-26T15:16:28.188Z,FFF3-Notify,f4:db:00:00:00:d9,0x0024,0x07,07 BD 03 00 00 03 53 01 53 01 52 01 23 04 24 04 25 04 00 00,20
hci_snoop_2025_11_26_15_14_35.cfa,2060,2025-11-26T15:16:28.459Z,FFF3-Notify,f4:db:00:00:00:d9,0x0024,0x07,07 C0 03 00 00 03 52 01 52 01 52 01 26 04 27 04 29 04 00 00,20
hci_snoop_2025_11_26_15_14_35.cfa,2064,2025-11-26T15:16:28.728Z,FFF3-Notify,f4:db:00:00:00:d9,0x0024,0x07,07 C3 03 00 00 03 51 01 51 01 51 01 2A 04 2A 04 2B 04 00 00,20
hci_snoop_2025_11_26_15_14_35.cfa,2068,2025-11-26T15:16:28.999Z,FFF3-Notify,f4:db:00:00:00:d9,0x0024,0x07,07 C6 03 00 00 03 51 01 51 01 50 01 2C 04 2D 04 2E 04 00 00,20
hci_snoop_2025_11_26_15_14_35.cfa,2072,2025-11-26T15:16:29.268Z,FFF3-Notify,f4:db:00:00:00:d9,0x0024,0x07,07 C9 03 00 00 03 50 01 50 01 50 01 2F 04 30 04 11 04 00 00,20
hci_snoop_2025_11_26_15_14_35.cfa,2076,2025-11-26T15:16:29.539Z,FFF3-Notify,f4:db:00:00:00:d9,0x0024,0x07,07 CC 03 00 00 03 50 01 4F 01 4F 01 14 04 11 04 F6 03 00 00,20
hci_snoop_2025_11_26_15_14_35.cfa,2080,2025-11-26T15:16:29.805Z,FFF3-Notify,f4:db:00:00:00:d9,0x0024,0x07,07 CF 03 00 00 03 51 01 53 01 56 01 F6 03 F7 03 F7 03 00 00,20
hci_snoop_2025_11_26_15_14_35.cfa,2084,2025-11-26T15:16:30.078Z,FFF3-Notify,f4:db:00:00:00:d9,0x0024,0x07,07 D2 03 00 00 03 59 01 5D 01 5F 01 F4 03 F0 03 ED 03 00 00,20
hci_snoop_2025_11_26_15_14_35.cfa,2088,2025-11-26T15:16:30.348Z,FFF3-Notify,f4:db:00:00:00:d9,0x0024,0x07,07 D5 03 00 00 03 61 01 62 01 64 01 EB 03 EA 03 E8 03 00 00,20
hci_snoop_2025_11_26_15_14_35.cfa,2092,2025-11-26T15:16:30.619Z,FFF3-Notify,f4:db:00:00:00:d9,0x0024,0x07,07 D8 03 00 00 03 66 01 68 01 69 01 E6 03 E4 03 E3 03 00 00,20
hci_snoop_2025_11_26_15_14_35.cfa,2096,2025-11-26T15:16:30.888Z,FFF3-Notify,f4:db:00:00:00:d9,0x0024,0x07,07 DB 03 00 00 03 6A 01 6A 01 6B 01 E2 03 E2 03 E1 03 00 00,20
hci_snoop_2025_11_26_15_14_35.cfa,2100,2025-11-26T15:16:31.155Z,FFF3-Notify,f4:db:00:00:00:d9,0x0024,0x07,07 DE 03 00 00 03 6B 01 6A 01 6A 01 E2 03 E2 03 E4 03 00 00,20
hci_snoop_2025_11_26_15_14_35.cfa,2104,2025-11-26T15:16:31.428Z,FFF3-Notify,f4:db:00:00:00:d9,0x0024,0x07,07 E1 03 00 00 03 6A 01 68 01 67 01 E7 03 EC 03 F1 03 00 00,20
hci_snoop_2025_11_26_15_14_35.cfa,2108,2025-11-26T15:16:31.695Z,FFF3-Notify,f4:db:00:00:00:d9,0x0024,0x07,07 E4 03 00 00 03 66 01 65 01 63 01 F5 03 F9 03 FC 03 00 00,20
hci_snoop_2025_11_26_15_14_35.cfa,2112,2025-11-26T15:16:31.967Z,FFF3-Notify,f4:db:00:00:00:d9,0x0024,0x07,07 E7 03 00 00 03 62 01 61 01 60 01 FF 03 02 04 05 04 00 00,20
hci_snoop_2025_11_26_15_14_35.cfa,2116,2025-11-26T15:16:32.238Z,FFF3-Notify,f4:db:00:00:00:d9,0x0024,0x07,07 EA 03 00 00 03 5F 01 5E 01 5D 01 08 04 0A 04 0B 04 00 00,20
hci_snoop_2025_11_26_15_14_35.cfa,2120,2025-11-26T15:16:32.506Z,FFF3-Notify,f4:db:00:00:00:d9,0x0024,0x07,07 ED 03 00 00 03 5C 01 5B 01 5B 01 0D 04 0E 04 10 04 00 00,20
hci_snoop_2025_11_26_15_14_35.cfa,2124,2025-11-26T15:16:32.775Z,FFF3-Notify,f4:db:00:00:00:d9,0x0024,0x07,07 F0 03 00 00 03 5A 01 59 01 58 01 11 04 12 04 14 04 00 00,20
hci_snoop_2025_11_26_15_14_35.cfa,2128,2025-11-26T15:16:33.044Z,FFF3-Notify,f4:db:00:00:00:d9,0x0024,0x07,07 F3 03 00 00 03 58 01 57 01 56 01 15 04 16 04 18 04 00 00,20
hci_snoop_2025_11_26_15_14_35.cfa,2132,2025-11-26T15:16:33.318Z,FFF3-Notify,f4:db:00:00:00:d9,0x0024,0x07,07 F6 03 00 00 03 56 01 55 01 54 01 19 04 1A 04 1B 04 00 00,20
hci_snoop_2025_11_26_15_14_35.cfa,2136,2025-11-26T15:16:33.589Z,FFF3-Notify,f4:db:00:00:00:d9,0x0024,0x07,07 F9 03 00 00 03 54 01 53 01 53 01 1C 04 1D 04 1E 04 00 00,20
hci_snoop_2025_11_26_15_14_35.cfa,2140,2025-11-26T15:16:33.855Z,FFF3-Notify,f4:db:00:00:00:d9,0x0024,0x07,07 FC 03 00 00 03 52 01 52 01 52 01 1F 04 20 04 21 04 00 00,20
hci_snoop_2025_11_26_15_14_35.cfa,2144,2025-11-26T15:16:34.128Z,FFF3-Notify,f4:db:00:00:00:d9,0x0024,0x07,07 FF 03 00 00 03 51 01 51 01 51 01 21 04 22 04 22 04 00 00,20
hci_snoop_2025_11_26_15_14_35.cfa,2148,2025-11-26T15:16:34.399Z,FFF3-Notify,f4:db:00:00:00:d9,0x0024,0x07,07 02 04 00 00 03 50 01 50 01 50 01 23 04 23 04 24 04 00 00,20
hci_snoop_2025_11_26_15_14_35.cfa,2152,2025-11-26T15:16:34.668Z,FFF3-Notify,f4:db:00:00:00:d9,0x0024,0x07,07 05 04 00 00 03 50 01 4F 01 4F 01 24 04 25 04 25 04 00 00,20
hci_snoop_2025_11_26_15_14_35.cfa,2156,2025-11-26T15:16:34.938Z,FFF3-Notify,f4:db:00:00:00:d9,0x0024,0x07,07 08 04 00 00 03 4F 01 4F 01 4F 01 26 04 26 04 27 04 00 00,20
hci_snoop_2025_11_26_15_14_35.cfa,2160,2025-11-26T15:16:35.208Z,FFF3-Notify,f4:db:00:00:00:d9,0x0024,0x07,07 0B 04 00 00 03 4E 01 4E 01 4E 01 27 04 28 04 28 04 00 00,20
hci_snoop_2025_11_26_15_14_35.cfa,2164,2025-11-26T15:16:35.478Z,FFF3-Notify,f4:db:00:00:00:d9,0x0024,0x07,07 0E 04 00 00 03 4E 01 4D 01 4D 01 28 04 28 04 29 04 00 00,20
hci_snoop_2025_11_26_15_14_35.cfa,2168,2025-11-26T15:16:35.745Z,FFF3-Notify,f4:db:00:00:00:d9,0x0024,0x07,07 11 04 00 00 03 4D 01 4D 01 4D 01 29 04 29 04 2A 04 00 00,20
hci_snoop_2025_11_26_15_14_35.cfa,2172,2025-11-26T15:16:36.019Z,FFF3-Notify,f4:db:00:00:00:d9,0x0024,0x07,07 14 04 00 00 03 4C 01 4C 01 4C 01 2A 04 2A 04 2B 04 00 00,20
hci_snoop_2025_11_26_15_14_35.cfa,2176,2025-11-26T15:16:36.288Z,FFF3-Notify,f4:db:00:00:00:d9,0x0024,0x07,07 17 04 00 00 03 4C 01 4C 01 4C 01 2B 04 2B 04 2B 04 00 00,20
hci_snoop_2025_11_26_15_14_35.cfa,2180,2025-11-26T15:16:36.558Z,FFF3-Notify,f4:db:00:00:00:d9,0x0024,0x07,07 1A 04 00 00 03 4C 01 4C 01 4C 01 2B 04 2A 04 2A 04 00 00,20
hci_snoop_2025_11_26_15_14_35.cfa,2184,2025-11-26T15:16:36.829Z,FFF3-Notify,f4:db:00:00:00:d9,0x0024,0x07,07 1D 04 00 00 03 4C 01 4C 01 4D 01 29 04 29 04 28 04 00 00,20
hci_snoop_2025_11_26_15_14_35.cfa,2188,2025-11-26T15:16:37.098Z,FFF3-Notify,f4:db:00:00:00:d9,0x0024,0x07,07 20 04 00 00 03 4D 01 4D 01 4D 01 28 04 28 04 27 04 00 00,20
hci_snoop_2025_11_26_15_14_35.cfa,2192,2025-11-26T15:16:37.455Z,FFF3-Notify,f4:db:00:00:00:d9,0x0024,0x07,07 23 04 00 00 03 4D 01 4D 01 4D 01 27 04 27 04 27 04 00 00,20
hci_snoop_2025_11_26_15_14_35.cfa,2196,2025-11-26T15:16:37.724Z,FFF3-Notify,f4:db:00:00:00:d9,0x0024,0x07,07 26 04 00 00 03 4D 01 4D 01 4D 01 27 04 27 04 27 04 00 00,20
hci_snoop_2025_11_26_15_14_35.cfa,2200,2025-11-26T15:16:38.087Z,FFF3-Notify,f4:db:00:00:00:d9,0x0024,0x07,07 29 04 00 00 03 4D 01 4C 01 4D 01 27 04 27 04 27 04 00 00,20
hci_snoop_2025_11_26_15_14_35.cfa,2204,2025-11-26T15:16:38.358Z,FFF3-Notify,f4:db:00:00:00:d9,0x0024,0x07,07 2C 04 00 00 03 4D 01 4D 01 4D 01 27 04 27 04 27 04 00 00,20
hci_snoop_2025_11_26_15_14_35.cfa,2208,2025-11-26T15:16:38.625Z,FFF3-Notify,f4:db:00:00:00:d9,0x0024,0x07,07 2F 04 00 00 03 4D 01 4D 01 4C 01 28 04 29 04 29 04 00 00,20
hci_snoop_2025_11_26_15_14_35.cfa,2212,2025-11-26T15:16:38.896Z,FFF3-Notify,f4:db:00:00:00:d9,0x0024,0x07,07 32 04 00 00 03 4C 01 4C 01 4C 01 2A 04 2A 04 2A 04 00 00,20
hci_snoop_2025_11_26_15_14_35.cfa,2216,2025-11-26T15:16:39.167Z,FFF3-Notify,f4:db:00:00:00:d9,0x0024,0x07,07 35 04 00 00 03 4C 01 4C 01 4B 01 2A 04 2B 04 2B 04 00 00,20
hci_snoop_2025_11_26_15_14_35.cfa,2220,2025-11-26T15:16:39.438Z,FFF3-Notify,f4:db:00:00:00:d9,0x0024,0x07,07 38 04 00 00 03 4C 01 4C 01 4C 01 2B 04 2B 04 2B 04 00 00,20
hci_snoop_2025_11_26_15_14_35.cfa,2224,2025-11-26T15:16:39.708Z,FFF3-Notify,f4:db:00:00:00:d9,0x0024,0x07,07 3B 04 00 00 03 4C 01 4C 01 4D 01 2B 04 2B 04 2B 04 00 00,20
hci_snoop_2025_11_26_15_14_35.cfa,2228,2025-11-26T15:16:39.975Z,FFF3-Notify,f4:db:00:00:00:d9,0x0024,0x07,07 3E 04 00 00 03 4D 01 4E 01 4E 01 2A 04 2A 04 2A 04 00 00,20
hci_snoop_2025_11_26_15_14_35.cfa,2232,2025-11-26T15:16:40.243Z,FFF3-Notify,f4:db:00:00:00:d9,0x0024,0x07,07 41 04 00 00 03 4E 01 4E 01 4E 01 2A 04 2A 04 2B 04 00 00,20
hci_snoop_2025_11_26_15_14_35.cfa,2236,2025-11-26T15:16:40.518Z,FFF3-Notify,f4:db:00:00:00:d9,0x0024,0x07,07 44 04 00 00 03 4E 01 4E 01 4E 01 2B 04 2B 04 2B 04 00 00,20
hci_snoop_2025_11_26_15_14_35.cfa,2240,2025-11-26T15:16:40.789Z,FFF3-Notify,f4:db:00:00:00:d9,0x0024,0x07,07 47 04 00 00 03 4E 01 4E 01 4E 01 2C 04 2C 04 2C 04 00 00,20
hci_snoop_2025_11_26_15_14_35.cfa,2244,2025-11-26T15:16:41.058Z,FFF3-Notify,f4:db:00:00:00:d9,0x0024,0x07,07 4A 04 00 00 03 4E 01 4E 01 4D 01 2D 04 2D 04 2D 04 00 00,20
hci_snoop_2025_11_26_15_14_35.cfa,2248,2025-11-26T15:16:41.328Z,FFF3-Notify,f4:db:00:00:00:d9,0x0024,0x07,07 4D 04 00 00 03 4D 01 4D 01 4D 01 2D 04 2E 04 2E 04 00 00,20
hci_snoop_2025_11_26_15_14_35.cfa,2252,2025-11-26T15:16:41.598Z,FFF3-Notify,f4:db:00:00:00:d9,0x0024,0x07,07 50 04 00 00 03 4C 01 4C 01 4C 01 2F 04 2F 04 30 04 00 00,20
hci_snoop_2025_11_26_15_14_35.cfa,2256,2025-11-26T15:16:41.865Z,FFF3-Notify,f4:db:00:00:00:d9,0x0024,0x07,07 53 04 00 00 03 4C 01 4C 01 4C 01 31 04 31 04 32 04 00 00,20
hci_snoop_2025_11_26_15_14_35.cfa,2260,2025-11-26T15:16:42.140Z,FFF3-Notify,f4:db:00:00:00:d9,0x0024,0x07,07 56 04 00 00 03 4B 01 4B 01 4C 01 32 04 33 04 33 04 00 00,20
hci_snoop_2025_11_26_15_14_35.cfa,2265,2025-11-26T15:16:42.405Z,FFF3-Notify,f4:db:00:00:00:d9,0x0024,0x07,07 59 04 00 00 03 4C 01 3F 01 40 01 35 04 31 03 A4 03 00 00,20
hci_snoop_2025_11_26_15_14_35.cfa,2269,2025-11-26T15:16:42.679Z,FFF3-Notify,f4:db:00:00:00:d9,0x0024,0x07,07 5C 04 00 00 03 43 01 45 01 47 01 B2 03 BB 03 C4 03 00 00,20
hci_snoop_2025_11_26_15_14_35.cfa,2273,2025-11-26T15:16:42.946Z,FFF3-Notify,f4:db:00:00:00:d9,0x0024,0x07,07 5F 04 00 00 03 48 01 4A 01 4B 01 CD 03 D4 03 D9 03 00 00,20
hci_snoop_2025_11_26_15_14_35.cfa,2277,2025-11-26T15:16:43.218Z,FFF3-Notify,f4:db:00:00:00:d9,0x0024,0x07,07 62 04 00 00 03 4D 01 4F 01 4F 01 DC 03 DD 03 E0 03 00 00,20
hci_snoop_2025_11_26_15_14_35.cfa,2281,2025-11-26T15:16:43.488Z,FFF3-Notify,f4:db:00:00:00:d9,0x0024,0x07,07 65 04 00 00 03 50 01 52 01 53 01 E4 03 E6 03 CC 03 00 00,20
hci_snoop_2025_11_26_15_14_35.cfa,2285,2025-11-26T15:16:43.755Z,FFF3-Notify,f4:db:00:00:00:d9,0x0024,0x07,07 68 04 00 00 03 54 01 56 01 5A 01 B0 03 BA 03 C2 03 00 00,20
hci_snoop_2025_11_26_15_14_35.cfa,2289,2025-11-26T15:16:44.027Z,FFF3-Notify,f4:db:00:00:00:d9,0x0024,0x07,07 6B 04 00 00 03 5C 01 5E 01 60 01 C8 03 CC 03 D0 03 00 00,20
hci_snoop_2025_11_26_15_14_35.cfa,2293,2025-11-26T15:16:44.388Z,FFF3-Notify,f4:db:00:00:00:d9,0x0024,0x07,07 6E 04 00 00 03 62 01 64 01 65 01 D3 03 D6 03 D9 03 00 00,20
hci_snoop_2025_11_26_15_14_35.cfa,2297,2025-11-26T15:16:44.568Z,FFF3-Notify,f4:db:00:00:00:d9,0x0024,0x07,07 71 04 00 00 03 66 01 68 01 69 01 DC 03 DE 03 E0 03 00 00,20
hci_snoop_2025_11_26_15_14_35.cfa,2301,2025-11-26T15:16:44.924Z,FFF3-Notify,f4:db:00:00:00:d9,0x0024,0x07,07 74 04 00 00 03 6A 01 6B 01 6C 01 E2 03 E4 03 E6 03 00 00,20
hci_snoop_2025_11_26_15_14_35.cfa,2305,2025-11-26T15:16:45.108Z,FFF3-Notify,f4:db:00:00:00:d9,0x0024,0x07,07 77 04 00 00 03 6D 01 6E 01 6C 01 E7 03 E6 03 DB 03 00 00,20
hci_snoop_2025_11_26_15_14_35.cfa,2309,2025-11-26T15:16:45.468Z,FFF3-Notify,f4:db:00:00:00:d9,0x0024,0x07,07 7A 04 00 00 03 69 01 67 01 65 01 DB 03 DD 03 DE 03 00 00,20
hci_snoop_2025_11_26_15_14_35.cfa,2313,2025-11-26T15:16:45.739Z,FFF3-Notify,f4:db:00:00:00:d9,0x0024,0x07,07 7D 04 00 00 03 64 01 63 01 62 01 E0 03 E2 03 E4 03 00 00,20
hci_snoop_2025_11_26_15_14_35.cfa,2317,2025-11-26T15:16:46.009Z,FFF3-Notify,f4:db:00:00:00:d9,0x0024,0x07,07 80 04 00 00 03 61 01 60 01 5F 01 E5 03 E6 03 E8 03 00 00,20
hci_snoop_2025_11_26_15_14_35.cfa,2321,2025-11-26T15:16:46.278Z,FFF3-Notify,f4:db:00:00:00:d9,0x0024,0x07,07 83 04 00 00 03 5E 01 5E 01 5D 01 E9 03 EA 03 EB 03 00 00,20
hci_snoop_2025_11_26_15_14_35.cfa,2325,2025-11-26T15:16:46.548Z,FFF3-Notify,f4:db:00:00:00:d9,0x0024,0x07,07 86 04 00 00 03 5E 01 5E 01 5E 01 ED 03 F0 03 EF 03 00 00,20
hci_snoop_2025_11_26_15_14_35.cfa,2329,2025-11-26T15:16:46.816Z,FFF3-Notify,f4:db:00:00:00:d9,0x0024,0x07,07 89 04 00 00 03 5C 01 5C 01 5D 01 E6 03 EA 03 F3 03 00 00,20
hci_snoop_2025_11_26_15_14_35.cfa,2333,2025-11-26T15:16:47.085Z,FFF3-Notify,f4:db:00:00:00:d9,0x0024,0x07,07 8C 04 00 00 03 5D 01 5D 01 5D 01 F9 03 FD 03 01 04 00 00,20
hci_snoop_2025_11_26_15_14_35.cfa,2337,2025-11-26T15:16:47.358Z,FFF3-Notify,f4:db:00:00:00:d9,0x0024,0x07,07 8F 04 00 00 03 5D 01 5C 01 5B 01 FF 03 FE 03 FE 03 00 00,20
hci_snoop_2025_11_26_15_14_35.cfa,2341,2025-11-26T15:16:47.629Z,FFF3-Notify,f4:db:00:00:00:d9,0x0024,0x07,07 92 04 00 00 03 5A 01 59 01 59 01 FF 03 FF 03 00 04 00 00,20
hci_snoop_2025_11_26_15_14_35.cfa,2345,2025-11-26T15:16:47.985Z,FFF3-Notify,f4:db:00:00:00:d9,0x0024,0x07,07 95 04 00 00 03 58 01 58 01 57 01 01 04 01 04 02 04 00 00,20
hci_snoop_2025_11_26_15_14_35.cfa,2349,2025-11-26T15:16:48.257Z,FFF3-Notify,f4:db:00:00:00:d9,0x0024,0x07,07 98 04 00 00 03 56 01 56 01 56 01 02 04 03 04 03 04 00 00,20
hci_snoop_2025_11_26_15_14_35.cfa,2353,2025-11-26T15:16:48.528Z,FFF3-Notify,f4:db:00:00:00:d9,0x0024,0x07,07 9B 04 00 00 03 55 01 55 01 54 01 06 04 08 04 08 04 00 00,20
hci_snoop_2025_11_26_15_14_35.cfa,2357,2025-11-26T15:16:48.799Z,FFF3-Notify,f4:db:00:00:00:d9,0x0024,0x07,07 9E 04 00 00 03 54 01 54 01 53 01 0A 04 0B 04 0C 04 00 00,20
hci_snoop_2025_11_26_15_14_35.cfa,2361,2025-11-26T15:16:49.067Z,FFF3-Notify,f4:db:00:00:00:d9,0x0024,0x07,07 A1 04 00 00 03 53 01 52 01 52 01 0C 04 0D 04 0D 04 00 00,20
hci_snoop_2025_11_26_15_14_35.cfa,2365,2025-11-26T15:16:49.335Z,FFF3-Notify,f4:db:00:00:00:d9,0x0024,0x07,07 A4 04 00 00 03 52 01 51 01 51 01 0D 04 0D 04 0E 04 00 00,20
hci_snoop_2025_11_26_15_14_35.cfa,2369,2025-11-26T15:16:49.608Z,FFF3-Notify,f4:db:00:00:00:d9,0x0024,0x07,07 A7 04 00 00 03 50 01 50 01 50 01 0F 04 0F 04 10 04 00 00,20
hci_snoop_2025_11_26_15_14_35.cfa,2373,2025-11-26T15:16:49.875Z,FFF3-Notify,f4:db:00:00:00:d9,0x0024,0x07,07 AA 04 00 00 03 4F 01 4F 01 4F 01 11 04 12 04 13 04 00 00,20
hci_snoop_2025_11_26_15_14_35.cfa,2377,2025-11-26T15:16:50.148Z,FFF3-Notify,f4:db:00:00:00:d9,0x0024,0x07,07 AD 04 00 00 03 4F 01 4E 01 4E 01 14 04 15 04 17 04 00 00,20
hci_snoop_2025_11_26_15_14_35.cfa,2381,2025-11-26T15:16:50.417Z,FFF3-Notify,f4:db:00:00:00:d9,0x0024,0x07,07 B0 04 00 00 03 4E 01 4E 01 4D 01 19 04 1B 04 1D 04 00 00,20
hci_snoop_2025_11_26_15_14_35.cfa,2385,2025-11-26T15:16:50.688Z,FFF3-Notify,f4:db:00:00:00:d9,0x0024,0x07,07 B3 04 00 00 03 4D 01 4D 01 4D 01 1F 04 21 04 23 04 00 00,20
hci_snoop_2025_11_26_15_14_35.cfa,2390,2025-11-26T15:16:51.048Z,FFF3-Notify,f4:db:00:00:00:d9,0x0024,0x07,07 B6 04 00 00 03 4D 01 4D 01 4D 01 24 04 26 04 27 04 00 00,20
hci_snoop_2025_11_26_15_14_35.cfa,2394,2025-11-26T15:16:51.319Z,FFF3-Notify,f4:db:00:00:00:d9,0x0024,0x07,07 B9 04 00 00 03 4E 01 4E 01 4E 01 28 04 29 04 2A 04 00 00,20
hci_snoop_2025_11_26_15_14_35.cfa,2398,2025-11-26T15:16:51.589Z,FFF3-Notify,f4:db:00:00:00:d9,0x0024,0x07,07 BC 04 00 00 03 4E 01 4E 01 4F 01 2A 04 2B 04 2B 04 00 00,20
hci_snoop_2025_11_26_15_14_35.cfa,2402,2025-11-26T15:16:51.859Z,FFF3-Notify,f4:db:00:00:00:d9,0x0024,0x07,07 BF 04 00 00 03 4F 01 4F 01 50 01 2B 04 2B 04 2B 04 00 00,20
hci_snoop_2025_11_26_15_14_35.cfa,2406,2025-11-26T15:16:52.128Z,FFF3-Notify,f4:db:00:00:00:d9,0x0024,0x07,07 C2 04 00 00 03 50 01 50 01 50 01 2B 04 2B 04 2C 04 00 00,20
hci_snoop_2025_11_26_15_14_35.cfa,2410,2025-11-26T15:16:52.398Z,FFF3-Notify,f4:db:00:00:00:d9,0x0024,0x07,07 C5 04 00 00 03 50 01 50 01 50 01 2B 04 2B 04 2C 04 00 00,20
hci_snoop_2025_11_26_15_14_35.cfa,2414,2025-11-26T15:16:52.669Z,FFF3-Notify,f4:db:00:00:00:d9,0x0024,0x07,07 C8 04 00 00 03 50 01 50 01 4F 01 2D 04 2D 04 2D 04 00 00,20
hci_snoop_2025_11_26_15_14_35.cfa,2418,2025-11-26T15:16:52.939Z,FFF3-Notify,f4:db:00:00:00:d9,0x0024,0x07,07 CB 04 00 00 03 4F 01 4F 01 4F 01 2D 04 2E 04 2E 04 00 00,20
hci_snoop_2025_11_26_15_14_35.cfa,2422,2025-11-26T15:16:53.208Z,FFF3-Notify,f4:db:00:00:00:d9,0x0024,0x07,07 CE 04 00 00 03 4F 01 4F 01 4F 01 2F 04 2F 04 2F 04 00 00,20
hci_snoop_2025_11_26_15_14_35.cfa,2426,2025-11-26T15:16:53.478Z,FFF3-Notify,f4:db:00:00:00:d9,0x0024,0x07,07 D1 04 00 00 03 4F 01 4E 01 4E 01 30 04 31 04 31 04 00 00,20
hci_snoop_2025_11_26_15_14_35.cfa,2430,2025-11-26T15:16:53.748Z,FFF3-Notify,f4:db:00:00:00:d9,0x0024,0x07,07 D4 04 00 00 03 4E 01 4E 01 4E 01 31 04 32 04 32 04 00 00,20
hci_snoop_2025_11_26_15_14_35.cfa,2434,2025-11-26T15:16:54.018Z,FFF3-Notify,f4:db:00:00:00:d9,0x0024,0x07,07 D7 04 00 00 03 4E 01 4E 01 4E 01 32 04 32 04 33 04 00 00,20
hci_snoop_2025_11_26_15_14_35.cfa,2438,2025-11-26T15:16:54.288Z,FFF3-Notify,f4:db:00:00:00:d9,0x0024,0x07,07 DA 04 00 00 03 4E 01 4E 01 4E 01 33 04 34 04 34 04 00 00,20
hci_snoop_2025_11_26_15_14_35.cfa,2442,2025-11-26T15:16:54.558Z,FFF3-Notify,f4:db:00:00:00:d9,0x0024,0x07,07 DD 04 00 00 03 4E 01 4F 01 4F 01 34 04 34 04 33 04 00 00,20
hci_snoop_2025_11_26_15_14_35.cfa,2446,2025-11-26T15:16:54.829Z,FFF3-Notify,f4:db:00:00:00:d9,0x0024,0x07,07 E0 04 00 00 03 50 01 50 01 51 01 34 04 36 04 35 04 00 00,20
hci_snoop_2025_11_26_15_14_35.cfa,2450,2025-11-26T15:16:55.098Z,FFF3-Notify,f4:db:00:00:00:d9,0x0024,0x07,07 E3 04 00 00 03 52 01 53 01 53 01 36 04 35 04 35 04 00 00,20
hci_snoop_2025_11_26_15_14_35.cfa,2454,2025-11-26T15:16:55.368Z,FFF3-Notify,f4:db:00:00:00:d9,0x0024,0x07,07 E6 04 00 00 03 54 01 54 01 48 01 35 04 33 04 49 03 00 00,20
hci_snoop_2025_11_26_15_14_35.cfa,2458,2025-11-26T15:16:55.638Z,FFF3-Notify,f4:db:00:00:00:d9,0x0024,0x07,07 E9 04 00 00 03 38 01 3E 01 43 01 79 03 A7 03 B5 03 00 00,20
hci_snoop_2025_11_26_15_14_35.cfa,2462,2025-11-26T15:16:55.909Z,FFF3-Notify,f4:db:00:00:00:d9,0x0024,0x07,07 EC 04 00 00 03 47 01 4A 01 4C 01 C3 03 CE 03 D7 03 00 00,20
hci_snoop_2025_11_26_15_14_35.cfa,2466,2025-11-26T15:16:56.179Z,FFF3-Notify,f4:db:00:00:00:d9,0x0024,0x07,07 EF 04 00 00 03 4F 01 50 01 52 01 DE 03 E3 03 E7 03 00 00,20
hci_snoop_2025_11_26_15_14_35.cfa,2470,2025-11-26T15:16:56.447Z,FFF3-Notify,f4:db:00:00:00:d9,0x0024,0x07,07 F2 04 00 00 03 54 01 55 01 57 01 ED 03 F1 03 F4 03 00 00,20
hci_snoop_2025_11_26_15_14_35.cfa,2474,2025-11-26T15:16:56.718Z,FFF3-Notify,f4:db:00:00:00:d9,0x0024,0x07,07 F5 04 00 00 03 59 01 59 01 5A 01 F6 03 F6 03 F8 03 00 00,20
hci_snoop_2025_11_26_15_14_35.cfa,2478,2025-11-26T15:16:56.989Z,FFF3-Notify,f4:db:00:00:00:d9,0x0024,0x07,07 F8 04 00 00 03 5A 01 5B 01 5C 01 FD 03 02 04 04 04 00 00,20
hci_snoop_2025_11_26_15_14_35.cfa,2483,2025-11-26T15:16:57.258Z,FFF3-Notify,f4:db:00:00:00:d9,0x0024,0x07,07 FB 04 00 00 03 5D 01 5D 01 5E 01 07 04 0A 04 0B 04 00 00,20
hci_snoop_2025_11_26_15_14_35.cfa,2487,2025-11-26T15:16:57.525Z,FFF3-Notify,f4:db:00:00:00:d9,0x0024,0x07,07 FE 04 00 00 03 5E 01 5E 01 5D 01 0D 04 0D 04 0E 04 00 00,20
hci_snoop_2025_11_26_15_14_35.cfa,2491,2025-11-26T15:16:57.799Z,FFF3-Notify,f4:db:00:00:00:d9,0x0024,0x07,07 01 05 00 00 03 5D 01 5C 01 5C 01 0F 04 11 04 13 04 00 00,20
hci_snoop_2025_11_26_15_14_35.cfa,2495,2025-11-26T15:16:58.069Z,FFF3-Notify,f4:db:00:00:00:d9,0x0024,0x07,07 04 05 00 00 03 5C 01 5E 01 54 01 17 04 19 04 62 03 00 00,20
hci_snoop_2025_11_26_15_14_35.cfa,2499,2025-11-26T15:16:58.335Z,FFF3-Notify,f4:db:00:00:00:d9,0x0024,0x07,07 07 05 00 00 03 42 01 48 01 4C 01 81 03 95 03 A4 03 00 00,20
hci_snoop_2025_11_26_15_14_35.cfa,2503,2025-11-26T15:16:58.608Z,FFF3-Notify,f4:db:00:00:00:d9,0x0024,0x07,07 0A 05 00 00 03 50 01 52 01 54 01 B1 03 BE 03 C9 03 00 00,20
hci_snoop_2025_11_26_15_14_35.cfa,2507,2025-11-26T15:16:58.878Z,FFF3-Notify,f4:db:00:00:00:d9,0x0024,0x07,07 0D 05 00 00 03 55 01 56 01 57 01 D2 03 DA 03 E1 03 00 00,20
hci_snoop_2025_11_26_15_14_35.cfa,2511,2025-11-26T15:16:59.148Z,FFF3-Notify,f4:db:00:00:00:d9,0x0024,0x07,07 10 05 00 00 03 58 01 58 01 59 01 E6 03 EB 03 EF 03 00 00,20
hci_snoop_2025_11_26_15_14_35.cfa,2515,2025-11-26T15:16:59.418Z,FFF3-Notify,f4:db:00:00:00:d9,0x0024,0x07,07 13 05 00 00 03 59 01 59 01 5A 01 F2 03 F6 03 F9 03 00 00,20
hci_snoop_2025_11_26_15_14_35.cfa,2519,2025-11-26T15:16:59.688Z,FFF3-Notify,f4:db:00:00:00:d9,0x0024,0x07,07 16 05 00 00 03 5A 01 5A 01 59 01 FC 03 FB 03 FC 03 00 00,20
hci_snoop_2025_11_26_15_14_35.cfa,2523,2025-11-26T15:16:59.954Z,FFF3-Notify,f4:db:00:00:00:d9,0x0024,0x07,07 19 05 00 00 03 59 01 58 01 57 01 FF 03 FC 03 F2 03 00 00,20
hci_snoop_2025_11_26_15_14_35.cfa,2527,2025-11-26T15:17:00.225Z,FFF3-Notify,f4:db:00:00:00:d9,0x0024,0x07,07 1C 05 00 00 03 56 01 56 01 55 01 F8 03 FB 03 FE 03 00 00,20
hci_snoop_2025_11_26_15_14_35.cfa,2531,2025-11-26T15:17:00.498Z,FFF3-Notify,f4:db:00:00:00:d9,0x0024,0x07,07 1F 05 00 00 03 55 01 54 01 54 01 00 04 03 04 06 04 00 00,20
hci_snoop_2025_11_26_15_14_35.cfa,2535,2025-11-26T15:17:00.769Z,FFF3-Notify,f4:db:00:00:00:d9,0x0024,0x07,07 22 05 00 00 03 54 01 54 01 53 01 08 04 0A 04 0B 04 00 00,20
hci_snoop_2025_11_26_15_14_35.cfa,2539,2025-11-26T15:17:01.038Z,FFF3-Notify,f4:db:00:00:00:d9,0x0024,0x07,07 25 05 00 00 03 53 01 53 01 53 01 0E 04 11 04 13 04 00 00,20
hci_snoop_2025_11_26_15_14_35.cfa,2543,2025-11-26T15:17:01.308Z,FFF3-Notify,f4:db:00:00:00:d9,0x0024,0x07,07 28 05 00 00 03 54 01 55 01 56 01 15 04 16 04 16 04 00 00,20
hci_snoop_2025_11_26_15_14_35.cfa,2547,2025-11-26T15:17:01.578Z,FFF3-Notify,f4:db:00:00:00:d9,0x0024,0x07,07 2B 05 00 00 03 56 01 57 01 57 01 18 04 18 04 1A 04 00 00,20
hci_snoop_2025_11_26_15_14_35.cfa,2551,2025-11-26T15:17:01.848Z,FFF3-Notify,f4:db:00:00:00:d9,0x0024,0x07,07 2E 05 00 00 03 58 01 59 01 59 01 1B 04 1B 04 1C 04 00 00,20
hci_snoop_2025_11_26_15_14_35.cfa,2555,2025-11-26T15:17:02.115Z,FFF3-Notify,f4:db:00:00:00:d9,0x0024,0x07,07 31 05 00 00 03 58 01 57 01 56 01 1B 04 1B 04 1B 04 00 00,20
hci_snoop_2025_11_26_15_14_35.cfa,2559,2025-11-26T15:17:02.389Z,FFF3-Notify,f4:db:00:00:00:d9,0x0024,0x07,07 34 05 00 00 03 56 01 55 01 55 01 1C 04 1D 04 1F 04 00 00,20
hci_snoop_2025_11_26_15_14_35.cfa,2563,2025-11-26T15:17:02.659Z,FFF3-Notify,f4:db:00:00:00:d9,0x0024,0x07,07 37 05 00 00 03 54 01 54 01 53 01 1F 04 21 04 21 04 00 00,20
hci_snoop_2025_11_26_15_14_35.cfa,2567,2025-11-26T15:17:02.929Z,FFF3-Notify,f4:db:00:00:00:d9,0x0024,0x07,07 3A 05 00 00 03 52 01 52 01 52 01 23 04 24 04 25 04 00 00,20
hci_snoop_2025_11_26_15_14_35.cfa,2571,2025-11-26T15:17:03.199Z,FFF3-Notify,f4:db:00:00:00:d9,0x0024,0x07,07 3D 05 00 00 03 51 01 51 01 50 01 26 04 27 04 28 04 00 00,20
hci_snoop_2025_11_26_15_14_35.cfa,2575,2025-11-26T15:17:03.468Z,FFF3-Notify,f4:db:00:00:00:d9,0x0024,0x07,07 40 05 00 00 03 50 01 50 01 50 01 2A 04 2B 04 2D 04 00 00,20
hci_snoop_2025_11_26_15_14_35.cfa,2579,2025-11-26T15:17:03.738Z,FFF3-Notify,f4:db:00:00:00:d9,0x0024,0x07,07 43 05 00 00 03 50 01 4F 01 4F 01 2E 04 31 04 32 04 00 00,20
hci_snoop_2025_11_26_15_14_35.cfa,2583,2025-11-26T15:17:04.008Z,FFF3-Notify,f4:db:00:00:00:d9,0x0024,0x07,07 46 05 00 00 03 4F 01 4F 01 4E 01 34 04 36 04 38 04 00 00,20
hci_snoop_2025_11_26_15_14_35.cfa,2587,2025-11-26T15:17:04.278Z,FFF3-Notify,f4:db:00:00:00:d9,0x0024,0x07,07 49 05 00 00 03 4E 01 4E 01 4E 01 3A 04 3C 04 3D 04 00 00,20
hci_snoop_2025_11_26_15_14_35.cfa,2591,2025-11-26T15:17:04.545Z,FFF3-Notify,f4:db:00:00:00:d9,0x0024,0x07,07 4C 05 00 00 03 4D 01 4E 01 4E 01 3E 04 40 04 40 04 00 00,20
hci_snoop_2025_11_26_15_14_35.cfa,2595,2025-11-26T15:17:04.819Z,FFF3-Notify,f4:db:00:00:00:d9,0x0024,0x07,07 4F 05 00 00 03 4E 01 4E 01 4D 01 43 04 43 04 44 04 00 00,20
hci_snoop_2025_11_26_15_14_35.cfa,2599,2025-11-26T15:17:05.087Z,FFF3-Notify,f4:db:00:00:00:d9,0x0024,0x07,07 52 05 00 00 03 4E 01 4E 01 4E 01 45 04 46 04 47 04 00 00,20
hci_snoop_2025_11_26_15_14_35.cfa,2603,2025-11-26T15:17:05.358Z,FFF3-Notify,f4:db:00:00:00:d9,0x0024,0x07,07 55 05 00 00 03 4E 01 4F 01 4F 01 47 04 48 04 48 04 00 00,20
hci_snoop_2025_11_26_15_14_35.cfa,2607,2025-11-26T15:17:05.628Z,FFF3-Notify,f4:db:00:00:00:d9,0x0024,0x07,07 58 05 00 00 03 50 01 50 01 50 01 47 04 46 04 46 04 00 00,20
hci_snoop_2025_11_26_15_14_35.cfa,2611,2025-11-26T15:17:05.899Z,FFF3-Notify,f4:db:00:00:00:d9,0x0024,0x07,07 5B 05 00 00 03 50 01 50 01 50 01 46 04 46 04 46 04 00 00,20
hci_snoop_2025_11_26_15_14_35.cfa,2615,2025-11-26T15:17:06.168Z,FFF3-Notify,f4:db:00:00:00:d9,0x0024,0x07,07 5E 05 00 00 03 50 01 50 01 50 01 46 04 46 04 47 04 00 00,20
hci_snoop_2025_11_26_15_14_35.cfa,2619,2025-11-26T15:17:06.439Z,FFF3-Notify,f4:db:00:00:00:d9,0x0024,0x07,07 61 05 00 00 03 50 01 50 01 50 01 46 04 48 04 48 04 00 00,20
hci_snoop_2025_11_26_15_14_35.cfa,2623,2025-11-26T15:17:06.709Z,FFF3-Notify,f4:db:00:00:00:d9,0x0024,0x07,07 64 05 00 00 03 4F 01 4F 01 4F 01 48 04 48 04 49 04 00 00,20
hci_snoop_2025_11_26_15_14_35.cfa,2627,2025-11-26T15:17:06.978Z,FFF3-Notify,f4:db:00:00:00:d9,0x0024,0x07,07 67 05 00 00 03 4F 01 4F 01 4F 01 49 04 4A 04 4C 04 00 00,20
hci_snoop_2025_11_26_15_14_35.cfa,2631,2025-11-26T15:17:07.249Z,FFF3-Notify,f4:db:00:00:00:d9,0x0024,0x07,07 6A 05 00 00 03 4F 01 4F 01 4F 01 4E 04 4E 04 4E 04 00 00,20
hci_snoop_2025_11_26_15_14_35.cfa,2635,2025-11-26T15:17:07.517Z,FFF3-Notify,f4:db:00:00:00:d9,0x0024,0x07,07 6D 05 00 00 03 4E 01 4E 01 4F 01 4E 04 4E 04 4D 04 00 00,20
hci_snoop_2025_11_26_15_14_35.cfa,2639,2025-11-26T15:17:07.787Z,FFF3-Notify,f4:db:00:00:00:d9,0x0024,0x07,07 70 05 00 00 03 4F 01 4F 01 50 01 50 04 52 04 53 04 00 00,20
hci_snoop_2025_11_26_15_14_35.cfa,2643,2025-11-26T15:17:08.058Z,FFF3-Notify,f4:db:00:00:00:d9,0x0024,0x07,07 73 05 00 00 03 50 01 51 01 52 01 50 04 52 04 53 04 00 00,20
hci_snoop_2025_11_26_15_14_35.cfa,2647,2025-11-26T15:17:08.328Z,FFF3-Notify,f4:db:00:00:00:d9,0x0024,0x07,07 76 05 00 00 03 52 01 53 01 53 01 52 04 52 04 51 04 00 00,20
hci_snoop_2025_11_26_15_14_35.cfa,2651,2025-11-26T15:17:08.599Z,FFF3-Notify,f4:db:00:00:00:d9,0x0024,0x07,07 79 05 00 00 03 4A 01 4B 01 4C 01 B4 03 F2 03 FB 03 00 00,20
hci_snoop_2025_11_26_15_14_35.cfa,2655,2025-11-26T15:17:08.868Z,FFF3-Notify,f4:db:00:00:00:d9,0x0024,0x07,07 7C 05 00 00 03 4E 01 4F 01 50 01 06 04 0E 04 12 04 00 00,20
hci_snoop_2025_11_26_15_14_35.cfa,2659,2025-11-26T15:17:09.139Z,FFF3-Notify,f4:db:00:00:00:d9,0x0024,0x07,07 7F 05 00 00 03 51 01 52 01 52 01 16 04 1A 04 1D 04 00 00,20
hci_snoop_2025_11_26_15_14_35.cfa,2663,2025-11-26T15:17:09.405Z,FFF3-Notify,f4:db:00:00:00:d9,0x0024,0x07,07 82 05 00 00 03 53 01 54 01 55 01 23 04 26 04 28 04 00 00,20
hci_snoop_2025_11_26_15_14_35.cfa,2667,2025-11-26T15:17:09.679Z,FFF3-Notify,f4:db:00:00:00:d9,0x0024,0x07,07 85 05 00 00 03 56 01 56 01 57 01 2A 04 2B 04 2B 04 00 00,20
hci_snoop_2025_11_26_15_14_35.cfa,2671,2025-11-26T15:17:09.943Z,FFF3-Notify,f4:db:00:00:00:d9,0x0024,0x07,07 88 05 00 00 03 57 01 58 01 59 01 2B 04 2C 04 2D 04 00 00,20
hci_snoop_2025_11_26_15_14_35.cfa,2675,2025-11-26T15:17:10.218Z,FFF3-Notify,f4:db:00:00:00:d9,0x0024,0x07,07 8B 05 00 00 03 59 01 59 01 59 01 2A 04 28 04 29 04 00 00,20
hci_snoop_2025_11_26_15_14_35.cfa,2680,2025-11-26T15:17:10.485Z,FFF3-Notify,f4:db:00:00:00:d9,0x0024,0x07,07 8E 05 00 00 03 59 01 59 01 58 01 28 04 26 04 27 04 00 00,20
hci_snoop_2025_11_26_15_14_35.cfa,2684,2025-11-26T15:17:10.758Z,FFF3-Notify,f4:db:00:00:00:d9,0x0024,0x07,07 91 05 00 00 03 57 01 57 01 56 01 28 04 29 04 29 04 00 00,20
hci_snoop_2025_11_26_15_14_35.cfa,2688,2025-11-26T15:17:11.028Z,FFF3-Notify,f4:db:00:00:00:d9,0x0024,0x07,07 94 05 00 00 03 56 01 57 01 58 01 2D 04 30 04 33 04 00 00,20
hci_snoop_2025_11_26_15_14_35.cfa,2692,2025-11-26T15:17:11.298Z,FFF3-Notify,f4:db:00:00:00:d9,0x0024,0x07,07 97 05 00 00 03 57 01 58 01 58 01 31 04 30 04 33 04 00 00,20
hci_snoop_2025_11_26_15_14_35.cfa,2696,2025-11-26T15:17:11.565Z,FFF3-Notify,f4:db:00:00:00:d9,0x0024,0x07,07 9A 05 00 00 03 59 01 59 01 5A 01 34 04 34 04 36 04 00 00,20
hci_snoop_2025_11_26_15_14_35.cfa,2700,2025-11-26T15:17:11.839Z,FFF3-Notify,f4:db:00:00:00:d9,0x0024,0x07,07 9D 05 00 00 03 5A 01 5B 01 5B 01 36 04 35 04 35 04 00 00,20
hci_snoop_2025_11_26_15_14_35.cfa,2704,2025-11-26T15:17:12.108Z,FFF3-Notify,f4:db:00:00:00:d9,0x0024,0x07,07 A0 05 00 00 03 4D 01 4F 01 50 01 6D 03 AD 03 BD 03 00 00,20
hci_snoop_2025_11_26_15_14_35.cfa,2708,2025-11-26T15:17:12.378Z,FFF3-Notify,f4:db:00:00:00:d9,0x0024,0x07,07 A3 05 00 00 03 52 01 52 01 52 01 CA 03 D0 03 D7 03 00 00,20
hci_snoop_2025_11_26_15_14_35.cfa,2712,2025-11-26T15:17:12.649Z,FFF3-Notify,f4:db:00:00:00:d9,0x0024,0x07,07 A6 05 00 00 03 52 01 52 01 52 01 DC 03 E1 03 E6 03 00 00,20
hci_snoop_2025_11_26_15_14_35.cfa,2716,2025-11-26T15:17:12.919Z,FFF3-Notify,f4:db:00:00:00:d9,0x0024,0x07,07 A9 05 00 00 03 52 01 51 01 51 01 E9 03 ED 03 F1 03 00 00,20
hci_snoop_2025_11_26_15_14_35.cfa,2720,2025-11-26T15:17:13.189Z,FFF3-Notify,f4:db:00:00:00:d9,0x0024,0x07,07 AC 05 00 00 03 51 01 51 01 50 01 F4 03 F9 03 FE 03 00 00,20
hci_snoop_2025_11_26_15_14_35.cfa,2724,2025-11-26T15:17:13.454Z,FFF3-Notify,f4:db:00:00:00:d9,0x0024,0x07,07 AF 05 00 00 03 50 01 50 01 50 01 02 04 05 04 08 04 00 00,20
hci_snoop_2025_11_26_15_14_35.cfa,2728,2025-11-26T15:17:13.726Z,FFF3-Notify,f4:db:00:00:00:d9,0x0024,0x07,07 B2 05 00 00 03 50 01 50 01 50 01 0B 04 0D 04 10 04 00 00,20
hci_snoop_2025_11_26_15_14_35.cfa,2732,2025-11-26T15:17:13.998Z,FFF3-Notify,f4:db:00:00:00:d9,0x0024,0x07,07 B5 05 00 00 03 4F 01 4F 01 4F 01 12 04 14 04 15 04 00 00,20
hci_snoop_2025_11_26_15_14_35.cfa,2736,2025-11-26T15:17:14.268Z,FFF3-Notify,f4:db:00:00:00:d9,0x0024,0x07,07 B8 05 00 00 03 4F 01 4F 01 4F 01 17 04 19 04 1B 04 00 00,20
hci_snoop_2025_11_26_15_14_35.cfa,2740,2025-11-26T15:17:14.538Z,FFF3-Notify,f4:db:00:00:00:d9,0x0024,0x07,07 BB 05 00 00 03 4F 01 4F 01 4F 01 1D 04 1E 04 1F 04 00 00,20
hci_snoop_2025_11_26_15_14_35.cfa,2744,2025-11-26T15:17:14.807Z,FFF3-Notify,f4:db:00:00:00:d9,0x0024,0x07,07 BE 05 00 00 03 4F 01 4F 01 4F 01 1F 04 1F 04 20 04 00 00,20
hci_snoop_2025_11_26_15_14_35.cfa,2748,2025-11-26T15:17:15.078Z,FFF3-Notify,f4:db:00:00:00:d9,0x0024,0x07,07 C1 05 00 00 03 4E 01 4E 01 4E 01 21 04 21 04 22 04 00 00,20
hci_snoop_2025_11_26_15_14_35.cfa,2752,2025-11-26T15:17:15.348Z,FFF3-Notify,f4:db:00:00:00:d9,0x0024,0x07,07 C4 05 00 00 03 4E 01 4E 01 4E 01 23 04 21 04 20 04 00 00,20
hci_snoop_2025_11_26_15_14_35.cfa,2756,2025-11-26T15:17:15.619Z,FFF3-Notify,f4:db:00:00:00:d9,0x0024,0x07,07 C7 05 00 00 03 4E 01 4E 01 4E 01 20 04 18 04 1B 04 00 00,20
hci_snoop_2025_11_26_15_14_35.cfa,2760,2025-11-26T15:17:15.888Z,FFF3-Notify,f4:db:00:00:00:d9,0x0024,0x07,07 CA 05 00 00 03 4E 01 4E 01 4F 01 21 04 28 04 2B 04 00 00,20
hci_snoop_2025_11_26_15_14_35.cfa,2764,2025-11-26T15:17:16.159Z,FFF3-Notify,f4:db:00:00:00:d9,0x0024,0x07,07 CD 05 00 00 03 4F 01 4F 01 4F 01 2E 04 31 04 32 04 00 00,20
hci_snoop_2025_11_26_15_14_35.cfa,2768,2025-11-26T15:17:16.429Z,FFF3-Notify,f4:db:00:00:00:d9,0x0024,0x07,07 D0 05 00 00 03 4F 01 4F 01 4F 01 35 04 36 04 39 04 00 00,20
hci_snoop_2025_11_26_15_14_35.cfa,2772,2025-11-26T15:17:16.695Z,FFF3-Notify,f4:db:00:00:00:d9,0x0024,0x07,07 D3 05 00 00 03 4F 01 4F 01 4F 01 3A 04 3C 04 3D 04 00 00,20
hci_snoop_2025_11_26_15_14_35.cfa,2776,2025-11-26T15:17:16.968Z,FFF3-Notify,f4:db:00:00:00:d9,0x0024,0x07,07 D6 05 00 00 03 4F 01 4F 01 4F 01 3E 04 3F 04 40 04 00 00,20
hci_snoop_2025_11_26_15_14_35.cfa,2780,2025-11-26T15:17:17.238Z,FFF3-Notify,f4:db:00:00:00:d9,0x0024,0x07,07 D9 05 00 00 03 4F 01 4F 01 4F 01 41 04 42 04 43 04 00 00,20
hci_snoop_2025_11_26_15_14_35.cfa,2784,2025-11-26T15:17:17.509Z,FFF3-Notify,f4:db:00:00:00:d9,0x0024,0x07,07 DC 05 00 00 03 4E 01 4E 01 4E 01 43 04 45 04 45 04 00 00,20
hci_snoop_2025_11_26_15_14_35.cfa,2788,2025-11-26T15:17:17.775Z,FFF3-Notify,f4:db:00:00:00:d9,0x0024,0x07,07 DF 05 00 00 03 4E 01 4E 01 4E 01 46 04 46 04 46 04 00 00,20
hci_snoop_2025_11_26_15_14_35.cfa,2792,2025-11-26T15:17:18.049Z,FFF3-Notify,f4:db:00:00:00:d9,0x0024,0x07,07 E2 05 00 00 03 4E 01 4E 01 4E 01 46 04 47 04 47 04 00 00,20
hci_snoop_2025_11_26_15_14_35.cfa,2796,2025-11-26T15:17:18.315Z,FFF3-Notify,f4:db:00:00:00:d9,0x0024,0x07,07 E5 05 00 00 03 4E 01 4E 01 4F 01 47 04 47 04 48 04 00 00,20
hci_snoop_2025_11_26_15_14_35.cfa,2852,2025-11-26T15:17:18.584Z,FFF3-Notify,f4:db:00:00:00:d9,0x0024,0x07,07 E8 05 00 00 03 4F 01 4F 01 4F 01 48 04 48 04 48 04 00 00,20
hci_snoop_2025_11_26_15_14_35.cfa,2856,2025-11-26T15:17:18.856Z,FFF3-Notify,f4:db:00:00:00:d9,0x0024,0x07,07 EB 05 00 00 03 4F 01 4F 01 4F 01 47 04 47 04 47 04 00 00,20
hci_snoop_2025_11_26_15_14_35.cfa,2860,2025-11-26T15:17:19.123Z,FFF3-Notify,f4:db:00:00:00:d9,0x0024,0x07,07 EE 05 00 00 03 4F 01 4F 01 4F 01 47 04 47 04 47 04 00 00,20
hci_snoop_2025_11_26_15_14_35.cfa,2864,2025-11-26T15:17:19.395Z,FFF3-Notify,f4:db:00:00:00:d9,0x0024,0x07,07 F1 05 00 00 03 4F 01 4F 01 4E 01 48 04 48 04 48 04 00 00,20
hci_snoop_2025_11_26_15_14_35.cfa,2869,2025-11-26T15:17:19.665Z,FFF3-Notify,f4:db:00:00:00:d9,0x0024,0x07,07 F4 05 00 00 03 4E 01 4F 01 4E 01 48 04 48 04 47 04 00 00,20
hci_snoop_2025_11_26_15_14_35.cfa,2873,2025-11-26T15:17:19.933Z,FFF3-Notify,f4:db:00:00:00:d9,0x0024,0x07,07 F7 05 00 00 03 4F 01 4F 01 4F 01 47 04 46 04 46 04 00 00,20
hci_snoop_2025_11_26_15_14_35.cfa,2877,2025-11-26T15:17:20.204Z,FFF3-Notify,f4:db:00:00:00:d9,0x0024,0x07,07 FA 05 00 00 03 4F 01 4F 01 4F 01 46 04 46 04 46 04 00 00,20
hci_snoop_2025_11_26_15_14_35.cfa,2881,2025-11-26T15:17:20.473Z,FFF3-Notify,f4:db:00:00:00:d9,0x0024,0x07,07 FD 05 00 00 03 4F 01 50 01 50 01 49 04 4A 04 49 04 00 00,20
hci_snoop_2025_11_26_15_14_35.cfa,2885,2025-11-26T15:17:20.745Z,FFF3-Notify,f4:db:00:00:00:d9,0x0024,0x07,07 00 06 00 00 03 3F 01 40 01 42 01 49 03 9B 03 B6 03 00 00,20
hci_snoop_2025_11_26_15_14_35.cfa,2889,2025-11-26T15:17:21.014Z,FFF3-Notify,f4:db:00:00:00:d9,0x0024,0x07,07 03 06 00 00 03 44 01 46 01 48 01 C4 03 CF 03 DA 03 00 00,20
hci_snoop_2025_11_26_15_14_35.cfa,2893,2025-11-26T15:17:21.285Z,FFF3-Notify,f4:db:00:00:00:d9,0x0024,0x07,07 06 06 00 00 03 4A 01 4B 01 4C 01 E0 03 E6 03 ED 03 00 00,20
hci_snoop_2025_11_26_15_14_35.cfa,2912,2025-11-26T15:17:21.553Z,FFF3-Notify,f4:db:00:00:00:d9,0x0024,0x07,07 09 06 00 00 03 4E 01 4F 01 50 01 F1 03 F5 03 F8 03 00 00,20
hci_snoop_2025_11_26_15_14_35.cfa,2921,2025-11-26T15:17:21.823Z,FFF3-Notify,f4:db:00:00:00:d9,0x0024,0x07,07 0C 06 00 00 03 51 01 52 01 53 01 FB 03 FD 03 00 04 00 00,20
hci_snoop_2025_11_26_15_14_35.cfa,2925,2025-11-26T15:17:22.095Z,FFF3-Notify,f4:db:00:00:00:d9,0x0024,0x07,07 0F 06 00 00 03 53 01 54 01 54 01 02 04 04 04 06 04 00 00,20
hci_snoop_2025_11_26_15_14_35.cfa,2929,2025-11-26T15:17:22.365Z,FFF3-Notify,f4:db:00:00:00:d9,0x0024,0x07,07 12 06 00 00 03 55 01 55 01 56 01 08 04 0A 04 0A 04 00 00,20
hci_snoop_2025_11_26_15_14_35.cfa,2933,2025-11-26T15:17:22.633Z,FFF3-Notify,f4:db:00:00:00:d9,0x0024,0x07,07 15 06 00 00 03 56 01 56 01 56 01 0B 04 0C 04 0C 04 00 00,20
hci_snoop_2025_11_26_15_14_35.cfa,2937,2025-11-26T15:17:22.904Z,FFF3-Notify,f4:db:00:00:00:d9,0x0024,0x07,07 18 06 00 00 03 57 01 58 01 59 01 0A 04 08 04 05 04 00 00,20
hci_snoop_2025_11_26_15_14_35.cfa,2941,2025-11-26T15:17:23.173Z,FFF3-Notify,f4:db:00:00:00:d9,0x0024,0x07,07 1B 06 00 00 03 5A 01 5A 01 5B 01 03 04 02 04 01 04 00 00,20
hci_snoop_2025_11_26_15_14_35.cfa,2945,2025-11-26T15:17:23.445Z,FFF3-Notify,f4:db:00:00:00:d9,0x0024,0x07,07 1E 06 00 00 03 5B 01 5C 01 5B 01 FF 03 FF 03 FF 03 00 00,20
hci_snoop_2025_11_26_15_14_35.cfa,2949,2025-11-26T15:17:23.714Z,FFF3-Notify,f4:db:00:00:00:d9,0x0024,0x07,07 21 06 00 00 03 5B 01 5A 01 5B 01 FF 03 01 04 05 04 00 00,20
hci_snoop_2025_11_26_15_14_35.cfa,2953,2025-11-26T15:17:23.984Z,FFF3-Notify,f4:db:00:00:00:d9,0x0024,0x07,07 24 06 00 00 03 5C 01 5C 01 5C 01 04 04 06 04 06 04 00 00,20
hci_snoop_2025_11_26_15_14_35.cfa,2957,2025-11-26T15:17:24.254Z,FFF3-Notify,f4:db:00:00:00:d9,0x0024,0x07,07 27 06 00 00 03 5B 01 5A 01 5A 01 08 04 0F 04 13 04 00 00,20
hci_snoop_2025_11_26_15_14_35.cfa,2961,2025-11-26T15:17:24.523Z,FFF3-Notify,f4:db:00:00:00:d9,0x0024,0x07,07 2A 06 00 00 03 5A 01 5A 01 5A 01 11 04 10 04 0E 04 00 00,20
hci_snoop_2025_11_26_15_14_35.cfa,2965,2025-11-26T15:17:24.794Z,FFF3-Notify,f4:db:00:00:00:d9,0x0024,0x07,07 2D 06 00 00 03 5A 01 5B 01 6E 01 0E 04 0F 04 F2 03 00 00,20
hci_snoop_2025_11_26_15_14_35.cfa,2969,2025-11-26T15:17:25.063Z,FFF3-Notify,f4:db:00:00:00:d9,0x0024,0x07,07 30 06 00 00 01 6F 01 E8 03 6E 01 0E 04 0F 04 F2 03 00 00,20
hci_snoop_2025_11_26_15_14_35.cfa,3428,2025-11-26T15:19:35.419Z,FFF3-Notify,f4:db:00:00:00:d9,0x0024,0x01,01 32 06 00 00 01 6F 01 E8 03 6E 01 0E 04 0F 04 F2 03 00 00,20
hci_snoop_2025_11_26_15_14_35.cfa,3433,2025-11-26T15:19:35.518Z,FFF3-Notify,f4:db:00:00:00:d9,0x0024,0x07,07 31 06 00 00 01 78 01 E4 03 6E 01 0E 04 0F 04 F2 03 00 00,20
old/hci_snoop_2018_01_01_12_06_26.cfa,570,2018-01-01T12:06:41.555Z,CCCD,f4:db:00:00:00:d9,0x0025,0x01,01 00,2
old/hci_snoop_2018_01_01_12_06_26.cfa,989,2018-01-01T12:07:34.932Z,CCCD,f4:db:00:00:00:d9,0x0025,0x01,01 00,2
old/hci_snoop_2018_01_01_12_06_26.cfa,1278,2018-01-01T12:07:43.670Z,CCCD,f4:db:00:00:00:d9,0x0025,0x01,01 00,2
old/hci_snoop_2018_01_01_12_06_26.cfa,573,2018-01-01T12:06:41.587Z,FFF5-Write,f4:db:00:00:00:d9,0x0021,0x1A,1A,1
old/hci_snoop_2018_01_01_12_06_26.cfa,992,2018-01-01T12:07:34.966Z,FFF5-Write,f4:db:00:00:00:d9,0x0021,0x01,01,1
old/hci_snoop_2018_01_01_12_06_26.cfa,997,2018-01-01T12:07:35.027Z,FFF5-Write,f4:db:00:00:00:d9,0x0021,0x07,07 00 00 00 00 03,6
old/hci_snoop_2018_01_01_12_06_26.cfa,1001,2018-01-01T12:07:35.195Z,FFF5-Write,f4:db:00:00:00:d9,0x0021,0x07,07 03 00 00 00 03,6
old/hci_snoop_2018_01_01_12_06_26.cfa,1005,2018-01-01T12:07:35.380Z,FFF5-Write,f4:db:00:00:00:d9,0x0021,0x07,07 06 00 00 00 03,6
old/hci_snoop_2018_01_01_12_06_26.cfa,1009,2018-01-01T12:07:35.562Z,FFF5-Write,f4:db:00:00:00:d9,0x0021,0x07,07 09 00 00 00 03,6
old/hci_snoop_2018_01_01_12_06_26.cfa,1013,2018-01-01T12:07:35.745Z,FFF5-Write,f4:db:00:00:00:d9,0x0021,0x07,07 0C 00 00 00 03,6
old/hci_snoop_2018_01_01_12_06_26.cfa,1017,2018-01-01T12:07:35.911Z,FFF5-Write,f4:db:00:00:00:d9,0x0021,0x07,07 0F 00 00 00 03,6
old/hci_snoop_2018_01_01_12_06_26.cfa,1021,2018-01-01T12:07:36.095Z,FFF5-Write,f4:db:00:00:00:d9,0x0021,0x07,07 12 00 00 00 03,6
old/hci_snoop_2018_01_01_12_06_26.cfa,1025,2018-01-01T12:07:36.280Z,FFF5-Write,f4:db:00:00:00:d9,0x0021,0x07,07 15 00 00 00 03,6
old/hci_snoop_2018_01_01_12_06_26.cfa,1029,2018-01-01T12:07:36.462Z,FFF5-Write,f4:db:00:00:00:d9,0x0021,0x07,07 18 00 00 00 03,6
old/hci_snoop_2018_01_01_12_06_26.cfa,1033,2018-01-01T12:07:36.644Z,FFF5-Write,f4:db:00:00:00:d9,0x0021,0x07,07 1B 00 00 00 03,6
old/hci_snoop_2018_01_01_12_06_26.cfa,1037,2018-01-01T12:07:36.827Z,FFF5-Write,f4:db:00:00:00:d9,0x0021,0x07,07 1E 00 00 00 03,6
old/hci_snoop_2018_01_01_12_06_26.cfa,1041,2018-01-01T12:07:36.996Z,FFF5-Write,f4:db:00:00:00:d9,0x0021,0x07,07 21 00 00 00 03,6
old/hci_snoop_2018_01_01_12_06_26.cfa,1045,2018-01-01T12:07:37.203Z,FFF5-Write,f4:db:00:00:00:d9,0x0021,0x07,07 24 00 00 00 03,6
old/hci_snoop_2018_01_01_12_06_26.cfa,1049,2018-01-01T12:07:37.411Z,FFF5-Write,f4:db:00:00:00:d9,0x0021,0x07,07 27 00 00 00 03,6
old/hci_snoop_2018_01_01_12_06_26.cfa,1053,2018-01-01T12:07:37.578Z,FFF5-Write,f4:db:00:00:00:d9,0x0021,0x07,07 2A 00 00 00 03,6
old/hci_snoop_2018_01_01_12_06_26.cfa,1057,2018-01-01T12:07:37.761Z,FFF5-Write,f4:db:00:00:00:d9,0x0021,0x07,07 2D 00 00 00 03,6
old/hci_snoop_2018_01_01_12_06_26.cfa,1061,2018-01-01T12:07:37.944Z,FFF5-Write,f4:db:00:00:00:d9,0x0021,0x07,07 30 00 00 00 03,6
old/hci_snoop_2018_01_01_12_06_26.cfa,1065,2018-01-01T12:07:38.126Z,FFF5-Write,f4:db:00:00:00:d9,0x0021,0x07,07 33 00 00 00 03,6
old/hci_snoop_2018_01_01_12_06_26.cfa,1070,2018-01-01T12:07:38.311Z,FFF5-Write,f4:db:00:00:00:d9,0x0021,0x07,07 36 00 00 00 03,6
old/hci_snoop_2018_01_01_12_06_26.cfa,1074,2018-01-01T12:07:38.478Z,FFF5-Write,f4:db:00:00:00:d9,0x0021,0x07,07 39 00 00 00 03,6
old/hci_snoop_2018_01_01_12_06_26.cfa,1078,2018-01-01T12:07:38.659Z,FFF5-Write,f4:db:00:00:00:d9,0x0021,0x07,07 3C 00 00 00 03,6
old/hci_snoop_2018_01_01_12_06_26.cfa,1082,2018-01-01T12:07:38.895Z,FFF5-Write,f4:db:00:00:00:d9,0x0021,0x07,07 3F 00 00 00 03,6
old/hci_snoop_2018_01_01_12_06_26.cfa,1086,2018-01-01T12:07:39.077Z,FFF5-Write,f4:db:00:00:00:d9,0x0021,0x07,07 42 00 00 00 03,6
old/hci_snoop_2018_01_01_12_06_26.cfa,1090,2018-01-01T12:07:39.242Z,FFF5-Write,f4:db:00:00:00:d9,0x0021,0x07,07 45 00 00 00 03,6
old/hci_snoop_2018_01_01_12_06_26.cfa,1094,2018-01-01T12:07:39.426Z,FFF5-Write,f4:db:00:00:00:d9,0x0021,0x07,07 48 00 00 00 03,6
old/hci_snoop_2018_01_01_12_06_26.cfa,1098,2018-01-01T12:07:39.610Z,FFF5-Write,f4:db:00:00:00:d9,0x0021,0x07,07 4B 00 00 00 03,6
old/hci_snoop_2018_01_01_12_06_26.cfa,1102,2018-01-01T12:07:39.792Z,FFF5-Write,f4:db:00:00:00:d9,0x0021,0x07,07 4E 00 00 00 03,6
old/hci_snoop_2018_01_01_12_06_26.cfa,1106,2018-01-01T12:07:39.976Z,FFF5-Write,f4:db:00:00:00:d9,0x0021,0x07,07 51 00 00 00 03,6
old/hci_snoop_2018_01_01_12_06_26.cfa,1114,2018-01-01T12:07:40.141Z,FFF5-Write,f4:db:00:00:00:d9,0x0021,0x07,07 54 00 00 00 03,6
old/hci_snoop_2018_01_01_12_06_26.cfa,1118,2018-01-01T12:07:40.327Z,FFF5-Write,f4:db:00:00:00:d9,0x0021,0x07,07 57 00 00 00 03,6
old/hci_snoop_2018_01_01_12_06_26.cfa,1122,2018-01-01T12:07:40.509Z,FFF5-Write,f4:db:00:00:00:d9,0x0021,0x07,07 5A 00 00 00 03,6
old/hci_snoop_2018_01_01_12_06_26.cfa,1127,2018-01-01T12:07:40.692Z,FFF5-Write,f4:db:00:00:00:d9,0x0021,0x07,07 5D 00 00 00 03,6
old/hci_snoop_2018_01_01_12_06_26.cfa,1131,2018-01-01T12:07:40.962Z,FFF5-Write,f4:db:00:00:00:d9,0x0021,0x07,07 60 00 00 00 03,6
old/hci_snoop_2018_01_01_12_06_26.cfa,1136,2018-01-01T12:07:41.226Z,FFF5-Write,f4:db:00:00:00:d9,0x0021,0x07,07 63 00 00 00 03,6
old/hci_snoop_2018_01_01_12_06_26.cfa,1140,2018-01-01T12:07:41.494Z,FFF5-Write,f4:db:00:00:00:d9,0x0021,0x07,07 66 00 00 00 03,6
old/hci_snoop_2018_01_01_12_06_26.cfa,1144,2018-01-01T12:07:41.775Z,FFF5-Write,f4:db:00:00:00:d9,0x0021,0x07,07 69 00 00 00 03,6
old/hci_snoop_2018_01_01_12_06_26.cfa,1148,2018-01-01T12:07:42.041Z,FFF5-Write,f4:db:00:00:00:d9,0x0021,0x07,07 6C 00 00 00 03,6
old/hci_snoop_2018_01_01_12_06_26.cfa,1152,2018-01-01T12:07:42.308Z,FFF5-Write,f4:db:00:00:00:d9,0x0021,0x07,07 6F 00 00 00 03,6
old/hci_snoop_2018_01_01_12_06_26.cfa,1281,2018-01-01T12:07:43.685Z,FFF5-Write,f4:db:00:00:00:d9,0x0021,0x01,01,1
old/hci_snoop_2018_01_01_12_06_26.cfa,1285,2018-01-01T12:07:43.701Z,FFF5-Write,f4:db:00:00:00:d9,0x0021,0x01,01,1
old/hci_snoop_2018_01_01_12_06_26.cfa,1289,2018-01-01T12:07:43.717Z,FFF5-Write,f4:db:00:00:00:d9,0x0021,0x07,07 72 00 00 00 03,6
old/hci_snoop_2018_01_01_12_06_26.cfa,1296,2018-01-01T12:07:44.001Z,FFF5-Write,f4:db:00:00:00:d9,0x0021,0x07,07 72 00 00 00 03,6
old/hci_snoop_2018_01_01_12_06_26.cfa,1303,2018-01-01T12:07:44.265Z,FFF5-Write,f4:db:00:00:00:d9,0x0021,0x07,07 75 00 00 00 03,6
old/hci_snoop_2018_01_01_12_06_26.cfa,1309,2018-01-01T12:07:44.536Z,FFF5-Write,f4:db:00:00:00:d9,0x0021,0x07,07 75 00 00 00 03,6
old/hci_snoop_2018_01_01_12_06_26.cfa,1313,2018-01-01T12:07:44.804Z,FFF5-Write,f4:db:00:00:00:d9,0x0021,0x07,07 78 00 00 00 03,6
old/hci_snoop_2018_01_01_12_06_26.cfa,1321,2018-01-01T12:07:45.074Z,FFF5-Write,f4:db:00:00:00:d9,0x0021,0x07,07 78 00 00 00 03,6
old/hci_snoop_2018_01_01_12_06_26.cfa,1327,2018-01-01T12:07:45.345Z,FFF5-Write,f4:db:00:00:00:d9,0x0021,0x07,07 7B 00 00 00 03,6
old/hci_snoop_2018_01_01_12_06_26.cfa,1331,2018-01-01T12:07:45.615Z,FFF5-Write,f4:db:00:00:00:d9,0x0021,0x07,07 7B 00 00 00 03,6
old/hci_snoop_2018_01_01_12_06_26.cfa,1340,2018-01-01T12:07:45.885Z,FFF5-Write,f4:db:00:00:00:d9,0x0021,0x07,07 7E 00 00 00 03,6
old/hci_snoop_2018_01_01_12_06_26.cfa,1346,2018-01-01T12:07:46.154Z,FFF5-Write,f4:db:00:00:00:d9,0x0021,0x07,07 7E 00 00 00 03,6
old/hci_snoop_2018_01_01_12_06_26.cfa,1350,2018-01-01T12:07:46.424Z,FFF5-Write,f4:db:00:00:00:d9,0x0021,0x07,07 81 00 00 00 03,6
old/hci_snoop_2018_01_01_12_06_26.cfa,1358,2018-01-01T12:07:46.695Z,FFF5-Write,f4:db:00:00:00:d9,0x0021,0x07,07 81 00 00 00 03,6
old/hci_snoop_2018_01_01_12_06_26.cfa,1364,2018-01-01T12:07:46.966Z,FFF5-Write,f4:db:00:00:00:d9,0x0021,0x07,07 84 00 00 00 03,6
old/hci_snoop_2018_01_01_12_06_26.cfa,1368,2018-01-01T12:07:47.235Z,FFF5-Write,f4:db:00:00:00:d9,0x0021,0x07,07 84 00 00 00 03,6
old/hci_snoop_2018_01_01_12_06_26.cfa,1376,2018-01-01T12:07:47.506Z,FFF5-Write,f4:db:00:00:00:d9,0x0021,0x07,07 87 00 00 00 03,6
old/hci_snoop_2018_01_01_12_06_26.cfa,1382,2018-01-01T12:07:47.774Z,FFF5-Write,f4:db:00:00:00:d9,0x0021,0x07,07 87 00 00 00 03,6
old/hci_snoop_2018_01_01_12_06_26.cfa,1389,2018-01-01T12:07:48.243Z,FFF5-Write,f4:db:00:00:00:d9,0x0021,0x07,07 8A 00 00 00 03,6
old/hci_snoop_2018_01_01_12_06_26.cfa,1393,2018-01-01T12:07:48.496Z,FFF5-Write,f4:db:00:00:00:d9,0x0021,0x07,07 8A 00 00 00 03,6
old/hci_snoop_2018_01_01_12_06_26.cfa,1399,2018-01-01T12:07:48.764Z,FFF5-Write,f4:db:00:00:00:d9,0x0021,0x07,07 8D 00 00 00 03,6
old/hci_snoop_2018_01_01_12_06_26.cfa,1405,2018-01-01T12:07:49.035Z,FFF5-Write,f4:db:00:00:00:d9,0x0021,0x07,07 8D 00 00 00 03,6
old/hci_snoop_2018_01_01_12_06_26.cfa,1413,2018-01-01T12:07:49.325Z,FFF5-Write,f4:db:00:00:00:d9,0x0021,0x07,07 90 00 00 00 03,6
old/hci_snoop_2018_01_01_12_06_26.cfa,1419,2018-01-01T12:07:49.579Z,FFF5-Write,f4:db:00:00:00:d9,0x0021,0x07,07 90 00 00 00 03,6
old/hci_snoop_2018_01_01_12_06_26.cfa,1425,2018-01-01T12:07:49.846Z,FFF5-Write,f4:db:00:00:00:d9,0x0021,0x07,07 93 00 00 00 03,6
old/hci_snoop_2018_01_01_12_06_26.cfa,1433,2018-01-01T12:07:50.115Z,FFF5-Write,f4:db:00:00:00:d9,0x0021,0x07,07 93 00 00 00 03,6
old/hci_snoop_2018_01_01_12_06_26.cfa,1439,2018-01-01T12:07:50.386Z,FFF5-Write,f4:db:00:00:00:d9,0x0021,0x07,07 96 00 00 00 03,6
old/hci_snoop_2018_01_01_12_06_26.cfa,1443,2018-01-01T12:07:50.658Z,FFF5-Write,f4:db:00:00:00:d9,0x0021,0x07,07 96 00 00 00 03,6
old/hci_snoop_2018_01_01_12_06_26.cfa,1451,2018-01-01T12:07:50.929Z,FFF5-Write,f4:db:00:00:00:d9,0x0021,0x07,07 99 00 00 00 03,6
old/hci_snoop_2018_01_01_12_06_26.cfa,1457,2018-01-01T12:07:51.196Z,FFF5-Write,f4:db:00:00:00:d9,0x0021,0x07,07 99 00 00 00 03,6
old/hci_snoop_2018_01_01_12_06_26.cfa,1461,2018-01-01T12:07:51.467Z,FFF5-Write,f4:db:00:00:00:d9,0x0021,0x07,07 9C 00 00 00 03,6
old/hci_snoop_2018_01_01_12_06_26.cfa,1467,2018-01-01T12:07:51.740Z,FFF5-Write,f4:db:00:00:00:d9,0x0021,0x07,07 9C 00 00 00 03,6
old/hci_snoop_2018_01_01_12_06_26.cfa,1473,2018-01-01T12:07:52.004Z,FFF5-Write,f4:db:00:00:00:d9,0x0021,0x07,07 9F 00 00 00 03,6
old/hci_snoop_2018_01_01_12_06_26.cfa,1480,2018-01-01T12:07:52.282Z,FFF5-Write,f4:db:00:00:00:d9,0x0021,0x07,07 9F 00 00 00 03,6
old/hci_snoop_2018_01_01_12_06_26.cfa,1488,2018-01-01T12:07:52.546Z,FFF5-Write,f4:db:00:00:00:d9,0x0021,0x07,07 A2 00 00 00 03,6
old/hci_snoop_2018_01_01_12_06_26.cfa,1492,2018-01-01T12:07:52.812Z,FFF5-Write,f4:db:00:00:00:d9,0x0021,0x07,07 A2 00 00 00 03,6
old/hci_snoop_2018_01_01_12_06_26.cfa,1496,2018-01-01T12:07:53.088Z,FFF5-Write,f4:db:00:00:00:d9,0x0021,0x07,07 A5 00 00 00 03,6
old/hci_snoop_2018_01_01_12_06_26.cfa,1504,2018-01-01T12:07:53.354Z,FFF5-Write,f4:db:00:00:00:d9,0x0021,0x07,07 A5 00 00 00 03,6
old/hci_snoop_2018_01_01_12_06_26.cfa,1508,2018-01-01T12:07:53.627Z,FFF5-Write,f4:db:00:00:00:d9,0x0021,0x07,07 A8 00 00 00 03,6
old/hci_snoop_2018_01_01_12_06_26.cfa,1514,2018-01-01T12:07:53.893Z,FFF5-Write,f4:db:00:00:00:d9,0x0021,0x07,07 A8 00 00 00 03,6
old/hci_snoop_2018_01_01_12_06_26.cfa,1520,2018-01-01T12:07:54.165Z,FFF5-Write,f4:db:00:00:00:d9,0x0021,0x07,07 AB 00 00 00 03,6
old/hci_snoop_2018_01_01_12_06_26.cfa,1524,2018-01-01T12:07:54.438Z,FFF5-Write,f4:db:00:00:00:d9,0x0021,0x07,07 AB 00 00 00 03,6
old/hci_snoop_2018_01_01_12_06_26.cfa,1530,2018-01-01T12:07:54.706Z,FFF5-Write,f4:db:00:00:00:d9,0x0021,0x07,07 AE 00 00 00 03,6
old/hci_snoop_2018_01_01_12_06_26.cfa,1534,2018-01-01T12:07:54.977Z,FFF5-Write,f4:db:00:00:00:d9,0x0021,0x07,07 AE 00 00 00 03,6
old/hci_snoop_2018_01_01_12_06_26.cfa,1542,2018-01-01T12:07:55.246Z,FFF5-Write,f4:db:00:00:00:d9,0x0021,0x07,07 B1 00 00 00 03,6
old/hci_snoop_2018_01_01_12_06_26.cfa,1548,2018-01-01T12:07:55.515Z,FFF5-Write,f4:db:00:00:00:d9,0x0021,0x07,07 B1 00 00 00 03,6
old/hci_snoop_2018_01_01_12_06_26.cfa,1554,2018-01-01T12:07:55.872Z,FFF5-Write,f4:db:00:00:00:d9,0x0021,0x07,07 B4 00 00 00 03,6
old/hci_snoop_2018_01_01_12_06_26.cfa,1560,2018-01-01T12:07:56.146Z,FFF5-Write,f4:db:00:00:00:d9,0x0021,0x07,07 B4 00 00 00 03,6
old/hci_snoop_2018_01_01_12_06_26.cfa,1566,2018-01-01T12:07:56.416Z,FFF5-Write,f4:db:00:00:00:d9,0x0021,0x07,07 B7 00 00 00 03,6
old/hci_snoop_2018_01_01_12_06_26.cfa,1570,2018-01-01T12:07:56.687Z,FFF5-Write,f4:db:00:00:00:d9,0x0021,0x07,07 B7 00 00 00 03,6
old/hci_snoop_2018_01_01_12_06_26.cfa,1574,2018-01-01T12:07:56.955Z,FFF5-Write,f4:db:00:00:00:d9,0x0021,0x07,07 BA 00 00 00 03,6
old/hci_snoop_2018_01_01_12_06_26.cfa,1610,2018-01-01T12:07:57.222Z,FFF5-Write,f4:db:00:00:00:d9,0x0021,0x07,07 BA 00 00 00 03,6
old/hci_snoop_2018_01_01_12_06_26.cfa,1614,2018-01-01T12:07:57.496Z,FFF5-Write,f4:db:00:00:00:d9,0x0021,0x07,07 BD 00 00 00 03,6
old/hci_snoop_2018_01_01_12_06_26.cfa,1622,2018-01-01T12:07:57.764Z,FFF5-Write,f4:db:00:00:00:d9,0x0021,0x07,07 BD 00 00 00 03,6
old/hci_snoop_2018_01_01_12_06_26.cfa,1628,2018-01-01T12:07:58.032Z,FFF5-Write,f4:db:00:00:00:d9,0x0021,0x07,07 C0 00 00 00 03,6
old/hci_snoop_2018_01_01_12_06_26.cfa,1632,2018-01-01T12:07:58.308Z,FFF5-Write,f4:db:00:00:00:d9,0x0021,0x07,07 C0 00 00 00 03,6
old/hci_snoop_2018_01_01_12_06_26.cfa,1640,2018-01-01T12:07:58.576Z,FFF5-Write,f4:db:00:00:00:d9,0x0021,0x07,07 C3 00 00 00 03,6
old/hci_snoop_2018_01_01_12_06_26.cfa,1646,2018-01-01T12:07:58.845Z,FFF5-Write,f4:db:00:00:00:d9,0x0021,0x07,07 C3 00 00 00 03,6
old/hci_snoop_2018_01_01_12_06_26.cfa,1650,2018-01-01T12:07:59.117Z,FFF5-Write,f4:db:00:00:00:d9,0x0021,0x07,07 C6 00 00 00 03,6
old/hci_snoop_2018_01_01_12_06_26.cfa,1656,2018-01-01T12:07:59.383Z,FFF5-Write,f4:db:00:00:00:d9,0x0021,0x07,07 C6 00 00 00 03,6
old/hci_snoop_2018_01_01_12_06_26.cfa,1662,2018-01-01T12:07:59.657Z,FFF5-Write,f4:db:00:00:00:d9,0x0021,0x07,07 C9 00 00 00 03,6
old/hci_snoop_2018_01_01_12_06_26.cfa,1666,2018-01-01T12:07:59.934Z,FFF5-Write,f4:db:00:00:00:d9,0x0021,0x07,07 C9 00 00 00 03,6
old/hci_snoop_2018_01_01_12_06_26.cfa,1672,2018-01-01T12:08:00.195Z,FFF5-Write,f4:db:00:00:00:d9,0x0021,0x07,07 CC 00 00 00 03,6
old/hci_snoop_2018_01_01_12_06_26.cfa,1678,2018-01-01T12:08:00.461Z,FFF5-Write,f4:db:00:00:00:d9,0x0021,0x07,07 CC 00 00 00 03,6
old/hci_snoop_2018_01_01_12_06_26.cfa,1694,2018-01-01T12:08:00.730Z,FFF5-Write,f4:db:00:00:00:d9,0x0021,0x07,07 CF 00 00 00 03,6
old/hci_snoop_2018_01_01_12_06_26.cfa,1698,2018-01-01T12:08:00.999Z,FFF5-Write,f4:db:00:00:00:d9,0x0021,0x07,07 CF 00 00 00 03,6
old/hci_snoop_2018_01_01_12_06_26.cfa,1702,2018-01-01T12:08:01.269Z,FFF5-Write,f4:db:00:00:00:d9,0x0021,0x07,07 D2 00 00 00 03,6
old/hci_snoop_2018_01_01_12_06_26.cfa,1706,2018-01-01T12:08:01.539Z,FFF5-Write,f4:db:00:00:00:d9,0x0021,0x07,07 D2 00 00 00 03,6
old/hci_snoop_2018_01_01_12_06_26.cfa,1710,2018-01-01T12:08:01.809Z,FFF5-Write,f4:db:00:00:00:d9,0x0021,0x07,07 D5 00 00 00 03,6
old/hci_snoop_2018_01_01_12_06_26.cfa,1714,2018-01-01T12:08:02.079Z,FFF5-Write,f4:db:00:00:00:d9,0x0021,0x07,07 D5 00 00 00 03,6
old/hci_snoop_2018_01_01_12_06_26.cfa,1718,2018-01-01T12:08:02.349Z,FFF5-Write,f4:db:00:00:00:d9,0x0021,0x07,07 D8 00 00 00 03,6
old/hci_snoop_2018_01_01_12_06_26.cfa,1722,2018-01-01T12:08:02.619Z,FFF5-Write,f4:db:00:00:00:d9,0x0021,0x07,07 D8 00 00 00 03,6
old/hci_snoop_2018_01_01_12_06_26.cfa,1726,2018-01-01T12:08:02.899Z,FFF5-Write,f4:db:00:00:00:d9,0x0021,0x07,07 DB 00 00 00 03,6
old/hci_snoop_2018_01_01_12_06_26.cfa,1730,2018-01-01T12:08:03.178Z,FFF5-Write,f4:db:00:00:00:d9,0x0021,0x07,07 DB 00 00 00 03,6
old/hci_snoop_2018_01_01_12_06_26.cfa,1752,2018-01-01T12:08:03.435Z,FFF5-Write,f4:db:00:00:00:d9,0x0021,0x07,07 DE 00 00 00 03,6
old/hci_snoop_2018_01_01_12_06_26.cfa,1758,2018-01-01T12:08:03.701Z,FFF5-Write,f4:db:00:00:00:d9,0x0021,0x07,07 DE 00 00 00 03,6
old/hci_snoop_2018_01_01_12_06_26.cfa,1764,2018-01-01T12:08:03.972Z,FFF5-Write,f4:db:00:00:00:d9,0x0021,0x07,07 E1 00 00 00 03,6
old/hci_snoop_2018_01_01_12_06_26.cfa,1768,2018-01-01T12:08:04.244Z,FFF5-Write,f4:db:00:00:00:d9,0x0021,0x07,07 E1 00 00 00 03,6
old/hci_snoop_2018_01_01_12_06_26.cfa,1774,2018-01-01T12:08:04.518Z,FFF5-Write,f4:db:00:00:00:d9,0x0021,0x07,07 E4 00 00 00 03,6
old/hci_snoop_2018_01_01_12_06_26.cfa,1780,2018-01-01T12:08:04.785Z,FFF5-Write,f4:db:00:00:00:d9,0x0021,0x07,07 E4 00 00 00 03,6
old/hci_snoop_2018_01_01_12_06_26.cfa,1814,2018-01-01T12:08:05.051Z,FFF5-Write,f4:db:00:00:00:d9,0x0021,0x07,07 E7 00 00 00 03,6
old/hci_snoop_2018_01_01_12_06_26.cfa,1821,2018-01-01T12:08:05.325Z,FFF5-Write,f4:db:00:00:00:d9,0x0021,0x07,07 E7 00 00 00 03,6
old/hci_snoop_2018_01_01_12_06_26.cfa,1827,2018-01-01T12:08:05.597Z,FFF5-Write,f4:db:00:00:00:d9,0x0021,0x07,07 EA 00 00 00 03,6
old/hci_snoop_2018_01_01_12_06_26.cfa,1831,2018-01-01T12:08:05.866Z,FFF5-Write,f4:db:00:00:00:d9,0x0021,0x07,07 EA 00 00 00 03,6
old/hci_snoop_2018_01_01_12_06_26.cfa,1839,2018-01-01T12:08:06.135Z,FFF5-Write,f4:db:00:00:00:d9,0x0021,0x07,07 ED 00 00 00 03,6
old/hci_snoop_2018_01_01_12_06_26.cfa,1845,2018-01-01T12:08:06.402Z,FFF5-Write,f4:db:00:00:00:d9,0x0021,0x07,07 ED 00 00 00 03,6
old/hci_snoop_2018_01_01_12_06_26.cfa,1849,2018-01-01T12:08:06.673Z,FFF5-Write,f4:db:00:00:00:d9,0x0021,0x07,07 F0 00 00 00 03,6
old/hci_snoop_2018_01_01_12_06_26.cfa,1855,2018-01-01T12:08:06.947Z,FFF5-Write,f4:db:00:00:00:d9,0x0021,0x07,07 F0 00 00 00 03,6
old/hci_snoop_2018_01_01_12_06_26.cfa,1859,2018-01-01T12:08:07.212Z,FFF5-Write,f4:db:00:00:00:d9,0x0021,0x07,07 F3 00 00 00 03,6
old/hci_snoop_2018_01_01_12_06_26.cfa,1863,2018-01-01T12:08:07.484Z,FFF5-Write,f4:db:00:00:00:d9,0x0021,0x07,07 F3 00 00 00 03,6
old/hci_snoop_2018_01_01_12_06_26.cfa,1869,2018-01-01T12:08:07.756Z,FFF5-Write,f4:db:00:00:00:d9,0x0021,0x07,07 F6 00 00 00 03,6
old/hci_snoop_2018_01_01_12_06_26.cfa,1875,2018-01-01T12:08:08.115Z,FFF5-Write,f4:db:00:00:00:d9,0x0021,0x07,07 F6 00 00 00 03,6
old/hci_snoop_2018_01_01_12_06_26.cfa,1879,2018-01-01T12:08:08.384Z,FFF5-Write,f4:db:00:00:00:d9,0x0021,0x07,07 F9 00 00 00 03,6
old/hci_snoop_2018_01_01_12_06_26.cfa,1887,2018-01-01T12:08:08.654Z,FFF5-Write,f4:db:00:00:00:d9,0x0021,0x07,07 F9 00 00 00 03,6
old/hci_snoop_2018_01_01_12_06_26.cfa,1893,2018-01-01T12:08:08.922Z,FFF5-Write,f4:db:00:00:00:d9,0x0021,0x07,07 FC 00 00 00 03,6
old/hci_snoop_2018_01_01_12_06_26.cfa,1897,2018-01-01T12:08:09.193Z,FFF5-Write,f4:db:00:00:00:d9,0x0021,0x07,07 FC 00 00 00 03,6
old/hci_snoop_2018_01_01_12_06_26.cfa,1905,2018-01-01T12:08:09.464Z,FFF5-Write,f4:db:00:00:00:d9,0x0021,0x07,07 FF 00 00 00 03,6
old/hci_snoop_2018_01_01_12_06_26.cfa,1911,2018-01-01T12:08:09.919Z,FFF5-Write,f4:db:00:00:00:d9,0x0021,0x07,07 FF 00 00 00 03,6
old/hci_snoop_2018_01_01_12_06_26.cfa,1915,2018-01-01T12:08:10.184Z,FFF5-Write,f4:db:00:00:00:d9,0x0021,0x07,07 02 01 00 00 03,6
old/hci_snoop_2018_01_01_12_06_26.cfa,1921,2018-01-01T12:08:10.454Z,FFF5-Write,f4:db:00:00:00:d9,0x0021,0x07,07 02 01 00 00 03,6
old/hci_snoop_2018_01_01_12_06_26.cfa,1927,2018-01-01T12:08:10.723Z,FFF5-Write,f4:db:00:00:00:d9,0x0021,0x07,07 05 01 00 00 03,6
old/hci_snoop_2018_01_01_12_06_26.cfa,1931,2018-01-01T12:08:11.038Z,FFF5-Write,f4:db:00:00:00:d9,0x0021,0x07,07 05 01 00 00 03,6
old/hci_snoop_2018_01_01_12_06_26.cfa,1939,2018-01-01T12:08:11.267Z,FFF5-Write,f4:db:00:00:00:d9,0x0021,0x07,07 08 01 00 00 03,6
old/hci_snoop_2018_01_01_12_06_26.cfa,1945,2018-01-01T12:08:11.534Z,FFF5-Write,f4:db:00:00:00:d9,0x0021,0x07,07 08 01 00 00 03,6
old/hci_snoop_2018_01_01_12_06_26.cfa,1949,2018-01-01T12:08:11.806Z,FFF5-Write,f4:db:00:00:00:d9,0x0021,0x07,07 0B 01 00 00 03,6
old/hci_snoop_2018_01_01_12_06_26.cfa,1957,2018-01-01T12:08:12.074Z,FFF5-Write,f4:db:00:00:00:d9,0x0021,0x07,07 0B 01 00 00 03,6
old/hci_snoop_2018_01_01_12_06_26.cfa,1963,2018-01-01T12:08:12.346Z,FFF5-Write,f4:db:00:00:00:d9,0x0021,0x07,07 0E 01 00 00 03,6
old/hci_snoop_2018_01_01_12_06_26.cfa,1967,2018-01-01T12:08:12.616Z,FFF5-Write,f4:db:00:00:00:d9,0x0021,0x07,07 0E 01 00 00 03,6
old/hci_snoop_2018_01_01_12_06_26.cfa,1973,2018-01-01T12:08:12.886Z,FFF5-Write,f4:db:00:00:00:d9,0x0021,0x07,07 11 01 00 00 03,6
old/hci_snoop_2018_01_01_12_06_26.cfa,1979,2018-01-01T12:08:13.156Z,FFF5-Write,f4:db:00:00:00:d9,0x0021,0x07,07 11 01 00 00 03,6
old/hci_snoop_2018_01_01_12_06_26.cfa,1983,2018-01-01T12:08:13.423Z,FFF5-Write,f4:db:00:00:00:d9,0x0021,0x07,07 14 01 00 00 03,6
old/hci_snoop_2018_01_01_12_06_26.cfa,1991,2018-01-01T12:08:13.695Z,FFF5-Write,f4:db:00:00:00:d9,0x0021,0x07,07 14 01 00 00 03,6
old/hci_snoop_2018_01_01_12_06_26.cfa,1995,2018-01-01T12:08:13.968Z,FFF5-Write,f4:db:00:00:00:d9,0x0021,0x07,07 17 01 00 00 03,6
old/hci_snoop_2018_01_01_12_06_26.cfa,2001,2018-01-01T12:08:14.233Z,FFF5-Write,f4:db:00:00:00:d9,0x0021,0x07,07 17 01 00 00 03,6
old/hci_snoop_2018_01_01_12_06_26.cfa,2007,2018-01-01T12:08:14.504Z,FFF5-Write,f4:db:00:00:00:d9,0x0021,0x07,07 1A 01 00 00 03,6
old/hci_snoop_2018_01_01_12_06_26.cfa,2013,2018-01-01T12:08:14.775Z,FFF5-Write,f4:db:00:00:00:d9,0x0021,0x07,07 1A 01 00 00 03,6
old/hci_snoop_2018_01_01_12_06_26.cfa,2019,2018-01-01T12:08:15.050Z,FFF5-Write,f4:db:00:00:00:d9,0x0021,0x07,07 1D 01 00 00 03,6
old/hci_snoop_2018_01_01_12_06_26.cfa,2023,2018-01-01T12:08:15.313Z,FFF5-Write,f4:db:00:00:00:d9,0x0021,0x07,07 1D 01 00 00 03,6
old/hci_snoop_2018_01_01_12_06_26.cfa,2029,2018-01-01T12:08:15.585Z,FFF5-Write,f4:db:00:00:00:d9,0x0021,0x07,07 20 01 00 00 03,6
old/hci_snoop_2018_01_01_12_06_26.cfa,2033,2018-01-01T12:08:15.856Z,FFF5-Write,f4:db:00:00:00:d9,0x0021,0x07,07 20 01 00 00 03,6
old/hci_snoop_2018_01_01_12_06_26.cfa,2037,2018-01-01T12:08:16.127Z,FFF5-Write,f4:db:00:00:00:d9,0x0021,0x07,07 23 01 00 00 03,6
old/hci_snoop_2018_01_01_12_06_26.cfa,2043,2018-01-01T12:08:16.398Z,FFF5-Write,f4:db:00:00:00:d9,0x0021,0x07,07 23 01 00 00 03,6
old/hci_snoop_2018_01_01_12_06_26.cfa,2049,2018-01-01T12:08:16.667Z,FFF5-Write,f4:db:00:00:00:d9,0x0021,0x07,07 26 01 00 00 03,6
old/hci_snoop_2018_01_01_12_06_26.cfa,2053,2018-01-01T12:08:16.936Z,FFF5-Write,f4:db:00:00:00:d9,0x0021,0x07,07 26 01 00 00 03,6
old/hci_snoop_2018_01_01_12_06_26.cfa,2059,2018-01-01T12:08:17.202Z,FFF5-Write,f4:db:00:00:00:d9,0x0021,0x07,07 29 01 00 00 03,6
old/hci_snoop_2018_01_01_12_06_26.cfa,2065,2018-01-01T12:08:17.473Z,FFF5-Write,f4:db:00:00:00:d9,0x0021,0x07,07 29 01 00 00 03,6
old/hci_snoop_2018_01_01_12_06_26.cfa,2069,2018-01-01T12:08:17.749Z,FFF5-Write,f4:db:00:00:00:d9,0x0021,0x07,07 2C 01 00 00 03,6
old/hci_snoop_2018_01_01_12_06_26.cfa,2075,2018-01-01T12:08:18.199Z,FFF5-Write,f4:db:00:00:00:d9,0x0021,0x07,07 2C 01 00 00 03,6
old/hci_snoop_2018_01_01_12_06_26.cfa,2082,2018-01-01T12:08:18.466Z,FFF5-Write,f4:db:00:00:00:d9,0x0021,0x07,07 2F 01 00 00 03,6
old/hci_snoop_2018_01_01_12_06_26.cfa,2086,2018-01-01T12:08:18.738Z,FFF5-Write,f4:db:00:00:00:d9,0x0021,0x07,07 2F 01 00 00 03,6
old/hci_snoop_2018_01_01_12_06_26.cfa,2092,2018-01-01T12:08:19.057Z,FFF5-Write,f4:db:00:00:00:d9,0x0021,0x07,07 32 01 00 00 03,6
old/hci_snoop_2018_01_01_12_06_26.cfa,2098,2018-01-01T12:08:19.278Z,FFF5-Write,f4:db:00:00:00:d9,0x0021,0x07,07 32 01 00 00 03,6
old/hci_snoop_2018_01_01_12_06_26.cfa,2102,2018-01-01T12:08:19.546Z,FFF5-Write,f4:db:00:00:00:d9,0x0021,0x07,07 35 01 00 00 03,6
old/hci_snoop_2018_01_01_12_06_26.cfa,2108,2018-01-01T12:08:19.817Z,FFF5-Write,f4:db:00:00:00:d9,0x0021,0x07,07 35 01 00 00 03,6
old/hci_snoop_2018_01_01_12_06_26.cfa,2114,2018-01-01T12:08:20.085Z,FFF5-Write,f4:db:00:00:00:d9,0x0021,0x07,07 38 01 00 00 03,6
old/hci_snoop_2018_01_01_12_06_26.cfa,2118,2018-01-01T12:08:20.355Z,FFF5-Write,f4:db:00:00:00:d9,0x0021,0x07,07 38 01 00 00 03,6
old/hci_snoop_2018_01_01_12_06_26.cfa,2124,2018-01-01T12:08:20.623Z,FFF5-Write,f4:db:00:00:00:d9,0x0021,0x07,07 3B 01 00 00 03,6
old/hci_snoop_2018_01_01_12_06_26.cfa,2130,2018-01-01T12:08:20.893Z,FFF5-Write,f4:db:00:00:00:d9,0x0021,0x07,07 3B 01 00 00 03,6
old/hci_snoop_2018_01_01_12_06_26.cfa,2134,2018-01-01T12:08:21.166Z,FFF5-Write,f4:db:00:00:00:d9,0x0021,0x07,07 3E 01 00 00 03,6
old/hci_snoop_2018_01_01_12_06_26.cfa,2138,2018-01-01T12:08:21.436Z,FFF5-Write,f4:db:00:00:00:d9,0x0021,0x07,07 3E 01 00 00 03,6
old/hci_snoop_2018_01_01_12_06_26.cfa,2142,2018-01-01T12:08:21.707Z,FFF5-Write,f4:db:00:00:00:d9,0x0021,0x07,07 41 01 00 00 03,6
old/hci_snoop_2018_01_01_12_06_26.cfa,2146,2018-01-01T12:08:21.976Z,FFF5-Write,f4:db:00:00:00:d9,0x0021,0x07,07 41 01 00 00 03,6
old/hci_snoop_2018_01_01_12_06_26.cfa,2152,2018-01-01T12:08:22.244Z,FFF5-Write,f4:db:00:00:00:d9,0x0021,0x07,07 44 01 00 00 03,6
old/hci_snoop_2018_01_01_12_06_26.cfa,2158,2018-01-01T12:08:22.514Z,FFF5-Write,f4:db:00:00:00:d9,0x0021,0x07,07 44 01 00 00 03,6
old/hci_snoop_2018_01_01_12_06_26.cfa,2162,2018-01-01T12:08:22.785Z,FFF5-Write,f4:db:00:00:00:d9,0x0021,0x07,07 47 01 00 00 03,6
old/hci_snoop_2018_01_01_12_06_26.cfa,2168,2018-01-01T12:08:23.053Z,FFF5-Write,f4:db:00:00:00:d9,0x0021,0x07,07 47 01 00 00 03,6
old/hci_snoop_2018_01_01_12_06_26.cfa,2174,2018-01-01T12:08:23.325Z,FFF5-Write,f4:db:00:00:00:d9,0x0021,0x07,07 4A 01 00 00 03,6
old/hci_snoop_2018_01_01_12_06_26.cfa,2178,2018-01-01T12:08:23.594Z,FFF5-Write,f4:db:00:00:00:d9,0x0021,0x07,07 4A 01 00 00 03,6
old/hci_snoop_2018_01_01_12_06_26.cfa,2184,2018-01-01T12:08:23.866Z,FFF5-Write,f4:db:00:00:00:d9,0x0021,0x07,07 4D 01 00 00 03,6
old/hci_snoop_2018_01_01_12_06_26.cfa,2188,2018-01-01T12:08:24.134Z,FFF5-Write,f4:db:00:00:00:d9,0x0021,0x07,07 4D 01 00 00 03,6
old/hci_snoop_2018_01_01_12_06_26.cfa,2194,2018-01-01T12:08:24.404Z,FFF5-Write,f4:db:00:00:00:d9,0x0021,0x07,07 50 01 00 00 03,6
old/hci_snoop_2018_01_01_12_06_26.cfa,2200,2018-01-01T12:08:24.766Z,FFF5-Write,f4:db:00:00:00:d9,0x0021,0x07,07 50 01 00 00 03,6
old/hci_snoop_2018_01_01_12_06_26.cfa,2206,2018-01-01T12:08:25.043Z,FFF5-Write,f4:db:00:00:00:d9,0x0021,0x07,07 53 01 00 00 03,6
old/hci_snoop_2018_01_01_12_06_26.cfa,2210,2018-01-01T12:08:25.302Z,FFF5-Write,f4:db:00:00:00:d9,0x0021,0x07,07 53 01 00 00 03,6
old/hci_snoop_2018_01_01_12_06_26.cfa,2218,2018-01-01T12:08:25.576Z,FFF5-Write,f4:db:00:00:00:d9,0x0021,0x07,07 56 01 00 00 03,6
old/hci_snoop_2018_01_01_12_06_26.cfa,2223,2018-01-01T12:08:25.846Z,FFF5-Write,f4:db:00:00:00:d9,0x0021,0x07,07 56 01 00 00 03,6
old/hci_snoop_2018_01_01_12_06_26.cfa,2228,2018-01-01T12:08:26.114Z,FFF5-Write,f4:db:00:00:00:d9,0x0021,0x07,07 59 01 00 00 03,6
old/hci_snoop_2018_01_01_12_06_26.cfa,2236,2018-01-01T12:08:26.382Z,FFF5-Write,f4:db:00:00:00:d9,0x0021,0x07,07 59 01 00 00 03,6
old/hci_snoop_2018_01_01_12_06_26.cfa,2241,2018-01-01T12:08:26.653Z,FFF5-Write,f4:db:00:00:00:d9,0x0021,0x07,07 5C 01 00 00 03,6
old/hci_snoop_2018_01_01_12_06_26.cfa,2247,2018-01-01T12:08:26.924Z,FFF5-Write,f4:db:00:00:00:d9,0x0021,0x07,07 5C 01 00 00 03,6
old/hci_snoop_2018_01_01_12_06_26.cfa,2253,2018-01-01T12:08:27.197Z,FFF5-Write,f4:db:00:00:00:d9,0x0021,0x07,07 5F 01 00 00 03,6
old/hci_snoop_2018_01_01_12_06_26.cfa,2257,2018-01-01T12:08:27.464Z,FFF5-Write,f4:db:00:00:00:d9,0x0021,0x07,07 5F 01 00 00 03,6
old/hci_snoop_2018_01_01_12_06_26.cfa,2263,2018-01-01T12:08:27.733Z,FFF5-Write,f4:db:00:00:00:d9,0x0021,0x07,07 62 01 00 00 03,6
old/hci_snoop_2018_01_01_12_06_26.cfa,2267,2018-01-01T12:08:28.003Z,FFF5-Write,f4:db:00:00:00:d9,0x0021,0x07,07 62 01 00 00 03,6
old/hci_snoop_2018_01_01_12_06_26.cfa,2273,2018-01-01T12:08:28.274Z,FFF5-Write,f4:db:00:00:00:d9,0x0021,0x07,07 65 01 00 00 03,6
old/hci_snoop_2018_01_01_12_06_26.cfa,2279,2018-01-01T12:08:28.544Z,FFF5-Write,f4:db:00:00:00:d9,0x0021,0x07,07 65 01 00 00 03,6
old/hci_snoop_2018_01_01_12_06_26.cfa,2284,2018-01-01T12:08:28.817Z,FFF5-Write,f4:db:00:00:00:d9,0x0021,0x07,07 68 01 00 00 03,6
old/hci_snoop_2018_01_01_12_06_26.cfa,2292,2018-01-01T12:08:29.082Z,FFF5-Write,f4:db:00:00:00:d9,0x0021,0x07,07 68 01 00 00 03,6
old/hci_snoop_2018_01_01_12_06_26.cfa,2298,2018-01-01T12:08:29.358Z,FFF5-Write,f4:db:00:00:00:d9,0x0021,0x07,07 6B 01 00 00 03,6
old/hci_snoop_2018_01_01_12_06_26.cfa,2302,2018-01-01T12:08:29.625Z,FFF5-Write,f4:db:00:00:00:d9,0x0021,0x07,07 6B 01 00 00 03,6
old/hci_snoop_2018_01_01_12_06_26.cfa,2308,2018-01-01T12:08:29.893Z,FFF5-Write,f4:db:00:00:00:d9,0x0021,0x07,07 6E 01 00 00 03,6
old/hci_snoop_2018_01_01_12_06_26.cfa,2312,2018-01-01T12:08:30.165Z,FFF5-Write,f4:db:00:00:00:d9,0x0021,0x07,07 6E 01 00 00 03,6
old/hci_snoop_2018_01_01_12_06_26.cfa,2316,2018-01-01T12:08:30.435Z,FFF5-Write,f4:db:00:00:00:d9,0x0021,0x07,07 71 01 00 00 03,6
old/hci_snoop_2018_01_01_12_06_26.cfa,2320,2018-01-01T12:08:30.706Z,FFF5-Write,f4:db:00:00:00:d9,0x0021,0x07,07 71 01 00 00 03,6
old/hci_snoop_2018_01_01_12_06_26.cfa,2326,2018-01-01T12:08:30.974Z,FFF5-Write,f4:db:00:00:00:d9,0x0021,0x07,07 74 01 00 00 03,6
old/hci_snoop_2018_01_01_12_06_26.cfa,2330,2018-01-01T12:08:31.244Z,FFF5-Write,f4:db:00:00:00:d9,0x0021,0x07,07 74 01 00 00 03,6
old/hci_snoop_2018_01_01_12_06_26.cfa,2336,2018-01-01T12:08:31.515Z,FFF5-Write,f4:db:00:00:00:d9,0x0021,0x07,07 77 01 00 00 03,6
old/hci_snoop_2018_01_01_12_06_26.cfa,2340,2018-01-01T12:08:31.785Z,FFF5-Write,f4:db:00:00:00:d9,0x0021,0x07,07 77 01 00 00 03,6
old/hci_snoop_2018_01_01_12_06_26.cfa,2344,2018-01-01T12:08:32.059Z,FFF5-Write,f4:db:00:00:00:d9,0x0021,0x07,07 7A 01 00 00 03,6
old/hci_snoop_2018_01_01_12_06_26.cfa,2350,2018-01-01T12:08:32.323Z,FFF5-Write,f4:db:00:00:00:d9,0x0021,0x07,07 7A 01 00 00 03,6
old/hci_snoop_2018_01_01_12_06_26.cfa,2354,2018-01-01T12:08:32.595Z,FFF5-Write,f4:db:00:00:00:d9,0x0021,0x07,07 7D 01 00 00 03,6
old/hci_snoop_2018_01_01_12_06_26.cfa,2360,2018-01-01T12:08:32.869Z,FFF5-Write,f4:db:00:00:00:d9,0x0021,0x07,07 7D 01 00 00 03,6
old/hci_snoop_2018_01_01_12_06_26.cfa,2364,2018-01-01T12:08:33.132Z,FFF5-Write,f4:db:00:00:00:d9,0x0021,0x07,07 80 01 00 00 03,6
old/hci_snoop_2018_01_01_12_06_26.cfa,2370,2018-01-01T12:08:33.404Z,FFF5-Write,f4:db:00:00:00:d9,0x0021,0x07,07 80 01 00 00 03,6
old/hci_snoop_2018_01_01_12_06_26.cfa,2376,2018-01-01T12:08:33.676Z,FFF5-Write,f4:db:00:00:00:d9,0x0021,0x07,07 83 01 00 00 03,6
old/hci_snoop_2018_01_01_12_06_26.cfa,2380,2018-01-01T12:08:33.946Z,FFF5-Write,f4:db:00:00:00:d9,0x0021,0x07,07 83 01 00 00 03,6
old/hci_snoop_2018_01_01_12_06_26.cfa,2384,2018-01-01T12:08:34.215Z,FFF5-Write,f4:db:00:00:00:d9,0x0021,0x07,07 86 01 00 00 03,6
old/hci_snoop_2018_01_01_12_06_26.cfa,2390,2018-01-01T12:08:34.485Z,FFF5-Write,f4:db:00:00:00:d9,0x0021,0x07,07 86 01 00 00 03,6
old/hci_snoop_2018_01_01_12_06_26.cfa,2394,2018-01-01T12:08:34.756Z,FFF5-Write,f4:db:00:00:00:d9,0x0021,0x07,07 89 01 00 00 03,6
old/hci_snoop_2018_01_01_12_06_26.cfa,2400,2018-01-01T12:08:35.056Z,FFF5-Write,f4:db:00:00:00:d9,0x0021,0x07,07 89 01 00 00 03,6
old/hci_snoop_2018_01_01_12_06_26.cfa,2406,2018-01-01T12:08:35.295Z,FFF5-Write,f4:db:00:00:00:d9,0x0021,0x07,07 8C 01 00 00 03,6
old/hci_snoop_2018_01_01_12_06_26.cfa,2410,2018-01-01T12:08:35.568Z,FFF5-Write,f4:db:00:00:00:d9,0x0021,0x07,07 8C 01 00 00 03,6
old/hci_snoop_2018_01_01_12_06_26.cfa,2416,2018-01-01T12:08:35.836Z,FFF5-Write,f4:db:00:00:00:d9,0x0021,0x07,07 8F 01 00 00 03,6
old/hci_snoop_2018_01_01_12_06_26.cfa,2420,2018-01-01T12:08:36.104Z,FFF5-Write,f4:db:00:00:00:d9,0x0021,0x07,07 8F 01 00 00 03,6
old/hci_snoop_2018_01_01_12_06_26.cfa,2424,2018-01-01T12:08:36.381Z,FFF5-Write,f4:db:00:00:00:d9,0x0021,0x07,07 92 01 00 00 03,6
old/hci_snoop_2018_01_01_12_06_26.cfa,2432,2018-01-01T12:08:36.650Z,FFF5-Write,f4:db:00:00:00:d9,0x0021,0x07,07 92 01 00 00 03,6
old/hci_snoop_2018_01_01_12_06_26.cfa,2436,2018-01-01T12:08:36.921Z,FFF5-Write,f4:db:00:00:00:d9,0x0021,0x07,07 95 01 00 00 03,6
old/hci_snoop_2018_01_01_12_06_26.cfa,2440,2018-01-01T12:08:37.187Z,FFF5-Write,f4:db:00:00:00:d9,0x0021,0x07,07 95 01 00 00 03,6
old/hci_snoop_2018_01_01_12_06_26.cfa,2446,2018-01-01T12:08:37.460Z,FFF5-Write,f4:db:00:00:00:d9,0x0021,0x07,07 98 01 00 00 03,6
old/hci_snoop_2018_01_01_12_06_26.cfa,2452,2018-01-01T12:08:37.728Z,FFF5-Write,f4:db:00:00:00:d9,0x0021,0x07,07 98 01 00 00 03,6
old/hci_snoop_2018_01_01_12_06_26.cfa,2456,2018-01-01T12:08:37.997Z,FFF5-Write,f4:db:00:00:00:d9,0x0021,0x07,07 9B 01 00 00 03,6
old/hci_snoop_2018_01_01_12_06_26.cfa,2460,2018-01-01T12:08:38.273Z,FFF5-Write,f4:db:00:00:00:d9,0x0021,0x07,07 9B 01 00 00 03,6
old/hci_snoop_2018_01_01_12_06_26.cfa,2466,2018-01-01T12:08:38.728Z,FFF5-Write,f4:db:00:00:00:d9,0x0021,0x07,07 9E 01 00 00 03,6
old/hci_snoop_2018_01_01_12_06_26.cfa,2470,2018-01-01T12:08:38.992Z,FFF5-Write,f4:db:00:00:00:d9,0x0021,0x07,07 9E 01 00 00 03,6
old/hci_snoop_2018_01_01_12_06_26.cfa,2476,2018-01-01T12:08:39.261Z,FFF5-Write,f4:db:00:00:00:d9,0x0021,0x07,07 A1 01 00 00 03,6
old/hci_snoop_2018_01_01_12_06_26.cfa,2482,2018-01-01T12:08:39.530Z,FFF5-Write,f4:db:00:00:00:d9,0x0021,0x07,07 A1 01 00 00 03,6
old/hci_snoop_2018_01_01_12_06_26.cfa,2486,2018-01-01T12:08:39.801Z,FFF5-Write,f4:db:00:00:00:d9,0x0021,0x07,07 A4 01 00 00 03,6
old/hci_snoop_2018_01_01_12_06_26.cfa,2492,2018-01-01T12:08:40.076Z,FFF5-Write,f4:db:00:00:00:d9,0x0021,0x07,07 A4 01 00 00 03,6
old/hci_snoop_2018_01_01_12_06_26.cfa,2498,2018-01-01T12:08:40.341Z,FFF5-Write,f4:db:00:00:00:d9,0x0021,0x07,07 A7 01 00 00 03,6
old/hci_snoop_2018_01_01_12_06_26.cfa,2502,2018-01-01T12:08:40.609Z,FFF5-Write,f4:db:00:00:00:d9,0x0021,0x07,07 A7 01 00 00 03,6
old/hci_snoop_2018_01_01_12_06_26.cfa,2506,2018-01-01T12:08:40.881Z,FFF5-Write,f4:db:00:00:00:d9,0x0021,0x07,07 AA 01 00 00 03,6
old/hci_snoop_2018_01_01_12_06_26.cfa,2512,2018-01-01T12:08:41.144Z,FFF5-Write,f4:db:00:00:00:d9,0x0021,0x07,07 AA 01 00 00 03,6
old/hci_snoop_2018_01_01_12_06_26.cfa,2516,2018-01-01T12:08:41.421Z,FFF5-Write,f4:db:00:00:00:d9,0x0021,0x07,07 AD 01 00 00 03,6
old/hci_snoop_2018_01_01_12_06_26.cfa,2524,2018-01-01T12:08:41.690Z,FFF5-Write,f4:db:00:00:00:d9,0x0021,0x07,07 AD 01 00 00 03,6
old/hci_snoop_2018_01_01_12_06_26.cfa,2530,2018-01-01T12:08:41.950Z,FFF5-Write,f4:db:00:00:00:d9,0x0021,0x07,07 B0 01 00 00 03,6
old/hci_snoop_2018_01_01_12_06_26.cfa,2535,2018-01-01T12:08:42.228Z,FFF5-Write,f4:db:00:00:00:d9,0x0021,0x07,07 B0 01 00 00 03,6
old/hci_snoop_2018_01_01_12_06_26.cfa,2543,2018-01-01T12:08:42.499Z,FFF5-Write,f4:db:00:00:00:d9,0x0021,0x07,07 B3 01 00 00 03,6
old/hci_snoop_2018_01_01_12_06_26.cfa,2547,2018-01-01T12:08:42.770Z,FFF5-Write,f4:db:00:00:00:d9,0x0021,0x07,07 B3 01 00 00 03,6
old/hci_snoop_2018_01_01_12_06_26.cfa,2553,2018-01-01T12:08:43.080Z,FFF5-Write,f4:db:00:00:00:d9,0x0021,0x07,07 B6 01 00 00 03,6
old/hci_snoop_2018_01_01_12_06_26.cfa,2559,2018-01-01T12:08:43.302Z,FFF5-Write,f4:db:00:00:00:d9,0x0021,0x07,07 B6 01 00 00 03,6
old/hci_snoop_2018_01_01_12_06_26.cfa,2563,2018-01-01T12:08:43.581Z,FFF5-Write,f4:db:00:00:00:d9,0x0021,0x07,07 B9 01 00 00 03,6
old/hci_snoop_2018_01_01_12_06_26.cfa,2569,2018-01-01T12:08:43.852Z,FFF5-Write,f4:db:00:00:00:d9,0x0021,0x07,07 B9 01 00 00 03,6
old/hci_snoop_2018_01_01_12_06_26.cfa,2573,2018-01-01T12:08:44.114Z,FFF5-Write,f4:db:00:00:00:d9,0x0021,0x07,07 BC 01 00 00 03,6
old/hci_snoop_2018_01_01_12_06_26.cfa,2579,2018-01-01T12:08:44.391Z,FFF5-Write,f4:db:00:00:00:d9,0x0021,0x07,07 BC 01 00 00 03,6
old/hci_snoop_2018_01_01_12_06_26.cfa,2585,2018-01-01T12:08:44.661Z,FFF5-Write,f4:db:00:00:00:d9,0x0021,0x07,07 BF 01 00 00 03,6
old/hci_snoop_2018_01_01_12_06_26.cfa,2589,2018-01-01T12:08:44.930Z,FFF5-Write,f4:db:00:00:00:d9,0x0021,0x07,07 BF 01 00 00 03,6
old/hci_snoop_2018_01_01_12_06_26.cfa,2597,2018-01-01T12:08:45.200Z,FFF5-Write,f4:db:00:00:00:d9,0x0021,0x07,07 C2 01 00 00 03,6
old/hci_snoop_2018_01_01_12_06_26.cfa,2603,2018-01-01T12:08:45.471Z,FFF5-Write,f4:db:00:00:00:d9,0x0021,0x07,07 C2 01 00 00 03,6
old/hci_snoop_2018_01_01_12_06_26.cfa,2607,2018-01-01T12:08:45.741Z,FFF5-Write,f4:db:00:00:00:d9,0x0021,0x07,07 C5 01 00 00 03,6
old/hci_snoop_2018_01_01_12_06_26.cfa,2611,2018-01-01T12:08:46.011Z,FFF5-Write,f4:db:00:00:00:d9,0x0021,0x07,07 C5 01 00 00 03,6
old/hci_snoop_2018_01_01_12_06_26.cfa,2617,2018-01-01T12:08:46.280Z,FFF5-Write,f4:db:00:00:00:d9,0x0021,0x07,07 C8 01 00 00 03,6
old/hci_snoop_2018_01_01_12_06_26.cfa,2623,2018-01-01T12:08:46.726Z,FFF5-Write,f4:db:00:00:00:d9,0x0021,0x07,07 C8 01 00 00 03,6
old/hci_snoop_2018_01_01_12_06_26.cfa,2627,2018-01-01T12:08:47.002Z,FFF5-Write,f4:db:00:00:00:d9,0x0021,0x07,07 CB 01 00 00 03,6
old/hci_snoop_2018_01_01_12_06_26.cfa,2633,2018-01-01T12:08:47.271Z,FFF5-Write,f4:db:00:00:00:d9,0x0021,0x07,07 CB 01 00 00 03,6
old/hci_snoop_2018_01_01_12_06_26.cfa,2637,2018-01-01T12:08:47.544Z,FFF5-Write,f4:db:00:00:00:d9,0x0021,0x07,07 CE 01 00 00 03,6
old/hci_snoop_2018_01_01_12_06_26.cfa,2641,2018-01-01T12:08:47.805Z,FFF5-Write,f4:db:00:00:00:d9,0x0021,0x07,07 CE 01 00 00 03,6
old/hci_snoop_2018_01_01_12_06_26.cfa,2647,2018-01-01T12:08:48.075Z,FFF5-Write,f4:db:00:00:00:d9,0x0021,0x07,07 D1 01 00 00 03,6
old/hci_snoop_2018_01_01_12_06_26.cfa,2651,2018-01-01T12:08:48.345Z,FFF5-Write,f4:db:00:00:00:d9,0x0021,0x07,07 D1 01 00 00 03,6
old/hci_snoop_2018_01_01_12_06_26.cfa,2657,2018-01-01T12:08:48.615Z,FFF5-Write,f4:db:00:00:00:d9,0x0021,0x07,07 D4 01 00 00 03,6
old/hci_snoop_2018_01_01_12_06_26.cfa,2663,2018-01-01T12:08:48.885Z,FFF5-Write,f4:db:00:00:00:d9,0x0021,0x07,07 D4 01 00 00 03,6
old/hci_snoop_2018_01_01_12_06_26.cfa,2667,2018-01-01T12:08:49.153Z,FFF5-Write,f4:db:00:00:00:d9,0x0021,0x07,07 D7 01 00 00 03,6
old/hci_snoop_2018_01_01_12_06_26.cfa,2673,2018-01-01T12:08:49.424Z,FFF5-Write,f4:db:00:00:00:d9,0x0021,0x07,07 D7 01 00 00 03,6
old/hci_snoop_2018_01_01_12_06_26.cfa,2679,2018-01-01T12:08:49.695Z,FFF5-Write,f4:db:00:00:00:d9,0x0021,0x07,07 DA 01 00 00 03,6
old/hci_snoop_2018_01_01_12_06_26.cfa,2683,2018-01-01T12:08:49.964Z,FFF5-Write,f4:db:00:00:00:d9,0x0021,0x07,07 DA 01 00 00 03,6
old/hci_snoop_2018_01_01_12_06_26.cfa,2689,2018-01-01T12:08:50.234Z,FFF5-Write,f4:db:00:00:00:d9,0x0021,0x07,07 DD 01 00 00 03,6
old/hci_snoop_2018_01_01_12_06_26.cfa,2695,2018-01-01T12:08:50.504Z,FFF5-Write,f4:db:00:00:00:d9,0x0021,0x07,07 DD 01 00 00 03,6
old/hci_snoop_2018_01_01_12_06_26.cfa,2699,2018-01-01T12:08:50.774Z,FFF5-Write,f4:db:00:00:00:d9,0x0021,0x07,07 E0 01 00 00 03,6
old/hci_snoop_2018_01_01_12_06_26.cfa,2707,2018-01-01T12:08:51.044Z,FFF5-Write,f4:db:00:00:00:d9,0x0021,0x07,07 E0 01 00 00 03,6
old/hci_snoop_2018_01_01_12_06_26.cfa,2713,2018-01-01T12:08:51.314Z,FFF5-Write,f4:db:00:00:00:d9,0x0021,0x07,07 E3 01 00 00 03,6
old/hci_snoop_2018_01_01_12_06_26.cfa,2717,2018-01-01T12:08:51.584Z,FFF5-Write,f4:db:00:00:00:d9,0x0021,0x07,07 E3 01 00 00 03,6
old/hci_snoop_2018_01_01_12_06_26.cfa,2725,2018-01-01T12:08:51.854Z,FFF5-Write,f4:db:00:00:00:d9,0x0021,0x07,07 E6 01 00 00 03,6
old/hci_snoop_2018_01_01_12_06_26.cfa,2731,2018-01-01T12:08:52.122Z,FFF5-Write,f4:db:00:00:00:d9,0x0021,0x07,07 E6 01 00 00 03,6
old/hci_snoop_2018_01_01_12_06_26.cfa,2735,2018-01-01T12:08:52.394Z,FFF5-Write,f4:db:00:00:00:d9,0x0021,0x07,07 E9 01 00 00 03,6
old/hci_snoop_2018_01_01_12_06_26.cfa,2743,2018-01-01T12:08:52.663Z,FFF5-Write,f4:db:00:00:00:d9,0x0021,0x07,07 E9 01 00 00 03,6
old/hci_snoop_2018_01_01_12_06_26.cfa,2749,2018-01-01T12:08:53.024Z,FFF5-Write,f4:db:00:00:00:d9,0x0021,0x07,07 EC 01 00 00 03,6
old/hci_snoop_2018_01_01_12_06_26.cfa,2753,2018-01-01T12:08:53.294Z,FFF5-Write,f4:db:00:00:00:d9,0x0021,0x07,07 EC 01 00 00 03,6
old/hci_snoop_2018_01_01_12_06_26.cfa,2761,2018-01-01T12:08:53.564Z,FFF5-Write,f4:db:00:00:00:d9,0x0021,0x07,07 EF 01 00 00 03,6
old/hci_snoop_2018_01_01_12_06_26.cfa,2767,2018-01-01T12:08:53.835Z,FFF5-Write,f4:db:00:00:00:d9,0x0021,0x07,07 EF 01 00 00 03,6
old/hci_snoop_2018_01_01_12_06_26.cfa,2771,2018-01-01T12:08:54.109Z,FFF5-Write,f4:db:00:00:00:d9,0x0021,0x07,07 F2 01 00 00 03,6
old/hci_snoop_2018_01_01_12_06_26.cfa,2779,2018-01-01T12:08:54.379Z,FFF5-Write,f4:db:00:00:00:d9,0x0021,0x07,07 F2 01 00 00 03,6
old/hci_snoop_2018_01_01_12_06_26.cfa,2785,2018-01-01T12:08:54.658Z,FFF5-Write,f4:db:00:00:00:d9,0x0021,0x07,07 F5 01 00 00 03,6
old/hci_snoop_2018_01_01_12_06_26.cfa,2789,2018-01-01T12:08:54.921Z,FFF5-Write,f4:db:00:00:00:d9,0x0021,0x07,07 F5 01 00 00 03,6
old/hci_snoop_2018_01_01_12_06_26.cfa,2797,2018-01-01T12:08:55.182Z,FFF5-Write,f4:db:00:00:00:d9,0x0021,0x07,07 F8 01 00 00 03,6
old/hci_snoop_2018_01_01_12_06_26.cfa,2801,2018-01-01T12:08:55.460Z,FFF5-Write,f4:db:00:00:00:d9,0x0021,0x07,07 F8 01 00 00 03,6
old/hci_snoop_2018_01_01_12_06_26.cfa,2807,2018-01-01T12:08:55.732Z,FFF5-Write,f4:db:00:00:00:d9,0x0021,0x07,07 FB 01 00 00 03,6
old/hci_snoop_2018_01_01_12_06_26.cfa,2813,2018-01-01T12:08:55.999Z,FFF5-Write,f4:db:00:00:00:d9,0x0021,0x07,07 FB 01 00 00 03,6
old/hci_snoop_2018_01_01_12_06_26.cfa,2820,2018-01-01T12:08:56.267Z,FFF5-Write,f4:db:00:00:00:d9,0x0021,0x07,07 FE 01 00 00 03,6
old/hci_snoop_2018_01_01_12_06_26.cfa,2826,2018-01-01T12:08:56.537Z,FFF5-Write,f4:db:00:00:00:d9,0x0021,0x07,07 FE 01 00 00 03,6
old/hci_snoop_2018_01_01_12_06_26.cfa,2830,2018-01-01T12:08:56.802Z,FFF5-Write,f4:db:00:00:00:d9,0x0021,0x07,07 01 02 00 00 03,6
old/hci_snoop_2018_01_01_12_06_26.cfa,2838,2018-01-01T12:08:57.098Z,FFF5-Write,f4:db:00:00:00:d9,0x0021,0x07,07 01 02 00 00 03,6
old/hci_snoop_2018_01_01_12_06_26.cfa,2844,2018-01-01T12:08:57.352Z,FFF5-Write,f4:db:00:00:00:d9,0x0021,0x07,07 04 02 00 00 03,6
old/hci_snoop_2018_01_01_12_06_26.cfa,2848,2018-01-01T12:08:57.619Z,FFF5-Write,f4:db:00:00:00:d9,0x0021,0x07,07 04 02 00 00 03,6
old/hci_snoop_2018_01_01_12_06_26.cfa,2856,2018-01-01T12:08:57.891Z,FFF5-Write,f4:db:00:00:00:d9,0x0021,0x07,07 07 02 00 00 03,6
old/hci_snoop_2018_01_01_12_06_26.cfa,2862,2018-01-01T12:08:58.154Z,FFF5-Write,f4:db:00:00:00:d9,0x0021,0x07,07 07 02 00 00 03,6
old/hci_snoop_2018_01_01_12_06_26.cfa,2866,2018-01-01T12:08:58.425Z,FFF5-Write,f4:db:00:00:00:d9,0x0021,0x07,07 0A 02 00 00 03,6
old/hci_snoop_2018_01_01_12_06_26.cfa,2874,2018-01-01T12:08:58.695Z,FFF5-Write,f4:db:00:00:00:d9,0x0021,0x07,07 0A 02 00 00 03,6
old/hci_snoop_2018_01_01_12_06_26.cfa,2880,2018-01-01T12:08:58.963Z,FFF5-Write,f4:db:00:00:00:d9,0x0021,0x07,07 0D 02 00 00 03,6
old/hci_snoop_2018_01_01_12_06_26.cfa,2884,2018-01-01T12:08:59.235Z,FFF5-Write,f4:db:00:00:00:d9,0x0021,0x07,07 0D 02 00 00 03,6
old/hci_snoop_2018_01_01_12_06_26.cfa,2892,2018-01-01T12:08:59.510Z,FFF5-Write,f4:db:00:00:00:d9,0x0021,0x07,07 10 02 00 00 03,6
old/hci_snoop_2018_01_01_12_06_26.cfa,2898,2018-01-01T12:08:59.774Z,FFF5-Write,f4:db:00:00:00:d9,0x0021,0x07,07 10 02 00 00 03,6
old/hci_snoop_2018_01_01_12_06_26.cfa,2902,2018-01-01T12:09:00.042Z,FFF5-Write,f4:db:00:00:00:d9,0x0021,0x07,07 13 02 00 00 03,6
old/hci_snoop_2018_01_01_12_06_26.cfa,2908,2018-01-01T12:09:00.321Z,FFF5-Write,f4:db:00:00:00:d9,0x0021,0x07,07 13 02 00 00 03,6
old/hci_snoop_2018_01_01_12_06_26.cfa,2914,2018-01-01T12:09:00.598Z,FFF5-Write,f4:db:00:00:00:d9,0x0021,0x07,07 16 02 00 00 03,6
old/hci_snoop_2018_01_01_12_06_26.cfa,2918,2018-01-01T12:09:00.857Z,FFF5-Write,f4:db:00:00:00:d9,0x0021,0x07,07 16 02 00 00 03,6
old/hci_snoop_2018_01_01_12_06_26.cfa,2924,2018-01-01T12:09:01.122Z,FFF5-Write,f4:db:00:00:00:d9,0x0021,0x07,07 19 02 00 00 03,6
old/hci_snoop_2018_01_01_12_06_26.cfa,2928,2018-01-01T12:09:01.400Z,FFF5-Write,f4:db:00:00:00:d9,0x0021,0x07,07 19 02 00 00 03,6
old/hci_snoop_2018_01_01_12_06_26.cfa,2934,2018-01-01T12:09:01.671Z,FFF5-Write,f4:db:00:00:00:d9,0x0021,0x07,07 1C 02 00 00 03,6
old/hci_snoop_2018_01_01_12_06_26.cfa,2938,2018-01-01T12:09:01.935Z,FFF5-Write,f4:db:00:00:00:d9,0x0021,0x07,07 1C 02 00 00 03,6
old/hci_snoop_2018_01_01_12_06_26.cfa,2942,2018-01-01T12:09:02.205Z,FFF5-Write,f4:db:00:00:00:d9,0x0021,0x07,07 1F 02 00 00 03,6
old/hci_snoop_2018_01_01_12_06_26.cfa,2948,2018-01-01T12:09:02.481Z,FFF5-Write,f4:db:00:00:00:d9,0x0021,0x07,07 1F 02 00 00 03,6
old/hci_snoop_2018_01_01_12_06_26.cfa,2952,2018-01-01T12:09:02.751Z,FFF5-Write,f4:db:00:00:00:d9,0x0021,0x07,07 22 02 00 00 03,6
old/hci_snoop_2018_01_01_12_06_26.cfa,2958,2018-01-01T12:09:03.015Z,FFF5-Write,f4:db:00:00:00:d9,0x0021,0x07,07 22 02 00 00 03,6
old/hci_snoop_2018_01_01_12_06_26.cfa,2964,2018-01-01T12:09:03.290Z,FFF5-Write,f4:db:00:00:00:d9,0x0021,0x07,07 25 02 00 00 03,6
old/hci_snoop_2018_01_01_12_06_26.cfa,2968,2018-01-01T12:09:03.559Z,FFF5-Write,f4:db:00:00:00:d9,0x0021,0x07,07 25 02 00 00 03,6
old/hci_snoop_2018_01_01_12_06_26.cfa,2974,2018-01-01T12:09:03.831Z,FFF5-Write,f4:db:00:00:00:d9,0x0021,0x07,07 28 02 00 00 03,6
old/hci_snoop_2018_01_01_12_06_26.cfa,2978,2018-01-01T12:09:04.120Z,FFF5-Write,f4:db:00:00:00:d9,0x0021,0x07,07 28 02 00 00 03,6
old/hci_snoop_2018_01_01_12_06_26.cfa,2982,2018-01-01T12:09:04.370Z,FFF5-Write,f4:db:00:00:00:d9,0x0021,0x07,07 2B 02 00 00 03,6
old/hci_snoop_2018_01_01_12_06_26.cfa,2988,2018-01-01T12:09:04.641Z,FFF5-Write,f4:db:00:00:00:d9,0x0021,0x07,07 2B 02 00 00 03,6
old/hci_snoop_2018_01_01_12_06_26.cfa,2992,2018-01-01T12:09:04.911Z,FFF5-Write,f4:db:00:00:00:d9,0x0021,0x07,07 2E 02 00 00 03,6
old/hci_snoop_2018_01_01_12_06_26.cfa,2996,2018-01-01T12:09:05.175Z,FFF5-Write,f4:db:00:00:00:d9,0x0021,0x07,07 2E 02 00 00 03,6
old/hci_snoop_2018_01_01_12_06_26.cfa,3002,2018-01-01T12:09:05.445Z,FFF5-Write,f4:db:00:00:00:d9,0x0021,0x07,07 31 02 00 00 03,6
old/hci_snoop_2018_01_01_12_06_26.cfa,3008,2018-01-01T12:09:05.719Z,FFF5-Write,f4:db:00:00:00:d9,0x0021,0x07,07 31 02 00 00 03,6
old/hci_snoop_2018_01_01_12_06_26.cfa,3012,2018-01-01T12:09:05.984Z,FFF5-Write,f4:db:00:00:00:d9,0x0021,0x07,07 34 02 00 00 03,6
old/hci_snoop_2018_01_01_12_06_26.cfa,3020,2018-01-01T12:09:06.255Z,FFF5-Write,f4:db:00:00:00:d9,0x0021,0x07,07 34 02 00 00 03,6
old/hci_snoop_2018_01_01_12_06_26.cfa,3026,2018-01-01T12:09:06.522Z,FFF5-Write,f4:db:00:00:00:d9,0x0021,0x07,07 37 02 00 00 03,6
old/hci_snoop_2018_01_01_12_06_26.cfa,3030,2018-01-01T12:09:06.802Z,FFF5-Write,f4:db:00:00:00:d9,0x0021,0x07,07 37 02 00 00 03,6
old/hci_snoop_2018_01_01_12_06_26.cfa,3038,2018-01-01T12:09:07.068Z,FFF5-Write,f4:db:00:00:00:d9,0x0021,0x07,07 3A 02 00 00 03,6
old/hci_snoop_2018_01_01_12_06_26.cfa,3042,2018-01-01T12:09:07.335Z,FFF5-Write,f4:db:00:00:00:d9,0x0021,0x07,07 3A 02 00 00 03,6
old/hci_snoop_2018_01_01_12_06_26.cfa,3046,2018-01-01T12:09:07.613Z,FFF5-Write,f4:db:00:00:00:d9,0x0021,0x07,07 3D 02 00 00 03,6
old/hci_snoop_2018_01_01_12_06_26.cfa,3052,2018-01-01T12:09:07.880Z,FFF5-Write,f4:db:00:00:00:d9,0x0021,0x07,07 3D 02 00 00 03,6
old/hci_snoop_2018_01_01_12_06_26.cfa,3056,2018-01-01T12:09:08.141Z,FFF5-Write,f4:db:00:00:00:d9,0x0021,0x07,07 40 02 00 00 03,6
old/hci_snoop_2018_01_01_12_06_26.cfa,3062,2018-01-01T12:09:08.421Z,FFF5-Write,f4:db:00:00:00:d9,0x0021,0x07,07 40 02 00 00 03,6
old/hci_snoop_2018_01_01_12_06_26.cfa,3068,2018-01-01T12:09:08.701Z,FFF5-Write,f4:db:00:00:00:d9,0x0021,0x07,07 43 02 00 00 03,6
old/hci_snoop_2018_01_01_12_06_26.cfa,3074,2018-01-01T12:09:08.961Z,FFF5-Write,f4:db:00:00:00:d9,0x0021,0x07,07 43 02 00 00 03,6
old/hci_snoop_2018_01_01_12_06_26.cfa,3078,2018-01-01T12:09:09.415Z,FFF5-Write,f4:db:00:00:00:d9,0x0021,0x07,07 46 02 00 00 03,6
old/hci_snoop_2018_01_01_12_06_26.cfa,3087,2018-01-01T12:09:09.683Z,FFF5-Write,f4:db:00:00:00:d9,0x0021,0x07,07 46 02 00 00 03,6
old/hci_snoop_2018_01_01_12_06_26.cfa,3091,2018-01-01T12:09:09.951Z,FFF5-Write,f4:db:00:00:00:d9,0x0021,0x07,07 49 02 00 00 03,6
old/hci_snoop_2018_01_01_12_06_26.cfa,3095,2018-01-01T12:09:10.214Z,FFF5-Write,f4:db:00:00:00:d9,0x0021,0x07,07 49 02 00 00 03,6
old/hci_snoop_2018_01_01_12_06_26.cfa,3103,2018-01-01T12:09:10.490Z,FFF5-Write,f4:db:00:00:00:d9,0x0021,0x07,07 4C 02 00 00 03,6
old/hci_snoop_2018_01_01_12_06_26.cfa,3109,2018-01-01T12:09:10.761Z,FFF5-Write,f4:db:00:00:00:d9,0x0021,0x07,07 4C 02 00 00 03,6
old/hci_snoop_2018_01_01_12_06_26.cfa,3113,2018-01-01T12:09:11.031Z,FFF5-Write,f4:db:00:00:00:d9,0x0021,0x07,07 4F 02 00 00 03,6
old/hci_snoop_2018_01_01_12_06_26.cfa,3119,2018-01-01T12:09:11.298Z,FFF5-Write,f4:db:00:00:00:d9,0x0021,0x07,07 4F 02 00 00 03,6
old/hci_snoop_2018_01_01_12_06_26.cfa,3123,2018-01-01T12:09:11.568Z,FFF5-Write,f4:db:00:00:00:d9,0x0021,0x07,07 52 02 00 00 03,6
old/hci_snoop_2018_01_01_12_06_26.cfa,3127,2018-01-01T12:09:11.923Z,FFF5-Write,f4:db:00:00:00:d9,0x0021,0x07,07 52 02 00 00 03,6
old/hci_snoop_2018_01_01_12_06_26.cfa,3142,2018-01-01T12:09:12.191Z,FFF5-Write,f4:db:00:00:00:d9,0x0021,0x07,07 55 02 00 00 03,6
old/hci_snoop_2018_01_01_12_06_26.cfa,3148,2018-01-01T12:09:12.464Z,FFF5-Write,f4:db:00:00:00:d9,0x0021,0x07,07 55 02 00 00 03,6
old/hci_snoop_2018_01_01_12_06_26.cfa,3152,2018-01-01T12:09:12.741Z,FFF5-Write,f4:db:00:00:00:d9,0x0021,0x07,07 58 02 00 00 03,6
old/hci_snoop_2018_01_01_12_06_26.cfa,3160,2018-01-01T12:09:13.010Z,FFF5-Write,f4:db:00:00:00:d9,0x0021,0x07,07 58 02 00 00 03,6
old/hci_snoop_2018_01_01_12_06_26.cfa,3166,2018-01-01T12:09:13.284Z,FFF5-Write,f4:db:00:00:00:d9,0x0021,0x07,07 5B 02 00 00 03,6
old/hci_snoop_2018_01_01_12_06_26.cfa,3170,2018-01-01T12:09:13.550Z,FFF5-Write,f4:db:00:00:00:d9,0x0021,0x07,07 5B 02 00 00 03,6
old/hci_snoop_2018_01_01_12_06_26.cfa,3178,2018-01-01T12:09:13.820Z,FFF5-Write,f4:db:00:00:00:d9,0x0021,0x07,07 5E 02 00 00 03,6
old/hci_snoop_2018_01_01_12_06_26.cfa,3182,2018-01-01T12:09:14.085Z,FFF5-Write,f4:db:00:00:00:d9,0x0021,0x07,07 5E 02 00 00 03,6
old/hci_snoop_2018_01_01_12_06_26.cfa,3189,2018-01-01T12:09:14.354Z,FFF5-Write,f4:db:00:00:00:d9,0x0021,0x07,07 61 02 00 00 03,6
old/hci_snoop_2018_01_01_12_06_26.cfa,3195,2018-01-01T12:09:14.621Z,FFF5-Write,f4:db:00:00:00:d9,0x0021,0x07,07 61 02 00 00 03,6
old/hci_snoop_2018_01_01_12_06_26.cfa,3201,2018-01-01T12:09:14.895Z,FFF5-Write,f4:db:00:00:00:d9,0x0021,0x07,07 64 02 00 00 03,6
old/hci_snoop_2018_01_01_12_06_26.cfa,3207,2018-01-01T12:09:15.161Z,FFF5-Write,f4:db:00:00:00:d9,0x0021,0x07,07 64 02 00 00 03,6
old/hci_snoop_2018_01_01_12_06_26.cfa,576,2018-01-01T12:06:41.619Z,FFF3-Notify,f4:db:00:00:00:d9,0x0024,0x1A,1A 01 00 01 00 00 00 00 00 00 00 00 00 00 00 00 00 00 00 00,20
old/hci_snoop_2018_01_01_12_06_26.cfa,994,2018-01-01T12:07:34.989Z,FFF3-Notify,f4:db:00:00:00:d9,0x0024,0x01,01 67 02 00 00 00 00 00 00 00 00 00 00 00 00 00 00 00 00 00,20
old/hci_snoop_2018_01_01_12_06_26.cfa,999,2018-01-01T12:07:35.080Z,FFF3-Notify,f4:db:00:00:00:d9,0x0024,0x07,07 00 00 00 00 03 81 01 7B 01 79 01 B4 03 BC 03 CB 03 00 00,20
old/hci_snoop_2018_01_01_12_06_26.cfa,1003,2018-01-01T12:07:35.261Z,FFF3-Notify,f4:db:00:00:00:d9,0x0024,0x07,07 03 00 00 00 03 74 01 67 01 5A 01 C0 03 CE 03 EF 03 00 00,20
old/hci_snoop_2018_01_01_12_06_26.cfa,1007,2018-01-01T12:07:35.439Z,FFF3-Notify,f4:db:00:00:00:d9,0x0024,0x07,07 06 00 00 00 03 53 01 77 01 5C 01 04 04 BD 03 F4 03 00 00,20
old/hci_snoop_2018_01_01_12_06_26.cfa,1011,2018-01-01T12:07:35.620Z,FFF3-Notify,f4:db:00:00:00:d9,0x0024,0x07,07 09 00 00 00 03 62 01 65 01 69 01 F0 03 E9 03 E4 03 00 00,20
old/hci_snoop_2018_01_01_12_06_26.cfa,1015,2018-01-01T12:07:35.800Z,FFF3-Notify,f4:db:00:00:00:d9,0x0024,0x07,07 0C 00 00 00 03 6B 01 6E 01 6F 01 DE 03 D9 03 DC 03 00 00,20
old/hci_snoop_2018_01_01_12_06_26.cfa,1019,2018-01-01T12:07:35.980Z,FFF3-Notify,f4:db:00:00:00:d9,0x0024,0x07,07 0F 00 00 00 03 71 01 72 01 6C 01 D3 03 CF 03 D5 03 00 00,20
old/hci_snoop_2018_01_01_12_06_26.cfa,1023,2018-01-01T12:07:36.162Z,FFF3-Notify,f4:db:00:00:00:d9,0x0024,0x07,07 12 00 00 00 03 67 01 63 01 60 01 E1 03 E9 03 F1 03 00 00,20
old/hci_snoop_2018_01_01_12_06_26.cfa,1027,2018-01-01T12:07:36.340Z,FFF3-Notify,f4:db:00:00:00:d9,0x0024,0x07,07 15 00 00 00 03 5D 01 5A 01 58 01 F9 03 00 04 06 04 00 00,20
old/hci_snoop_2018_01_01_12_06_26.cfa,1031,2018-01-01T12:07:36.519Z,FFF3-Notify,f4:db:00:00:00:d9,0x0024,0x07,07 18 00 00 00 03 56 01 54 01 53 01 0B 04 0E 04 11 04 00 00,20
old/hci_snoop_2018_01_01_12_06_26.cfa,1035,2018-01-01T12:07:36.700Z,FFF3-Notify,f4:db:00:00:00:d9,0x0024,0x07,07 1B 00 00 00 03 52 01 51 01 50 01 13 04 15 04 18 04 00 00,20
old/hci_snoop_2018_01_01_12_06_26.cfa,1039,2018-01-01T12:07:36.880Z,FFF3-Notify,f4:db:00:00:00:d9,0x0024,0x07,07 1E 00 00 00 03 4F 01 4F 01 4E 01 19 04 1B 04 1D 04 00 00,20
old/hci_snoop_2018_01_01_12_06_26.cfa,1043,2018-01-01T12:07:37.061Z,FFF3-Notify,f4:db:00:00:00:d9,0x0024,0x07,07 21 00 00 00 03 4D 01 4C 01 4C 01 1F 04 20 04 21 04 00 00,20
old/hci_snoop_2018_01_01_12_06_26.cfa,1047,2018-01-01T12:07:37.284Z,FFF3-Notify,f4:db:00:00:00:d9,0x0024,0x07,07 24 00 00 00 03 4B 01 4B 01 4B 01 22 04 24 04 25 04 00 00,20
old/hci_snoop_2018_01_01_12_06_26.cfa,1051,2018-01-01T12:07:37.469Z,FFF3-Notify,f4:db:00:00:00:d9,0x0024,0x07,07 27 00 00 00 03 4A 01 49 01 49 01 26 04 27 04 28 04 00 00,20
old/hci_snoop_2018_01_01_12_06_26.cfa,1055,2018-01-01T12:07:37.646Z,FFF3-Notify,f4:db:00:00:00:d9,0x0024,0x07,07 2A 00 00 00 03 49 01 48 01 48 01 28 04 28 04 29 04 00 00,20
old/hci_snoop_2018_01_01_12_06_26.cfa,1059,2018-01-01T12:07:37.826Z,FFF3-Notify,f4:db:00:00:00:d9,0x0024,0x07,07 2D 00 00 00 03 47 01 47 01 47 01 29 04 29 04 2A 04 00 00,20
old/hci_snoop_2018_01_01_12_06_26.cfa,1063,2018-01-01T12:07:38.005Z,FFF3-Notify,f4:db:00:00:00:d9,0x0024,0x07,07 30 00 00 00 03 46 01 46 01 46 01 2B 04 2B 04 2C 04 00 00,20
old/hci_snoop_2018_01_01_12_06_26.cfa,1068,2018-01-01T12:07:38.184Z,FFF3-Notify,f4:db:00:00:00:d9,0x0024,0x07,07 33 00 00 00 03 46 01 46 01 45 01 2D 04 2D 04 2E 04 00 00,20
old/hci_snoop_2018_01_01_12_06_26.cfa,1072,2018-01-01T12:07:38.365Z,FFF3-Notify,f4:db:00:00:00:d9,0x0024,0x07,07 36 00 00 00 03 45 01 45 01 45 01 30 04 31 04 32 04 00 00,20
old/hci_snoop_2018_01_01_12_06_26.cfa,1076,2018-01-01T12:07:38.545Z,FFF3-Notify,f4:db:00:00:00:d9,0x0024,0x07,07 39 00 00 00 03 44 01 44 01 45 01 33 04 35 04 3D 04 00 00,20
old/hci_snoop_2018_01_01_12_06_26.cfa,1080,2018-01-01T12:07:38.770Z,FFF3-Notify,f4:db:00:00:00:d9,0x0024,0x07,07 3C 00 00 00 03 44 01 44 01 43 01 3F 04 40 04 41 04 00 00,20
old/hci_snoop_2018_01_01_12_06_26.cfa,1084,2018-01-01T12:07:38.949Z,FFF3-Notify,f4:db:00:00:00:d9,0x0024,0x07,07 3F 00 00 00 03 43 01 43 01 43 01 42 04 44 04 45 04 00 00,20
old/hci_snoop_2018_01_01_12_06_26.cfa,1088,2018-01-01T12:07:39.130Z,FFF3-Notify,f4:db:00:00:00:d9,0x0024,0x07,07 42 00 00 00 03 43 01 43 01 43 01 47 04 48 04 4A 04 00 00,20
old/hci_snoop_2018_01_01_12_06_26.cfa,1092,2018-01-01T12:07:39.309Z,FFF3-Notify,f4:db:00:00:00:d9,0x0024,0x07,07 45 00 00 00 03 42 01 42 01 42 01 4B 04 4C 04 4C 04 00 00,20
old/hci_snoop_2018_01_01_12_06_26.cfa,1096,2018-01-01T12:07:39.489Z,FFF3-Notify,f4:db:00:00:00:d9,0x0024,0x07,07 48 00 00 00 03 42 01 42 01 42 01 4E 04 4F 04 50 04 00 00,20
old/hci_snoop_2018_01_01_12_06_26.cfa,1100,2018-01-01T12:07:39.715Z,FFF3-Notify,f4:db:00:00:00:d9,0x0024,0x07,07 4B 00 00 00 03 42 01 42 01 42 01 52 04 53 04 54 04 00 00,20
old/hci_snoop_2018_01_01_12_06_26.cfa,1104,2018-01-01T12:07:39.850Z,FFF3-Notify,f4:db:00:00:00:d9,0x0024,0x07,07 4E 00 00 00 03 42 01 42 01 41 01 54 04 55 04 56 04 00 00,20
old/hci_snoop_2018_01_01_12_06_26.cfa,1108,2018-01-01T12:07:40.030Z,FFF3-Notify,f4:db:00:00:00:d9,0x0024,0x07,07 51 00 00 00 03 42 01 41 01 41 01 57 04 58 04 58 04 00 00,20
old/hci_snoop_2018_01_01_12_06_26.cfa,1116,2018-01-01T12:07:40.210Z,FFF3-Notify,f4:db:00:00:00:d9,0x0024,0x07,07 54 00 00 00 03 41 01 41 01 41 01 5A 04 5A 04 5B 04 00 00,20
old/hci_snoop_2018_01_01_12_06_26.cfa,1120,2018-01-01T12:07:40.391Z,FFF3-Notify,f4:db:00:00:00:d9,0x0024,0x07,07 57 00 00 00 03 41 01 41 01 41 01 5C 04 5D 04 5E 04 00 00,20
old/hci_snoop_2018_01_01_12_06_26.cfa,1124,2018-01-01T12:07:40.569Z,FFF3-Notify,f4:db:00:00:00:d9,0x0024,0x07,07 5A 00 00 00 03 41 01 41 01 41 01 5F 04 5F 04 5F 04 00 00,20
old/hci_snoop_2018_01_01_12_06_26.cfa,1129,2018-01-01T12:07:40.842Z,FFF3-Notify,f4:db:00:00:00:d9,0x0024,0x07,07 5D 00 00 00 03 41 01 41 01 41 01 60 04 61 04 61 04 00 00,20
old/hci_snoop_2018_01_01_12_06_26.cfa,1134,2018-01-01T12:07:41.110Z,FFF3-Notify,f4:db:00:00:00:d9,0x0024,0x07,07 60 00 00 00 03 41 01 41 01 40 01 62 04 62 04 63 04 00 00,20
old/hci_snoop_2018_01_01_12_06_26.cfa,1138,2018-01-01T12:07:41.382Z,FFF3-Notify,f4:db:00:00:00:d9,0x0024,0x07,07 63 00 00 00 03 40 01 41 01 40 01 63 04 64 04 65 04 00 00,20
old/hci_snoop_2018_01_01_12_06_26.cfa,1142,2018-01-01T12:07:41.650Z,FFF3-Notify,f4:db:00:00:00:d9,0x0024,0x07,07 66 00 00 00 03 40 01 40 01 40 01 65 04 66 04 66 04 00 00,20
old/hci_snoop_2018_01_01_12_06_26.cfa,1146,2018-01-01T12:07:41.920Z,FFF3-Notify,f4:db:00:00:00:d9,0x0024,0x07,07 69 00 00 00 03 40 01 40 01 40 01 67 04 67 04 68 04 00 00,20
old/hci_snoop_2018_01_01_12_06_26.cfa,1150,2018-01-01T12:07:42.191Z,FFF3-Notify,f4:db:00:00:00:d9,0x0024,0x07,07 6C 00 00 00 03 40 01 40 01 40 01 68 04 68 04 69 04 00 00,20
old/hci_snoop_2018_01_01_12_06_26.cfa,1154,2018-01-01T12:07:42.460Z,FFF3-Notify,f4:db:00:00:00:d9,0x0024,0x07,07 6F 00 00 00 03 40 01 40 01 40 01 6A 04 69 04 6A 04 00 00,20
old/hci_snoop_2018_01_01_12_06_26.cfa,1283,2018-01-01T12:07:43.696Z,FFF3-Notify,f4:db:00:00:00:d9,0x0024,0x01,01 67 02 00 00 03 40 01 40 01 40 01 6A 04 69 04 6A 04 00 00,20
old/hci_snoop_2018_01_01_12_06_26.cfa,1287,2018-01-01T12:07:43.712Z,FFF3-Notify,f4:db:00:00:00:d9,0x0024,0x01,01 67 02 00 00 03 40 01 40 01 40 01 6A 04 69 04 6A 04 00 00,20
old/hci_snoop_2018_01_01_12_06_26.cfa,1292,2018-01-01T12:07:43.900Z,FFF3-Notify,f4:db:00:00:00:d9,0x0024,0x07,07 72 00 00 00 03 40 01 40 01 40 01 6B 04 6C 04 6C 04 00 00,20
old/hci_snoop_2018_01_01_12_06_26.cfa,1300,2018-01-01T12:07:44.172Z,FFF3-Notify,f4:db:00:00:00:d9,0x0024,0x07,07 72 00 00 00 03 40 01 40 01 40 01 6B 04 6C 04 6C 04 00 00,20
old/hci_snoop_2018_01_01_12_06_26.cfa,1307,2018-01-01T12:07:44.440Z,FFF3-Notify,f4:db:00:00:00:d9,0x0024,0x07,07 75 00 00 00 03 40 01 40 01 40 01 6E 04 6E 04 6F 04 00 00,20
old/hci_snoop_2018_01_01_12_06_26.cfa,1311,2018-01-01T12:07:44.711Z,FFF3-Notify,f4:db:00:00:00:d9,0x0024,0x07,07 75 00 00 00 03 40 01 40 01 40 01 6E 04 6E 04 6F 04 00 00,20
old/hci_snoop_2018_01_01_12_06_26.cfa,1319,2018-01-01T12:07:44.980Z,FFF3-Notify,f4:db:00:00:00:d9,0x0024,0x07,07 78 00 00 00 03 40 01 40 01 40 01 6E 04 6F 04 6F 04 00 00,20
old/hci_snoop_2018_01_01_12_06_26.cfa,1325,2018-01-01T12:07:45.250Z,FFF3-Notify,f4:db:00:00:00:d9,0x0024,0x07,07 78 00 00 00 03 40 01 40 01 40 01 6E 04 6F 04 6F 04 00 00,20
old/hci_snoop_2018_01_01_12_06_26.cfa,1329,2018-01-01T12:07:45.520Z,FFF3-Notify,f4:db:00:00:00:d9,0x0024,0x07,07 7B 00 00 00 03 40 01 40 01 3B 01 6F 04 6F 04 F2 03 00 00,20
old/hci_snoop_2018_01_01_12_06_26.cfa,1338,2018-01-01T12:07:45.791Z,FFF3-Notify,f4:db:00:00:00:d9,0x0024,0x07,07 7B 00 00 00 03 40 01 40 01 3B 01 6F 04 6F 04 F2 03 00 00,20
old/hci_snoop_2018_01_01_12_06_26.cfa,1344,2018-01-01T12:07:46.059Z,FFF3-Notify,f4:db:00:00:00:d9,0x0024,0x07,07 7E 00 00 00 03 3A 01 3B 01 3C 01 0A 04 28 04 2E 04 00 00,20
old/hci_snoop_2018_01_01_12_06_26.cfa,1348,2018-01-01T12:07:46.329Z,FFF3-Notify,f4:db:00:00:00:d9,0x0024,0x07,07 7E 00 00 00 03 3A 01 3B 01 3C 01 0A 04 28 04 2E 04 00 00,20
old/hci_snoop_2018_01_01_12_06_26.cfa,1356,2018-01-01T12:07:46.600Z,FFF3-Notify,f4:db:00:00:00:d9,0x0024,0x07,07 81 00 00 00 03 3C 01 3C 01 3D 01 35 04 3B 04 3F 04 00 00,20
old/hci_snoop_2018_01_01_12_06_26.cfa,1360,2018-01-01T12:07:46.871Z,FFF3-Notify,f4:db:00:00:00:d9,0x0024,0x07,07 81 00 00 00 03 3C 01 3C 01 3D 01 35 04 3B 04 3F 04 00 00,20
old/hci_snoop_2018_01_01_12_06_26.cfa,1366,2018-01-01T12:07:47.140Z,FFF3-Notify,f4:db:00:00:00:d9,0x0024,0x07,07 84 00 00 00 03 3F 01 3F 01 39 01 48 04 48 04 62 04 00 00,20
old/hci_snoop_2018_01_01_12_06_26.cfa,1374,2018-01-01T12:07:47.409Z,FFF3-Notify,f4:db:00:00:00:d9,0x0024,0x07,07 84 00 00 00 03 3F 01 3F 01 39 01 48 04 48 04 62 04 00 00,20
old/hci_snoop_2018_01_01_12_06_26.cfa,1378,2018-01-01T12:07:47.679Z,FFF3-Notify,f4:db:00:00:00:d9,0x0024,0x07,07 87 00 00 00 03 36 01 37 01 38 01 76 04 7C 04 80 04 00 00,20
old/hci_snoop_2018_01_01_12_06_26.cfa,1387,2018-01-01T12:07:48.223Z,FFF3-Notify,f4:db:00:00:00:d9,0x0024,0x07,07 87 00 00 00 03 36 01 37 01 38 01 76 04 7C 04 80 04 00 00,20
old/hci_snoop_2018_01_01_12_06_26.cfa,1391,2018-01-01T12:07:48.400Z,FFF3-Notify,f4:db:00:00:00:d9,0x0024,0x07,07 8A 00 00 00 03 3A 01 3C 01 3F 01 81 04 85 04 81 04 00 00,20
old/hci_snoop_2018_01_01_12_06_26.cfa,1397,2018-01-01T12:07:48.675Z,FFF3-Notify,f4:db:00:00:00:d9,0x0024,0x07,07 8A 00 00 00 03 3A 01 3C 01 3F 01 81 04 85 04 81 04 00 00,20
old/hci_snoop_2018_01_01_12_06_26.cfa,1403,2018-01-01T12:07:48.940Z,FFF3-Notify,f4:db:00:00:00:d9,0x0024,0x07,07 8D 00 00 00 03 40 01 41 01 46 01 7F 04 83 04 7A 04 00 00,20
old/hci_snoop_2018_01_01_12_06_26.cfa,1411,2018-01-01T12:07:49.210Z,FFF3-Notify,f4:db:00:00:00:d9,0x0024,0x07,07 8D 00 00 00 03 40 01 41 01 46 01 7F 04 83 04 7A 04 00 00,20
old/hci_snoop_2018_01_01_12_06_26.cfa,1417,2018-01-01T12:07:49.481Z,FFF3-Notify,f4:db:00:00:00:d9,0x0024,0x07,07 90 00 00 00 03 4B 01 4D 01 4D 01 72 04 65 04 5E 04 00 00,20
old/hci_snoop_2018_01_01_12_06_26.cfa,1423,2018-01-01T12:07:49.751Z,FFF3-Notify,f4:db:00:00:00:d9,0x0024,0x07,07 90 00 00 00 03 4B 01 4D 01 4D 01 72 04 65 04 5E 04 00 00,20
old/hci_snoop_2018_01_01_12_06_26.cfa,1431,2018-01-01T12:07:50.021Z,FFF3-Notify,f4:db:00:00:00:d9,0x0024,0x07,07 93 00 00 00 03 4D 01 4D 01 4C 01 59 04 58 04 58 04 00 00,20
old/hci_snoop_2018_01_01_12_06_26.cfa,1437,2018-01-01T12:07:50.289Z,FFF3-Notify,f4:db:00:00:00:d9,0x0024,0x07,07 93 00 00 00 03 4D 01 4D 01 4C 01 59 04 58 04 58 04 00 00,20
old/hci_snoop_2018_01_01_12_06_26.cfa,1441,2018-01-01T12:07:50.560Z,FFF3-Notify,f4:db:00:00:00:d9,0x0024,0x07,07 96 00 00 00 03 4C 01 4C 01 4B 01 57 04 56 04 57 04 00 00,20
old/hci_snoop_2018_01_01_12_06_26.cfa,1449,2018-01-01T12:07:50.829Z,FFF3-Notify,f4:db:00:00:00:d9,0x0024,0x07,07 96 00 00 00 03 4C 01 4C 01 4B 01 57 04 56 04 57 04 00 00,20
old/hci_snoop_2018_01_01_12_06_26.cfa,1453,2018-01-01T12:07:51.100Z,FFF3-Notify,f4:db:00:00:00:d9,0x0024,0x07,07 99 00 00 00 03 4A 01 4A 01 49 01 5A 04 5A 04 5B 04 00 00,20
old/hci_snoop_2018_01_01_12_06_26.cfa,1459,2018-01-01T12:07:51.370Z,FFF3-Notify,f4:db:00:00:00:d9,0x0024,0x07,07 99 00 00 00 03 4A 01 4A 01 49 01 5A 04 5A 04 5B 04 00 00,20
old/hci_snoop_2018_01_01_12_06_26.cfa,1465,2018-01-01T12:07:51.642Z,FFF3-Notify,f4:db:00:00:00:d9,0x0024,0x07,07 9C 00 00 00 03 48 01 48 01 47 01 5C 04 5D 04 5C 04 00 00,20
old/hci_snoop_2018_01_01_12_06_26.cfa,1469,2018-01-01T12:07:51.910Z,FFF3-Notify,f4:db:00:00:00:d9,0x0024,0x07,07 9C 00 00 00 03 48 01 48 01 47 01 5C 04 5D 04 5C 04 00 00,20
old/hci_snoop_2018_01_01_12_06_26.cfa,1475,2018-01-01T12:07:52.180Z,FFF3-Notify,f4:db:00:00:00:d9,0x0024,0x07,07 9F 00 00 00 03 47 01 46 01 46 01 5C 04 5C 04 59 04 00 00,20
old/hci_snoop_2018_01_01_12_06_26.cfa,1482,2018-01-01T12:07:52.452Z,FFF3-Notify,f4:db:00:00:00:d9,0x0024,0x07,07 9F 00 00 00 03 47 01 46 01 46 01 5C 04 5C 04 59 04 00 00,20
old/hci_snoop_2018_01_01_12_06_26.cfa,1490,2018-01-01T12:07:52.721Z,FFF3-Notify,f4:db:00:00:00:d9,0x0024,0x07,07 A2 00 00 00 03 45 01 44 01 43 01 4D 04 3F 04 36 04 00 00,20
old/hci_snoop_2018_01_01_12_06_26.cfa,1494,2018-01-01T12:07:52.990Z,FFF3-Notify,f4:db:00:00:00:d9,0x0024,0x07,07 A2 00 00 00 03 45 01 44 01 43 01 4D 04 3F 04 36 04 00 00,20
old/hci_snoop_2018_01_01_12_06_26.cfa,1500,2018-01-01T12:07:53.260Z,FFF3-Notify,f4:db:00:00:00:d9,0x0024,0x07,07 A5 00 00 00 03 43 01 42 01 41 01 2A 04 29 04 23 04 00 00,20
old/hci_snoop_2018_01_01_12_06_26.cfa,1506,2018-01-01T12:07:53.530Z,FFF3-Notify,f4:db:00:00:00:d9,0x0024,0x07,07 A5 00 00 00 03 43 01 42 01 41 01 2A 04 29 04 23 04 00 00,20
old/hci_snoop_2018_01_01_12_06_26.cfa,1512,2018-01-01T12:07:53.800Z,FFF3-Notify,f4:db:00:00:00:d9,0x0024,0x07,07 A8 00 00 00 03 41 01 40 01 40 01 21 04 18 04 11 04 00 00,20
old/hci_snoop_2018_01_01_12_06_26.cfa,1516,2018-01-01T12:07:54.071Z,FFF3-Notify,f4:db:00:00:00:d9,0x0024,0x07,07 A8 00 00 00 03 41 01 40 01 40 01 21 04 18 04 11 04 00 00,20
old/hci_snoop_2018_01_01_12_06_26.cfa,1522,2018-01-01T12:07:54.340Z,FFF3-Notify,f4:db:00:00:00:d9,0x0024,0x07,07 AB 00 00 00 03 3F 01 3F 01 3E 01 0B 04 01 04 F9 03 00 00,20
old/hci_snoop_2018_01_01_12_06_26.cfa,1528,2018-01-01T12:07:54.610Z,FFF3-Notify,f4:db:00:00:00:d9,0x0024,0x07,07 AB 00 00 00 03 3F 01 3F 01 3E 01 0B 04 01 04 F9 03 00 00,20
old/hci_snoop_2018_01_01_12_06_26.cfa,1532,2018-01-01T12:07:54.880Z,FFF3-Notify,f4:db:00:00:00:d9,0x0024,0x07,07 AE 00 00 00 03 3D 01 3D 01 3C 01 F9 03 F0 03 F0 03 00 00,20
old/hci_snoop_2018_01_01_12_06_26.cfa,1540,2018-01-01T12:07:55.152Z,FFF3-Notify,f4:db:00:00:00:d9,0x0024,0x07,07 AE 00 00 00 03 3D 01 3D 01 3C 01 F9 03 F0 03 F0 03 00 00,20
old/hci_snoop_2018_01_01_12_06_26.cfa,1546,2018-01-01T12:07:55.420Z,FFF3-Notify,f4:db:00:00:00:d9,0x0024,0x07,07 B1 00 00 00 03 3C 01 3B 01 3B 01 E2 03 D6 03 CF 03 00 00,20
old/hci_snoop_2018_01_01_12_06_26.cfa,1550,2018-01-01T12:07:55.691Z,FFF3-Notify,f4:db:00:00:00:d9,0x0024,0x07,07 B1 00 00 00 03 3C 01 3B 01 3B 01 E2 03 D6 03 CF 03 00 00,20
old/hci_snoop_2018_01_01_12_06_26.cfa,1558,2018-01-01T12:07:56.052Z,FFF3-Notify,f4:db:00:00:00:d9,0x0024,0x07,07 B4 00 00 00 03 3A 01 3A 01 3A 01 E4 03 ED 03 F3 03 00 00,20
old/hci_snoop_2018_01_01_12_06_26.cfa,1564,2018-01-01T12:07:56.320Z,FFF3-Notify,f4:db:00:00:00:d9,0x0024,0x07,07 B4 00 00 00 03 3A 01 3A 01 3A 01 E4 03 ED 03 F3 03 00 00,20
old/hci_snoop_2018_01_01_12_06_26.cfa,1568,2018-01-01T12:07:56.592Z,FFF3-Notify,f4:db:00:00:00:d9,0x0024,0x07,07 B7 00 00 00 03 3A 01 3A 01 39 01 FA 03 01 04 07 04 00 00,20
old/hci_snoop_2018_01_01_12_06_26.cfa,1572,2018-01-01T12:07:56.860Z,FFF3-Notify,f4:db:00:00:00:d9,0x0024,0x07,07 B7 00 00 00 03 3A 01 3A 01 39 01 FA 03 01 04 07 04 00 00,20
old/hci_snoop_2018_01_01_12_06_26.cfa,1585,2018-01-01T12:07:57.129Z,FFF3-Notify,f4:db:00:00:00:d9,0x0024,0x07,07 BA 00 00 00 03 39 01 39 01 39 01 0D 04 11 04 13 04 00 00,20
old/hci_snoop_2018_01_01_12_06_26.cfa,1612,2018-01-01T12:07:57.399Z,FFF3-Notify,f4:db:00:00:00:d9,0x0024,0x07,07 BA 00 00 00 03 39 01 39 01 39 01 0D 04 11 04 13 04 00 00,20
old/hci_snoop_2018_01_01_12_06_26.cfa,1620,2018-01-01T12:07:57.670Z,FFF3-Notify,f4:db:00:00:00:d9,0x0024,0x07,07 BD 00 00 00 03 39 01 3A 01 39 01 17 04 1D 04 22 04 00 00,20
old/hci_snoop_2018_01_01_12_06_26.cfa,1626,2018-01-01T12:07:57.940Z,FFF3-Notify,f4:db:00:00:00:d9,0x0024,0x07,07 BD 00 00 00 03 39 01 3A 01 39 01 17 04 1D 04 22 04 00 00,20
old/hci_snoop_2018_01_01_12_06_26.cfa,1630,2018-01-01T12:07:58.210Z,FFF3-Notify,f4:db:00:00:00:d9,0x0024,0x07,07 C0 00 00 00 03 3A 01 39 01 3A 01 26 04 2A 04 2D 04 00 00,20
old/hci_snoop_2018_01_01_12_06_26.cfa,1638,2018-01-01T12:07:58.480Z,FFF3-Notify,f4:db:00:00:00:d9,0x0024,0x07,07 C0 00 00 00 03 3A 01 39 01 3A 01 26 04 2A 04 2D 04 00 00,20
old/hci_snoop_2018_01_01_12_06_26.cfa,1644,2018-01-01T12:07:58.751Z,FFF3-Notify,f4:db:00:00:00:d9,0x0024,0x07,07 C3 00 00 00 03 3A 01 3A 01 3A 01 31 04 34 04 37 04 00 00,20
old/hci_snoop_2018_01_01_12_06_26.cfa,1648,2018-01-01T12:07:59.020Z,FFF3-Notify,f4:db:00:00:00:d9,0x0024,0x07,07 C3 00 00 00 03 3A 01 3A 01 3A 01 31 04 34 04 37 04 00 00,20
old/hci_snoop_2018_01_01_12_06_26.cfa,1654,2018-01-01T12:07:59.289Z,FFF3-Notify,f4:db:00:00:00:d9,0x0024,0x07,07 C6 00 00 00 03 3A 01 3A 01 3A 01 3A 04 3D 04 3F 04 00 00,20
old/hci_snoop_2018_01_01_12_06_26.cfa,1658,2018-01-01T12:07:59.560Z,FFF3-Notify,f4:db:00:00:00:d9,0x0024,0x07,07 C6 00 00 00 03 3A 01 3A 01 3A 01 3A 04 3D 04 3F 04 00 00,20
old/hci_snoop_2018_01_01_12_06_26.cfa,1664,2018-01-01T12:07:59.830Z,FFF3-Notify,f4:db:00:00:00:d9,0x0024,0x07,07 C9 00 00 00 03 3A 01 3A 01 3A 01 42 04 44 04 47 04 00 00,20
old/hci_snoop_2018_01_01_12_06_26.cfa,1670,2018-01-01T12:08:00.099Z,FFF3-Notify,f4:db:00:00:00:d9,0x0024,0x07,07 C9 00 00 00 03 3A 01 3A 01 3A 01 42 04 44 04 47 04 00 00,20
old/hci_snoop_2018_01_01_12_06_26.cfa,1674,2018-01-01T12:08:00.370Z,FFF3-Notify,f4:db:00:00:00:d9,0x0024,0x07,07 CC 00 00 00 03 3A 01 3A 01 3A 01 49 04 4B 04 4D 04 00 00,20
old/hci_snoop_2018_01_01_12_06_26.cfa,1689,2018-01-01T12:08:00.638Z,FFF3-Notify,f4:db:00:00:00:d9,0x0024,0x07,07 CC 00 00 00 03 3A 01 3A 01 3A 01 49 04 4B 04 4D 04 00 00,20
old/hci_snoop_2018_01_01_12_06_26.cfa,1696,2018-01-01T12:08:00.909Z,FFF3-Notify,f4:db:00:00:00:d9,0x0024,0x07,07 CF 00 00 00 03 3A 01 3A 01 3A 01 4E 04 4F 04 51 04 00 00,20
old/hci_snoop_2018_01_01_12_06_26.cfa,1700,2018-01-01T12:08:01.179Z,FFF3-Notify,f4:db:00:00:00:d9,0x0024,0x07,07 CF 00 00 00 03 3A 01 3A 01 3A 01 4E 04 4F 04 51 04 00 00,20
old/hci_snoop_2018_01_01_12_06_26.cfa,1704,2018-01-01T12:08:01.448Z,FFF3-Notify,f4:db:00:00:00:d9,0x0024,0x07,07 D2 00 00 00 03 3B 01 3B 01 3B 01 53 04 55 04 56 04 00 00,20
old/hci_snoop_2018_01_01_12_06_26.cfa,1708,2018-01-01T12:08:01.719Z,FFF3-Notify,f4:db:00:00:00:d9,0x0024,0x07,07 D2 00 00 00 03 3B 01 3B 01 3B 01 53 04 55 04 56 04 00 00,20
old/hci_snoop_2018_01_01_12_06_26.cfa,1712,2018-01-01T12:08:01.989Z,FFF3-Notify,f4:db:00:00:00:d9,0x0024,0x07,07 D5 00 00 00 03 3B 01 3B 01 3B 01 57 04 58 04 59 04 00 00,20
old/hci_snoop_2018_01_01_12_06_26.cfa,1716,2018-01-01T12:08:02.259Z,FFF3-Notify,f4:db:00:00:00:d9,0x0024,0x07,07 D5 00 00 00 03 3B 01 3B 01 3B 01 57 04 58 04 59 04 00 00,20
old/hci_snoop_2018_01_01_12_06_26.cfa,1720,2018-01-01T12:08:02.528Z,FFF3-Notify,f4:db:00:00:00:d9,0x0024,0x07,07 D8 00 00 00 03 3B 01 3B 01 3B 01 5A 04 5B 04 5C 04 00 00,20
old/hci_snoop_2018_01_01_12_06_26.cfa,1724,2018-01-01T12:08:02.800Z,FFF3-Notify,f4:db:00:00:00:d9,0x0024,0x07,07 D8 00 00 00 03 3B 01 3B 01 3B 01 5A 04 5B 04 5C 04 00 00,20
old/hci_snoop_2018_01_01_12_06_26.cfa,1728,2018-01-01T12:08:03.073Z,FFF3-Notify,f4:db:00:00:00:d9,0x0024,0x07,07 DB 00 00 00 03 3B 01 3B 01 3B 01 5D 04 5E 04 5F 04 00 00,20
old/hci_snoop_2018_01_01_12_06_26.cfa,1750,2018-01-01T12:08:03.339Z,FFF3-Notify,f4:db:00:00:00:d9,0x0024,0x07,07 DB 00 00 00 03 3B 01 3B 01 3B 01 5D 04 5E 04 5F 04 00 00,20
old/hci_snoop_2018_01_01_12_06_26.cfa,1756,2018-01-01T12:08:03.609Z,FFF3-Notify,f4:db:00:00:00:d9,0x0024,0x07,07 DE 00 00 00 03 3B 01 3B 01 3B 01 60 04 61 04 61 04 00 00,20
old/hci_snoop_2018_01_01_12_06_26.cfa,1762,2018-01-01T12:08:03.883Z,FFF3-Notify,f4:db:00:00:00:d9,0x0024,0x07,07 DE 00 00 00 03 3B 01 3B 01 3B 01 60 04 61 04 61 04 00 00,20
old/hci_snoop_2018_01_01_12_06_26.cfa,1766,2018-01-01T12:08:04.152Z,FFF3-Notify,f4:db:00:00:00:d9,0x0024,0x07,07 E1 00 00 00 03 3B 01 3B 01 3B 01 63 04 63 04 64 04 00 00,20
old/hci_snoop_2018_01_01_12_06_26.cfa,1772,2018-01-01T12:08:04.420Z,FFF3-Notify,f4:db:00:00:00:d9,0x0024,0x07,07 E1 00 00 00 03 3B 01 3B 01 3B 01 63 04 63 04 64 04 00 00,20
old/hci_snoop_2018_01_01_12_06_26.cfa,1778,2018-01-01T12:08:04.689Z,FFF3-Notify,f4:db:00:00:00:d9,0x0024,0x07,07 E4 00 00 00 03 3B 01 3B 01 3B 01 65 04 66 04 66 04 00 00,20
old/hci_snoop_2018_01_01_12_06_26.cfa,1789,2018-01-01T12:08:04.959Z,FFF3-Notify,f4:db:00:00:00:d9,0x0024,0x07,07 E4 00 00 00 03 3B 01 3B 01 3B 01 65 04 66 04 66 04 00 00,20
old/hci_snoop_2018_01_01_12_06_26.cfa,1818,2018-01-01T12:08:05.231Z,FFF3-Notify,f4:db:00:00:00:d9,0x0024,0x07,07 E7 00 00 00 03 3B 01 3B 01 3A 01 67 04 68 04 69 04 00 00,20
old/hci_snoop_2018_01_01_12_06_26.cfa,1823,2018-01-01T12:08:05.501Z,FFF3-Notify,f4:db:00:00:00:d9,0x0024,0x07,07 E7 00 00 00 03 3B 01 3B 01 3A 01 67 04 68 04 69 04 00 00,20
old/hci_snoop_2018_01_01_12_06_26.cfa,1829,2018-01-01T12:08:05.769Z,FFF3-Notify,f4:db:00:00:00:d9,0x0024,0x07,07 EA 00 00 00 03 3A 01 3B 01 3A 01 6A 04 6B 04 6A 04 00 00,20
old/hci_snoop_2018_01_01_12_06_26.cfa,1837,2018-01-01T12:08:06.039Z,FFF3-Notify,f4:db:00:00:00:d9,0x0024,0x07,07 EA 00 00 00 03 3A 01 3B 01 3A 01 6A 04 6B 04 6A 04 00 00,20
old/hci_snoop_2018_01_01_12_06_26.cfa,1841,2018-01-01T12:08:06.310Z,FFF3-Notify,f4:db:00:00:00:d9,0x0024,0x07,07 ED 00 00 00 03 3A 01 3B 01 3C 01 6A 04 6C 04 6B 04 00 00,20
old/hci_snoop_2018_01_01_12_06_26.cfa,1847,2018-01-01T12:08:06.580Z,FFF3-Notify,f4:db:00:00:00:d9,0x0024,0x07,07 ED 00 00 00 03 3A 01 3B 01 3C 01 6A 04 6C 04 6B 04 00 00,20
old/hci_snoop_2018_01_01_12_06_26.cfa,1851,2018-01-01T12:08:06.852Z,FFF3-Notify,f4:db:00:00:00:d9,0x0024,0x07,07 F0 00 00 00 03 3E 01 40 01 41 01 68 04 64 04 5F 04 00 00,20
old/hci_snoop_2018_01_01_12_06_26.cfa,1857,2018-01-01T12:08:07.120Z,FFF3-Notify,f4:db:00:00:00:d9,0x0024,0x07,07 F0 00 00 00 03 3E 01 40 01 41 01 68 04 64 04 5F 04 00 00,20
old/hci_snoop_2018_01_01_12_06_26.cfa,1861,2018-01-01T12:08:07.390Z,FFF3-Notify,f4:db:00:00:00:d9,0x0024,0x07,07 F3 00 00 00 03 43 01 44 01 45 01 5C 04 58 04 56 04 00 00,20
old/hci_snoop_2018_01_01_12_06_26.cfa,1865,2018-01-01T12:08:07.660Z,FFF3-Notify,f4:db:00:00:00:d9,0x0024,0x07,07 F3 00 00 00 03 43 01 44 01 45 01 5C 04 58 04 56 04 00 00,20
old/hci_snoop_2018_01_01_12_06_26.cfa,1871,2018-01-01T12:08:07.929Z,FFF3-Notify,f4:db:00:00:00:d9,0x0024,0x07,07 F6 00 00 00 03 47 01 48 01 4A 01 56 04 53 04 4D 04 00 00,20
old/hci_snoop_2018_01_01_12_06_26.cfa,1877,2018-01-01T12:08:08.290Z,FFF3-Notify,f4:db:00:00:00:d9,0x0024,0x07,07 F6 00 00 00 03 47 01 48 01 4A 01 56 04 53 04 4D 04 00 00,20
old/hci_snoop_2018_01_01_12_06_26.cfa,1883,2018-01-01T12:08:08.561Z,FFF3-Notify,f4:db:00:00:00:d9,0x0024,0x07,07 F9 00 00 00 03 4C 01 51 01 4F 01 48 04 3D 04 41 04 00 00,20
old/hci_snoop_2018_01_01_12_06_26.cfa,1889,2018-01-01T12:08:08.830Z,FFF3-Notify,f4:db:00:00:00:d9,0x0024,0x07,07 F9 00 00 00 03 4C 01 51 01 4F 01 48 04 3D 04 41 04 00 00,20
old/hci_snoop_2018_01_01_12_06_26.cfa,1895,2018-01-01T12:08:09.100Z,FFF3-Notify,f4:db:00:00:00:d9,0x0024,0x07,07 FC 00 00 00 03 4F 01 4F 01 4F 01 41 04 3F 04 3F 04 00 00,20
old/hci_snoop_2018_01_01_12_06_26.cfa,1899,2018-01-01T12:08:09.370Z,FFF3-Notify,f4:db:00:00:00:d9,0x0024,0x07,07 FC 00 00 00 03 4F 01 4F 01 4F 01 41 04 3F 04 3F 04 00 00,20
old/hci_snoop_2018_01_01_12_06_26.cfa,1909,2018-01-01T12:08:09.913Z,FFF3-Notify,f4:db:00:00:00:d9,0x0024,0x07,07 FF 00 00 00 03 50 01 50 01 50 01 3F 04 3D 04 3C 04 00 00,20
old/hci_snoop_2018_01_01_12_06_26.cfa,1913,2018-01-01T12:08:10.090Z,FFF3-Notify,f4:db:00:00:00:d9,0x0024,0x07,07 FF 00 00 00 03 50 01 50 01 50 01 3F 04 3D 04 3C 04 00 00,20
old/hci_snoop_2018_01_01_12_06_26.cfa,1919,2018-01-01T12:08:10.361Z,FFF3-Notify,f4:db:00:00:00:d9,0x0024,0x07,07 02 01 00 00 03 51 01 52 01 53 01 3C 04 3F 04 37 04 00 00,20
old/hci_snoop_2018_01_01_12_06_26.cfa,1925,2018-01-01T12:08:10.629Z,FFF3-Notify,f4:db:00:00:00:d9,0x0024,0x07,07 02 01 00 00 03 51 01 52 01 53 01 3C 04 3F 04 37 04 00 00,20
old/hci_snoop_2018_01_01_12_06_26.cfa,1929,2018-01-01T12:08:10.900Z,FFF3-Notify,f4:db:00:00:00:d9,0x0024,0x07,07 05 01 00 00 03 54 01 54 01 55 01 36 04 31 04 31 04 00 00,20
old/hci_snoop_2018_01_01_12_06_26.cfa,1937,2018-01-01T12:08:11.170Z,FFF3-Notify,f4:db:00:00:00:d9,0x0024,0x07,07 05 01 00 00 03 54 01 54 01 55 01 36 04 31 04 31 04 00 00,20
old/hci_snoop_2018_01_01_12_06_26.cfa,1941,2018-01-01T12:08:11.440Z,FFF3-Notify,f4:db:00:00:00:d9,0x0024,0x07,07 08 01 00 00 03 55 01 4A 01 4E 01 2F 04 65 03 A9 03 00 00,20
old/hci_snoop_2018_01_01_12_06_26.cfa,1947,2018-01-01T12:08:11.712Z,FFF3-Notify,f4:db:00:00:00:d9,0x0024,0x07,07 08 01 00 00 03 55 01 4A 01 4E 01 2F 04 65 03 A9 03 00 00,20
old/hci_snoop_2018_01_01_12_06_26.cfa,1955,2018-01-01T12:08:11.979Z,FFF3-Notify,f4:db:00:00:00:d9,0x0024,0x07,07 0B 01 00 00 03 51 01 53 01 55 01 B9 03 C2 03 CF 03 00 00,20
old/hci_snoop_2018_01_01_12_06_26.cfa,1959,2018-01-01T12:08:12.250Z,FFF3-Notify,f4:db:00:00:00:d9,0x0024,0x07,07 0B 01 00 00 03 51 01 53 01 55 01 B9 03 C2 03 CF 03 00 00,20
old/hci_snoop_2018_01_01_12_06_26.cfa,1965,2018-01-01T12:08:12.520Z,FFF3-Notify,f4:db:00:00:00:d9,0x0024,0x07,07 0E 01 00 00 03 54 01 52 01 52 01 D3 03 D9 03 E3 03 00 00,20
old/hci_snoop_2018_01_01_12_06_26.cfa,1971,2018-01-01T12:08:12.789Z,FFF3-Notify,f4:db:00:00:00:d9,0x0024,0x07,07 0E 01 00 00 03 54 01 52 01 52 01 D3 03 D9 03 E3 03 00 00,20
old/hci_snoop_2018_01_01_12_06_26.cfa,1975,2018-01-01T12:08:13.060Z,FFF3-Notify,f4:db:00:00:00:d9,0x0024,0x07,07 11 01 00 00 03 52 01 50 01 50 01 E6 03 EC 03 F0 03 00 00,20
old/hci_snoop_2018_01_01_12_06_26.cfa,1981,2018-01-01T12:08:13.330Z,FFF3-Notify,f4:db:00:00:00:d9,0x0024,0x07,07 11 01 00 00 03 52 01 50 01 50 01 E6 03 EC 03 F0 03 00 00,20
old/hci_snoop_2018_01_01_12_06_26.cfa,1985,2018-01-01T12:08:13.600Z,FFF3-Notify,f4:db:00:00:00:d9,0x0024,0x07,07 14 01 00 00 03 4F 01 51 01 53 01 F6 03 F5 03 F6 03 00 00,20
old/hci_snoop_2018_01_01_12_06_26.cfa,1993,2018-01-01T12:08:13.871Z,FFF3-Notify,f4:db:00:00:00:d9,0x0024,0x07,07 14 01 00 00 03 4F 01 51 01 53 01 F6 03 F5 03 F6 03 00 00,20
old/hci_snoop_2018_01_01_12_06_26.cfa,1999,2018-01-01T12:08:14.139Z,FFF3-Notify,f4:db:00:00:00:d9,0x0024,0x07,07 17 01 00 00 03 54 01 56 01 57 01 F3 03 ED 03 ED 03 00 00,20
old/hci_snoop_2018_01_01_12_06_26.cfa,2003,2018-01-01T12:08:14.410Z,FFF3-Notify,f4:db:00:00:00:d9,0x0024,0x07,07 17 01 00 00 03 54 01 56 01 57 01 F3 03 ED 03 ED 03 00 00,20
old/hci_snoop_2018_01_01_12_06_26.cfa,2011,2018-01-01T12:08:14.685Z,FFF3-Notify,f4:db:00:00:00:d9,0x0024,0x07,07 1A 01 00 00 03 58 01 59 01 57 01 EB 03 E8 03 EE 03 00 00,20
old/hci_snoop_2018_01_01_12_06_26.cfa,2017,2018-01-01T12:08:14.950Z,FFF3-Notify,f4:db:00:00:00:d9,0x0024,0x07,07 1A 01 00 00 03 58 01 59 01 57 01 EB 03 E8 03 EE 03 00 00,20
old/hci_snoop_2018_01_01_12_06_26.cfa,2021,2018-01-01T12:08:15.220Z,FFF3-Notify,f4:db:00:00:00:d9,0x0024,0x07,07 1D 01 00 00 03 5A 01 5C 01 5C 01 E6 03 DC 03 D9 03 00 00,20
old/hci_snoop_2018_01_01_12_06_26.cfa,2027,2018-01-01T12:08:15.490Z,FFF3-Notify,f4:db:00:00:00:d9,0x0024,0x07,07 1D 01 00 00 03 5A 01 5C 01 5C 01 E6 03 DC 03 D9 03 00 00,20
old/hci_snoop_2018_01_01_12_06_26.cfa,2031,2018-01-01T12:08:15.763Z,FFF3-Notify,f4:db:00:00:00:d9,0x0024,0x07,07 20 01 00 00 03 5C 01 5B 01 59 01 DC 03 DB 03 DF 03 00 00,20
old/hci_snoop_2018_01_01_12_06_26.cfa,2035,2018-01-01T12:08:16.030Z,FFF3-Notify,f4:db:00:00:00:d9,0x0024,0x07,07 20 01 00 00 03 5C 01 5B 01 59 01 DC 03 DB 03 DF 03 00 00,20
old/hci_snoop_2018_01_01_12_06_26.cfa,2041,2018-01-01T12:08:16.300Z,FFF3-Notify,f4:db:00:00:00:d9,0x0024,0x07,07 23 01 00 00 03 59 01 59 01 59 01 E1 03 E2 03 E0 03 00 00,20
old/hci_snoop_2018_01_01_12_06_26.cfa,2047,2018-01-01T12:08:16.569Z,FFF3-Notify,f4:db:00:00:00:d9,0x0024,0x07,07 23 01 00 00 03 59 01 59 01 59 01 E1 03 E2 03 E0 03 00 00,20
old/hci_snoop_2018_01_01_12_06_26.cfa,2051,2018-01-01T12:08:16.841Z,FFF3-Notify,f4:db:00:00:00:d9,0x0024,0x07,07 26 01 00 00 03 59 01 58 01 57 01 E0 03 E7 03 E8 03 00 00,20
old/hci_snoop_2018_01_01_12_06_26.cfa,2057,2018-01-01T12:08:17.110Z,FFF3-Notify,f4:db:00:00:00:d9,0x0024,0x07,07 26 01 00 00 03 59 01 58 01 57 01 E0 03 E7 03 E8 03 00 00,20
old/hci_snoop_2018_01_01_12_06_26.cfa,2063,2018-01-01T12:08:17.380Z,FFF3-Notify,f4:db:00:00:00:d9,0x0024,0x07,07 29 01 00 00 03 54 01 51 01 4E 01 EF 03 F7 03 FF 03 00 00,20
old/hci_snoop_2018_01_01_12_06_26.cfa,2067,2018-01-01T12:08:17.652Z,FFF3-Notify,f4:db:00:00:00:d9,0x0024,0x07,07 29 01 00 00 03 54 01 51 01 4E 01 EF 03 F7 03 FF 03 00 00,20
old/hci_snoop_2018_01_01_12_06_26.cfa,2073,2018-01-01T12:08:18.190Z,FFF3-Notify,f4:db:00:00:00:d9,0x0024,0x07,07 2C 01 00 00 03 4C 01 4A 01 48 01 04 04 0A 04 0E 04 00 00,20
old/hci_snoop_2018_01_01_12_06_26.cfa,2080,2018-01-01T12:08:18.370Z,FFF3-Notify,f4:db:00:00:00:d9,0x0024,0x07,07 2C 01 00 00 03 4C 01 4A 01 48 01 04 04 0A 04 0E 04 00 00,20
old/hci_snoop_2018_01_01_12_06_26.cfa,2084,2018-01-01T12:08:18.641Z,FFF3-Notify,f4:db:00:00:00:d9,0x0024,0x07,07 2F 01 00 00 03 46 01 45 01 44 01 12 04 16 04 1A 04 00 00,20
old/hci_snoop_2018_01_01_12_06_26.cfa,2090,2018-01-01T12:08:18.911Z,FFF3-Notify,f4:db:00:00:00:d9,0x0024,0x07,07 2F 01 00 00 03 46 01 45 01 44 01 12 04 16 04 1A 04 00 00,20
old/hci_snoop_2018_01_01_12_06_26.cfa,2096,2018-01-01T12:08:19.180Z,FFF3-Notify,f4:db:00:00:00:d9,0x0024,0x07,07 32 01 00 00 03 42 01 42 01 41 01 1D 04 20 04 21 04 00 00,20
old/hci_snoop_2018_01_01_12_06_26.cfa,2100,2018-01-01T12:08:19.451Z,FFF3-Notify,f4:db:00:00:00:d9,0x0024,0x07,07 32 01 00 00 03 42 01 42 01 41 01 1D 04 20 04 21 04 00 00,20
old/hci_snoop_2018_01_01_12_06_26.cfa,2106,2018-01-01T12:08:19.720Z,FFF3-Notify,f4:db:00:00:00:d9,0x0024,0x07,07 35 01 00 00 03 40 01 3F 01 3F 01 23 04 24 04 27 04 00 00,20
old/hci_snoop_2018_01_01_12_06_26.cfa,2112,2018-01-01T12:08:19.993Z,FFF3-Notify,f4:db:00:00:00:d9,0x0024,0x07,07 35 01 00 00 03 40 01 3F 01 3F 01 23 04 24 04 27 04 00 00,20
old/hci_snoop_2018_01_01_12_06_26.cfa,2116,2018-01-01T12:08:20.260Z,FFF3-Notify,f4:db:00:00:00:d9,0x0024,0x07,07 38 01 00 00 03 3E 01 3D 01 3D 01 2A 04 2B 04 2E 04 00 00,20
old/hci_snoop_2018_01_01_12_06_26.cfa,2122,2018-01-01T12:08:20.532Z,FFF3-Notify,f4:db:00:00:00:d9,0x0024,0x07,07 38 01 00 00 03 3E 01 3D 01 3D 01 2A 04 2B 04 2E 04 00 00,20
old/hci_snoop_2018_01_01_12_06_26.cfa,2128,2018-01-01T12:08:20.799Z,FFF3-Notify,f4:db:00:00:00:d9,0x0024,0x07,07 3B 01 00 00 03 3D 01 42 01 46 01 31 04 2C 04 24 04 00 00,20
old/hci_snoop_2018_01_01_12_06_26.cfa,2132,2018-01-01T12:08:21.070Z,FFF3-Notify,f4:db:00:00:00:d9,0x0024,0x07,07 3B 01 00 00 03 3D 01 42 01 46 01 31 04 2C 04 24 04 00 00,20
old/hci_snoop_2018_01_01_12_06_26.cfa,2136,2018-01-01T12:08:21.342Z,FFF3-Notify,f4:db:00:00:00:d9,0x0024,0x07,07 3E 01 00 00 03 45 01 45 01 45 01 23 04 23 04 21 04 00 00,20
old/hci_snoop_2018_01_01_12_06_26.cfa,2140,2018-01-01T12:08:21.610Z,FFF3-Notify,f4:db:00:00:00:d9,0x0024,0x07,07 3E 01 00 00 03 45 01 45 01 45 01 23 04 23 04 21 04 00 00,20
old/hci_snoop_2018_01_01_12_06_26.cfa,2144,2018-01-01T12:08:21.881Z,FFF3-Notify,f4:db:00:00:00:d9,0x0024,0x07,07 41 01 00 00 03 46 01 56 01 54 01 1E 04 02 04 00 04 00 00,20
old/hci_snoop_2018_01_01_12_06_26.cfa,2150,2018-01-01T12:08:22.149Z,FFF3-Notify,f4:db:00:00:00:d9,0x0024,0x07,07 41 01 00 00 03 46 01 56 01 54 01 1E 04 02 04 00 04 00 00,20
old/hci_snoop_2018_01_01_12_06_26.cfa,2154,2018-01-01T12:08:22.420Z,FFF3-Notify,f4:db:00:00:00:d9,0x0024,0x07,07 44 01 00 00 03 53 01 50 01 4C 01 01 04 03 04 0D 04 00 00,20
old/hci_snoop_2018_01_01_12_06_26.cfa,2160,2018-01-01T12:08:22.691Z,FFF3-Notify,f4:db:00:00:00:d9,0x0024,0x07,07 44 01 00 00 03 53 01 50 01 4C 01 01 04 03 04 0D 04 00 00,20
old/hci_snoop_2018_01_01_12_06_26.cfa,2166,2018-01-01T12:08:22.959Z,FFF3-Notify,f4:db:00:00:00:d9,0x0024,0x07,07 47 01 00 00 03 4A 01 48 01 46 01 12 04 16 04 19 04 00 00,20
old/hci_snoop_2018_01_01_12_06_26.cfa,2170,2018-01-01T12:08:23.230Z,FFF3-Notify,f4:db:00:00:00:d9,0x0024,0x07,07 47 01 00 00 03 4A 01 48 01 46 01 12 04 16 04 19 04 00 00,20
old/hci_snoop_2018_01_01_12_06_26.cfa,2176,2018-01-01T12:08:23.500Z,FFF3-Notify,f4:db:00:00:00:d9,0x0024,0x07,07 4A 01 00 00 03 45 01 43 01 42 01 1D 04 20 04 23 04 00 00,20
old/hci_snoop_2018_01_01_12_06_26.cfa,2180,2018-01-01T12:08:23.769Z,FFF3-Notify,f4:db:00:00:00:d9,0x0024,0x07,07 4A 01 00 00 03 45 01 43 01 42 01 1D 04 20 04 23 04 00 00,20
old/hci_snoop_2018_01_01_12_06_26.cfa,2186,2018-01-01T12:08:24.129Z,FFF3-Notify,f4:db:00:00:00:d9,0x0024,0x07,07 4D 01 00 00 03 41 01 40 01 3F 01 26 04 29 04 2C 04 00 00,20
old/hci_snoop_2018_01_01_12_06_26.cfa,2192,2018-01-01T12:08:24.309Z,FFF3-Notify,f4:db:00:00:00:d9,0x0024,0x07,07 4D 01 00 00 03 41 01 40 01 3F 01 26 04 29 04 2C 04 00 00,20
old/hci_snoop_2018_01_01_12_06_26.cfa,2196,2018-01-01T12:08:24.580Z,FFF3-Notify,f4:db:00:00:00:d9,0x0024,0x07,07 50 01 00 00 03 3D 01 3D 01 3C 01 2F 04 32 04 34 04 00 00,20
old/hci_snoop_2018_01_01_12_06_26.cfa,2202,2018-01-01T12:08:24.941Z,FFF3-Notify,f4:db:00:00:00:d9,0x0024,0x07,07 50 01 00 00 03 3D 01 3D 01 3C 01 2F 04 32 04 34 04 00 00,20
old/hci_snoop_2018_01_01_12_06_26.cfa,2208,2018-01-01T12:08:25.210Z,FFF3-Notify,f4:db:00:00:00:d9,0x0024,0x07,07 53 01 00 00 03 3C 01 3B 01 3A 01 37 04 3A 04 3D 04 00 00,20
old/hci_snoop_2018_01_01_12_06_26.cfa,2212,2018-01-01T12:08:25.479Z,FFF3-Notify,f4:db:00:00:00:d9,0x0024,0x07,07 53 01 00 00 03 3C 01 3B 01 3A 01 37 04 3A 04 3D 04 00 00,20
old/hci_snoop_2018_01_01_12_06_26.cfa,2220,2018-01-01T12:08:25.750Z,FFF3-Notify,f4:db:00:00:00:d9,0x0024,0x07,07 56 01 00 00 03 3A 01 39 01 39 01 40 04 42 04 44 04 00 00,20
old/hci_snoop_2018_01_01_12_06_26.cfa,2226,2018-01-01T12:08:26.019Z,FFF3-Notify,f4:db:00:00:00:d9,0x0024,0x07,07 56 01 00 00 03 3A 01 39 01 39 01 40 04 42 04 44 04 00 00,20
old/hci_snoop_2018_01_01_12_06_26.cfa,2230,2018-01-01T12:08:26.290Z,FFF3-Notify,f4:db:00:00:00:d9,0x0024,0x07,07 59 01 00 00 03 39 01 38 01 38 01 46 04 48 04 49 04 00 00,20
old/hci_snoop_2018_01_01_12_06_26.cfa,2238,2018-01-01T12:08:26.560Z,FFF3-Notify,f4:db:00:00:00:d9,0x0024,0x07,07 59 01 00 00 03 39 01 38 01 38 01 46 04 48 04 49 04 00 00,20
old/hci_snoop_2018_01_01_12_06_26.cfa,2245,2018-01-01T12:08:26.830Z,FFF3-Notify,f4:db:00:00:00:d9,0x0024,0x07,07 5C 01 00 00 03 37 01 37 01 37 01 4A 04 4B 04 4B 04 00 00,20
old/hci_snoop_2018_01_01_12_06_26.cfa,2249,2018-01-01T12:08:27.100Z,FFF3-Notify,f4:db:00:00:00:d9,0x0024,0x07,07 5C 01 00 00 03 37 01 37 01 37 01 4A 04 4B 04 4B 04 00 00,20
old/hci_snoop_2018_01_01_12_06_26.cfa,2255,2018-01-01T12:08:27.371Z,FFF3-Notify,f4:db:00:00:00:d9,0x0024,0x07,07 5F 01 00 00 03 37 01 36 01 36 01 4C 04 4D 04 4E 04 00 00,20
old/hci_snoop_2018_01_01_12_06_26.cfa,2261,2018-01-01T12:08:27.640Z,FFF3-Notify,f4:db:00:00:00:d9,0x0024,0x07,07 5F 01 00 00 03 37 01 36 01 36 01 4C 04 4D 04 4E 04 00 00,20
old/hci_snoop_2018_01_01_12_06_26.cfa,2265,2018-01-01T12:08:27.910Z,FFF3-Notify,f4:db:00:00:00:d9,0x0024,0x07,07 62 01 00 00 03 36 01 36 01 35 01 4F 04 50 04 51 04 00 00,20
old/hci_snoop_2018_01_01_12_06_26.cfa,2271,2018-01-01T12:08:28.180Z,FFF3-Notify,f4:db:00:00:00:d9,0x0024,0x07,07 62 01 00 00 03 36 01 36 01 35 01 4F 04 50 04 51 04 00 00,20
old/hci_snoop_2018_01_01_12_06_26.cfa,2277,2018-01-01T12:08:28.450Z,FFF3-Notify,f4:db:00:00:00:d9,0x0024,0x07,07 65 01 00 00 03 35 01 35 01 35 01 53 04 55 04 55 04 00 00,20
old/hci_snoop_2018_01_01_12_06_26.cfa,2281,2018-01-01T12:08:28.720Z,FFF3-Notify,f4:db:00:00:00:d9,0x0024,0x07,07 65 01 00 00 03 35 01 35 01 35 01 53 04 55 04 55 04 00 00,20
old/hci_snoop_2018_01_01_12_06_26.cfa,2290,2018-01-01T12:08:28.990Z,FFF3-Notify,f4:db:00:00:00:d9,0x0024,0x07,07 68 01 00 00 03 34 01 34 01 34 01 55 04 57 04 58 04 00 00,20
old/hci_snoop_2018_01_01_12_06_26.cfa,2296,2018-01-01T12:08:29.259Z,FFF3-Notify,f4:db:00:00:00:d9,0x0024,0x07,07 68 01 00 00 03 34 01 34 01 34 01 55 04 57 04 58 04 00 00,20
old/hci_snoop_2018_01_01_12_06_26.cfa,2300,2018-01-01T12:08:29.530Z,FFF3-Notify,f4:db:00:00:00:d9,0x0024,0x07,07 6B 01 00 00 03 34 01 34 01 33 01 59 04 5A 04 5A 04 00 00,20
old/hci_snoop_2018_01_01_12_06_26.cfa,2306,2018-01-01T12:08:29.800Z,FFF3-Notify,f4:db:00:00:00:d9,0x0024,0x07,07 6B 01 00 00 03 34 01 34 01 33 01 59 04 5A 04 5A 04 00 00,20
old/hci_snoop_2018_01_01_12_06_26.cfa,2310,2018-01-01T12:08:30.071Z,FFF3-Notify,f4:db:00:00:00:d9,0x0024,0x07,07 6E 01 00 00 03 33 01 33 01 33 01 5A 04 5B 04 5B 04 00 00,20
old/hci_snoop_2018_01_01_12_06_26.cfa,2314,2018-01-01T12:08:30.341Z,FFF3-Notify,f4:db:00:00:00:d9,0x0024,0x07,07 6E 01 00 00 03 33 01 33 01 33 01 5A 04 5B 04 5B 04 00 00,20
old/hci_snoop_2018_01_01_12_06_26.cfa,2318,2018-01-01T12:08:30.609Z,FFF3-Notify,f4:db:00:00:00:d9,0x0024,0x07,07 71 01 00 00 03 33 01 33 01 32 01 5C 04 5B 04 5C 04 00 00,20
old/hci_snoop_2018_01_01_12_06_26.cfa,2322,2018-01-01T12:08:30.880Z,FFF3-Notify,f4:db:00:00:00:d9,0x0024,0x07,07 71 01 00 00 03 33 01 33 01 32 01 5C 04 5B 04 5C 04 00 00,20
old/hci_snoop_2018_01_01_12_06_26.cfa,2328,2018-01-01T12:08:31.150Z,FFF3-Notify,f4:db:00:00:00:d9,0x0024,0x07,07 74 01 00 00 03 32 01 32 01 32 01 5C 04 5C 04 5C 04 00 00,20
old/hci_snoop_2018_01_01_12_06_26.cfa,2332,2018-01-01T12:08:31.421Z,FFF3-Notify,f4:db:00:00:00:d9,0x0024,0x07,07 74 01 00 00 03 32 01 32 01 32 01 5C 04 5C 04 5C 04 00 00,20
old/hci_snoop_2018_01_01_12_06_26.cfa,2338,2018-01-01T12:08:31.779Z,FFF3-Notify,f4:db:00:00:00:d9,0x0024,0x07,07 77 01 00 00 03 31 01 31 01 31 01 5D 04 5D 04 60 04 00 00,20
old/hci_snoop_2018_01_01_12_06_26.cfa,2342,2018-01-01T12:08:31.960Z,FFF3-Notify,f4:db:00:00:00:d9,0x0024,0x07,07 77 01 00 00 03 31 01 31 01 31 01 5D 04 5D 04 60 04 00 00,20
old/hci_snoop_2018_01_01_12_06_26.cfa,2346,2018-01-01T12:08:32.230Z,FFF3-Notify,f4:db:00:00:00:d9,0x0024,0x07,07 7A 01 00 00 03 31 01 31 01 31 01 61 04 60 04 5F 04 00 00,20
old/hci_snoop_2018_01_01_12_06_26.cfa,2352,2018-01-01T12:08:32.499Z,FFF3-Notify,f4:db:00:00:00:d9,0x0024,0x07,07 7A 01 00 00 03 31 01 31 01 31 01 61 04 60 04 5F 04 00 00,20
old/hci_snoop_2018_01_01_12_06_26.cfa,2358,2018-01-01T12:08:32.769Z,FFF3-Notify,f4:db:00:00:00:d9,0x0024,0x07,07 7D 01 00 00 03 31 01 31 01 31 01 5F 04 5F 04 5F 04 00 00,20
old/hci_snoop_2018_01_01_12_06_26.cfa,2362,2018-01-01T12:08:33.040Z,FFF3-Notify,f4:db:00:00:00:d9,0x0024,0x07,07 7D 01 00 00 03 31 01 31 01 31 01 5F 04 5F 04 5F 04 00 00,20
old/hci_snoop_2018_01_01_12_06_26.cfa,2368,2018-01-01T12:08:33.310Z,FFF3-Notify,f4:db:00:00:00:d9,0x0024,0x07,07 80 01 00 00 03 30 01 30 01 30 01 5F 04 5E 04 5E 04 00 00,20
old/hci_snoop_2018_01_01_12_06_26.cfa,2374,2018-01-01T12:08:33.579Z,FFF3-Notify,f4:db:00:00:00:d9,0x0024,0x07,07 80 01 00 00 03 30 01 30 01 30 01 5F 04 5E 04 5E 04 00 00,20
old/hci_snoop_2018_01_01_12_06_26.cfa,2378,2018-01-01T12:08:33.850Z,FFF3-Notify,f4:db:00:00:00:d9,0x0024,0x07,07 83 01 00 00 03 30 01 30 01 2F 01 5E 04 5D 04 5D 04 00 00,20
old/hci_snoop_2018_01_01_12_06_26.cfa,2382,2018-01-01T12:08:34.120Z,FFF3-Notify,f4:db:00:00:00:d9,0x0024,0x07,07 83 01 00 00 03 30 01 30 01 2F 01 5E 04 5D 04 5D 04 00 00,20
old/hci_snoop_2018_01_01_12_06_26.cfa,2388,2018-01-01T12:08:34.391Z,FFF3-Notify,f4:db:00:00:00:d9,0x0024,0x07,07 86 01 00 00 03 2F 01 2F 01 2F 01 5D 04 5C 04 5C 04 00 00,20
old/hci_snoop_2018_01_01_12_06_26.cfa,2392,2018-01-01T12:08:34.660Z,FFF3-Notify,f4:db:00:00:00:d9,0x0024,0x07,07 86 01 00 00 03 2F 01 2F 01 2F 01 5D 04 5C 04 5C 04 00 00,20
old/hci_snoop_2018_01_01_12_06_26.cfa,2398,2018-01-01T12:08:34.930Z,FFF3-Notify,f4:db:00:00:00:d9,0x0024,0x07,07 89 01 00 00 03 30 01 30 01 31 01 5B 04 59 04 57 04 00 00,20
old/hci_snoop_2018_01_01_12_06_26.cfa,2404,2018-01-01T12:08:35.200Z,FFF3-Notify,f4:db:00:00:00:d9,0x0024,0x07,07 89 01 00 00 03 30 01 30 01 31 01 5B 04 59 04 57 04 00 00,20
old/hci_snoop_2018_01_01_12_06_26.cfa,2408,2018-01-01T12:08:35.473Z,FFF3-Notify,f4:db:00:00:00:d9,0x0024,0x07,07 8C 01 00 00 03 30 01 31 01 3B 01 57 04 57 04 45 04 00 00,20
old/hci_snoop_2018_01_01_12_06_26.cfa,2414,2018-01-01T12:08:35.741Z,FFF3-Notify,f4:db:00:00:00:d9,0x0024,0x07,07 8C 01 00 00 03 30 01 31 01 3B 01 57 04 57 04 45 04 00 00,20
old/hci_snoop_2018_01_01_12_06_26.cfa,2418,2018-01-01T12:08:36.010Z,FFF3-Notify,f4:db:00:00:00:d9,0x0024,0x07,07 8F 01 00 00 03 3D 01 3D 01 3A 01 3A 04 32 04 39 04 00 00,20
old/hci_snoop_2018_01_01_12_06_26.cfa,2422,2018-01-01T12:08:36.282Z,FFF3-Notify,f4:db:00:00:00:d9,0x0024,0x07,07 8F 01 00 00 03 3D 01 3D 01 3A 01 3A 04 32 04 39 04 00 00,20
old/hci_snoop_2018_01_01_12_06_26.cfa,2430,2018-01-01T12:08:36.550Z,FFF3-Notify,f4:db:00:00:00:d9,0x0024,0x07,07 92 01 00 00 03 40 01 3F 01 3B 01 36 04 29 04 33 04 00 00,20
old/hci_snoop_2018_01_01_12_06_26.cfa,2434,2018-01-01T12:08:36.824Z,FFF3-Notify,f4:db:00:00:00:d9,0x0024,0x07,07 92 01 00 00 03 40 01 3F 01 3B 01 36 04 29 04 33 04 00 00,20
old/hci_snoop_2018_01_01_12_06_26.cfa,2438,2018-01-01T12:08:37.090Z,FFF3-Notify,f4:db:00:00:00:d9,0x0024,0x07,07 95 01 00 00 03 38 01 37 01 35 01 39 04 3C 04 3F 04 00 00,20
old/hci_snoop_2018_01_01_12_06_26.cfa,2444,2018-01-01T12:08:37.360Z,FFF3-Notify,f4:db:00:00:00:d9,0x0024,0x07,07 95 01 00 00 03 38 01 37 01 35 01 39 04 3C 04 3F 04 00 00,20
old/hci_snoop_2018_01_01_12_06_26.cfa,2448,2018-01-01T12:08:37.634Z,FFF3-Notify,f4:db:00:00:00:d9,0x0024,0x07,07 98 01 00 00 03 34 01 33 01 33 01 42 04 44 04 45 04 00 00,20
old/hci_snoop_2018_01_01_12_06_26.cfa,2454,2018-01-01T12:08:37.904Z,FFF3-Notify,f4:db:00:00:00:d9,0x0024,0x07,07 98 01 00 00 03 34 01 33 01 33 01 42 04 44 04 45 04 00 00,20
old/hci_snoop_2018_01_01_12_06_26.cfa,2458,2018-01-01T12:08:38.172Z,FFF3-Notify,f4:db:00:00:00:d9,0x0024,0x07,07 9B 01 00 00 03 32 01 32 01 32 01 46 04 47 04 48 04 00 00,20
old/hci_snoop_2018_01_01_12_06_26.cfa,2464,2018-01-01T12:08:38.713Z,FFF3-Notify,f4:db:00:00:00:d9,0x0024,0x07,07 9B 01 00 00 03 32 01 32 01 32 01 46 04 47 04 48 04 00 00,20
old/hci_snoop_2018_01_01_12_06_26.cfa,2468,2018-01-01T12:08:38.893Z,FFF3-Notify,f4:db:00:00:00:d9,0x0024,0x07,07 9E 01 00 00 03 31 01 31 01 30 01 49 04 4A 04 4B 04 00 00,20
old/hci_snoop_2018_01_01_12_06_26.cfa,2474,2018-01-01T12:08:39.160Z,FFF3-Notify,f4:db:00:00:00:d9,0x0024,0x07,07 9E 01 00 00 03 31 01 31 01 30 01 49 04 4A 04 4B 04 00 00,20
old/hci_snoop_2018_01_01_12_06_26.cfa,2480,2018-01-01T12:08:39.430Z,FFF3-Notify,f4:db:00:00:00:d9,0x0024,0x07,07 A1 01 00 00 03 30 01 30 01 2F 01 4B 04 4C 04 4D 04 00 00,20
old/hci_snoop_2018_01_01_12_06_26.cfa,2484,2018-01-01T12:08:39.704Z,FFF3-Notify,f4:db:00:00:00:d9,0x0024,0x07,07 A1 01 00 00 03 30 01 30 01 2F 01 4B 04 4C 04 4D 04 00 00,20
old/hci_snoop_2018_01_01_12_06_26.cfa,2490,2018-01-01T12:08:39.974Z,FFF3-Notify,f4:db:00:00:00:d9,0x0024,0x07,07 A4 01 00 00 03 2F 01 2F 01 2F 01 4E 04 4E 04 4E 04 00 00,20
old/hci_snoop_2018_01_01_12_06_26.cfa,2494,2018-01-01T12:08:40.245Z,FFF3-Notify,f4:db:00:00:00:d9,0x0024,0x07,07 A4 01 00 00 03 2F 01 2F 01 2F 01 4E 04 4E 04 4E 04 00 00,20
old/hci_snoop_2018_01_01_12_06_26.cfa,2500,2018-01-01T12:08:40.509Z,FFF3-Notify,f4:db:00:00:00:d9,0x0024,0x07,07 A7 01 00 00 03 2F 01 2F 01 2E 01 4E 04 4E 04 4F 04 00 00,20
old/hci_snoop_2018_01_01_12_06_26.cfa,2504,2018-01-01T12:08:40.784Z,FFF3-Notify,f4:db:00:00:00:d9,0x0024,0x07,07 A7 01 00 00 03 2F 01 2F 01 2E 01 4E 04 4E 04 4F 04 00 00,20
old/hci_snoop_2018_01_01_12_06_26.cfa,2508,2018-01-01T12:08:41.054Z,FFF3-Notify,f4:db:00:00:00:d9,0x0024,0x07,07 AA 01 00 00 03 2E 01 2E 01 2E 01 4F 04 4F 04 50 04 00 00,20
old/hci_snoop_2018_01_01_12_06_26.cfa,2514,2018-01-01T12:08:41.324Z,FFF3-Notify,f4:db:00:00:00:d9,0x0024,0x07,07 AA 01 00 00 03 2E 01 2E 01 2E 01 4F 04 4F 04 50 04 00 00,20
old/hci_snoop_2018_01_01_12_06_26.cfa,2520,2018-01-01T12:08:41.589Z,FFF3-Notify,f4:db:00:00:00:d9,0x0024,0x07,07 AD 01 00 00 03 2D 01 2D 01 2D 01 50 04 51 04 52 04 00 00,20
old/hci_snoop_2018_01_01_12_06_26.cfa,2526,2018-01-01T12:08:41.863Z,FFF3-Notify,f4:db:00:00:00:d9,0x0024,0x07,07 AD 01 00 00 03 2D 01 2D 01 2D 01 50 04 51 04 52 04 00 00,20
old/hci_snoop_2018_01_01_12_06_26.cfa,2533,2018-01-01T12:08:42.130Z,FFF3-Notify,f4:db:00:00:00:d9,0x0024,0x07,07 B0 01 00 00 03 2D 01 2D 01 2C 01 52 04 52 04 52 04 00 00,20
old/hci_snoop_2018_01_01_12_06_26.cfa,2537,2018-01-01T12:08:42.401Z,FFF3-Notify,f4:db:00:00:00:d9,0x0024,0x07,07 B0 01 00 00 03 2D 01 2D 01 2C 01 52 04 52 04 52 04 00 00,20
old/hci_snoop_2018_01_01_12_06_26.cfa,2545,2018-01-01T12:08:42.674Z,FFF3-Notify,f4:db:00:00:00:d9,0x0024,0x07,07 B3 01 00 00 03 2C 01 2C 01 2C 01 52 04 52 04 52 04 00 00,20
old/hci_snoop_2018_01_01_12_06_26.cfa,2551,2018-01-01T12:08:42.942Z,FFF3-Notify,f4:db:00:00:00:d9,0x0024,0x07,07 B3 01 00 00 03 2C 01 2C 01 2C 01 52 04 52 04 52 04 00 00,20
old/hci_snoop_2018_01_01_12_06_26.cfa,2555,2018-01-01T12:08:43.212Z,FFF3-Notify,f4:db:00:00:00:d9,0x0024,0x07,07 B6 01 00 00 03 2C 01 2B 01 2B 01 53 04 53 04 53 04 00 00,20
old/hci_snoop_2018_01_01_12_06_26.cfa,2561,2018-01-01T12:08:43.484Z,FFF3-Notify,f4:db:00:00:00:d9,0x0024,0x07,07 B6 01 00 00 03 2C 01 2B 01 2B 01 53 04 53 04 53 04 00 00,20
old/hci_snoop_2018_01_01_12_06_26.cfa,2567,2018-01-01T12:08:43.754Z,FFF3-Notify,f4:db:00:00:00:d9,0x0024,0x07,07 B9 01 00 00 03 2B 01 2B 01 2C 01 54 04 54 04 53 04 00 00,20
old/hci_snoop_2018_01_01_12_06_26.cfa,2571,2018-01-01T12:08:44.024Z,FFF3-Notify,f4:db:00:00:00:d9,0x0024,0x07,07 B9 01 00 00 03 2B 01 2B 01 2C 01 54 04 54 04 53 04 00 00,20
old/hci_snoop_2018_01_01_12_06_26.cfa,2577,2018-01-01T12:08:44.294Z,FFF3-Notify,f4:db:00:00:00:d9,0x0024,0x07,07 BC 01 00 00 03 2B 01 2B 01 2B 01 55 04 55 04 55 04 00 00,20
old/hci_snoop_2018_01_01_12_06_26.cfa,2583,2018-01-01T12:08:44.564Z,FFF3-Notify,f4:db:00:00:00:d9,0x0024,0x07,07 BC 01 00 00 03 2B 01 2B 01 2B 01 55 04 55 04 55 04 00 00,20
old/hci_snoop_2018_01_01_12_06_26.cfa,2587,2018-01-01T12:08:44.834Z,FFF3-Notify,f4:db:00:00:00:d9,0x0024,0x07,07 BF 01 00 00 03 2B 01 2B 01 2B 01 55 04 55 04 55 04 00 00,20
old/hci_snoop_2018_01_01_12_06_26.cfa,2595,2018-01-01T12:08:45.100Z,FFF3-Notify,f4:db:00:00:00:d9,0x0024,0x07,07 BF 01 00 00 03 2B 01 2B 01 2B 01 55 04 55 04 55 04 00 00,20
old/hci_snoop_2018_01_01_12_06_26.cfa,2601,2018-01-01T12:08:45.373Z,FFF3-Notify,f4:db:00:00:00:d9,0x0024,0x07,07 C2 01 00 00 03 2B 01 2C 01 2B 01 55 04 55 04 21 04 00 00,20
old/hci_snoop_2018_01_01_12_06_26.cfa,2605,2018-01-01T12:08:45.644Z,FFF3-Notify,f4:db:00:00:00:d9,0x0024,0x07,07 C2 01 00 00 03 2B 01 2C 01 2B 01 55 04 55 04 21 04 00 00,20
old/hci_snoop_2018_01_01_12_06_26.cfa,2609,2018-01-01T12:08:45.913Z,FFF3-Notify,f4:db:00:00:00:d9,0x0024,0x07,07 C5 01 00 00 03 2C 01 2D 01 2E 01 2D 04 32 04 36 04 00 00,20
old/hci_snoop_2018_01_01_12_06_26.cfa,2615,2018-01-01T12:08:46.179Z,FFF3-Notify,f4:db:00:00:00:d9,0x0024,0x07,07 C5 01 00 00 03 2C 01 2D 01 2E 01 2D 04 32 04 36 04 00 00,20
old/hci_snoop_2018_01_01_12_06_26.cfa,2621,2018-01-01T12:08:46.720Z,FFF3-Notify,f4:db:00:00:00:d9,0x0024,0x07,07 C8 01 00 00 03 2F 01 30 01 31 01 39 04 3D 04 3A 04 00 00,20
old/hci_snoop_2018_01_01_12_06_26.cfa,2625,2018-01-01T12:08:46.901Z,FFF3-Notify,f4:db:00:00:00:d9,0x0024,0x07,07 C8 01 00 00 03 2F 01 30 01 31 01 39 04 3D 04 3A 04 00 00,20
old/hci_snoop_2018_01_01_12_06_26.cfa,2631,2018-01-01T12:08:47.170Z,FFF3-Notify,f4:db:00:00:00:d9,0x0024,0x07,07 CB 01 00 00 03 32 01 33 01 35 01 3B 04 3C 04 3C 04 00 00,20
old/hci_snoop_2018_01_01_12_06_26.cfa,2635,2018-01-01T12:08:47.444Z,FFF3-Notify,f4:db:00:00:00:d9,0x0024,0x07,07 CB 01 00 00 03 32 01 33 01 35 01 3B 04 3C 04 3C 04 00 00,20
old/hci_snoop_2018_01_01_12_06_26.cfa,2639,2018-01-01T12:08:47.709Z,FFF3-Notify,f4:db:00:00:00:d9,0x0024,0x07,07 CE 01 00 00 03 36 01 3F 01 43 01 3E 04 34 04 30 04 00 00,20
old/hci_snoop_2018_01_01_12_06_26.cfa,2645,2018-01-01T12:08:47.979Z,FFF3-Notify,f4:db:00:00:00:d9,0x0024,0x07,07 CE 01 00 00 03 36 01 3F 01 43 01 3E 04 34 04 30 04 00 00,20
old/hci_snoop_2018_01_01_12_06_26.cfa,2649,2018-01-01T12:08:48.250Z,FFF3-Notify,f4:db:00:00:00:d9,0x0024,0x07,07 D1 01 00 00 03 46 01 48 01 4B 01 2E 04 2A 04 28 04 00 00,20
old/hci_snoop_2018_01_01_12_06_26.cfa,2655,2018-01-01T12:08:48.520Z,FFF3-Notify,f4:db:00:00:00:d9,0x0024,0x07,07 D1 01 00 00 03 46 01 48 01 4B 01 2E 04 2A 04 28 04 00 00,20
old/hci_snoop_2018_01_01_12_06_26.cfa,2661,2018-01-01T12:08:48.790Z,FFF3-Notify,f4:db:00:00:00:d9,0x0024,0x07,07 D4 01 00 00 03 4D 01 4F 01 50 01 26 04 24 04 23 04 00 00,20
old/hci_snoop_2018_01_01_12_06_26.cfa,2665,2018-01-01T12:08:49.060Z,FFF3-Notify,f4:db:00:00:00:d9,0x0024,0x07,07 D4 01 00 00 03 4D 01 4F 01 50 01 26 04 24 04 23 04 00 00,20
old/hci_snoop_2018_01_01_12_06_26.cfa,2671,2018-01-01T12:08:49.330Z,FFF3-Notify,f4:db:00:00:00:d9,0x0024,0x07,07 D7 01 00 00 03 51 01 52 01 51 01 25 04 23 04 1D 04 00 00,20
old/hci_snoop_2018_01_01_12_06_26.cfa,2677,2018-01-01T12:08:49.599Z,FFF3-Notify,f4:db:00:00:00:d9,0x0024,0x07,07 D7 01 00 00 03 51 01 52 01 51 01 25 04 23 04 1D 04 00 00,20
old/hci_snoop_2018_01_01_12_06_26.cfa,2681,2018-01-01T12:08:49.870Z,FFF3-Notify,f4:db:00:00:00:d9,0x0024,0x07,07 DA 01 00 00 03 4E 01 4D 01 4B 01 23 04 25 04 27 04 00 00,20
old/hci_snoop_2018_01_01_12_06_26.cfa,2687,2018-01-01T12:08:50.140Z,FFF3-Notify,f4:db:00:00:00:d9,0x0024,0x07,07 DA 01 00 00 03 4E 01 4D 01 4B 01 23 04 25 04 27 04 00 00,20
old/hci_snoop_2018_01_01_12_06_26.cfa,2693,2018-01-01T12:08:50.409Z,FFF3-Notify,f4:db:00:00:00:d9,0x0024,0x07,07 DD 01 00 00 03 4B 01 4A 01 49 01 29 04 2A 04 2C 04 00 00,20
old/hci_snoop_2018_01_01_12_06_26.cfa,2697,2018-01-01T12:08:50.679Z,FFF3-Notify,f4:db:00:00:00:d9,0x0024,0x07,07 DD 01 00 00 03 4B 01 4A 01 49 01 29 04 2A 04 2C 04 00 00,20
old/hci_snoop_2018_01_01_12_06_26.cfa,2705,2018-01-01T12:08:50.949Z,FFF3-Notify,f4:db:00:00:00:d9,0x0024,0x07,07 E0 01 00 00 03 49 01 49 01 49 01 2D 04 2E 04 30 04 00 00,20
old/hci_snoop_2018_01_01_12_06_26.cfa,2709,2018-01-01T12:08:51.221Z,FFF3-Notify,f4:db:00:00:00:d9,0x0024,0x07,07 E0 01 00 00 03 49 01 49 01 49 01 2D 04 2E 04 30 04 00 00,20
old/hci_snoop_2018_01_01_12_06_26.cfa,2715,2018-01-01T12:08:51.489Z,FFF3-Notify,f4:db:00:00:00:d9,0x0024,0x07,07 E3 01 00 00 03 49 01 49 01 49 01 31 04 32 04 32 04 00 00,20
old/hci_snoop_2018_01_01_12_06_26.cfa,2721,2018-01-01T12:08:51.759Z,FFF3-Notify,f4:db:00:00:00:d9,0x0024,0x07,07 E3 01 00 00 03 49 01 49 01 49 01 31 04 32 04 32 04 00 00,20
old/hci_snoop_2018_01_01_12_06_26.cfa,2727,2018-01-01T12:08:52.029Z,FFF3-Notify,f4:db:00:00:00:d9,0x0024,0x07,07 E6 01 00 00 03 4A 01 4A 01 4A 01 33 04 33 04 33 04 00 00,20
old/hci_snoop_2018_01_01_12_06_26.cfa,2733,2018-01-01T12:08:52.299Z,FFF3-Notify,f4:db:00:00:00:d9,0x0024,0x07,07 E6 01 00 00 03 4A 01 4A 01 4A 01 33 04 33 04 33 04 00 00,20
old/hci_snoop_2018_01_01_12_06_26.cfa,2737,2018-01-01T12:08:52.569Z,FFF3-Notify,f4:db:00:00:00:d9,0x0024,0x07,07 E9 01 00 00 03 4B 01 4B 01 4B 01 33 04 33 04 33 04 00 00,20
old/hci_snoop_2018_01_01_12_06_26.cfa,2745,2018-01-01T12:08:52.839Z,FFF3-Notify,f4:db:00:00:00:d9,0x0024,0x07,07 E9 01 00 00 03 4B 01 4B 01 4B 01 33 04 33 04 33 04 00 00,20
old/hci_snoop_2018_01_01_12_06_26.cfa,2751,2018-01-01T12:08:53.201Z,FFF3-Notify,f4:db:00:00:00:d9,0x0024,0x07,07 EC 01 00 00 03 4B 01 4C 01 4C 01 32 04 32 04 32 04 00 00,20
old/hci_snoop_2018_01_01_12_06_26.cfa,2759,2018-01-01T12:08:53.469Z,FFF3-Notify,f4:db:00:00:00:d9,0x0024,0x07,07 EC 01 00 00 03 4B 01 4C 01 4C 01 32 04 32 04 32 04 00 00,20
old/hci_snoop_2018_01_01_12_06_26.cfa,2763,2018-01-01T12:08:53.742Z,FFF3-Notify,f4:db:00:00:00:d9,0x0024,0x07,07 EF 01 00 00 03 4C 01 4D 01 4D 01 31 04 31 04 31 04 00 00,20
old/hci_snoop_2018_01_01_12_06_26.cfa,2769,2018-01-01T12:08:54.010Z,FFF3-Notify,f4:db:00:00:00:d9,0x0024,0x07,07 EF 01 00 00 03 4C 01 4D 01 4D 01 31 04 31 04 31 04 00 00,20
old/hci_snoop_2018_01_01_12_06_26.cfa,2773,2018-01-01T12:08:54.284Z,FFF3-Notify,f4:db:00:00:00:d9,0x0024,0x07,07 F2 01 00 00 03 4E 01 4E 01 4E 01 30 04 2F 04 2F 04 00 00,20
old/hci_snoop_2018_01_01_12_06_26.cfa,2781,2018-01-01T12:08:54.554Z,FFF3-Notify,f4:db:00:00:00:d9,0x0024,0x07,07 F2 01 00 00 03 4E 01 4E 01 4E 01 30 04 2F 04 2F 04 00 00,20
old/hci_snoop_2018_01_01_12_06_26.cfa,2787,2018-01-01T12:08:54.824Z,FFF3-Notify,f4:db:00:00:00:d9,0x0024,0x07,07 F5 01 00 00 03 4E 01 4E 01 4E 01 2F 04 2E 04 2E 04 00 00,20
old/hci_snoop_2018_01_01_12_06_26.cfa,2791,2018-01-01T12:08:55.090Z,FFF3-Notify,f4:db:00:00:00:d9,0x0024,0x07,07 F5 01 00 00 03 4E 01 4E 01 4E 01 2F 04 2E 04 2E 04 00 00,20
old/hci_snoop_2018_01_01_12_06_26.cfa,2799,2018-01-01T12:08:55.364Z,FFF3-Notify,f4:db:00:00:00:d9,0x0024,0x07,07 F8 01 00 00 03 4E 01 4E 01 4E 01 2E 04 2F 04 2F 04 00 00,20
old/hci_snoop_2018_01_01_12_06_26.cfa,2805,2018-01-01T12:08:55.634Z,FFF3-Notify,f4:db:00:00:00:d9,0x0024,0x07,07 F8 01 00 00 03 4E 01 4E 01 4E 01 2E 04 2F 04 2F 04 00 00,20
old/hci_snoop_2018_01_01_12_06_26.cfa,2809,2018-01-01T12:08:55.904Z,FFF3-Notify,f4:db:00:00:00:d9,0x0024,0x07,07 FB 01 00 00 03 4E 01 4E 01 4D 01 2F 04 2F 04 2F 04 00 00,20
old/hci_snoop_2018_01_01_12_06_26.cfa,2818,2018-01-01T12:08:56.170Z,FFF3-Notify,f4:db:00:00:00:d9,0x0024,0x07,07 FB 01 00 00 03 4E 01 4E 01 4D 01 2F 04 2F 04 2F 04 00 00,20
old/hci_snoop_2018_01_01_12_06_26.cfa,2824,2018-01-01T12:08:56.442Z,FFF3-Notify,f4:db:00:00:00:d9,0x0024,0x07,07 FE 01 00 00 03 4D 01 4D 01 4C 01 2F 04 2F 04 2F 04 00 00,20
old/hci_snoop_2018_01_01_12_06_26.cfa,2828,2018-01-01T12:08:56.710Z,FFF3-Notify,f4:db:00:00:00:d9,0x0024,0x07,07 FE 01 00 00 03 4D 01 4D 01 4C 01 2F 04 2F 04 2F 04 00 00,20
old/hci_snoop_2018_01_01_12_06_26.cfa,2836,2018-01-01T12:08:56.980Z,FFF3-Notify,f4:db:00:00:00:d9,0x0024,0x07,07 01 02 00 00 03 4C 01 4C 01 4C 01 30 04 30 04 30 04 00 00,20
old/hci_snoop_2018_01_01_12_06_26.cfa,2842,2018-01-01T12:08:57.251Z,FFF3-Notify,f4:db:00:00:00:d9,0x0024,0x07,07 01 02 00 00 03 4C 01 4C 01 4C 01 30 04 30 04 30 04 00 00,20
old/hci_snoop_2018_01_01_12_06_26.cfa,2846,2018-01-01T12:08:57.524Z,FFF3-Notify,f4:db:00:00:00:d9,0x0024,0x07,07 04 02 00 00 03 4C 01 4C 01 4C 01 30 04 30 04 30 04 00 00,20
old/hci_snoop_2018_01_01_12_06_26.cfa,2854,2018-01-01T12:08:57.794Z,FFF3-Notify,f4:db:00:00:00:d9,0x0024,0x07,07 04 02 00 00 03 4C 01 4C 01 4C 01 30 04 30 04 30 04 00 00,20
old/hci_snoop_2018_01_01_12_06_26.cfa,2860,2018-01-01T12:08:58.059Z,FFF3-Notify,f4:db:00:00:00:d9,0x0024,0x07,07 07 02 00 00 03 4C 01 4C 01 4C 01 30 04 30 04 30 04 00 00,20
old/hci_snoop_2018_01_01_12_06_26.cfa,2864,2018-01-01T12:08:58.334Z,FFF3-Notify,f4:db:00:00:00:d9,0x0024,0x07,07 07 02 00 00 03 4C 01 4C 01 4C 01 30 04 30 04 30 04 00 00,20
old/hci_snoop_2018_01_01_12_06_26.cfa,2872,2018-01-01T12:08:58.602Z,FFF3-Notify,f4:db:00:00:00:d9,0x0024,0x07,07 0A 02 00 00 03 4B 01 4C 01 4B 01 30 04 31 04 31 04 00 00,20
old/hci_snoop_2018_01_01_12_06_26.cfa,2876,2018-01-01T12:08:58.871Z,FFF3-Notify,f4:db:00:00:00:d9,0x0024,0x07,07 0A 02 00 00 03 4B 01 4C 01 4B 01 30 04 31 04 31 04 00 00,20
old/hci_snoop_2018_01_01_12_06_26.cfa,2882,2018-01-01T12:08:59.139Z,FFF3-Notify,f4:db:00:00:00:d9,0x0024,0x07,07 0D 02 00 00 03 4C 01 4C 01 4C 01 31 04 31 04 31 04 00 00,20
old/hci_snoop_2018_01_01_12_06_26.cfa,2890,2018-01-01T12:08:59.411Z,FFF3-Notify,f4:db:00:00:00:d9,0x0024,0x07,07 0D 02 00 00 03 4C 01 4C 01 4C 01 31 04 31 04 31 04 00 00,20
old/hci_snoop_2018_01_01_12_06_26.cfa,2894,2018-01-01T12:08:59.682Z,FFF3-Notify,f4:db:00:00:00:d9,0x0024,0x07,07 10 02 00 00 03 4C 01 4C 01 4C 01 31 04 30 04 2F 04 00 00,20
old/hci_snoop_2018_01_01_12_06_26.cfa,2900,2018-01-01T12:08:59.949Z,FFF3-Notify,f4:db:00:00:00:d9,0x0024,0x07,07 10 02 00 00 03 4C 01 4C 01 4C 01 31 04 30 04 2F 04 00 00,20
old/hci_snoop_2018_01_01_12_06_26.cfa,2904,2018-01-01T12:09:00.221Z,FFF3-Notify,f4:db:00:00:00:d9,0x0024,0x07,07 13 02 00 00 03 4C 01 4D 01 4F 01 2F 04 31 04 2A 04 00 00,20
old/hci_snoop_2018_01_01_12_06_26.cfa,2910,2018-01-01T12:09:00.494Z,FFF3-Notify,f4:db:00:00:00:d9,0x0024,0x07,07 13 02 00 00 03 4C 01 4D 01 4F 01 2F 04 31 04 2A 04 00 00,20
old/hci_snoop_2018_01_01_12_06_26.cfa,2916,2018-01-01T12:09:00.764Z,FFF3-Notify,f4:db:00:00:00:d9,0x0024,0x07,07 16 02 00 00 03 3A 01 42 01 46 01 5A 03 85 03 A0 03 00 00,20
old/hci_snoop_2018_01_01_12_06_26.cfa,2920,2018-01-01T12:09:01.035Z,FFF3-Notify,f4:db:00:00:00:d9,0x0024,0x07,07 16 02 00 00 03 3A 01 42 01 46 01 5A 03 85 03 A0 03 00 00,20
old/hci_snoop_2018_01_01_12_06_26.cfa,2926,2018-01-01T12:09:01.304Z,FFF3-Notify,f4:db:00:00:00:d9,0x0024,0x07,07 19 02 00 00 03 4A 01 4C 01 4D 01 AE 03 B7 03 BD 03 00 00,20
old/hci_snoop_2018_01_01_12_06_26.cfa,2932,2018-01-01T12:09:01.574Z,FFF3-Notify,f4:db:00:00:00:d9,0x0024,0x07,07 19 02 00 00 03 4A 01 4C 01 4D 01 AE 03 B7 03 BD 03 00 00,20
old/hci_snoop_2018_01_01_12_06_26.cfa,2936,2018-01-01T12:09:01.843Z,FFF3-Notify,f4:db:00:00:00:d9,0x0024,0x07,07 1C 02 00 00 03 4E 01 50 01 54 01 C2 03 C5 03 C9 03 00 00,20
old/hci_snoop_2018_01_01_12_06_26.cfa,2940,2018-01-01T12:09:02.110Z,FFF3-Notify,f4:db:00:00:00:d9,0x0024,0x07,07 1C 02 00 00 03 4E 01 50 01 54 01 C2 03 C5 03 C9 03 00 00,20
old/hci_snoop_2018_01_01_12_06_26.cfa,2946,2018-01-01T12:09:02.384Z,FFF3-Notify,f4:db:00:00:00:d9,0x0024,0x07,07 1F 02 00 00 03 58 01 5A 01 5D 01 CF 03 D1 03 D2 03 00 00,20
old/hci_snoop_2018_01_01_12_06_26.cfa,2950,2018-01-01T12:09:02.651Z,FFF3-Notify,f4:db:00:00:00:d9,0x0024,0x07,07 1F 02 00 00 03 58 01 5A 01 5D 01 CF 03 D1 03 D2 03 00 00,20
old/hci_snoop_2018_01_01_12_06_26.cfa,2956,2018-01-01T12:09:02.921Z,FFF3-Notify,f4:db:00:00:00:d9,0x0024,0x07,07 22 02 00 00 03 5C 01 5C 01 5D 01 C6 03 C6 03 C9 03 00 00,20
old/hci_snoop_2018_01_01_12_06_26.cfa,2962,2018-01-01T12:09:03.190Z,FFF3-Notify,f4:db:00:00:00:d9,0x0024,0x07,07 22 02 00 00 03 5C 01 5C 01 5D 01 C6 03 C6 03 C9 03 00 00,20
old/hci_snoop_2018_01_01_12_06_26.cfa,2966,2018-01-01T12:09:03.464Z,FFF3-Notify,f4:db:00:00:00:d9,0x0024,0x07,07 25 02 00 00 03 5C 01 5E 01 5E 01 CB 03 D3 03 D5 03 00 00,20
old/hci_snoop_2018_01_01_12_06_26.cfa,2972,2018-01-01T12:09:03.734Z,FFF3-Notify,f4:db:00:00:00:d9,0x0024,0x07,07 25 02 00 00 03 5C 01 5E 01 5E 01 CB 03 D3 03 D5 03 00 00,20
old/hci_snoop_2018_01_01_12_06_26.cfa,2976,2018-01-01T12:09:04.004Z,FFF3-Notify,f4:db:00:00:00:d9,0x0024,0x07,07 28 02 00 00 03 62 01 65 01 67 01 D7 03 CF 03 CD 03 00 00,20
old/hci_snoop_2018_01_01_12_06_26.cfa,2980,2018-01-01T12:09:04.273Z,FFF3-Notify,f4:db:00:00:00:d9,0x0024,0x07,07 28 02 00 00 03 62 01 65 01 67 01 D7 03 CF 03 CD 03 00 00,20
old/hci_snoop_2018_01_01_12_06_26.cfa,2986,2018-01-01T12:09:04.544Z,FFF3-Notify,f4:db:00:00:00:d9,0x0024,0x07,07 2B 02 00 00 03 66 01 67 01 67 01 D1 03 D0 03 D2 03 00 00,20
old/hci_snoop_2018_01_01_12_06_26.cfa,2990,2018-01-01T12:09:04.812Z,FFF3-Notify,f4:db:00:00:00:d9,0x0024,0x07,07 2B 02 00 00 03 66 01 67 01 67 01 D1 03 D0 03 D2 03 00 00,20
old/hci_snoop_2018_01_01_12_06_26.cfa,2994,2018-01-01T12:09:05.082Z,FFF3-Notify,f4:db:00:00:00:d9,0x0024,0x07,07 2E 02 00 00 03 63 01 60 01 5E 01 DA 03 E3 03 EB 03 00 00,20
old/hci_snoop_2018_01_01_12_06_26.cfa,3000,2018-01-01T12:09:05.349Z,FFF3-Notify,f4:db:00:00:00:d9,0x0024,0x07,07 2E 02 00 00 03 63 01 60 01 5E 01 DA 03 E3 03 EB 03 00 00,20
old/hci_snoop_2018_01_01_12_06_26.cfa,3004,2018-01-01T12:09:05.622Z,FFF3-Notify,f4:db:00:00:00:d9,0x0024,0x07,07 31 02 00 00 03 5D 01 5D 01 5E 01 F1 03 F5 03 FA 03 00 00,20
old/hci_snoop_2018_01_01_12_06_26.cfa,3010,2018-01-01T12:09:05.894Z,FFF3-Notify,f4:db:00:00:00:d9,0x0024,0x07,07 31 02 00 00 03 5D 01 5D 01 5E 01 F1 03 F5 03 FA 03 00 00,20
old/hci_snoop_2018_01_01_12_06_26.cfa,3016,2018-01-01T12:09:06.159Z,FFF3-Notify,f4:db:00:00:00:d9,0x0024,0x07,07 34 02 00 00 03 5D 01 5B 01 5C 01 F9 03 5B 03 90 03 00 00,20
old/hci_snoop_2018_01_01_12_06_26.cfa,3022,2018-01-01T12:09:06.434Z,FFF3-Notify,f4:db:00:00:00:d9,0x0024,0x07,07 34 02 00 00 03 5D 01 5B 01 5C 01 F9 03 5B 03 90 03 00 00,20
old/hci_snoop_2018_01_01_12_06_26.cfa,3028,2018-01-01T12:09:06.702Z,FFF3-Notify,f4:db:00:00:00:d9,0x0024,0x07,07 37 02 00 00 03 5E 01 5F 01 5F 01 A6 03 AD 03 BA 03 00 00,20
old/hci_snoop_2018_01_01_12_06_26.cfa,3032,2018-01-01T12:09:06.974Z,FFF3-Notify,f4:db:00:00:00:d9,0x0024,0x07,07 37 02 00 00 03 5E 01 5F 01 5F 01 A6 03 AD 03 BA 03 00 00,20
old/hci_snoop_2018_01_01_12_06_26.cfa,3040,2018-01-01T12:09:07.244Z,FFF3-Notify,f4:db:00:00:00:d9,0x0024,0x07,07 3A 02 00 00 03 61 01 63 01 64 01 BC 03 BE 03 C1 03 00 00,20
old/hci_snoop_2018_01_01_12_06_26.cfa,3044,2018-01-01T12:09:07.514Z,FFF3-Notify,f4:db:00:00:00:d9,0x0024,0x07,07 3A 02 00 00 03 61 01 63 01 64 01 BC 03 BE 03 C1 03 00 00,20
old/hci_snoop_2018_01_01_12_06_26.cfa,3048,2018-01-01T12:09:07.784Z,FFF3-Notify,f4:db:00:00:00:d9,0x0024,0x07,07 3D 02 00 00 03 66 01 68 01 68 01 C1 03 C2 03 C3 03 00 00,20
old/hci_snoop_2018_01_01_12_06_26.cfa,3054,2018-01-01T12:09:08.053Z,FFF3-Notify,f4:db:00:00:00:d9,0x0024,0x07,07 3D 02 00 00 03 66 01 68 01 68 01 C1 03 C2 03 C3 03 00 00,20
old/hci_snoop_2018_01_01_12_06_26.cfa,3060,2018-01-01T12:09:08.324Z,FFF3-Notify,f4:db:00:00:00:d9,0x0024,0x07,07 40 02 00 00 03 69 01 69 01 68 01 C6 03 C7 03 C6 03 00 00,20
old/hci_snoop_2018_01_01_12_06_26.cfa,3064,2018-01-01T12:09:08.593Z,FFF3-Notify,f4:db:00:00:00:d9,0x0024,0x07,07 40 02 00 00 03 69 01 69 01 68 01 C6 03 C7 03 C6 03 00 00,20
old/hci_snoop_2018_01_01_12_06_26.cfa,3072,2018-01-01T12:09:08.864Z,FFF3-Notify,f4:db:00:00:00:d9,0x0024,0x07,07 43 02 00 00 03 65 01 65 01 65 01 9D 03 B2 03 BC 03 00 00,20
old/hci_snoop_2018_01_01_12_06_26.cfa,3076,2018-01-01T12:09:09.404Z,FFF3-Notify,f4:db:00:00:00:d9,0x0024,0x07,07 43 02 00 00 03 65 01 65 01 65 01 9D 03 B2 03 BC 03 00 00,20
old/hci_snoop_2018_01_01_12_06_26.cfa,3084,2018-01-01T12:09:09.579Z,FFF3-Notify,f4:db:00:00:00:d9,0x0024,0x07,07 46 02 00 00 03 65 01 63 01 60 01 C1 03 C7 03 CF 03 00 00,20
old/hci_snoop_2018_01_01_12_06_26.cfa,3089,2018-01-01T12:09:09.853Z,FFF3-Notify,f4:db:00:00:00:d9,0x0024,0x07,07 46 02 00 00 03 65 01 63 01 60 01 C1 03 C7 03 CF 03 00 00,20
old/hci_snoop_2018_01_01_12_06_26.cfa,3093,2018-01-01T12:09:10.120Z,FFF3-Notify,f4:db:00:00:00:d9,0x0024,0x07,07 49 02 00 00 03 5E 01 5A 01 59 01 D7 03 D3 03 D7 03 00 00,20
old/hci_snoop_2018_01_01_12_06_26.cfa,3099,2018-01-01T12:09:10.389Z,FFF3-Notify,f4:db:00:00:00:d9,0x0024,0x07,07 49 02 00 00 03 5E 01 5A 01 59 01 D7 03 D3 03 D7 03 00 00,20
old/hci_snoop_2018_01_01_12_06_26.cfa,3105,2018-01-01T12:09:10.663Z,FFF3-Notify,f4:db:00:00:00:d9,0x0024,0x07,07 4C 02 00 00 03 57 01 55 01 54 01 DD 03 E3 03 E9 03 00 00,20
old/hci_snoop_2018_01_01_12_06_26.cfa,3111,2018-01-01T12:09:10.934Z,FFF3-Notify,f4:db:00:00:00:d9,0x0024,0x07,07 4C 02 00 00 03 57 01 55 01 54 01 DD 03 E3 03 E9 03 00 00,20
old/hci_snoop_2018_01_01_12_06_26.cfa,3115,2018-01-01T12:09:11.200Z,FFF3-Notify,f4:db:00:00:00:d9,0x0024,0x07,07 4F 02 00 00 03 52 01 51 01 50 01 EF 03 F4 03 F8 03 00 00,20
old/hci_snoop_2018_01_01_12_06_26.cfa,3121,2018-01-01T12:09:11.473Z,FFF3-Notify,f4:db:00:00:00:d9,0x0024,0x07,07 4F 02 00 00 03 52 01 51 01 50 01 EF 03 F4 03 F8 03 00 00,20
old/hci_snoop_2018_01_01_12_06_26.cfa,3125,2018-01-01T12:09:11.743Z,FFF3-Notify,f4:db:00:00:00:d9,0x0024,0x07,07 52 02 00 00 03 4F 01 4F 01 4E 01 FD 03 01 04 04 04 00 00,20
old/hci_snoop_2018_01_01_12_06_26.cfa,3138,2018-01-01T12:09:12.099Z,FFF3-Notify,f4:db:00:00:00:d9,0x0024,0x07,07 52 02 00 00 03 4F 01 4F 01 4E 01 FD 03 01 04 04 04 00 00,20
old/hci_snoop_2018_01_01_12_06_26.cfa,3144,2018-01-01T12:09:12.374Z,FFF3-Notify,f4:db:00:00:00:d9,0x0024,0x07,07 55 02 00 00 03 4E 01 4D 01 4D 01 07 04 0B 04 0E 04 00 00,20
old/hci_snoop_2018_01_01_12_06_26.cfa,3150,2018-01-01T12:09:12.644Z,FFF3-Notify,f4:db:00:00:00:d9,0x0024,0x07,07 55 02 00 00 03 4E 01 4D 01 4D 01 07 04 0B 04 0E 04 00 00,20
old/hci_snoop_2018_01_01_12_06_26.cfa,3154,2018-01-01T12:09:12.914Z,FFF3-Notify,f4:db:00:00:00:d9,0x0024,0x07,07 58 02 00 00 03 4C 01 4C 01 4C 01 11 04 15 04 18 04 00 00,20
old/hci_snoop_2018_01_01_12_06_26.cfa,3162,2018-01-01T12:09:13.181Z,FFF3-Notify,f4:db:00:00:00:d9,0x0024,0x07,07 58 02 00 00 03 4C 01 4C 01 4C 01 11 04 15 04 18 04 00 00,20
old/hci_snoop_2018_01_01_12_06_26.cfa,3168,2018-01-01T12:09:13.451Z,FFF3-Notify,f4:db:00:00:00:d9,0x0024,0x07,07 5B 02 00 00 03 4C 01 4C 01 4D 01 1B 04 1E 04 23 04 00 00,20
old/hci_snoop_2018_01_01_12_06_26.cfa,3172,2018-01-01T12:09:13.724Z,FFF3-Notify,f4:db:00:00:00:d9,0x0024,0x07,07 5B 02 00 00 03 4C 01 4C 01 4D 01 1B 04 1E 04 23 04 00 00,20
old/hci_snoop_2018_01_01_12_06_26.cfa,3180,2018-01-01T12:09:13.994Z,FFF3-Notify,f4:db:00:00:00:d9,0x0024,0x07,07 5E 02 00 00 03 50 01 54 01 58 01 23 04 1D 04 1A 04 00 00,20
old/hci_snoop_2018_01_01_12_06_26.cfa,3187,2018-01-01T12:09:14.261Z,FFF3-Notify,f4:db:00:00:00:d9,0x0024,0x07,07 5E 02 00 00 03 50 01 54 01 58 01 23 04 1D 04 1A 04 00 00,20
old/hci_snoop_2018_01_01_12_06_26.cfa,3191,2018-01-01T12:09:14.531Z,FFF3-Notify,f4:db:00:00:00:d9,0x0024,0x07,07 61 02 00 00 03 5D 01 61 01 67 01 13 04 0B 04 0B 04 00 00,20
old/hci_snoop_2018_01_01_12_06_26.cfa,3199,2018-01-01T12:09:14.801Z,FFF3-Notify,f4:db:00:00:00:d9,0x0024,0x07,07 61 02 00 00 03 5D 01 61 01 67 01 13 04 0B 04 0B 04 00 00,20
old/hci_snoop_2018_01_01_12_06_26.cfa,3205,2018-01-01T12:09:15.071Z,FFF3-Notify,f4:db:00:00:00:d9,0x0024,0x07,07 64 02 00 00 03 6B 01 6D 01 6F 01 FD 03 F6 03 F2 03 00 00,20
old/hci_snoop_2018_01_01_12_06_26.cfa,3209,2018-01-01T12:09:15.341Z,FFF3-Notify,f4:db:00:00:00:d9,0x0024,0x07,07 64 02 00 00 03 6B 01 6D 01 6F 01 FD 03 F6 03 F2 03 00 00,20
old/hci_snoop_2025_11_21_07_45_17.cfa,320,2025-11-21T07:45:25.315Z,CCCD,f4:db:00:00:00:d9,0x0025,0x01,01 00,2
old/hci_snoop_2025_11_21_07_45_17.cfa,415,2025-11-21T07:45:26.577Z,CCCD,f4:db:00:00:00:d9,0x0025,0x01,01 00,2
old/hci_snoop_2025_11_21_07_45_17.cfa,1752,2025-11-21T07:50:13.195Z,CCCD,f4:db:00:00:00:d9,0x0025,0x01,01 00,2
old/hci_snoop_2025_11_21_07_45_17.cfa,323,2025-11-21T07:45:25.332Z,FFF5-Write,f4:db:00:00:00:d9,0x0021,0x18,18 01 00 10,4
old/hci_snoop_2025_11_21_07_45_17.cfa,326,2025-11-21T07:45:25.348Z,FFF5-Write,f4:db:00:00:00:d9,0x0021,0x19,19 01 00 10,4
old/hci_snoop_2025_11_21_07_45_17.cfa,329,2025-11-21T07:45:25.365Z,FFF5-Write,f4:db:00:00:00:d9,0x0021,0x05,05 FF FF FF FF FF FF FF FF,9
old/hci_snoop_2025_11_21_07_45_17.cfa,335,2025-11-21T07:45:25.596Z,FFF5-Write,f4:db:00:00:00:d9,0x0021,0x0F,0F 01,2
old/hci_snoop_2025_11_21_07_45_17.cfa,418,2025-11-21T07:45:26.604Z,FFF5-Write,f4:db:00:00:00:d9,0x0021,0x01,01,1
old/hci_snoop_2025_11_21_07_45_17.cfa,422,2025-11-21T07:45:26.656Z,FFF5-Write,f4:db:00:00:00:d9,0x0021,0x07,07 00 00 00 00 03,6
old/hci_snoop_2025_11_21_07_45_17.cfa,428,2025-11-21T07:45:26.837Z,FFF5-Write,f4:db:00:00:00:d9,0x0021,0x07,07 03 00 00 00 03,6
old/hci_snoop_2025_11_21_07_45_17.cfa,432,2025-11-21T07:45:27.019Z,FFF5-Write,f4:db:00:00:00:d9,0x0021,0x07,07 06 00 00 00 03,6
old/hci_snoop_2025_11_21_07_45_17.cfa,436,2025-11-21T07:45:27.188Z,FFF5-Write,f4:db:00:00:00:d9,0x0021,0x07,07 09 00 00 00 03,6
old/hci_snoop_2025_11_21_07_45_17.cfa,440,2025-11-21T07:45:27.371Z,FFF5-Write,f4:db:00:00:00:d9,0x0021,0x07,07 0C 00 00 00 03,6
old/hci_snoop_2025_11_21_07_45_17.cfa,444,2025-11-21T07:45:27.555Z,FFF5-Write,f4:db:00:00:00:d9,0x0021,0x07,07 0F 00 00 00 03,6
old/hci_snoop_2025_11_21_07_45_17.cfa,448,2025-11-21T07:45:27.738Z,FFF5-Write,f4:db:00:00:00:d9,0x0021,0x07,07 12 00 00 00 03,6
old/hci_snoop_2025_11_21_07_45_17.cfa,452,2025-11-21T07:45:27.905Z,FFF5-Write,f4:db:00:00:00:d9,0x0021,0x07,07 15 00 00 00 03,6
old/hci_snoop_2025_11_21_07_45_17.cfa,456,2025-11-21T07:45:28.090Z,FFF5-Write,f4:db:00:00:00:d9,0x0021,0x07,07 18 00 00 00 03,6
old/hci_snoop_2025_11_21_07_45_17.cfa,460,2025-11-21T07:45:28.302Z,FFF5-Write,f4:db:00:00:00:d9,0x0021,0x07,07 1B 00 00 00 03,6
old/hci_snoop_2025_11_21_07_45_17.cfa,464,2025-11-21T07:45:28.489Z,FFF5-Write,f4:db:00:00:00:d9,0x0021,0x07,07 1E 00 00 00 03,6
old/hci_snoop_2025_11_21_07_45_17.cfa,468,2025-11-21T07:45:28.671Z,FFF5-Write,f4:db:00:00:00:d9,0x0021,0x07,07 21 00 00 00 03,6
old/hci_snoop_2025_11_21_07_45_17.cfa,472,2025-11-21T07:45:28.854Z,FFF5-Write,f4:db:00:00:00:d9,0x0021,0x07,07 24 00 00 00 03,6
old/hci_snoop_2025_11_21_07_45_17.cfa,476,2025-11-21T07:45:29.039Z,FFF5-Write,f4:db:00:00:00:d9,0x0021,0x07,07 27 00 00 00 03,6
old/hci_snoop_2025_11_21_07_45_17.cfa,480,2025-11-21T07:45:29.221Z,FFF5-Write,f4:db:00:00:00:d9,0x0021,0x07,07 2A 00 00 00 03,6
old/hci_snoop_2025_11_21_07_45_17.cfa,484,2025-11-21T07:45:29.387Z,FFF5-Write,f4:db:00:00:00:d9,0x0021,0x07,07 2D 00 00 00 03,6
old/hci_snoop_2025_11_21_07_45_17.cfa,488,2025-11-21T07:45:29.572Z,FFF5-Write,f4:db:00:00:00:d9,0x0021,0x07,07 30 00 00 00 03,6
old/hci_snoop_2025_11_21_07_45_17.cfa,492,2025-11-21T07:45:29.755Z,FFF5-Write,f4:db:00:00:00:d9,0x0021,0x07,07 33 00 00 00 03,6
old/hci_snoop_2025_11_21_07_45_17.cfa,496,2025-11-21T07:45:29.940Z,FFF5-Write,f4:db:00:00:00:d9,0x0021,0x07,07 36 00 00 00 03,6
old/hci_snoop_2025_11_21_07_45_17.cfa,500,2025-11-21T07:45:30.123Z,FFF5-Write,f4:db:00:00:00:d9,0x0021,0x07,07 39 00 00 00 03,6
old/hci_snoop_2025_11_21_07_45_17.cfa,504,2025-11-21T07:45:30.311Z,FFF5-Write,f4:db:00:00:00:d9,0x0021,0x07,07 3C 00 00 00 03,6
old/hci_snoop_2025_11_21_07_45_17.cfa,512,2025-11-21T07:45:30.521Z,FFF5-Write,f4:db:00:00:00:d9,0x0021,0x07,07 3F 00 00 00 03,6
old/hci_snoop_2025_11_21_07_45_17.cfa,516,2025-11-21T07:45:30.704Z,FFF5-Write,f4:db:00:00:00:d9,0x0021,0x07,07 42 00 00 00 03,6
old/hci_snoop_2025_11_21_07_45_17.cfa,520,2025-11-21T07:45:30.873Z,FFF5-Write,f4:db:00:00:00:d9,0x0021,0x07,07 45 00 00 00 03,6
old/hci_snoop_2025_11_21_07_45_17.cfa,525,2025-11-21T07:45:31.105Z,FFF5-Write,f4:db:00:00:00:d9,0x0021,0x07,07 48 00 00 00 03,6
old/hci_snoop_2025_11_21_07_45_17.cfa,529,2025-11-21T07:45:31.372Z,FFF5-Write,f4:db:00:00:00:d9,0x0021,0x07,07 4B 00 00 00 03,6
old/hci_snoop_2025_11_21_07_45_17.cfa,533,2025-11-21T07:45:31.641Z,FFF5-Write,f4:db:00:00:00:d9,0x0021,0x07,07 4E 00 00 00 03,6
old/hci_snoop_2025_11_21_07_45_17.cfa,537,2025-11-21T07:45:31.922Z,FFF5-Write,f4:db:00:00:00:d9,0x0021,0x07,07 51 00 00 00 03,6
old/hci_snoop_2025_11_21_07_45_17.cfa,541,2025-11-21T07:45:32.191Z,FFF5-Write,f4:db:00:00:00:d9,0x0021,0x07,07 54 00 00 00 03,6
old/hci_snoop_2025_11_21_07_45_17.cfa,545,2025-11-21T07:45:32.456Z,FFF5-Write,f4:db:00:00:00:d9,0x0021,0x07,07 57 00 00 00 03,6
old/hci_snoop_2025_11_21_07_45_17.cfa,549,2025-11-21T07:45:32.722Z,FFF5-Write,f4:db:00:00:00:d9,0x0021,0x07,07 5A 00 00 00 03,6
old/hci_snoop_2025_11_21_07_45_17.cfa,553,2025-11-21T07:45:32.989Z,FFF5-Write,f4:db:00:00:00:d9,0x0021,0x07,07 5D 00 00 00 03,6
old/hci_snoop_2025_11_21_07_45_17.cfa,557,2025-11-21T07:45:33.256Z,FFF5-Write,f4:db:00:00:00:d9,0x0021,0x07,07 60 00 00 00 03,6
old/hci_snoop_2025_11_21_07_45_17.cfa,561,2025-11-21T07:45:33.540Z,FFF5-Write,f4:db:00:00:00:d9,0x0021,0x07,07 63 00 00 00 03,6
old/hci_snoop_2025_11_21_07_45_17.cfa,565,2025-11-21T07:45:33.810Z,FFF5-Write,f4:db:00:00:00:d9,0x0021,0x07,07 66 00 00 00 03,6
old/hci_snoop_2025_11_21_07_45_17.cfa,569,2025-11-21T07:45:34.174Z,FFF5-Write,f4:db:00:00:00:d9,0x0021,0x07,07 69 00 00 00 03,6
old/hci_snoop_2025_11_21_07_45_17.cfa,573,2025-11-21T07:45:34.438Z,FFF5-Write,f4:db:00:00:00:d9,0x0021,0x07,07 6C 00 00 00 03,6
old/hci_snoop_2025_11_21_07_45_17.cfa,577,2025-11-21T07:45:34.710Z,FFF5-Write,f4:db:00:00:00:d9,0x0021,0x07,07 6F 00 00 00 03,6
old/hci_snoop_2025_11_21_07_45_17.cfa,581,2025-11-21T07:45:34.976Z,FFF5-Write,f4:db:00:00:00:d9,0x0021,0x07,07 72 00 00 00 03,6
old/hci_snoop_2025_11_21_07_45_17.cfa,585,2025-11-21T07:45:35.242Z,FFF5-Write,f4:db:00:00:00:d9,0x0021,0x07,07 75 00 00 00 03,6
old/hci_snoop_2025_11_21_07_45_17.cfa,589,2025-11-21T07:45:35.525Z,FFF5-Write,f4:db:00:00:00:d9,0x0021,0x07,07 78 00 00 00 03,6
old/hci_snoop_2025_11_21_07_45_17.cfa,593,2025-11-21T07:45:35.791Z,FFF5-Write,f4:db:00:00:00:d9,0x0021,0x07,07 7B 00 00 00 03,6
old/hci_snoop_2025_11_21_07_45_17.cfa,597,2025-11-21T07:45:36.059Z,FFF5-Write,f4:db:00:00:00:d9,0x0021,0x07,07 7E 00 00 00 03,6
old/hci_snoop_2025_11_21_07_45_17.cfa,601,2025-11-21T07:45:36.325Z,FFF5-Write,f4:db:00:00:00:d9,0x0021,0x07,07 81 00 00 00 03,6
old/hci_snoop_2025_11_21_07_45_17.cfa,605,2025-11-21T07:45:36.606Z,FFF5-Write,f4:db:00:00:00:d9,0x0021,0x07,07 84 00 00 00 03,6
old/hci_snoop_2025_11_21_07_45_17.cfa,609,2025-11-21T07:45:36.860Z,FFF5-Write,f4:db:00:00:00:d9,0x0021,0x07,07 87 00 00 00 03,6
old/hci_snoop_2025_11_21_07_45_17.cfa,613,2025-11-21T07:45:37.142Z,FFF5-Write,f4:db:00:00:00:d9,0x0021,0x07,07 8A 00 00 00 03,6
old/hci_snoop_2025_11_21_07_45_17.cfa,617,2025-11-21T07:45:37.405Z,FFF5-Write,f4:db:00:00:00:d9,0x0021,0x07,07 8D 00 00 00 03,6
old/hci_snoop_2025_11_21_07_45_17.cfa,621,2025-11-21T07:45:37.675Z,FFF5-Write,f4:db:00:00:00:d9,0x0021,0x07,07 90 00 00 00 03,6
old/hci_snoop_2025_11_21_07_45_17.cfa,625,2025-11-21T07:45:37.941Z,FFF5-Write,f4:db:00:00:00:d9,0x0021,0x07,07 93 00 00 00 03,6
old/hci_snoop_2025_11_21_07_45_17.cfa,629,2025-11-21T07:45:38.208Z,FFF5-Write,f4:db:00:00:00:d9,0x0021,0x07,07 96 00 00 00 03,6
old/hci_snoop_2025_11_21_07_45_17.cfa,633,2025-11-21T07:45:38.490Z,FFF5-Write,f4:db:00:00:00:d9,0x0021,0x07,07 99 00 00 00 03,6
old/hci_snoop_2025_11_21_07_45_17.cfa,637,2025-11-21T07:45:38.759Z,FFF5-Write,f4:db:00:00:00:d9,0x0021,0x07,07 9C 00 00 00 03,6
old/hci_snoop_2025_11_21_07_45_17.cfa,641,2025-11-21T07:45:39.025Z,FFF5-Write,f4:db:00:00:00:d9,0x0021,0x07,07 9F 00 00 00 03,6
old/hci_snoop_2025_11_21_07_45_17.cfa,645,2025-11-21T07:45:39.290Z,FFF5-Write,f4:db:00:00:00:d9,0x0021,0x07,07 A2 00 00 00 03,6
old/hci_snoop_2025_11_21_07_45_17.cfa,649,2025-11-21T07:45:39.572Z,FFF5-Write,f4:db:00:00:00:d9,0x0021,0x07,07 A5 00 00 00 03,6
old/hci_snoop_2025_11_21_07_45_17.cfa,653,2025-11-21T07:45:39.842Z,FFF5-Write,f4:db:00:00:00:d9,0x0021,0x07,07 A8 00 00 00 03,6
old/hci_snoop_2025_11_21_07_45_17.cfa,657,2025-11-21T07:45:40.110Z,FFF5-Write,f4:db:00:00:00:d9,0x0021,0x07,07 AB 00 00 00 03,6
old/hci_snoop_2025_11_21_07_45_17.cfa,661,2025-11-21T07:45:40.374Z,FFF5-Write,f4:db:00:00:00:d9,0x0021,0x07,07 AE 00 00 00 03,6
old/hci_snoop_2025_11_21_07_45_17.cfa,665,2025-11-21T07:45:40.641Z,FFF5-Write,f4:db:00:00:00:d9,0x0021,0x07,07 B1 00 00 00 03,6
old/hci_snoop_2025_11_21_07_45_17.cfa,669,2025-11-21T07:45:40.908Z,FFF5-Write,f4:db:00:00:00:d9,0x0021,0x07,07 B4 00 00 00 03,6
old/hci_snoop_2025_11_21_07_45_17.cfa,673,2025-11-21T07:45:41.190Z,FFF5-Write,f4:db:00:00:00:d9,0x0021,0x07,07 B7 00 00 00 03,6
old/hci_snoop_2025_11_21_07_45_17.cfa,677,2025-11-21T07:45:41.459Z,FFF5-Write,f4:db:00:00:00:d9,0x0021,0x07,07 BA 00 00 00 03,6
old/hci_snoop_2025_11_21_07_45_17.cfa,681,2025-11-21T07:45:41.725Z,FFF5-Write,f4:db:00:00:00:d9,0x0021,0x07,07 BD 00 00 00 03,6
old/hci_snoop_2025_11_21_07_45_17.cfa,685,2025-11-21T07:45:41.991Z,FFF5-Write,f4:db:00:00:00:d9,0x0021,0x07,07 C0 00 00 00 03,6
old/hci_snoop_2025_11_21_07_45_17.cfa,689,2025-11-21T07:45:42.274Z,FFF5-Write,f4:db:00:00:00:d9,0x0021,0x07,07 C3 00 00 00 03,6
old/hci_snoop_2025_11_21_07_45_17.cfa,693,2025-11-21T07:45:42.545Z,FFF5-Write,f4:db:00:00:00:d9,0x0021,0x07,07 C6 00 00 00 03,6
old/hci_snoop_2025_11_21_07_45_17.cfa,697,2025-11-21T07:45:42.808Z,FFF5-Write,f4:db:00:00:00:d9,0x0021,0x07,07 C9 00 00 00 03,6
old/hci_snoop_2025_11_21_07_45_17.cfa,701,2025-11-21T07:45:43.078Z,FFF5-Write,f4:db:00:00:00:d9,0x0021,0x07,07 CC 00 00 00 03,6
old/hci_snoop_2025_11_21_07_45_17.cfa,705,2025-11-21T07:45:43.342Z,FFF5-Write,f4:db:00:00:00:d9,0x0021,0x07,07 CF 00 00 00 03,6
old/hci_snoop_2025_11_21_07_45_17.cfa,709,2025-11-21T07:45:43.608Z,FFF5-Write,f4:db:00:00:00:d9,0x0021,0x07,07 D2 00 00 00 03,6
old/hci_snoop_2025_11_21_07_45_17.cfa,713,2025-11-21T07:45:43.894Z,FFF5-Write,f4:db:00:00:00:d9,0x0021,0x07,07 D5 00 00 00 03,6
old/hci_snoop_2025_11_21_07_45_17.cfa,717,2025-11-21T07:45:44.160Z,FFF5-Write,f4:db:00:00:00:d9,0x0021,0x07,07 D8 00 00 00 03,6
old/hci_snoop_2025_11_21_07_45_17.cfa,722,2025-11-21T07:45:44.429Z,FFF5-Write,f4:db:00:00:00:d9,0x0021,0x07,07 DB 00 00 00 03,6
old/hci_snoop_2025_11_21_07_45_17.cfa,726,2025-11-21T07:45:44.694Z,FFF5-Write,f4:db:00:00:00:d9,0x0021,0x07,07 DE 00 00 00 03,6
old/hci_snoop_2025_11_21_07_45_17.cfa,730,2025-11-21T07:45:44.959Z,FFF5-Write,f4:db:00:00:00:d9,0x0021,0x07,07 E1 00 00 00 03,6
old/hci_snoop_2025_11_21_07_45_17.cfa,734,2025-11-21T07:45:45.242Z,FFF5-Write,f4:db:00:00:00:d9,0x0021,0x07,07 E4 00 00 00 03,6
old/hci_snoop_2025_11_21_07_45_17.cfa,738,2025-11-21T07:45:45.511Z,FFF5-Write,f4:db:00:00:00:d9,0x0021,0x07,07 E7 00 00 00 03,6
old/hci_snoop_2025_11_21_07_45_17.cfa,742,2025-11-21T07:45:45.776Z,FFF5-Write,f4:db:00:00:00:d9,0x0021,0x07,07 EA 00 00 00 03,6
old/hci_snoop_2025_11_21_07_45_17.cfa,746,2025-11-21T07:45:46.043Z,FFF5-Write,f4:db:00:00:00:d9,0x0021,0x07,07 ED 00 00 00 03,6
old/hci_snoop_2025_11_21_07_45_17.cfa,750,2025-11-21T07:45:46.310Z,FFF5-Write,f4:db:00:00:00:d9,0x0021,0x07,07 F0 00 00 00 03,6
old/hci_snoop_2025_11_21_07_45_17.cfa,754,2025-11-21T07:45:46.579Z,FFF5-Write,f4:db:00:00:00:d9,0x0021,0x07,07 F3 00 00 00 03,6
old/hci_snoop_2025_11_21_07_45_17.cfa,758,2025-11-21T07:45:46.861Z,FFF5-Write,f4:db:00:00:00:d9,0x0021,0x07,07 F6 00 00 00 03,6
old/hci_snoop_2025_11_21_07_45_17.cfa,762,2025-11-21T07:45:47.128Z,FFF5-Write,f4:db:00:00:00:d9,0x0021,0x07,07 F9 00 00 00 03,6
old/hci_snoop_2025_11_21_07_45_17.cfa,766,2025-11-21T07:45:47.394Z,FFF5-Write,f4:db:00:00:00:d9,0x0021,0x07,07 FC 00 00 00 03,6
old/hci_snoop_2025_11_21_07_45_17.cfa,770,2025-11-21T07:45:47.662Z,FFF5-Write,f4:db:00:00:00:d9,0x0021,0x07,07 FF 00 00 00 03,6
old/hci_snoop_2025_11_21_07_45_17.cfa,774,2025-11-21T07:45:47.929Z,FFF5-Write,f4:db:00:00:00:d9,0x0021,0x07,07 02 01 00 00 03,6
old/hci_snoop_2025_11_21_07_45_17.cfa,778,2025-11-21T07:45:48.210Z,FFF5-Write,f4:db:00:00:00:d9,0x0021,0x07,07 05 01 00 00 03,6
old/hci_snoop_2025_11_21_07_45_17.cfa,782,2025-11-21T07:45:48.476Z,FFF5-Write,f4:db:00:00:00:d9,0x0021,0x07,07 08 01 00 00 03,6
old/hci_snoop_2025_11_21_07_45_17.cfa,786,2025-11-21T07:45:48.828Z,FFF5-Write,f4:db:00:00:00:d9,0x0021,0x07,07 0B 01 00 00 03,6
old/hci_snoop_2025_11_21_07_45_17.cfa,790,2025-11-21T07:45:49.111Z,FFF5-Write,f4:db:00:00:00:d9,0x0021,0x07,07 0E 01 00 00 03,6
old/hci_snoop_2025_11_21_07_45_17.cfa,794,2025-11-21T07:45:49.379Z,FFF5-Write,f4:db:00:00:00:d9,0x0021,0x07,07 11 01 00 00 03,6
old/hci_snoop_2025_11_21_07_45_17.cfa,798,2025-11-21T07:45:49.645Z,FFF5-Write,f4:db:00:00:00:d9,0x0021,0x07,07 14 01 00 00 03,6
old/hci_snoop_2025_11_21_07_45_17.cfa,802,2025-11-21T07:45:49.911Z,FFF5-Write,f4:db:00:00:00:d9,0x0021,0x07,07 17 01 00 00 03,6
old/hci_snoop_2025_11_21_07_45_17.cfa,806,2025-11-21T07:45:50.180Z,FFF5-Write,f4:db:00:00:00:d9,0x0021,0x07,07 1A 01 00 00 03,6
old/hci_snoop_2025_11_21_07_45_17.cfa,810,2025-11-21T07:45:50.461Z,FFF5-Write,f4:db:00:00:00:d9,0x0021,0x07,07 1D 01 00 00 03,6
old/hci_snoop_2025_11_21_07_45_17.cfa,814,2025-11-21T07:45:50.729Z,FFF5-Write,f4:db:00:00:00:d9,0x0021,0x07,07 20 01 00 00 03,6
old/hci_snoop_2025_11_21_07_45_17.cfa,818,2025-11-21T07:45:50.997Z,FFF5-Write,f4:db:00:00:00:d9,0x0021,0x07,07 23 01 00 00 03,6
old/hci_snoop_2025_11_21_07_45_17.cfa,822,2025-11-21T07:45:51.263Z,FFF5-Write,f4:db:00:00:00:d9,0x0021,0x07,07 26 01 00 00 03,6
old/hci_snoop_2025_11_21_07_45_17.cfa,826,2025-11-21T07:45:51.528Z,FFF5-Write,f4:db:00:00:00:d9,0x0021,0x07,07 29 01 00 00 03,6
old/hci_snoop_2025_11_21_07_45_17.cfa,830,2025-11-21T07:45:51.811Z,FFF5-Write,f4:db:00:00:00:d9,0x0021,0x07,07 2C 01 00 00 03,6
old/hci_snoop_2025_11_21_07_45_17.cfa,834,2025-11-21T07:45:52.080Z,FFF5-Write,f4:db:00:00:00:d9,0x0021,0x07,07 2F 01 00 00 03,6
old/hci_snoop_2025_11_21_07_45_17.cfa,838,2025-11-21T07:45:52.346Z,FFF5-Write,f4:db:00:00:00:d9,0x0021,0x07,07 32 01 00 00 03,6
old/hci_snoop_2025_11_21_07_45_17.cfa,842,2025-11-21T07:45:52.615Z,FFF5-Write,f4:db:00:00:00:d9,0x0021,0x07,07 35 01 00 00 03,6
old/hci_snoop_2025_11_21_07_45_17.cfa,846,2025-11-21T07:45:52.880Z,FFF5-Write,f4:db:00:00:00:d9,0x0021,0x07,07 38 01 00 00 03,6
old/hci_snoop_2025_11_21_07_45_17.cfa,850,2025-11-21T07:45:53.248Z,FFF5-Write,f4:db:00:00:00:d9,0x0021,0x07,07 3B 01 00 00 03,6
old/hci_snoop_2025_11_21_07_45_17.cfa,854,2025-11-21T07:45:53.513Z,FFF5-Write,f4:db:00:00:00:d9,0x0021,0x07,07 3E 01 00 00 03,6
old/hci_snoop_2025_11_21_07_45_17.cfa,858,2025-11-21T07:45:53.779Z,FFF5-Write,f4:db:00:00:00:d9,0x0021,0x07,07 41 01 00 00 03,6
old/hci_snoop_2025_11_21_07_45_17.cfa,862,2025-11-21T07:45:54.064Z,FFF5-Write,f4:db:00:00:00:d9,0x0021,0x07,07 44 01 00 00 03,6
old/hci_snoop_2025_11_21_07_45_17.cfa,866,2025-11-21T07:45:54.330Z,FFF5-Write,f4:db:00:00:00:d9,0x0021,0x07,07 47 01 00 00 03,6
old/hci_snoop_2025_11_21_07_45_17.cfa,870,2025-11-21T07:45:54.599Z,FFF5-Write,f4:db:00:00:00:d9,0x0021,0x07,07 4A 01 00 00 03,6
old/hci_snoop_2025_11_21_07_45_17.cfa,874,2025-11-21T07:45:54.963Z,FFF5-Write,f4:db:00:00:00:d9,0x0021,0x07,07 4D 01 00 00 03,6
old/hci_snoop_2025_11_21_07_45_17.cfa,878,2025-11-21T07:45:55.229Z,FFF5-Write,f4:db:00:00:00:d9,0x0021,0x07,07 50 01 00 00 03,6
old/hci_snoop_2025_11_21_07_45_17.cfa,882,2025-11-21T07:45:55.498Z,FFF5-Write,f4:db:00:00:00:d9,0x0021,0x07,07 53 01 00 00 03,6
old/hci_snoop_2025_11_21_07_45_17.cfa,886,2025-11-21T07:45:55.766Z,FFF5-Write,f4:db:00:00:00:d9,0x0021,0x07,07 56 01 00 00 03,6
old/hci_snoop_2025_11_21_07_45_17.cfa,890,2025-11-21T07:45:56.029Z,FFF5-Write,f4:db:00:00:00:d9,0x0021,0x07,07 59 01 00 00 03,6
old/hci_snoop_2025_11_21_07_45_17.cfa,894,2025-11-21T07:45:56.299Z,FFF5-Write,f4:db:00:00:00:d9,0x0021,0x07,07 5C 01 00 00 03,6
old/hci_snoop_2025_11_21_07_45_17.cfa,898,2025-11-21T07:45:56.579Z,FFF5-Write,f4:db:00:00:00:d9,0x0021,0x07,07 5F 01 00 00 03,6
old/hci_snoop_2025_11_21_07_45_17.cfa,902,2025-11-21T07:45:56.846Z,FFF5-Write,f4:db:00:00:00:d9,0x0021,0x07,07 62 01 00 00 03,6
old/hci_snoop_2025_11_21_07_45_17.cfa,906,2025-11-21T07:45:57.114Z,FFF5-Write,f4:db:00:00:00:d9,0x0021,0x07,07 65 01 00 00 03,6
old/hci_snoop_2025_11_21_07_45_17.cfa,910,2025-11-21T07:45:57.382Z,FFF5-Write,f4:db:00:00:00:d9,0x0021,0x07,07 68 01 00 00 03,6
old/hci_snoop_2025_11_21_07_45_17.cfa,914,2025-11-21T07:45:57.665Z,FFF5-Write,f4:db:00:00:00:d9,0x0021,0x07,07 6B 01 00 00 03,6
old/hci_snoop_2025_11_21_07_45_17.cfa,918,2025-11-21T07:45:58.015Z,FFF5-Write,f4:db:00:00:00:d9,0x0021,0x07,07 6E 01 00 00 03,6
old/hci_snoop_2025_11_21_07_45_17.cfa,922,2025-11-21T07:45:58.282Z,FFF5-Write,f4:db:00:00:00:d9,0x0021,0x07,07 71 01 00 00 03,6
old/hci_snoop_2025_11_21_07_45_17.cfa,926,2025-11-21T07:45:58.647Z,FFF5-Write,f4:db:00:00:00:d9,0x0021,0x07,07 74 01 00 00 03,6
old/hci_snoop_2025_11_21_07_45_17.cfa,930,2025-11-21T07:45:58.913Z,FFF5-Write,f4:db:00:00:00:d9,0x0021,0x07,07 77 01 00 00 03,6
old/hci_snoop_2025_11_21_07_45_17.cfa,934,2025-11-21T07:45:59.281Z,FFF5-Write,f4:db:00:00:00:d9,0x0021,0x07,07 7A 01 00 00 03,6
old/hci_snoop_2025_11_21_07_45_17.cfa,938,2025-11-21T07:45:59.549Z,FFF5-Write,f4:db:00:00:00:d9,0x0021,0x07,07 7D 01 00 00 03,6
old/hci_snoop_2025_11_21_07_45_17.cfa,942,2025-11-21T07:45:59.899Z,FFF5-Write,f4:db:00:00:00:d9,0x0021,0x07,07 80 01 00 00 03,6
old/hci_snoop_2025_11_21_07_45_17.cfa,946,2025-11-21T07:46:00.182Z,FFF5-Write,f4:db:00:00:00:d9,0x0021,0x07,07 83 01 00 00 03,6
old/hci_snoop_2025_11_21_07_45_17.cfa,950,2025-11-21T07:46:00.449Z,FFF5-Write,f4:db:00:00:00:d9,0x0021,0x07,07 86 01 00 00 03,6
old/hci_snoop_2025_11_21_07_45_17.cfa,954,2025-11-21T07:46:00.715Z,FFF5-Write,f4:db:00:00:00:d9,0x0021,0x07,07 89 01 00 00 03,6
old/hci_snoop_2025_11_21_07_45_17.cfa,958,2025-11-21T07:46:01.083Z,FFF5-Write,f4:db:00:00:00:d9,0x0021,0x07,07 8C 01 00 00 03,6
old/hci_snoop_2025_11_21_07_45_17.cfa,962,2025-11-21T07:46:01.350Z,FFF5-Write,f4:db:00:00:00:d9,0x0021,0x07,07 8F 01 00 00 03,6
old/hci_snoop_2025_11_21_07_45_17.cfa,966,2025-11-21T07:46:01.617Z,FFF5-Write,f4:db:00:00:00:d9,0x0021,0x07,07 92 01 00 00 03,6
old/hci_snoop_2025_11_21_07_45_17.cfa,970,2025-11-21T07:46:01.881Z,FFF5-Write,f4:db:00:00:00:d9,0x0021,0x07,07 95 01 00 00 03,6
old/hci_snoop_2025_11_21_07_45_17.cfa,974,2025-11-21T07:46:02.149Z,FFF5-Write,f4:db:00:00:00:d9,0x0021,0x07,07 98 01 00 00 03,6
old/hci_snoop_2025_11_21_07_45_17.cfa,978,2025-11-21T07:46:02.431Z,FFF5-Write,f4:db:00:00:00:d9,0x0021,0x07,07 9B 01 00 00 03,6
old/hci_snoop_2025_11_21_07_45_17.cfa,982,2025-11-21T07:46:02.699Z,FFF5-Write,f4:db:00:00:00:d9,0x0021,0x07,07 9E 01 00 00 03,6
old/hci_snoop_2025_11_21_07_45_17.cfa,986,2025-11-21T07:46:02.966Z,FFF5-Write,f4:db:00:00:00:d9,0x0021,0x07,07 A1 01 00 00 03,6
old/hci_snoop_2025_11_21_07_45_17.cfa,990,2025-11-21T07:46:03.232Z,FFF5-Write,f4:db:00:00:00:d9,0x0021,0x07,07 A4 01 00 00 03,6
old/hci_snoop_2025_11_21_07_45_17.cfa,994,2025-11-21T07:46:03.501Z,FFF5-Write,f4:db:00:00:00:d9,0x0021,0x07,07 A7 01 00 00 03,6
old/hci_snoop_2025_11_21_07_45_17.cfa,998,2025-11-21T07:46:03.782Z,FFF5-Write,f4:db:00:00:00:d9,0x0021,0x07,07 AA 01 00 00 03,6
old/hci_snoop_2025_11_21_07_45_17.cfa,1002,2025-11-21T07:46:04.049Z,FFF5-Write,f4:db:00:00:00:d9,0x0021,0x07,07 AD 01 00 00 03,6
old/hci_snoop_2025_11_21_07_45_17.cfa,1006,2025-11-21T07:46:04.317Z,FFF5-Write,f4:db:00:00:00:d9,0x0021,0x07,07 B0 01 00 00 03,6
old/hci_snoop_2025_11_21_07_45_17.cfa,1010,2025-11-21T07:46:04.583Z,FFF5-Write,f4:db:00:00:00:d9,0x0021,0x07,07 B3 01 00 00 03,6
old/hci_snoop_2025_11_21_07_45_17.cfa,1014,2025-11-21T07:46:04.851Z,FFF5-Write,f4:db:00:00:00:d9,0x0021,0x07,07 B6 01 00 00 03,6
old/hci_snoop_2025_11_21_07_45_17.cfa,1018,2025-11-21T07:46:05.132Z,FFF5-Write,f4:db:00:00:00:d9,0x0021,0x07,07 B9 01 00 00 03,6
old/hci_snoop_2025_11_21_07_45_17.cfa,1022,2025-11-21T07:46:05.400Z,FFF5-Write,f4:db:00:00:00:d9,0x0021,0x07,07 BC 01 00 00 03,6
old/hci_snoop_2025_11_21_07_45_17.cfa,1026,2025-11-21T07:46:05.667Z,FFF5-Write,f4:db:00:00:00:d9,0x0021,0x07,07 BF 01 00 00 03,6
old/hci_snoop_2025_11_21_07_45_17.cfa,1030,2025-11-21T07:46:05.935Z,FFF5-Write,f4:db:00:00:00:d9,0x0021,0x07,07 C2 01 00 00 03,6
old/hci_snoop_2025_11_21_07_45_17.cfa,1034,2025-11-21T07:46:06.198Z,FFF5-Write,f4:db:00:00:00:d9,0x0021,0x07,07 C5 01 00 00 03,6
old/hci_snoop_2025_11_21_07_45_17.cfa,1038,2025-11-21T07:46:06.483Z,FFF5-Write,f4:db:00:00:00:d9,0x0021,0x07,07 C8 01 00 00 03,6
old/hci_snoop_2025_11_21_07_45_17.cfa,1042,2025-11-21T07:46:06.749Z,FFF5-Write,f4:db:00:00:00:d9,0x0021,0x07,07 CB 01 00 00 03,6
old/hci_snoop_2025_11_21_07_45_17.cfa,1046,2025-11-21T07:46:07.015Z,FFF5-Write,f4:db:00:00:00:d9,0x0021,0x07,07 CE 01 00 00 03,6
old/hci_snoop_2025_11_21_07_45_17.cfa,1050,2025-11-21T07:46:07.283Z,FFF5-Write,f4:db:00:00:00:d9,0x0021,0x07,07 D1 01 00 00 03,6
old/hci_snoop_2025_11_21_07_45_17.cfa,1061,2025-11-21T07:46:07.549Z,FFF5-Write,f4:db:00:00:00:d9,0x0021,0x07,07 D4 01 00 00 03,6
old/hci_snoop_2025_11_21_07_45_17.cfa,1065,2025-11-21T07:46:07.834Z,FFF5-Write,f4:db:00:00:00:d9,0x0021,0x07,07 D7 01 00 00 03,6
old/hci_snoop_2025_11_21_07_45_17.cfa,1069,2025-11-21T07:46:08.103Z,FFF5-Write,f4:db:00:00:00:d9,0x0021,0x07,07 DA 01 00 00 03,6
old/hci_snoop_2025_11_21_07_45_17.cfa,1073,2025-11-21T07:46:08.366Z,FFF5-Write,f4:db:00:00:00:d9,0x0021,0x07,07 DD 01 00 00 03,6
old/hci_snoop_2025_11_21_07_45_17.cfa,1077,2025-11-21T07:46:08.632Z,FFF5-Write,f4:db:00:00:00:d9,0x0021,0x07,07 E0 01 00 00 03,6
old/hci_snoop_2025_11_21_07_45_17.cfa,1081,2025-11-21T07:46:08.900Z,FFF5-Write,f4:db:00:00:00:d9,0x0021,0x07,07 E3 01 00 00 03,6
old/hci_snoop_2025_11_21_07_45_17.cfa,1085,2025-11-21T07:46:09.168Z,FFF5-Write,f4:db:00:00:00:d9,0x0021,0x07,07 E6 01 00 00 03,6
old/hci_snoop_2025_11_21_07_45_17.cfa,1089,2025-11-21T07:46:09.449Z,FFF5-Write,f4:db:00:00:00:d9,0x0021,0x07,07 E9 01 00 00 03,6
old/hci_snoop_2025_11_21_07_45_17.cfa,1093,2025-11-21T07:46:09.716Z,FFF5-Write,f4:db:00:00:00:d9,0x0021,0x07,07 EC 01 00 00 03,6
old/hci_snoop_2025_11_21_07_45_17.cfa,1097,2025-11-21T07:46:09.985Z,FFF5-Write,f4:db:00:00:00:d9,0x0021,0x07,07 EF 01 00 00 03,6
old/hci_snoop_2025_11_21_07_45_17.cfa,1101,2025-11-21T07:46:10.253Z,FFF5-Write,f4:db:00:00:00:d9,0x0021,0x07,07 F2 01 00 00 03,6
old/hci_snoop_2025_11_21_07_45_17.cfa,1105,2025-11-21T07:46:10.515Z,FFF5-Write,f4:db:00:00:00:d9,0x0021,0x07,07 F5 01 00 00 03,6
old/hci_snoop_2025_11_21_07_45_17.cfa,1109,2025-11-21T07:46:10.806Z,FFF5-Write,f4:db:00:00:00:d9,0x0021,0x07,07 F8 01 00 00 03,6
old/hci_snoop_2025_11_21_07_45_17.cfa,1113,2025-11-21T07:46:11.068Z,FFF5-Write,f4:db:00:00:00:d9,0x0021,0x07,07 FB 01 00 00 03,6
old/hci_snoop_2025_11_21_07_45_17.cfa,1117,2025-11-21T07:46:11.333Z,FFF5-Write,f4:db:00:00:00:d9,0x0021,0x07,07 FE 01 00 00 03,6
old/hci_snoop_2025_11_21_07_45_17.cfa,1121,2025-11-21T07:46:11.601Z,FFF5-Write,f4:db:00:00:00:d9,0x0021,0x07,07 01 02 00 00 03,6
old/hci_snoop_2025_11_21_07_45_17.cfa,1125,2025-11-21T07:46:11.868Z,FFF5-Write,f4:db:00:00:00:d9,0x0021,0x07,07 04 02 00 00 03,6
old/hci_snoop_2025_11_21_07_45_17.cfa,1129,2025-11-21T07:46:12.151Z,FFF5-Write,f4:db:00:00:00:d9,0x0021,0x07,07 07 02 00 00 03,6
old/hci_snoop_2025_11_21_07_45_17.cfa,1134,2025-11-21T07:46:12.418Z,FFF5-Write,f4:db:00:00:00:d9,0x0021,0x07,07 0A 02 00 00 03,6
old/hci_snoop_2025_11_21_07_45_17.cfa,1138,2025-11-21T07:46:12.685Z,FFF5-Write,f4:db:00:00:00:d9,0x0021,0x07,07 0D 02 00 00 03,6
old/hci_snoop_2025_11_21_07_45_17.cfa,1142,2025-11-21T07:46:12.951Z,FFF5-Write,f4:db:00:00:00:d9,0x0021,0x07,07 10 02 00 00 03,6
old/hci_snoop_2025_11_21_07_45_17.cfa,1146,2025-11-21T07:46:13.320Z,FFF5-Write,f4:db:00:00:00:d9,0x0021,0x07,07 13 02 00 00 03,6
old/hci_snoop_2025_11_21_07_45_17.cfa,1150,2025-11-21T07:46:13.584Z,FFF5-Write,f4:db:00:00:00:d9,0x0021,0x07,07 16 02 00 00 03,6
old/hci_snoop_2025_11_21_07_45_17.cfa,1154,2025-11-21T07:46:13.852Z,FFF5-Write,f4:db:00:00:00:d9,0x0021,0x07,07 19 02 00 00 03,6
old/hci_snoop_2025_11_21_07_45_17.cfa,1158,2025-11-21T07:46:14.119Z,FFF5-Write,f4:db:00:00:00:d9,0x0021,0x07,07 1C 02 00 00 03,6
old/hci_snoop_2025_11_21_07_45_17.cfa,1162,2025-11-21T07:46:14.404Z,FFF5-Write,f4:db:00:00:00:d9,0x0021,0x07,07 1F 02 00 00 03,6
old/hci_snoop_2025_11_21_07_45_17.cfa,1166,2025-11-21T07:46:14.669Z,FFF5-Write,f4:db:00:00:00:d9,0x0021,0x07,07 22 02 00 00 03,6
old/hci_snoop_2025_11_21_07_45_17.cfa,1170,2025-11-21T07:46:14.937Z,FFF5-Write,f4:db:00:00:00:d9,0x0021,0x07,07 25 02 00 00 03,6
old/hci_snoop_2025_11_21_07_45_17.cfa,1174,2025-11-21T07:46:15.202Z,FFF5-Write,f4:db:00:00:00:d9,0x0021,0x07,07 28 02 00 00 03,6
old/hci_snoop_2025_11_21_07_45_17.cfa,1178,2025-11-21T07:46:15.470Z,FFF5-Write,f4:db:00:00:00:d9,0x0021,0x07,07 2B 02 00 00 03,6
old/hci_snoop_2025_11_21_07_45_17.cfa,1182,2025-11-21T07:46:15.752Z,FFF5-Write,f4:db:00:00:00:d9,0x0021,0x07,07 2E 02 00 00 03,6
old/hci_snoop_2025_11_21_07_45_17.cfa,1186,2025-11-21T07:46:16.017Z,FFF5-Write,f4:db:00:00:00:d9,0x0021,0x07,07 31 02 00 00 03,6
old/hci_snoop_2025_11_21_07_45_17.cfa,1190,2025-11-21T07:46:16.286Z,FFF5-Write,f4:db:00:00:00:d9,0x0021,0x07,07 34 02 00 00 03,6
old/hci_snoop_2025_11_21_07_45_17.cfa,1194,2025-11-21T07:46:16.553Z,FFF5-Write,f4:db:00:00:00:d9,0x0021,0x07,07 37 02 00 00 03,6
old/hci_snoop_2025_11_21_07_45_17.cfa,1198,2025-11-21T07:46:16.820Z,FFF5-Write,f4:db:00:00:00:d9,0x0021,0x07,07 3A 02 00 00 03,6
old/hci_snoop_2025_11_21_07_45_17.cfa,1203,2025-11-21T07:46:17.088Z,FFF5-Write,f4:db:00:00:00:d9,0x0021,0x07,07 3D 02 00 00 03,6
old/hci_snoop_2025_11_21_07_45_17.cfa,1207,2025-11-21T07:46:17.371Z,FFF5-Write,f4:db:00:00:00:d9,0x0021,0x07,07 40 02 00 00 03,6
old/hci_snoop_2025_11_21_07_45_17.cfa,1211,2025-11-21T07:46:17.636Z,FFF5-Write,f4:db:00:00:00:d9,0x0021,0x07,07 43 02 00 00 03,6
old/hci_snoop_2025_11_21_07_45_17.cfa,1215,2025-11-21T07:46:17.902Z,FFF5-Write,f4:db:00:00:00:d9,0x0021,0x07,07 46 02 00 00 03,6
old/hci_snoop_2025_11_21_07_45_17.cfa,1219,2025-11-21T07:46:18.169Z,FFF5-Write,f4:db:00:00:00:d9,0x0021,0x07,07 49 02 00 00 03,6
old/hci_snoop_2025_11_21_07_45_17.cfa,1223,2025-11-21T07:46:18.451Z,FFF5-Write,f4:db:00:00:00:d9,0x0021,0x07,07 4C 02 00 00 03,6
old/hci_snoop_2025_11_21_07_45_17.cfa,1228,2025-11-21T07:46:18.720Z,FFF5-Write,f4:db:00:00:00:d9,0x0021,0x07,07 4F 02 00 00 03,6
old/hci_snoop_2025_11_21_07_45_17.cfa,1233,2025-11-21T07:46:18.987Z,FFF5-Write,f4:db:00:00:00:d9,0x0021,0x07,07 52 02 00 00 03,6
old/hci_snoop_2025_11_21_07_45_17.cfa,1237,2025-11-21T07:46:19.253Z,FFF5-Write,f4:db:00:00:00:d9,0x0021,0x07,07 55 02 00 00 03,6
old/hci_snoop_2025_11_21_07_45_17.cfa,1241,2025-11-21T07:46:19.520Z,FFF5-Write,f4:db:00:00:00:d9,0x0021,0x07,07 58 02 00 00 03,6
old/hci_snoop_2025_11_21_07_45_17.cfa,1245,2025-11-21T07:46:19.803Z,FFF5-Write,f4:db:00:00:00:d9,0x0021,0x07,07 5B 02 00 00 03,6
old/hci_snoop_2025_11_21_07_45_17.cfa,1249,2025-11-21T07:46:20.068Z,FFF5-Write,f4:db:00:00:00:d9,0x0021,0x07,07 5E 02 00 00 03,6
old/hci_snoop_2025_11_21_07_45_17.cfa,1253,2025-11-21T07:46:20.336Z,FFF5-Write,f4:db:00:00:00:d9,0x0021,0x07,07 61 02 00 00 03,6
old/hci_snoop_2025_11_21_07_45_17.cfa,1257,2025-11-21T07:46:20.603Z,FFF5-Write,f4:db:00:00:00:d9,0x0021,0x07,07 64 02 00 00 03,6
old/hci_snoop_2025_11_21_07_45_17.cfa,1261,2025-11-21T07:46:20.870Z,FFF5-Write,f4:db:00:00:00:d9,0x0021,0x07,07 67 02 00 00 03,6
old/hci_snoop_2025_11_21_07_45_17.cfa,1265,2025-11-21T07:46:21.154Z,FFF5-Write,f4:db:00:00:00:d9,0x0021,0x07,07 6A 02 00 00 03,6
old/hci_snoop_2025_11_21_07_45_17.cfa,1269,2025-11-21T07:46:21.520Z,FFF5-Write,f4:db:00:00:00:d9,0x0021,0x07,07 6D 02 00 00 03,6
old/hci_snoop_2025_11_21_07_45_17.cfa,1273,2025-11-21T07:46:21.771Z,FFF5-Write,f4:db:00:00:00:d9,0x0021,0x07,07 70 02 00 00 03,6
old/hci_snoop_2025_11_21_07_45_17.cfa,1277,2025-11-21T07:46:22.040Z,FFF5-Write,f4:db:00:00:00:d9,0x0021,0x07,07 73 02 00 00 03,6
old/hci_snoop_2025_11_21_07_45_17.cfa,1281,2025-11-21T07:46:22.324Z,FFF5-Write,f4:db:00:00:00:d9,0x0021,0x07,07 76 02 00 00 03,6
old/hci_snoop_2025_11_21_07_45_17.cfa,1285,2025-11-21T07:46:22.589Z,FFF5-Write,f4:db:00:00:00:d9,0x0021,0x07,07 79 02 00 00 03,6
old/hci_snoop_2025_11_21_07_45_17.cfa,1289,2025-11-21T07:46:22.853Z,FFF5-Write,f4:db:00:00:00:d9,0x0021,0x07,07 7C 02 00 00 03,6
old/hci_snoop_2025_11_21_07_45_17.cfa,1293,2025-11-21T07:46:23.121Z,FFF5-Write,f4:db:00:00:00:d9,0x0021,0x07,07 7F 02 00 00 03,6
old/hci_snoop_2025_11_21_07_45_17.cfa,1297,2025-11-21T07:46:23.388Z,FFF5-Write,f4:db:00:00:00:d9,0x0021,0x07,07 82 02 00 00 03,6
old/hci_snoop_2025_11_21_07_45_17.cfa,1301,2025-11-21T07:46:23.671Z,FFF5-Write,f4:db:00:00:00:d9,0x0021,0x07,07 85 02 00 00 03,6
old/hci_snoop_2025_11_21_07_45_17.cfa,1306,2025-11-21T07:46:23.938Z,FFF5-Write,f4:db:00:00:00:d9,0x0021,0x07,07 88 02 00 00 03,6
old/hci_snoop_2025_11_21_07_45_17.cfa,1310,2025-11-21T07:46:24.204Z,FFF5-Write,f4:db:00:00:00:d9,0x0021,0x07,07 8B 02 00 00 03,6
old/hci_snoop_2025_11_21_07_45_17.cfa,1314,2025-11-21T07:46:24.472Z,FFF5-Write,f4:db:00:00:00:d9,0x0021,0x07,07 8E 02 00 00 03,6
old/hci_snoop_2025_11_21_07_45_17.cfa,1318,2025-11-21T07:46:24.740Z,FFF5-Write,f4:db:00:00:00:d9,0x0021,0x07,07 91 02 00 00 03,6
old/hci_snoop_2025_11_21_07_45_17.cfa,1322,2025-11-21T07:46:25.022Z,FFF5-Write,f4:db:00:00:00:d9,0x0021,0x07,07 94 02 00 00 03,6
old/hci_snoop_2025_11_21_07_45_17.cfa,1326,2025-11-21T07:46:25.288Z,FFF5-Write,f4:db:00:00:00:d9,0x0021,0x07,07 97 02 00 00 03,6
old/hci_snoop_2025_11_21_07_45_17.cfa,1330,2025-11-21T07:46:25.553Z,FFF5-Write,f4:db:00:00:00:d9,0x0021,0x07,07 9A 02 00 00 03,6
old/hci_snoop_2025_11_21_07_45_17.cfa,1334,2025-11-21T07:46:25.858Z,FFF5-Write,f4:db:00:00:00:d9,0x0021,0x07,07 9D 02 00 00 03,6
old/hci_snoop_2025_11_21_07_45_17.cfa,1338,2025-11-21T07:46:26.088Z,FFF5-Write,f4:db:00:00:00:d9,0x0021,0x07,07 A0 02 00 00 03,6
old/hci_snoop_2025_11_21_07_45_17.cfa,1348,2025-11-21T07:46:26.343Z,FFF5-Write,f4:db:00:00:00:d9,0x0021,0x07,07 A3 02 00 00 03,6
old/hci_snoop_2025_11_21_07_45_17.cfa,1352,2025-11-21T07:46:26.611Z,FFF5-Write,f4:db:00:00:00:d9,0x0021,0x07,07 A6 02 00 00 03,6
old/hci_snoop_2025_11_21_07_45_17.cfa,1356,2025-11-21T07:46:26.881Z,FFF5-Write,f4:db:00:00:00:d9,0x0021,0x07,07 A9 02 00 00 03,6
old/hci_snoop_2025_11_21_07_45_17.cfa,1360,2025-11-21T07:46:27.150Z,FFF5-Write,f4:db:00:00:00:d9,0x0021,0x07,07 AC 02 00 00 03,6
old/hci_snoop_2025_11_21_07_45_17.cfa,1364,2025-11-21T07:46:27.510Z,FFF5-Write,f4:db:00:00:00:d9,0x0021,0x07,07 AF 02 00 00 03,6
old/hci_snoop_2025_11_21_07_45_17.cfa,1368,2025-11-21T07:46:27.780Z,FFF5-Write,f4:db:00:00:00:d9,0x0021,0x07,07 B2 02 00 00 03,6
old/hci_snoop_2025_11_21_07_45_17.cfa,1373,2025-11-21T07:46:28.050Z,FFF5-Write,f4:db:00:00:00:d9,0x0021,0x07,07 B5 02 00 00 03,6
old/hci_snoop_2025_11_21_07_45_17.cfa,1377,2025-11-21T07:46:28.322Z,FFF5-Write,f4:db:00:00:00:d9,0x0021,0x07,07 B8 02 00 00 03,6
old/hci_snoop_2025_11_21_07_45_17.cfa,1381,2025-11-21T07:46:28.589Z,FFF5-Write,f4:db:00:00:00:d9,0x0021,0x07,07 BB 02 00 00 03,6
old/hci_snoop_2025_11_21_07_45_17.cfa,1385,2025-11-21T07:46:28.860Z,FFF5-Write,f4:db:00:00:00:d9,0x0021,0x07,07 BE 02 00 00 03,6
old/hci_snoop_2025_11_21_07_45_17.cfa,1389,2025-11-21T07:46:29.130Z,FFF5-Write,f4:db:00:00:00:d9,0x0021,0x07,07 C1 02 00 00 03,6
old/hci_snoop_2025_11_21_07_45_17.cfa,1393,2025-11-21T07:46:29.403Z,FFF5-Write,f4:db:00:00:00:d9,0x0021,0x07,07 C4 02 00 00 03,6
old/hci_snoop_2025_11_21_07_45_17.cfa,1397,2025-11-21T07:46:29.671Z,FFF5-Write,f4:db:00:00:00:d9,0x0021,0x07,07 C7 02 00 00 03,6
old/hci_snoop_2025_11_21_07_45_17.cfa,1401,2025-11-21T07:46:29.940Z,FFF5-Write,f4:db:00:00:00:d9,0x0021,0x07,07 CA 02 00 00 03,6
old/hci_snoop_2025_11_21_07_45_17.cfa,1405,2025-11-21T07:46:30.210Z,FFF5-Write,f4:db:00:00:00:d9,0x0021,0x07,07 CD 02 00 00 03,6
old/hci_snoop_2025_11_21_07_45_17.cfa,1409,2025-11-21T07:46:30.480Z,FFF5-Write,f4:db:00:00:00:d9,0x0021,0x07,07 D0 02 00 00 03,6
old/hci_snoop_2025_11_21_07_45_17.cfa,1413,2025-11-21T07:46:30.752Z,FFF5-Write,f4:db:00:00:00:d9,0x0021,0x07,07 D3 02 00 00 03,6
old/hci_snoop_2025_11_21_07_45_17.cfa,1417,2025-11-21T07:46:31.017Z,FFF5-Write,f4:db:00:00:00:d9,0x0021,0x07,07 D6 02 00 00 03,6
old/hci_snoop_2025_11_21_07_45_17.cfa,1421,2025-11-21T07:46:31.293Z,FFF5-Write,f4:db:00:00:00:d9,0x0021,0x07,07 D9 02 00 00 03,6
old/hci_snoop_2025_11_21_07_45_17.cfa,1425,2025-11-21T07:46:31.561Z,FFF5-Write,f4:db:00:00:00:d9,0x0021,0x07,07 DC 02 00 00 03,6
old/hci_snoop_2025_11_21_07_45_17.cfa,1429,2025-11-21T07:46:31.832Z,FFF5-Write,f4:db:00:00:00:d9,0x0021,0x07,07 DF 02 00 00 03,6
old/hci_snoop_2025_11_21_07_45_17.cfa,1433,2025-11-21T07:46:32.101Z,FFF5-Write,f4:db:00:00:00:d9,0x0021,0x07,07 E2 02 00 00 03,6
old/hci_snoop_2025_11_21_07_45_17.cfa,1437,2025-11-21T07:46:32.370Z,FFF5-Write,f4:db:00:00:00:d9,0x0021,0x07,07 E5 02 00 00 03,6
old/hci_snoop_2025_11_21_07_45_17.cfa,1441,2025-11-21T07:46:32.639Z,FFF5-Write,f4:db:00:00:00:d9,0x0021,0x07,07 E8 02 00 00 03,6
old/hci_snoop_2025_11_21_07_45_17.cfa,1445,2025-11-21T07:46:32.910Z,FFF5-Write,f4:db:00:00:00:d9,0x0021,0x07,07 EB 02 00 00 03,6
old/hci_snoop_2025_11_21_07_45_17.cfa,1449,2025-11-21T07:46:33.182Z,FFF5-Write,f4:db:00:00:00:d9,0x0021,0x07,07 EE 02 00 00 03,6
old/hci_snoop_2025_11_21_07_45_17.cfa,1453,2025-11-21T07:46:33.450Z,FFF5-Write,f4:db:00:00:00:d9,0x0021,0x07,07 F1 02 00 00 03,6
old/hci_snoop_2025_11_21_07_45_17.cfa,1457,2025-11-21T07:46:33.722Z,FFF5-Write,f4:db:00:00:00:d9,0x0021,0x07,07 F4 02 00 00 03,6
old/hci_snoop_2025_11_21_07_45_17.cfa,1461,2025-11-21T07:46:33.992Z,FFF5-Write,f4:db:00:00:00:d9,0x0021,0x07,07 F7 02 00 00 03,6
old/hci_snoop_2025_11_21_07_45_17.cfa,1465,2025-11-21T07:46:34.260Z,FFF5-Write,f4:db:00:00:00:d9,0x0021,0x07,07 FA 02 00 00 03,6
old/hci_snoop_2025_11_21_07_45_17.cfa,1469,2025-11-21T07:46:34.529Z,FFF5-Write,f4:db:00:00:00:d9,0x0021,0x07,07 FD 02 00 00 03,6
old/hci_snoop_2025_11_21_07_45_17.cfa,1474,2025-11-21T07:46:34.804Z,FFF5-Write,f4:db:00:00:00:d9,0x0021,0x07,07 00 03 00 00 03,6
old/hci_snoop_2025_11_21_07_45_17.cfa,1478,2025-11-21T07:46:35.159Z,FFF5-Write,f4:db:00:00:00:d9,0x0021,0x07,07 03 03 00 00 03,6
old/hci_snoop_2025_11_21_07_45_17.cfa,1482,2025-11-21T07:46:35.431Z,FFF5-Write,f4:db:00:00:00:d9,0x0021,0x07,07 06 03 00 00 03,6
old/hci_snoop_2025_11_21_07_45_17.cfa,1486,2025-11-21T07:46:35.700Z,FFF5-Write,f4:db:00:00:00:d9,0x0021,0x07,07 09 03 00 00 03,6
old/hci_snoop_2025_11_21_07_45_17.cfa,1490,2025-11-21T07:46:35.970Z,FFF5-Write,f4:db:00:00:00:d9,0x0021,0x07,07 0C 03 00 00 03,6
old/hci_snoop_2025_11_21_07_45_17.cfa,1494,2025-11-21T07:46:36.242Z,FFF5-Write,f4:db:00:00:00:d9,0x0021,0x07,07 0F 03 00 00 03,6
old/hci_snoop_2025_11_21_07_45_17.cfa,1498,2025-11-21T07:46:36.513Z,FFF5-Write,f4:db:00:00:00:d9,0x0021,0x07,07 12 03 00 00 03,6
old/hci_snoop_2025_11_21_07_45_17.cfa,1502,2025-11-21T07:46:36.781Z,FFF5-Write,f4:db:00:00:00:d9,0x0021,0x07,07 15 03 00 00 03,6
old/hci_snoop_2025_11_21_07_45_17.cfa,1506,2025-11-21T07:46:37.052Z,FFF5-Write,f4:db:00:00:00:d9,0x0021,0x07,07 18 03 00 00 03,6
old/hci_snoop_2025_11_21_07_45_17.cfa,1510,2025-11-21T07:46:37.321Z,FFF5-Write,f4:db:00:00:00:d9,0x0021,0x07,07 1B 03 00 00 03,6
old/hci_snoop_2025_11_21_07_45_17.cfa,1514,2025-11-21T07:46:37.592Z,FFF5-Write,f4:db:00:00:00:d9,0x0021,0x07,07 1E 03 00 00 03,6
old/hci_snoop_2025_11_21_07_45_17.cfa,1518,2025-11-21T07:46:37.951Z,FFF5-Write,f4:db:00:00:00:d9,0x0021,0x07,07 21 03 00 00 03,6
old/hci_snoop_2025_11_21_07_45_17.cfa,1522,2025-11-21T07:46:38.223Z,FFF5-Write,f4:db:00:00:00:d9,0x0021,0x07,07 24 03 00 00 03,6
old/hci_snoop_2025_11_21_07_45_17.cfa,1526,2025-11-21T07:46:38.490Z,FFF5-Write,f4:db:00:00:00:d9,0x0021,0x07,07 27 03 00 00 03,6
old/hci_snoop_2025_11_21_07_45_17.cfa,1530,2025-11-21T07:46:38.760Z,FFF5-Write,f4:db:00:00:00:d9,0x0021,0x07,07 2A 03 00 00 03,6
old/hci_snoop_2025_11_21_07_45_17.cfa,1534,2025-11-21T07:46:39.032Z,FFF5-Write,f4:db:00:00:00:d9,0x0021,0x07,07 2D 03 00 00 03,6
old/hci_snoop_2025_11_21_07_45_17.cfa,1538,2025-11-21T07:46:39.301Z,FFF5-Write,f4:db:00:00:00:d9,0x0021,0x07,07 30 03 00 00 03,6
old/hci_snoop_2025_11_21_07_45_17.cfa,1542,2025-11-21T07:46:39.569Z,FFF5-Write,f4:db:00:00:00:d9,0x0021,0x07,07 33 03 00 00 01,6
old/hci_snoop_2025_11_21_07_45_17.cfa,1755,2025-11-21T07:50:13.217Z,FFF5-Write,f4:db:00:00:00:d9,0x0021,0x1A,1A,1
old/hci_snoop_2025_11_21_07_45_17.cfa,420,2025-11-21T07:45:26.619Z,FFF3-Notify,f4:db:00:00:00:d9,0x0024,0x01,01 34 03 00 00 03 6B 01 6D 01 6F 01 FD 03 F6 03 F2 03 00 00,20
old/hci_snoop_2025_11_21_07_45_17.cfa,426,2025-11-21T07:45:26.711Z,FFF3-Notify,f4:db:00:00:00:d9,0x0024,0x07,07 00 00 00 00 03 81 01 7B 01 79 01 B4 03 BC 03 CB 03 00 00,20
old/hci_snoop_2025_11_21_07_45_17.cfa,430,2025-11-21T07:45:26.890Z,FFF3-Notify,f4:db:00:00:00:d9,0x0024,0x07,07 03 00 00 00 03 74 01 67 01 5A 01 C0 03 CE 03 EF 03 00 00,20
old/hci_snoop_2025_11_21_07_45_17.cfa,434,2025-11-21T07:45:27.070Z,FFF3-Notify,f4:db:00:00:00:d9,0x0024,0x07,07 06 00 00 00 03 53 01 77 01 5C 01 04 04 BD 03 F4 03 00 00,20
old/hci_snoop_2025_11_21_07_45_17.cfa,438,2025-11-21T07:45:27.252Z,FFF3-Notify,f4:db:00:00:00:d9,0x0024,0x07,07 09 00 00 00 03 62 01 65 01 69 01 F0 03 E9 03 E4 03 00 00,20
old/hci_snoop_2025_11_21_07_45_17.cfa,442,2025-11-21T07:45:27.431Z,FFF3-Notify,f4:db:00:00:00:d9,0x0024,0x07,07 0C 00 00 00 03 6B 01 6E 01 6F 01 DE 03 D9 03 DC 03 00 00,20
old/hci_snoop_2025_11_21_07_45_17.cfa,446,2025-11-21T07:45:27.610Z,FFF3-Notify,f4:db:00:00:00:d9,0x0024,0x07,07 0F 00 00 00 03 71 01 72 01 6C 01 D3 03 CF 03 D5 03 00 00,20
old/hci_snoop_2025_11_21_07_45_17.cfa,450,2025-11-21T07:45:27.791Z,FFF3-Notify,f4:db:00:00:00:d9,0x0024,0x07,07 12 00 00 00 03 67 01 63 01 60 01 E1 03 E9 03 F1 03 00 00,20
old/hci_snoop_2025_11_21_07_45_17.cfa,454,2025-11-21T07:45:27.972Z,FFF3-Notify,f4:db:00:00:00:d9,0x0024,0x07,07 15 00 00 00 03 5D 01 5A 01 58 01 F9 03 00 04 06 04 00 00,20
old/hci_snoop_2025_11_21_07_45_17.cfa,458,2025-11-21T07:45:28.150Z,FFF3-Notify,f4:db:00:00:00:d9,0x0024,0x07,07 18 00 00 00 03 56 01 54 01 53 01 0B 04 0E 04 11 04 00 00,20
old/hci_snoop_2025_11_21_07_45_17.cfa,462,2025-11-21T07:45:28.376Z,FFF3-Notify,f4:db:00:00:00:d9,0x0024,0x07,07 1B 00 00 00 03 52 01 51 01 50 01 13 04 15 04 18 04 00 00,20
old/hci_snoop_2025_11_21_07_45_17.cfa,466,2025-11-21T07:45:28.555Z,FFF3-Notify,f4:db:00:00:00:d9,0x0024,0x07,07 1E 00 00 00 03 4F 01 4F 01 4E 01 19 04 1B 04 1D 04 00 00,20
old/hci_snoop_2025_11_21_07_45_17.cfa,470,2025-11-21T07:45:28.736Z,FFF3-Notify,f4:db:00:00:00:d9,0x0024,0x07,07 21 00 00 00 03 4D 01 4C 01 4C 01 1F 04 20 04 21 04 00 00,20
old/hci_snoop_2025_11_21_07_45_17.cfa,474,2025-11-21T07:45:28.915Z,FFF3-Notify,f4:db:00:00:00:d9,0x0024,0x07,07 24 00 00 00 03 4B 01 4B 01 4B 01 22 04 24 04 25 04 00 00,20
old/hci_snoop_2025_11_21_07_45_17.cfa,478,2025-11-21T07:45:29.095Z,FFF3-Notify,f4:db:00:00:00:d9,0x0024,0x07,07 27 00 00 00 03 4A 01 49 01 49 01 26 04 27 04 28 04 00 00,20
old/hci_snoop_2025_11_21_07_45_17.cfa,482,2025-11-21T07:45:29.280Z,FFF3-Notify,f4:db:00:00:00:d9,0x0024,0x07,07 2A 00 00 00 03 49 01 48 01 48 01 28 04 28 04 29 04 00 00,20
old/hci_snoop_2025_11_21_07_45_17.cfa,486,2025-11-21T07:45:29.455Z,FFF3-Notify,f4:db:00:00:00:d9,0x0024,0x07,07 2D 00 00 00 03 47 01 47 01 47 01 29 04 29 04 2A 04 00 00,20
old/hci_snoop_2025_11_21_07_45_17.cfa,490,2025-11-21T07:45:29.636Z,FFF3-Notify,f4:db:00:00:00:d9,0x0024,0x07,07 30 00 00 00 03 46 01 46 01 46 01 2B 04 2B 04 2C 04 00 00,20
old/hci_snoop_2025_11_21_07_45_17.cfa,494,2025-11-21T07:45:29.815Z,FFF3-Notify,f4:db:00:00:00:d9,0x0024,0x07,07 33 00 00 00 03 46 01 46 01 45 01 2D 04 2D 04 2E 04 00 00,20
old/hci_snoop_2025_11_21_07_45_17.cfa,498,2025-11-21T07:45:29.995Z,FFF3-Notify,f4:db:00:00:00:d9,0x0024,0x07,07 36 00 00 00 03 45 01 45 01 45 01 30 04 31 04 32 04 00 00,20
old/hci_snoop_2025_11_21_07_45_17.cfa,502,2025-11-21T07:45:30.175Z,FFF3-Notify,f4:db:00:00:00:d9,0x0024,0x07,07 39 00 00 00 03 44 01 44 01 45 01 33 04 35 04 3D 04 00 00,20
old/hci_snoop_2025_11_21_07_45_17.cfa,506,2025-11-21T07:45:30.400Z,FFF3-Notify,f4:db:00:00:00:d9,0x0024,0x07,07 3C 00 00 00 03 44 01 44 01 43 01 3F 04 40 04 41 04 00 00,20
old/hci_snoop_2025_11_21_07_45_17.cfa,514,2025-11-21T07:45:30.580Z,FFF3-Notify,f4:db:00:00:00:d9,0x0024,0x07,07 3F 00 00 00 03 43 01 43 01 43 01 42 04 44 04 45 04 00 00,20
old/hci_snoop_2025_11_21_07_45_17.cfa,518,2025-11-21T07:45:30.760Z,FFF3-Notify,f4:db:00:00:00:d9,0x0024,0x07,07 42 00 00 00 03 43 01 43 01 43 01 47 04 48 04 4A 04 00 00,20
old/hci_snoop_2025_11_21_07_45_17.cfa,522,2025-11-21T07:45:30.986Z,FFF3-Notify,f4:db:00:00:00:d9,0x0024,0x07,07 45 00 00 00 03 42 01 42 01 42 01 4B 04 4C 04 4C 04 00 00,20
old/hci_snoop_2025_11_21_07_45_17.cfa,527,2025-11-21T07:45:31.256Z,FFF3-Notify,f4:db:00:00:00:d9,0x0024,0x07,07 48 00 00 00 03 42 01 42 01 42 01 4E 04 4F 04 50 04 00 00,20
old/hci_snoop_2025_11_21_07_45_17.cfa,531,2025-11-21T07:45:31.526Z,FFF3-Notify,f4:db:00:00:00:d9,0x0024,0x07,07 4B 00 00 00 03 42 01 42 01 42 01 52 04 53 04 54 04 00 00,20
old/hci_snoop_2025_11_21_07_45_17.cfa,535,2025-11-21T07:45:31.795Z,FFF3-Notify,f4:db:00:00:00:d9,0x0024,0x07,07 4E 00 00 00 03 42 01 42 01 41 01 54 04 55 04 56 04 00 00,20
old/hci_snoop_2025_11_21_07_45_17.cfa,539,2025-11-21T07:45:32.065Z,FFF3-Notify,f4:db:00:00:00:d9,0x0024,0x07,07 51 00 00 00 03 42 01 41 01 41 01 57 04 58 04 58 04 00 00,20
old/hci_snoop_2025_11_21_07_45_17.cfa,543,2025-11-21T07:45:32.335Z,FFF3-Notify,f4:db:00:00:00:d9,0x0024,0x07,07 54 00 00 00 03 41 01 41 01 41 01 5A 04 5A 04 5B 04 00 00,20
old/hci_snoop_2025_11_21_07_45_17.cfa,547,2025-11-21T07:45:32.606Z,FFF3-Notify,f4:db:00:00:00:d9,0x0024,0x07,07 57 00 00 00 03 41 01 41 01 41 01 5C 04 5D 04 5E 04 00 00,20
old/hci_snoop_2025_11_21_07_45_17.cfa,551,2025-11-21T07:45:32.876Z,FFF3-Notify,f4:db:00:00:00:d9,0x0024,0x07,07 5A 00 00 00 03 41 01 41 01 41 01 5F 04 5F 04 5F 04 00 00,20
old/hci_snoop_2025_11_21_07_45_17.cfa,555,2025-11-21T07:45:33.146Z,FFF3-Notify,f4:db:00:00:00:d9,0x0024,0x07,07 5D 00 00 00 03 41 01 41 01 41 01 60 04 61 04 61 04 00 00,20
old/hci_snoop_2025_11_21_07_45_17.cfa,559,2025-11-21T07:45:33.416Z,FFF3-Notify,f4:db:00:00:00:d9,0x0024,0x07,07 60 00 00 00 03 41 01 41 01 40 01 62 04 62 04 63 04 00 00,20
old/hci_snoop_2025_11_21_07_45_17.cfa,563,2025-11-21T07:45:33.685Z,FFF3-Notify,f4:db:00:00:00:d9,0x0024,0x07,07 63 00 00 00 03 40 01 41 01 40 01 63 04 64 04 65 04 00 00,20
old/hci_snoop_2025_11_21_07_45_17.cfa,567,2025-11-21T07:45:34.046Z,FFF3-Notify,f4:db:00:00:00:d9,0x0024,0x07,07 66 00 00 00 03 40 01 40 01 40 01 65 04 66 04 66 04 00 00,20
old/hci_snoop_2025_11_21_07_45_17.cfa,571,2025-11-21T07:45:34.316Z,FFF3-Notify,f4:db:00:00:00:d9,0x0024,0x07,07 69 00 00 00 03 40 01 40 01 40 01 67 04 67 04 68 04 00 00,20
old/hci_snoop_2025_11_21_07_45_17.cfa,575,2025-11-21T07:45:34.585Z,FFF3-Notify,f4:db:00:00:00:d9,0x0024,0x07,07 6C 00 00 00 03 40 01 40 01 40 01 68 04 68 04 69 04 00 00,20
old/hci_snoop_2025_11_21_07_45_17.cfa,579,2025-11-21T07:45:34.855Z,FFF3-Notify,f4:db:00:00:00:d9,0x0024,0x07,07 6F 00 00 00 03 40 01 40 01 40 01 6A 04 69 04 6A 04 00 00,20
old/hci_snoop_2025_11_21_07_45_17.cfa,583,2025-11-21T07:45:35.125Z,FFF3-Notify,f4:db:00:00:00:d9,0x0024,0x07,07 72 00 00 00 03 40 01 40 01 40 01 6B 04 6C 04 6C 04 00 00,20
old/hci_snoop_2025_11_21_07_45_17.cfa,587,2025-11-21T07:45:35.395Z,FFF3-Notify,f4:db:00:00:00:d9,0x0024,0x07,07 75 00 00 00 03 40 01 40 01 40 01 6E 04 6E 04 6F 04 00 00,20
old/hci_snoop_2025_11_21_07_45_17.cfa,591,2025-11-21T07:45:35.665Z,FFF3-Notify,f4:db:00:00:00:d9,0x0024,0x07,07 78 00 00 00 03 40 01 40 01 40 01 6E 04 6F 04 6F 04 00 00,20
old/hci_snoop_2025_11_21_07_45_17.cfa,595,2025-11-21T07:45:35.935Z,FFF3-Notify,f4:db:00:00:00:d9,0x0024,0x07,07 7B 00 00 00 03 40 01 40 01 3B 01 6F 04 6F 04 F2 03 00 00,20
old/hci_snoop_2025_11_21_07_45_17.cfa,599,2025-11-21T07:45:36.206Z,FFF3-Notify,f4:db:00:00:00:d9,0x0024,0x07,07 7E 00 00 00 03 3A 01 3B 01 3C 01 0A 04 28 04 2E 04 00 00,20
old/hci_snoop_2025_11_21_07_45_17.cfa,603,2025-11-21T07:45:36.566Z,FFF3-Notify,f4:db:00:00:00:d9,0x0024,0x07,07 81 00 00 00 03 3C 01 3C 01 3D 01 35 04 3B 04 3F 04 00 00,20
old/hci_snoop_2025_11_21_07_45_17.cfa,607,2025-11-21T07:45:36.745Z,FFF3-Notify,f4:db:00:00:00:d9,0x0024,0x07,07 84 00 00 00 03 3F 01 3F 01 39 01 48 04 48 04 62 04 00 00,20
old/hci_snoop_2025_11_21_07_45_17.cfa,611,2025-11-21T07:45:37.016Z,FFF3-Notify,f4:db:00:00:00:d9,0x0024,0x07,07 87 00 00 00 03 36 01 37 01 38 01 76 04 7C 04 80 04 00 00,20
old/hci_snoop_2025_11_21_07_45_17.cfa,615,2025-11-21T07:45:37.285Z,FFF3-Notify,f4:db:00:00:00:d9,0x0024,0x07,07 8A 00 00 00 03 3A 01 3C 01 3F 01 81 04 85 04 81 04 00 00,20
old/hci_snoop_2025_11_21_07_45_17.cfa,619,2025-11-21T07:45:37.555Z,FFF3-Notify,f4:db:00:00:00:d9,0x0024,0x07,07 8D 00 00 00 03 40 01 41 01 46 01 7F 04 83 04 7A 04 00 00,20
old/hci_snoop_2025_11_21_07_45_17.cfa,623,2025-11-21T07:45:37.825Z,FFF3-Notify,f4:db:00:00:00:d9,0x0024,0x07,07 90 00 00 00 03 4B 01 4D 01 4D 01 72 04 65 04 5E 04 00 00,20
old/hci_snoop_2025_11_21_07_45_17.cfa,627,2025-11-21T07:45:38.096Z,FFF3-Notify,f4:db:00:00:00:d9,0x0024,0x07,07 93 00 00 00 03 4D 01 4D 01 4C 01 59 04 58 04 58 04 00 00,20
old/hci_snoop_2025_11_21_07_45_17.cfa,631,2025-11-21T07:45:38.365Z,FFF3-Notify,f4:db:00:00:00:d9,0x0024,0x07,07 96 00 00 00 03 4C 01 4C 01 4B 01 57 04 56 04 57 04 00 00,20
old/hci_snoop_2025_11_21_07_45_17.cfa,635,2025-11-21T07:45:38.636Z,FFF3-Notify,f4:db:00:00:00:d9,0x0024,0x07,07 99 00 00 00 03 4A 01 4A 01 49 01 5A 04 5A 04 5B 04 00 00,20
old/hci_snoop_2025_11_21_07_45_17.cfa,639,2025-11-21T07:45:38.908Z,FFF3-Notify,f4:db:00:00:00:d9,0x0024,0x07,07 9C 00 00 00 03 48 01 48 01 47 01 5C 04 5D 04 5C 04 00 00,20
old/hci_snoop_2025_11_21_07_45_17.cfa,643,2025-11-21T07:45:39.176Z,FFF3-Notify,f4:db:00:00:00:d9,0x0024,0x07,07 9F 00 00 00 03 47 01 46 01 46 01 5C 04 5C 04 59 04 00 00,20
old/hci_snoop_2025_11_21_07_45_17.cfa,647,2025-11-21T07:45:39.536Z,FFF3-Notify,f4:db:00:00:00:d9,0x0024,0x07,07 A2 00 00 00 03 45 01 44 01 43 01 4D 04 3F 04 36 04 00 00,20
old/hci_snoop_2025_11_21_07_45_17.cfa,651,2025-11-21T07:45:39.717Z,FFF3-Notify,f4:db:00:00:00:d9,0x0024,0x07,07 A5 00 00 00 03 43 01 42 01 41 01 2A 04 29 04 23 04 00 00,20
old/hci_snoop_2025_11_21_07_45_17.cfa,655,2025-11-21T07:45:39.985Z,FFF3-Notify,f4:db:00:00:00:d9,0x0024,0x07,07 A8 00 00 00 03 41 01 40 01 40 01 21 04 18 04 11 04 00 00,20
old/hci_snoop_2025_11_21_07_45_17.cfa,659,2025-11-21T07:45:40.257Z,FFF3-Notify,f4:db:00:00:00:d9,0x0024,0x07,07 AB 00 00 00 03 3F 01 3F 01 3E 01 0B 04 01 04 F9 03 00 00,20
old/hci_snoop_2025_11_21_07_45_17.cfa,663,2025-11-21T07:45:40.526Z,FFF3-Notify,f4:db:00:00:00:d9,0x0024,0x07,07 AE 00 00 00 03 3D 01 3D 01 3C 01 F9 03 F0 03 F0 03 00 00,20
old/hci_snoop_2025_11_21_07_45_17.cfa,667,2025-11-21T07:45:40.796Z,FFF3-Notify,f4:db:00:00:00:d9,0x0024,0x07,07 B1 00 00 00 03 3C 01 3B 01 3B 01 E2 03 D6 03 CF 03 00 00,20
old/hci_snoop_2025_11_21_07_45_17.cfa,671,2025-11-21T07:45:41.066Z,FFF3-Notify,f4:db:00:00:00:d9,0x0024,0x07,07 B4 00 00 00 03 3A 01 3A 01 3A 01 E4 03 ED 03 F3 03 00 00,20
old/hci_snoop_2025_11_21_07_45_17.cfa,675,2025-11-21T07:45:41.336Z,FFF3-Notify,f4:db:00:00:00:d9,0x0024,0x07,07 B7 00 00 00 03 3A 01 3A 01 39 01 FA 03 01 04 07 04 00 00,20
old/hci_snoop_2025_11_21_07_45_17.cfa,679,2025-11-21T07:45:41.608Z,FFF3-Notify,f4:db:00:00:00:d9,0x0024,0x07,07 BA 00 00 00 03 39 01 39 01 39 01 0D 04 11 04 13 04 00 00,20
old/hci_snoop_2025_11_21_07_45_17.cfa,683,2025-11-21T07:45:41.875Z,FFF3-Notify,f4:db:00:00:00:d9,0x0024,0x07,07 BD 00 00 00 03 39 01 3A 01 39 01 17 04 1D 04 22 04 00 00,20
old/hci_snoop_2025_11_21_07_45_17.cfa,687,2025-11-21T07:45:42.148Z,FFF3-Notify,f4:db:00:00:00:d9,0x0024,0x07,07 C0 00 00 00 03 3A 01 39 01 3A 01 26 04 2A 04 2D 04 00 00,20
old/hci_snoop_2025_11_21_07_45_17.cfa,691,2025-11-21T07:45:42.416Z,FFF3-Notify,f4:db:00:00:00:d9,0x0024,0x07,07 C3 00 00 00 03 3A 01 3A 01 3A 01 31 04 34 04 37 04 00 00,20
old/hci_snoop_2025_11_21_07_45_17.cfa,695,2025-11-21T07:45:42.686Z,FFF3-Notify,f4:db:00:00:00:d9,0x0024,0x07,07 C6 00 00 00 03 3A 01 3A 01 3A 01 3A 04 3D 04 3F 04 00 00,20
old/hci_snoop_2025_11_21_07_45_17.cfa,699,2025-11-21T07:45:42.957Z,FFF3-Notify,f4:db:00:00:00:d9,0x0024,0x07,07 C9 00 00 00 03 3A 01 3A 01 3A 01 42 04 44 04 47 04 00 00,20
old/hci_snoop_2025_11_21_07_45_17.cfa,703,2025-11-21T07:45:43.226Z,FFF3-Notify,f4:db:00:00:00:d9,0x0024,0x07,07 CC 00 00 00 03 3A 01 3A 01 3A 01 49 04 4B 04 4D 04 00 00,20
old/hci_snoop_2025_11_21_07_45_17.cfa,707,2025-11-21T07:45:43.496Z,FFF3-Notify,f4:db:00:00:00:d9,0x0024,0x07,07 CF 00 00 00 03 3A 01 3A 01 3A 01 4E 04 4F 04 51 04 00 00,20
old/hci_snoop_2025_11_21_07_45_17.cfa,711,2025-11-21T07:45:43.768Z,FFF3-Notify,f4:db:00:00:00:d9,0x0024,0x07,07 D2 00 00 00 03 3B 01 3B 01 3B 01 53 04 55 04 56 04 00 00,20
old/hci_snoop_2025_11_21_07_45_17.cfa,715,2025-11-21T07:45:44.036Z,FFF3-Notify,f4:db:00:00:00:d9,0x0024,0x07,07 D5 00 00 00 03 3B 01 3B 01 3B 01 57 04 58 04 59 04 00 00,20
old/hci_snoop_2025_11_21_07_45_17.cfa,719,2025-11-21T07:45:44.308Z,FFF3-Notify,f4:db:00:00:00:d9,0x0024,0x07,07 D8 00 00 00 03 3B 01 3B 01 3B 01 5A 04 5B 04 5C 04 00 00,20
old/hci_snoop_2025_11_21_07_45_17.cfa,724,2025-11-21T07:45:44.577Z,FFF3-Notify,f4:db:00:00:00:d9,0x0024,0x07,07 DB 00 00 00 03 3B 01 3B 01 3B 01 5D 04 5E 04 5F 04 00 00,20
old/hci_snoop_2025_11_21_07_45_17.cfa,728,2025-11-21T07:45:44.846Z,FFF3-Notify,f4:db:00:00:00:d9,0x0024,0x07,07 DE 00 00 00 03 3B 01 3B 01 3B 01 60 04 61 04 61 04 00 00,20
old/hci_snoop_2025_11_21_07_45_17.cfa,732,2025-11-21T07:45:45.116Z,FFF3-Notify,f4:db:00:00:00:d9,0x0024,0x07,07 E1 00 00 00 03 3B 01 3B 01 3B 01 63 04 63 04 64 04 00 00,20
old/hci_snoop_2025_11_21_07_45_17.cfa,736,2025-11-21T07:45:45.386Z,FFF3-Notify,f4:db:00:00:00:d9,0x0024,0x07,07 E4 00 00 00 03 3B 01 3B 01 3B 01 65 04 66 04 66 04 00 00,20
old/hci_snoop_2025_11_21_07_45_17.cfa,740,2025-11-21T07:45:45.655Z,FFF3-Notify,f4:db:00:00:00:d9,0x0024,0x07,07 E7 00 00 00 03 3B 01 3B 01 3A 01 67 04 68 04 69 04 00 00,20
old/hci_snoop_2025_11_21_07_45_17.cfa,744,2025-11-21T07:45:45.925Z,FFF3-Notify,f4:db:00:00:00:d9,0x0024,0x07,07 EA 00 00 00 03 3A 01 3B 01 3A 01 6A 04 6B 04 6A 04 00 00,20
old/hci_snoop_2025_11_21_07_45_17.cfa,748,2025-11-21T07:45:46.196Z,FFF3-Notify,f4:db:00:00:00:d9,0x0024,0x07,07 ED 00 00 00 03 3A 01 3B 01 3C 01 6A 04 6C 04 6B 04 00 00,20
old/hci_snoop_2025_11_21_07_45_17.cfa,752,2025-11-21T07:45:46.465Z,FFF3-Notify,f4:db:00:00:00:d9,0x0024,0x07,07 F0 00 00 00 03 3E 01 40 01 41 01 68 04 64 04 5F 04 00 00,20
old/hci_snoop_2025_11_21_07_45_17.cfa,756,2025-11-21T07:45:46.736Z,FFF3-Notify,f4:db:00:00:00:d9,0x0024,0x07,07 F3 00 00 00 03 43 01 44 01 45 01 5C 04 58 04 56 04 00 00,20
old/hci_snoop_2025_11_21_07_45_17.cfa,760,2025-11-21T07:45:47.005Z,FFF3-Notify,f4:db:00:00:00:d9,0x0024,0x07,07 F6 00 00 00 03 47 01 48 01 4A 01 56 04 53 04 4D 04 00 00,20
old/hci_snoop_2025_11_21_07_45_17.cfa,764,2025-11-21T07:45:47.277Z,FFF3-Notify,f4:db:00:00:00:d9,0x0024,0x07,07 F9 00 00 00 03 4C 01 51 01 4F 01 48 04 3D 04 41 04 00 00,20
old/hci_snoop_2025_11_21_07_45_17.cfa,768,2025-11-21T07:45:47.552Z,FFF3-Notify,f4:db:00:00:00:d9,0x0024,0x07,07 FC 00 00 00 03 4F 01 4F 01 4F 01 41 04 3F 04 3F 04 00 00,20
old/hci_snoop_2025_11_21_07_45_17.cfa,772,2025-11-21T07:45:47.815Z,FFF3-Notify,f4:db:00:00:00:d9,0x0024,0x07,07 FF 00 00 00 03 50 01 50 01 50 01 3F 04 3D 04 3C 04 00 00,20
old/hci_snoop_2025_11_21_07_45_17.cfa,776,2025-11-21T07:45:48.086Z,FFF3-Notify,f4:db:00:00:00:d9,0x0024,0x07,07 02 01 00 00 03 51 01 52 01 53 01 3C 04 3F 04 37 04 00 00,20
old/hci_snoop_2025_11_21_07_45_17.cfa,780,2025-11-21T07:45:48.356Z,FFF3-Notify,f4:db:00:00:00:d9,0x0024,0x07,07 05 01 00 00 03 54 01 54 01 55 01 36 04 31 04 31 04 00 00,20
old/hci_snoop_2025_11_21_07_45_17.cfa,784,2025-11-21T07:45:48.629Z,FFF3-Notify,f4:db:00:00:00:d9,0x0024,0x07,07 08 01 00 00 03 55 01 4A 01 4E 01 2F 04 65 03 A9 03 00 00,20
old/hci_snoop_2025_11_21_07_45_17.cfa,788,2025-11-21T07:45:48.988Z,FFF3-Notify,f4:db:00:00:00:d9,0x0024,0x07,07 0B 01 00 00 03 51 01 53 01 55 01 B9 03 C2 03 CF 03 00 00,20
old/hci_snoop_2025_11_21_07_45_17.cfa,792,2025-11-21T07:45:49.256Z,FFF3-Notify,f4:db:00:00:00:d9,0x0024,0x07,07 0E 01 00 00 03 54 01 52 01 52 01 D3 03 D9 03 E3 03 00 00,20
old/hci_snoop_2025_11_21_07_45_17.cfa,796,2025-11-21T07:45:49.526Z,FFF3-Notify,f4:db:00:00:00:d9,0x0024,0x07,07 11 01 00 00 03 52 01 50 01 50 01 E6 03 EC 03 F0 03 00 00,20
old/hci_snoop_2025_11_21_07_45_17.cfa,800,2025-11-21T07:45:49.796Z,FFF3-Notify,f4:db:00:00:00:d9,0x0024,0x07,07 14 01 00 00 03 4F 01 51 01 53 01 F6 03 F5 03 F6 03 00 00,20
old/hci_snoop_2025_11_21_07_45_17.cfa,804,2025-11-21T07:45:50.065Z,FFF3-Notify,f4:db:00:00:00:d9,0x0024,0x07,07 17 01 00 00 03 54 01 56 01 57 01 F3 03 ED 03 ED 03 00 00,20
old/hci_snoop_2025_11_21_07_45_17.cfa,808,2025-11-21T07:45:50.336Z,FFF3-Notify,f4:db:00:00:00:d9,0x0024,0x07,07 1A 01 00 00 03 58 01 59 01 57 01 EB 03 E8 03 EE 03 00 00,20
old/hci_snoop_2025_11_21_07_45_17.cfa,812,2025-11-21T07:45:50.605Z,FFF3-Notify,f4:db:00:00:00:d9,0x0024,0x07,07 1D 01 00 00 03 5A 01 5C 01 5C 01 E6 03 DC 03 D9 03 00 00,20
old/hci_snoop_2025_11_21_07_45_17.cfa,816,2025-11-21T07:45:50.876Z,FFF3-Notify,f4:db:00:00:00:d9,0x0024,0x07,07 20 01 00 00 03 5C 01 5B 01 59 01 DC 03 DB 03 DF 03 00 00,20
old/hci_snoop_2025_11_21_07_45_17.cfa,820,2025-11-21T07:45:51.145Z,FFF3-Notify,f4:db:00:00:00:d9,0x0024,0x07,07 23 01 00 00 03 59 01 59 01 59 01 E1 03 E2 03 E0 03 00 00,20
old/hci_snoop_2025_11_21_07_45_17.cfa,824,2025-11-21T07:45:51.415Z,FFF3-Notify,f4:db:00:00:00:d9,0x0024,0x07,07 26 01 00 00 03 59 01 58 01 57 01 E0 03 E7 03 E8 03 00 00,20
old/hci_snoop_2025_11_21_07_45_17.cfa,828,2025-11-21T07:45:51.686Z,FFF3-Notify,f4:db:00:00:00:d9,0x0024,0x07,07 29 01 00 00 03 54 01 51 01 4E 01 EF 03 F7 03 FF 03 00 00,20
old/hci_snoop_2025_11_21_07_45_17.cfa,832,2025-11-21T07:45:51.955Z,FFF3-Notify,f4:db:00:00:00:d9,0x0024,0x07,07 2C 01 00 00 03 4C 01 4A 01 48 01 04 04 0A 04 0E 04 00 00,20
old/hci_snoop_2025_11_21_07_45_17.cfa,836,2025-11-21T07:45:52.226Z,FFF3-Notify,f4:db:00:00:00:d9,0x0024,0x07,07 2F 01 00 00 03 46 01 45 01 44 01 12 04 16 04 1A 04 00 00,20
old/hci_snoop_2025_11_21_07_45_17.cfa,840,2025-11-21T07:45:52.495Z,FFF3-Notify,f4:db:00:00:00:d9,0x0024,0x07,07 32 01 00 00 03 42 01 42 01 41 01 1D 04 20 04 21 04 00 00,20
old/hci_snoop_2025_11_21_07_45_17.cfa,844,2025-11-21T07:45:52.765Z,FFF3-Notify,f4:db:00:00:00:d9,0x0024,0x07,07 35 01 00 00 03 40 01 3F 01 3F 01 23 04 24 04 27 04 00 00,20
old/hci_snoop_2025_11_21_07_45_17.cfa,848,2025-11-21T07:45:53.125Z,FFF3-Notify,f4:db:00:00:00:d9,0x0024,0x07,07 38 01 00 00 03 3E 01 3D 01 3D 01 2A 04 2B 04 2E 04 00 00,20
old/hci_snoop_2025_11_21_07_45_17.cfa,852,2025-11-21T07:45:53.395Z,FFF3-Notify,f4:db:00:00:00:d9,0x0024,0x07,07 3B 01 00 00 03 3D 01 42 01 46 01 31 04 2C 04 24 04 00 00,20
old/hci_snoop_2025_11_21_07_45_17.cfa,856,2025-11-21T07:45:53.666Z,FFF3-Notify,f4:db:00:00:00:d9,0x0024,0x07,07 3E 01 00 00 03 45 01 45 01 45 01 23 04 23 04 21 04 00 00,20
old/hci_snoop_2025_11_21_07_45_17.cfa,860,2025-11-21T07:45:53.935Z,FFF3-Notify,f4:db:00:00:00:d9,0x0024,0x07,07 41 01 00 00 03 46 01 56 01 54 01 1E 04 02 04 00 04 00 00,20
old/hci_snoop_2025_11_21_07_45_17.cfa,864,2025-11-21T07:45:54.205Z,FFF3-Notify,f4:db:00:00:00:d9,0x0024,0x07,07 44 01 00 00 03 53 01 50 01 4C 01 01 04 03 04 0D 04 00 00,20
old/hci_snoop_2025_11_21_07_45_17.cfa,868,2025-11-21T07:45:54.476Z,FFF3-Notify,f4:db:00:00:00:d9,0x0024,0x07,07 47 01 00 00 03 4A 01 48 01 46 01 12 04 16 04 19 04 00 00,20
old/hci_snoop_2025_11_21_07_45_17.cfa,872,2025-11-21T07:45:54.747Z,FFF3-Notify,f4:db:00:00:00:d9,0x0024,0x07,07 4A 01 00 00 03 45 01 43 01 42 01 1D 04 20 04 23 04 00 00,20
old/hci_snoop_2025_11_21_07_45_17.cfa,876,2025-11-21T07:45:55.105Z,FFF3-Notify,f4:db:00:00:00:d9,0x0024,0x07,07 4D 01 00 00 03 41 01 40 01 3F 01 26 04 29 04 2C 04 00 00,20
old/hci_snoop_2025_11_21_07_45_17.cfa,880,2025-11-21T07:45:55.375Z,FFF3-Notify,f4:db:00:00:00:d9,0x0024,0x07,07 50 01 00 00 03 3D 01 3D 01 3C 01 2F 04 32 04 34 04 00 00,20
old/hci_snoop_2025_11_21_07_45_17.cfa,884,2025-11-21T07:45:55.645Z,FFF3-Notify,f4:db:00:00:00:d9,0x0024,0x07,07 53 01 00 00 03 3C 01 3B 01 3A 01 37 04 3A 04 3D 04 00 00,20
old/hci_snoop_2025_11_21_07_45_17.cfa,888,2025-11-21T07:45:55.920Z,FFF3-Notify,f4:db:00:00:00:d9,0x0024,0x07,07 56 01 00 00 03 3A 01 39 01 39 01 40 04 42 04 44 04 00 00,20
old/hci_snoop_2025_11_21_07_45_17.cfa,892,2025-11-21T07:45:56.186Z,FFF3-Notify,f4:db:00:00:00:d9,0x0024,0x07,07 59 01 00 00 03 39 01 38 01 38 01 46 04 48 04 49 04 00 00,20
old/hci_snoop_2025_11_21_07_45_17.cfa,896,2025-11-21T07:45:56.456Z,FFF3-Notify,f4:db:00:00:00:d9,0x0024,0x07,07 5C 01 00 00 03 37 01 37 01 37 01 4A 04 4B 04 4B 04 00 00,20
old/hci_snoop_2025_11_21_07_45_17.cfa,900,2025-11-21T07:45:56.725Z,FFF3-Notify,f4:db:00:00:00:d9,0x0024,0x07,07 5F 01 00 00 03 37 01 36 01 36 01 4C 04 4D 04 4E 04 00 00,20
old/hci_snoop_2025_11_21_07_45_17.cfa,904,2025-11-21T07:45:56.995Z,FFF3-Notify,f4:db:00:00:00:d9,0x0024,0x07,07 62 01 00 00 03 36 01 36 01 35 01 4F 04 50 04 51 04 00 00,20
old/hci_snoop_2025_11_21_07_45_17.cfa,908,2025-11-21T07:45:57.265Z,FFF3-Notify,f4:db:00:00:00:d9,0x0024,0x07,07 65 01 00 00 03 35 01 35 01 35 01 53 04 55 04 55 04 00 00,20
old/hci_snoop_2025_11_21_07_45_17.cfa,912,2025-11-21T07:45:57.536Z,FFF3-Notify,f4:db:00:00:00:d9,0x0024,0x07,07 68 01 00 00 03 34 01 34 01 34 01 55 04 57 04 58 04 00 00,20
old/hci_snoop_2025_11_21_07_45_17.cfa,916,2025-11-21T07:45:57.897Z,FFF3-Notify,f4:db:00:00:00:d9,0x0024,0x07,07 6B 01 00 00 03 34 01 34 01 33 01 59 04 5A 04 5A 04 00 00,20
old/hci_snoop_2025_11_21_07_45_17.cfa,920,2025-11-21T07:45:58.165Z,FFF3-Notify,f4:db:00:00:00:d9,0x0024,0x07,07 6E 01 00 00 03 33 01 33 01 33 01 5A 04 5B 04 5B 04 00 00,20
old/hci_snoop_2025_11_21_07_45_17.cfa,924,2025-11-21T07:45:58.526Z,FFF3-Notify,f4:db:00:00:00:d9,0x0024,0x07,07 71 01 00 00 03 33 01 33 01 32 01 5C 04 5B 04 5C 04 00 00,20
old/hci_snoop_2025_11_21_07_45_17.cfa,928,2025-11-21T07:45:58.798Z,FFF3-Notify,f4:db:00:00:00:d9,0x0024,0x07,07 74 01 00 00 03 32 01 32 01 32 01 5C 04 5C 04 5C 04 00 00,20
old/hci_snoop_2025_11_21_07_45_17.cfa,932,2025-11-21T07:45:59.156Z,FFF3-Notify,f4:db:00:00:00:d9,0x0024,0x07,07 77 01 00 00 03 31 01 31 01 31 01 5D 04 5D 04 60 04 00 00,20
old/hci_snoop_2025_11_21_07_45_17.cfa,936,2025-11-21T07:45:59.426Z,FFF3-Notify,f4:db:00:00:00:d9,0x0024,0x07,07 7A 01 00 00 03 31 01 31 01 31 01 61 04 60 04 5F 04 00 00,20
old/hci_snoop_2025_11_21_07_45_17.cfa,940,2025-11-21T07:45:59.785Z,FFF3-Notify,f4:db:00:00:00:d9,0x0024,0x07,07 7D 01 00 00 03 31 01 31 01 31 01 5F 04 5F 04 5F 04 00 00,20
old/hci_snoop_2025_11_21_07_45_17.cfa,944,2025-11-21T07:46:00.055Z,FFF3-Notify,f4:db:00:00:00:d9,0x0024,0x07,07 80 01 00 00 03 30 01 30 01 30 01 5F 04 5E 04 5E 04 00 00,20
old/hci_snoop_2025_11_21_07_45_17.cfa,948,2025-11-21T07:46:00.325Z,FFF3-Notify,f4:db:00:00:00:d9,0x0024,0x07,07 83 01 00 00 03 30 01 30 01 2F 01 5E 04 5D 04 5D 04 00 00,20
old/hci_snoop_2025_11_21_07_45_17.cfa,952,2025-11-21T07:46:00.595Z,FFF3-Notify,f4:db:00:00:00:d9,0x0024,0x07,07 86 01 00 00 03 2F 01 2F 01 2F 01 5D 04 5C 04 5C 04 00 00,20
old/hci_snoop_2025_11_21_07_45_17.cfa,956,2025-11-21T07:46:00.866Z,FFF3-Notify,f4:db:00:00:00:d9,0x0024,0x07,07 89 01 00 00 03 30 01 30 01 31 01 5B 04 59 04 57 04 00 00,20
old/hci_snoop_2025_11_21_07_45_17.cfa,960,2025-11-21T07:46:01.225Z,FFF3-Notify,f4:db:00:00:00:d9,0x0024,0x07,07 8C 01 00 00 03 30 01 31 01 3B 01 57 04 57 04 45 04 00 00,20
old/hci_snoop_2025_11_21_07_45_17.cfa,964,2025-11-21T07:46:01.497Z,FFF3-Notify,f4:db:00:00:00:d9,0x0024,0x07,07 8F 01 00 00 03 3D 01 3D 01 3A 01 3A 04 32 04 39 04 00 00,20
old/hci_snoop_2025_11_21_07_45_17.cfa,968,2025-11-21T07:46:01.765Z,FFF3-Notify,f4:db:00:00:00:d9,0x0024,0x07,07 92 01 00 00 03 40 01 3F 01 3B 01 36 04 29 04 33 04 00 00,20
old/hci_snoop_2025_11_21_07_45_17.cfa,972,2025-11-21T07:46:02.035Z,FFF3-Notify,f4:db:00:00:00:d9,0x0024,0x07,07 95 01 00 00 03 38 01 37 01 35 01 39 04 3C 04 3F 04 00 00,20
old/hci_snoop_2025_11_21_07_45_17.cfa,976,2025-11-21T07:46:02.308Z,FFF3-Notify,f4:db:00:00:00:d9,0x0024,0x07,07 98 01 00 00 03 34 01 33 01 33 01 42 04 44 04 45 04 00 00,20
old/hci_snoop_2025_11_21_07_45_17.cfa,980,2025-11-21T07:46:02.575Z,FFF3-Notify,f4:db:00:00:00:d9,0x0024,0x07,07 9B 01 00 00 03 32 01 32 01 32 01 46 04 47 04 48 04 00 00,20
old/hci_snoop_2025_11_21_07_45_17.cfa,984,2025-11-21T07:46:02.845Z,FFF3-Notify,f4:db:00:00:00:d9,0x0024,0x07,07 9E 01 00 00 03 31 01 31 01 30 01 49 04 4A 04 4B 04 00 00,20
old/hci_snoop_2025_11_21_07_45_17.cfa,988,2025-11-21T07:46:03.117Z,FFF3-Notify,f4:db:00:00:00:d9,0x0024,0x07,07 A1 01 00 00 03 30 01 30 01 2F 01 4B 04 4C 04 4D 04 00 00,20
old/hci_snoop_2025_11_21_07_45_17.cfa,992,2025-11-21T07:46:03.389Z,FFF3-Notify,f4:db:00:00:00:d9,0x0024,0x07,07 A4 01 00 00 03 2F 01 2F 01 2F 01 4E 04 4E 04 4E 04 00 00,20
old/hci_snoop_2025_11_21_07_45_17.cfa,996,2025-11-21T07:46:03.656Z,FFF3-Notify,f4:db:00:00:00:d9,0x0024,0x07,07 A7 01 00 00 03 2F 01 2F 01 2E 01 4E 04 4E 04 4F 04 00 00,20
old/hci_snoop_2025_11_21_07_45_17.cfa,1000,2025-11-21T07:46:03.926Z,FFF3-Notify,f4:db:00:00:00:d9,0x0024,0x07,07 AA 01 00 00 03 2E 01 2E 01 2E 01 4F 04 4F 04 50 04 00 00,20
old/hci_snoop_2025_11_21_07_45_17.cfa,1004,2025-11-21T07:46:04.197Z,FFF3-Notify,f4:db:00:00:00:d9,0x0024,0x07,07 AD 01 00 00 03 2D 01 2D 01 2D 01 50 04 51 04 52 04 00 00,20
old/hci_snoop_2025_11_21_07_45_17.cfa,1008,2025-11-21T07:46:04.465Z,FFF3-Notify,f4:db:00:00:00:d9,0x0024,0x07,07 B0 01 00 00 03 2D 01 2D 01 2C 01 52 04 52 04 52 04 00 00,20
old/hci_snoop_2025_11_21_07_45_17.cfa,1012,2025-11-21T07:46:04.735Z,FFF3-Notify,f4:db:00:00:00:d9,0x0024,0x07,07 B3 01 00 00 03 2C 01 2C 01 2C 01 52 04 52 04 52 04 00 00,20
old/hci_snoop_2025_11_21_07_45_17.cfa,1016,2025-11-21T07:46:05.006Z,FFF3-Notify,f4:db:00:00:00:d9,0x0024,0x07,07 B6 01 00 00 03 2C 01 2B 01 2B 01 53 04 53 04 53 04 00 00,20
old/hci_snoop_2025_11_21_07_45_17.cfa,1020,2025-11-21T07:46:05.276Z,FFF3-Notify,f4:db:00:00:00:d9,0x0024,0x07,07 B9 01 00 00 03 2B 01 2B 01 2C 01 54 04 54 04 53 04 00 00,20
old/hci_snoop_2025_11_21_07_45_17.cfa,1024,2025-11-21T07:46:05.545Z,FFF3-Notify,f4:db:00:00:00:d9,0x0024,0x07,07 BC 01 00 00 03 2B 01 2B 01 2B 01 55 04 55 04 55 04 00 00,20
old/hci_snoop_2025_11_21_07_45_17.cfa,1028,2025-11-21T07:46:05.815Z,FFF3-Notify,f4:db:00:00:00:d9,0x0024,0x07,07 BF 01 00 00 03 2B 01 2B 01 2B 01 55 04 55 04 55 04 00 00,20
old/hci_snoop_2025_11_21_07_45_17.cfa,1032,2025-11-21T07:46:06.085Z,FFF3-Notify,f4:db:00:00:00:d9,0x0024,0x07,07 C2 01 00 00 03 2B 01 2C 01 2B 01 55 04 55 04 21 04 00 00,20
old/hci_snoop_2025_11_21_07_45_17.cfa,1036,2025-11-21T07:46:06.355Z,FFF3-Notify,f4:db:00:00:00:d9,0x0024,0x07,07 C5 01 00 00 03 2C 01 2D 01 2E 01 2D 04 32 04 36 04 00 00,20
old/hci_snoop_2025_11_21_07_45_17.cfa,1040,2025-11-21T07:46:06.625Z,FFF3-Notify,f4:db:00:00:00:d9,0x0024,0x07,07 C8 01 00 00 03 2F 01 30 01 31 01 39 04 3D 04 3A 04 00 00,20
old/hci_snoop_2025_11_21_07_45_17.cfa,1044,2025-11-21T07:46:06.895Z,FFF3-Notify,f4:db:00:00:00:d9,0x0024,0x07,07 CB 01 00 00 03 32 01 33 01 35 01 3B 04 3C 04 3C 04 00 00,20
old/hci_snoop_2025_11_21_07_45_17.cfa,1048,2025-11-21T07:46:07.165Z,FFF3-Notify,f4:db:00:00:00:d9,0x0024,0x07,07 CE 01 00 00 03 36 01 3F 01 43 01 3E 04 34 04 30 04 00 00,20
old/hci_snoop_2025_11_21_07_45_17.cfa,1059,2025-11-21T07:46:07.436Z,FFF3-Notify,f4:db:00:00:00:d9,0x0024,0x07,07 D1 01 00 00 03 46 01 48 01 4B 01 2E 04 2A 04 28 04 00 00,20
old/hci_snoop_2025_11_21_07_45_17.cfa,1063,2025-11-21T07:46:07.706Z,FFF3-Notify,f4:db:00:00:00:d9,0x0024,0x07,07 D4 01 00 00 03 4D 01 4F 01 50 01 26 04 24 04 23 04 00 00,20
old/hci_snoop_2025_11_21_07_45_17.cfa,1067,2025-11-21T07:46:07.975Z,FFF3-Notify,f4:db:00:00:00:d9,0x0024,0x07,07 D7 01 00 00 03 51 01 52 01 51 01 25 04 23 04 1D 04 00 00,20
old/hci_snoop_2025_11_21_07_45_17.cfa,1071,2025-11-21T07:46:08.245Z,FFF3-Notify,f4:db:00:00:00:d9,0x0024,0x07,07 DA 01 00 00 03 4E 01 4D 01 4B 01 23 04 25 04 27 04 00 00,20
old/hci_snoop_2025_11_21_07_45_17.cfa,1075,2025-11-21T07:46:08.515Z,FFF3-Notify,f4:db:00:00:00:d9,0x0024,0x07,07 DD 01 00 00 03 4B 01 4A 01 49 01 29 04 2A 04 2C 04 00 00,20
old/hci_snoop_2025_11_21_07_45_17.cfa,1079,2025-11-21T07:46:08.785Z,FFF3-Notify,f4:db:00:00:00:d9,0x0024,0x07,07 E0 01 00 00 03 49 01 49 01 49 01 2D 04 2E 04 30 04 00 00,20
old/hci_snoop_2025_11_21_07_45_17.cfa,1083,2025-11-21T07:46:09.056Z,FFF3-Notify,f4:db:00:00:00:d9,0x0024,0x07,07 E3 01 00 00 03 49 01 49 01 49 01 31 04 32 04 32 04 00 00,20
old/hci_snoop_2025_11_21_07_45_17.cfa,1087,2025-11-21T07:46:09.325Z,FFF3-Notify,f4:db:00:00:00:d9,0x0024,0x07,07 E6 01 00 00 03 4A 01 4A 01 4A 01 33 04 33 04 33 04 00 00,20
old/hci_snoop_2025_11_21_07_45_17.cfa,1091,2025-11-21T07:46:09.596Z,FFF3-Notify,f4:db:00:00:00:d9,0x0024,0x07,07 E9 01 00 00 03 4B 01 4B 01 4B 01 33 04 33 04 33 04 00 00,20
old/hci_snoop_2025_11_21_07_45_17.cfa,1095,2025-11-21T07:46:09.865Z,FFF3-Notify,f4:db:00:00:00:d9,0x0024,0x07,07 EC 01 00 00 03 4B 01 4C 01 4C 01 32 04 32 04 32 04 00 00,20
old/hci_snoop_2025_11_21_07_45_17.cfa,1099,2025-11-21T07:46:10.135Z,FFF3-Notify,f4:db:00:00:00:d9,0x0024,0x07,07 EF 01 00 00 03 4C 01 4D 01 4D 01 31 04 31 04 31 04 00 00,20
old/hci_snoop_2025_11_21_07_45_17.cfa,1103,2025-11-21T07:46:10.405Z,FFF3-Notify,f4:db:00:00:00:d9,0x0024,0x07,07 F2 01 00 00 03 4E 01 4E 01 4E 01 30 04 2F 04 2F 04 00 00,20
old/hci_snoop_2025_11_21_07_45_17.cfa,1107,2025-11-21T07:46:10.675Z,FFF3-Notify,f4:db:00:00:00:d9,0x0024,0x07,07 F5 01 00 00 03 4E 01 4E 01 4E 01 2F 04 2E 04 2E 04 00 00,20
old/hci_snoop_2025_11_21_07_45_17.cfa,1111,2025-11-21T07:46:10.946Z,FFF3-Notify,f4:db:00:00:00:d9,0x0024,0x07,07 F8 01 00 00 03 4E 01 4E 01 4E 01 2E 04 2F 04 2F 04 00 00,20
old/hci_snoop_2025_11_21_07_45_17.cfa,1115,2025-11-21T07:46:11.218Z,FFF3-Notify,f4:db:00:00:00:d9,0x0024,0x07,07 FB 01 00 00 03 4E 01 4E 01 4D 01 2F 04 2F 04 2F 04 00 00,20
old/hci_snoop_2025_11_21_07_45_17.cfa,1119,2025-11-21T07:46:11.486Z,FFF3-Notify,f4:db:00:00:00:d9,0x0024,0x07,07 FE 01 00 00 03 4D 01 4D 01 4C 01 2F 04 2F 04 2F 04 00 00,20
old/hci_snoop_2025_11_21_07_45_17.cfa,1123,2025-11-21T07:46:11.755Z,FFF3-Notify,f4:db:00:00:00:d9,0x0024,0x07,07 01 02 00 00 03 4C 01 4C 01 4C 01 30 04 30 04 30 04 00 00,20
old/hci_snoop_2025_11_21_07_45_17.cfa,1127,2025-11-21T07:46:12.025Z,FFF3-Notify,f4:db:00:00:00:d9,0x0024,0x07,07 04 02 00 00 03 4C 01 4C 01 4C 01 30 04 30 04 30 04 00 00,20
old/hci_snoop_2025_11_21_07_45_17.cfa,1131,2025-11-21T07:46:12.297Z,FFF3-Notify,f4:db:00:00:00:d9,0x0024,0x07,07 07 02 00 00 03 4C 01 4C 01 4C 01 30 04 30 04 30 04 00 00,20
old/hci_snoop_2025_11_21_07_45_17.cfa,1136,2025-11-21T07:46:12.566Z,FFF3-Notify,f4:db:00:00:00:d9,0x0024,0x07,07 0A 02 00 00 03 4B 01 4C 01 4B 01 30 04 31 04 31 04 00 00,20
old/hci_snoop_2025_11_21_07_45_17.cfa,1140,2025-11-21T07:46:12.835Z,FFF3-Notify,f4:db:00:00:00:d9,0x0024,0x07,07 0D 02 00 00 03 4C 01 4C 01 4C 01 31 04 31 04 31 04 00 00,20
old/hci_snoop_2025_11_21_07_45_17.cfa,1144,2025-11-21T07:46:13.105Z,FFF3-Notify,f4:db:00:00:00:d9,0x0024,0x07,07 10 02 00 00 03 4C 01 4C 01 4C 01 31 04 30 04 2F 04 00 00,20
old/hci_snoop_2025_11_21_07_45_17.cfa,1148,2025-11-21T07:46:13.465Z,FFF3-Notify,f4:db:00:00:00:d9,0x0024,0x07,07 13 02 00 00 03 4C 01 4D 01 4F 01 2F 04 31 04 2A 04 00 00,20
old/hci_snoop_2025_11_21_07_45_17.cfa,1152,2025-11-21T07:46:13.735Z,FFF3-Notify,f4:db:00:00:00:d9,0x0024,0x07,07 16 02 00 00 03 3A 01 42 01 46 01 5A 03 85 03 A0 03 00 00,20
old/hci_snoop_2025_11_21_07_45_17.cfa,1156,2025-11-21T07:46:14.006Z,FFF3-Notify,f4:db:00:00:00:d9,0x0024,0x07,07 19 02 00 00 03 4A 01 4C 01 4D 01 AE 03 B7 03 BD 03 00 00,20
old/hci_snoop_2025_11_21_07_45_17.cfa,1160,2025-11-21T07:46:14.275Z,FFF3-Notify,f4:db:00:00:00:d9,0x0024,0x07,07 1C 02 00 00 03 4E 01 50 01 54 01 C2 03 C5 03 C9 03 00 00,20
old/hci_snoop_2025_11_21_07_45_17.cfa,1164,2025-11-21T07:46:14.545Z,FFF3-Notify,f4:db:00:00:00:d9,0x0024,0x07,07 1F 02 00 00 03 58 01 5A 01 5D 01 CF 03 D1 03 D2 03 00 00,20
old/hci_snoop_2025_11_21_07_45_17.cfa,1168,2025-11-21T07:46:14.816Z,FFF3-Notify,f4:db:00:00:00:d9,0x0024,0x07,07 22 02 00 00 03 5C 01 5C 01 5D 01 C6 03 C6 03 C9 03 00 00,20
old/hci_snoop_2025_11_21_07_45_17.cfa,1172,2025-11-21T07:46:15.085Z,FFF3-Notify,f4:db:00:00:00:d9,0x0024,0x07,07 25 02 00 00 03 5C 01 5E 01 5E 01 CB 03 D3 03 D5 03 00 00,20
old/hci_snoop_2025_11_21_07_45_17.cfa,1176,2025-11-21T07:46:15.356Z,FFF3-Notify,f4:db:00:00:00:d9,0x0024,0x07,07 28 02 00 00 03 62 01 65 01 67 01 D7 03 CF 03 CD 03 00 00,20
old/hci_snoop_2025_11_21_07_45_17.cfa,1180,2025-11-21T07:46:15.629Z,FFF3-Notify,f4:db:00:00:00:d9,0x0024,0x07,07 2B 02 00 00 03 66 01 67 01 67 01 D1 03 D0 03 D2 03 00 00,20
old/hci_snoop_2025_11_21_07_45_17.cfa,1184,2025-11-21T07:46:15.896Z,FFF3-Notify,f4:db:00:00:00:d9,0x0024,0x07,07 2E 02 00 00 03 63 01 60 01 5E 01 DA 03 E3 03 EB 03 00 00,20
old/hci_snoop_2025_11_21_07_45_17.cfa,1188,2025-11-21T07:46:16.165Z,FFF3-Notify,f4:db:00:00:00:d9,0x0024,0x07,07 31 02 00 00 03 5D 01 5D 01 5E 01 F1 03 F5 03 FA 03 00 00,20
old/hci_snoop_2025_11_21_07_45_17.cfa,1192,2025-11-21T07:46:16.435Z,FFF3-Notify,f4:db:00:00:00:d9,0x0024,0x07,07 34 02 00 00 03 5D 01 5B 01 5C 01 F9 03 5B 03 90 03 00 00,20
old/hci_snoop_2025_11_21_07_45_17.cfa,1196,2025-11-21T07:46:16.706Z,FFF3-Notify,f4:db:00:00:00:d9,0x0024,0x07,07 37 02 00 00 03 5E 01 5F 01 5F 01 A6 03 AD 03 BA 03 00 00,20
old/hci_snoop_2025_11_21_07_45_17.cfa,1201,2025-11-21T07:46:16.975Z,FFF3-Notify,f4:db:00:00:00:d9,0x0024,0x07,07 3A 02 00 00 03 61 01 63 01 64 01 BC 03 BE 03 C1 03 00 00,20
old/hci_snoop_2025_11_21_07_45_17.cfa,1205,2025-11-21T07:46:17.245Z,FFF3-Notify,f4:db:00:00:00:d9,0x0024,0x07,07 3D 02 00 00 03 66 01 68 01 68 01 C1 03 C2 03 C3 03 00 00,20
old/hci_snoop_2025_11_21_07_45_17.cfa,1209,2025-11-21T07:46:17.516Z,FFF3-Notify,f4:db:00:00:00:d9,0x0024,0x07,07 40 02 00 00 03 69 01 69 01 68 01 C6 03 C7 03 C6 03 00 00,20
old/hci_snoop_2025_11_21_07_45_17.cfa,1213,2025-11-21T07:46:17.786Z,FFF3-Notify,f4:db:00:00:00:d9,0x0024,0x07,07 43 02 00 00 03 65 01 65 01 65 01 9D 03 B2 03 BC 03 00 00,20
old/hci_snoop_2025_11_21_07_45_17.cfa,1217,2025-11-21T07:46:18.056Z,FFF3-Notify,f4:db:00:00:00:d9,0x0024,0x07,07 46 02 00 00 03 65 01 63 01 60 01 C1 03 C7 03 CF 03 00 00,20
old/hci_snoop_2025_11_21_07_45_17.cfa,1221,2025-11-21T07:46:18.326Z,FFF3-Notify,f4:db:00:00:00:d9,0x0024,0x07,07 49 02 00 00 03 5E 01 5A 01 59 01 D7 03 D3 03 D7 03 00 00,20
old/hci_snoop_2025_11_21_07_45_17.cfa,1225,2025-11-21T07:46:18.596Z,FFF3-Notify,f4:db:00:00:00:d9,0x0024,0x07,07 4C 02 00 00 03 57 01 55 01 54 01 DD 03 E3 03 E9 03 00 00,20
old/hci_snoop_2025_11_21_07_45_17.cfa,1230,2025-11-21T07:46:18.865Z,FFF3-Notify,f4:db:00:00:00:d9,0x0024,0x07,07 4F 02 00 00 03 52 01 51 01 50 01 EF 03 F4 03 F8 03 00 00,20
old/hci_snoop_2025_11_21_07_45_17.cfa,1235,2025-11-21T07:46:19.137Z,FFF3-Notify,f4:db:00:00:00:d9,0x0024,0x07,07 52 02 00 00 03 4F 01 4F 01 4E 01 FD 03 01 04 04 04 00 00,20
old/hci_snoop_2025_11_21_07_45_17.cfa,1239,2025-11-21T07:46:19.409Z,FFF3-Notify,f4:db:00:00:00:d9,0x0024,0x07,07 55 02 00 00 03 4E 01 4D 01 4D 01 07 04 0B 04 0E 04 00 00,20
old/hci_snoop_2025_11_21_07_45_17.cfa,1243,2025-11-21T07:46:19.675Z,FFF3-Notify,f4:db:00:00:00:d9,0x0024,0x07,07 58 02 00 00 03 4C 01 4C 01 4C 01 11 04 15 04 18 04 00 00,20
old/hci_snoop_2025_11_21_07_45_17.cfa,1247,2025-11-21T07:46:19.946Z,FFF3-Notify,f4:db:00:00:00:d9,0x0024,0x07,07 5B 02 00 00 03 4C 01 4C 01 4D 01 1B 04 1E 04 23 04 00 00,20
old/hci_snoop_2025_11_21_07_45_17.cfa,1251,2025-11-21T07:46:20.215Z,FFF3-Notify,f4:db:00:00:00:d9,0x0024,0x07,07 5E 02 00 00 03 50 01 54 01 58 01 23 04 1D 04 1A 04 00 00,20
old/hci_snoop_2025_11_21_07_45_17.cfa,1255,2025-11-21T07:46:20.486Z,FFF3-Notify,f4:db:00:00:00:d9,0x0024,0x07,07 61 02 00 00 03 5D 01 61 01 67 01 13 04 0B 04 0B 04 00 00,20
old/hci_snoop_2025_11_21_07_45_17.cfa,1259,2025-11-21T07:46:20.757Z,FFF3-Notify,f4:db:00:00:00:d9,0x0024,0x07,07 64 02 00 00 03 6B 01 6D 01 6F 01 FD 03 F6 03 F2 03 00 00,20
old/hci_snoop_2025_11_21_07_45_17.cfa,1263,2025-11-21T07:46:21.026Z,FFF3-Notify,f4:db:00:00:00:d9,0x0024,0x07,07 67 02 00 00 03 72 01 73 01 73 01 F3 03 ED 03 ED 03 00 00,20
old/hci_snoop_2025_11_21_07_45_17.cfa,1267,2025-11-21T07:46:21.476Z,FFF3-Notify,f4:db:00:00:00:d9,0x0024,0x07,07 6A 02 00 00 03 71 01 6D 01 69 01 EE 03 F0 03 F5 03 00 00,20
old/hci_snoop_2025_11_21_07_45_17.cfa,1271,2025-11-21T07:46:21.655Z,FFF3-Notify,f4:db:00:00:00:d9,0x0024,0x07,07 6D 02 00 00 03 67 01 64 01 62 01 FA 03 FF 03 04 04 00 00,20
old/hci_snoop_2025_11_21_07_45_17.cfa,1275,2025-11-21T07:46:21.925Z,FFF3-Notify,f4:db:00:00:00:d9,0x0024,0x07,07 70 02 00 00 03 60 01 5E 01 5D 01 08 04 0C 04 10 04 00 00,20
old/hci_snoop_2025_11_21_07_45_17.cfa,1279,2025-11-21T07:46:22.196Z,FFF3-Notify,f4:db:00:00:00:d9,0x0024,0x07,07 73 02 00 00 03 5B 01 5A 01 59 01 14 04 16 04 1A 04 00 00,20
old/hci_snoop_2025_11_21_07_45_17.cfa,1283,2025-11-21T07:46:22.465Z,FFF3-Notify,f4:db:00:00:00:d9,0x0024,0x07,07 76 02 00 00 03 58 01 57 01 56 01 1D 04 1F 04 22 04 00 00,20
old/hci_snoop_2025_11_21_07_45_17.cfa,1287,2025-11-21T07:46:22.736Z,FFF3-Notify,f4:db:00:00:00:d9,0x0024,0x07,07 79 02 00 00 03 55 01 54 01 54 01 24 04 26 04 29 04 00 00,20
old/hci_snoop_2025_11_21_07_45_17.cfa,1291,2025-11-21T07:46:23.007Z,FFF3-Notify,f4:db:00:00:00:d9,0x0024,0x07,07 7C 02 00 00 03 53 01 52 01 52 01 2B 04 2C 04 2F 04 00 00,20
old/hci_snoop_2025_11_21_07_45_17.cfa,1295,2025-11-21T07:46:23.276Z,FFF3-Notify,f4:db:00:00:00:d9,0x0024,0x07,07 7F 02 00 00 03 51 01 51 01 50 01 30 04 32 04 34 04 00 00,20
old/hci_snoop_2025_11_21_07_45_17.cfa,1299,2025-11-21T07:46:23.546Z,FFF3-Notify,f4:db:00:00:00:d9,0x0024,0x07,07 82 02 00 00 03 50 01 50 01 4F 01 35 04 37 04 38 04 00 00,20
old/hci_snoop_2025_11_21_07_45_17.cfa,1304,2025-11-21T07:46:23.816Z,FFF3-Notify,f4:db:00:00:00:d9,0x0024,0x07,07 85 02 00 00 03 4F 01 4F 01 4E 01 3A 04 3C 04 3C 04 00 00,20
old/hci_snoop_2025_11_21_07_45_17.cfa,1308,2025-11-21T07:46:24.088Z,FFF3-Notify,f4:db:00:00:00:d9,0x0024,0x07,07 88 02 00 00 03 4E 01 4E 01 4E 01 3D 04 3F 04 3F 04 00 00,20
old/hci_snoop_2025_11_21_07_45_17.cfa,1312,2025-11-21T07:46:24.355Z,FFF3-Notify,f4:db:00:00:00:d9,0x0024,0x07,07 8B 02 00 00 03 4E 01 4E 01 4E 01 41 04 41 04 43 04 00 00,20
old/hci_snoop_2025_11_21_07_45_17.cfa,1316,2025-11-21T07:46:24.626Z,FFF3-Notify,f4:db:00:00:00:d9,0x0024,0x07,07 8E 02 00 00 03 4E 01 4E 01 4E 01 43 04 44 04 44 04 00 00,20
old/hci_snoop_2025_11_21_07_45_17.cfa,1320,2025-11-21T07:46:24.896Z,FFF3-Notify,f4:db:00:00:00:d9,0x0024,0x07,07 91 02 00 00 03 4E 01 4E 01 4F 01 44 04 44 04 44 04 00 00,20
old/hci_snoop_2025_11_21_07_45_17.cfa,1324,2025-11-21T07:46:25.166Z,FFF3-Notify,f4:db:00:00:00:d9,0x0024,0x07,07 94 02 00 00 03 4F 01 4F 01 50 01 44 04 44 04 44 04 00 00,20
old/hci_snoop_2025_11_21_07_45_17.cfa,1328,2025-11-21T07:46:25.435Z,FFF3-Notify,f4:db:00:00:00:d9,0x0024,0x07,07 97 02 00 00 03 50 01 50 01 50 01 44 04 43 04 43 04 00 00,20
old/hci_snoop_2025_11_21_07_45_17.cfa,1332,2025-11-21T07:46:25.706Z,FFF3-Notify,f4:db:00:00:00:d9,0x0024,0x07,07 9A 02 00 00 03 51 01 51 01 51 01 43 04 43 04 43 04 00 00,20
old/hci_snoop_2025_11_21_07_45_17.cfa,1336,2025-11-21T07:46:25.975Z,FFF3-Notify,f4:db:00:00:00:d9,0x0024,0x07,07 9D 02 00 00 03 51 01 51 01 51 01 43 04 42 04 41 04 00 00,20
old/hci_snoop_2025_11_21_07_45_17.cfa,1346,2025-11-21T07:46:26.246Z,FFF3-Notify,f4:db:00:00:00:d9,0x0024,0x07,07 A0 02 00 00 03 51 01 51 01 51 01 41 04 41 04 40 04 00 00,20
old/hci_snoop_2025_11_21_07_45_17.cfa,1350,2025-11-21T07:46:26.520Z,FFF3-Notify,f4:db:00:00:00:d9,0x0024,0x07,07 A3 02 00 00 03 51 01 51 01 51 01 40 04 40 04 40 04 00 00,20
old/hci_snoop_2025_11_21_07_45_17.cfa,1354,2025-11-21T07:46:26.790Z,FFF3-Notify,f4:db:00:00:00:d9,0x0024,0x07,07 A6 02 00 00 03 50 01 50 01 50 01 40 04 40 04 40 04 00 00,20
old/hci_snoop_2025_11_21_07_45_17.cfa,1358,2025-11-21T07:46:27.060Z,FFF3-Notify,f4:db:00:00:00:d9,0x0024,0x07,07 A9 02 00 00 03 50 01 50 01 4F 01 41 04 41 04 41 04 00 00,20
old/hci_snoop_2025_11_21_07_45_17.cfa,1362,2025-11-21T07:46:27.420Z,FFF3-Notify,f4:db:00:00:00:d9,0x0024,0x07,07 AC 02 00 00 03 4F 01 4F 01 4F 01 41 04 41 04 41 04 00 00,20
old/hci_snoop_2025_11_21_07_45_17.cfa,1366,2025-11-21T07:46:27.690Z,FFF3-Notify,f4:db:00:00:00:d9,0x0024,0x07,07 AF 02 00 00 03 4F 01 4F 01 4F 01 41 04 41 04 41 04 00 00,20
old/hci_snoop_2025_11_21_07_45_17.cfa,1371,2025-11-21T07:46:27.960Z,FFF3-Notify,f4:db:00:00:00:d9,0x0024,0x07,07 B2 02 00 00 03 4E 01 4E 01 4E 01 41 04 40 04 40 04 00 00,20
old/hci_snoop_2025_11_21_07_45_17.cfa,1375,2025-11-21T07:46:28.231Z,FFF3-Notify,f4:db:00:00:00:d9,0x0024,0x07,07 B5 02 00 00 03 4E 01 4E 01 4E 01 40 04 3F 04 3F 04 00 00,20
old/hci_snoop_2025_11_21_07_45_17.cfa,1379,2025-11-21T07:46:28.500Z,FFF3-Notify,f4:db:00:00:00:d9,0x0024,0x07,07 B8 02 00 00 03 4F 01 4F 01 4F 01 3F 04 3E 04 3D 04 00 00,20
old/hci_snoop_2025_11_21_07_45_17.cfa,1383,2025-11-21T07:46:28.770Z,FFF3-Notify,f4:db:00:00:00:d9,0x0024,0x07,07 BB 02 00 00 03 4F 01 4F 01 50 01 3D 04 3D 04 3C 04 00 00,20
old/hci_snoop_2025_11_21_07_45_17.cfa,1387,2025-11-21T07:46:29.037Z,FFF3-Notify,f4:db:00:00:00:d9,0x0024,0x07,07 BE 02 00 00 03 4F 01 50 01 50 01 3C 04 3B 04 3B 04 00 00,20
old/hci_snoop_2025_11_21_07_45_17.cfa,1391,2025-11-21T07:46:29.308Z,FFF3-Notify,f4:db:00:00:00:d9,0x0024,0x07,07 C1 02 00 00 03 50 01 50 01 50 01 3A 04 3A 04 3A 04 00 00,20
old/hci_snoop_2025_11_21_07_45_17.cfa,1395,2025-11-21T07:46:29.580Z,FFF3-Notify,f4:db:00:00:00:d9,0x0024,0x07,07 C4 02 00 00 03 50 01 50 01 50 01 39 04 39 04 39 04 00 00,20
old/hci_snoop_2025_11_21_07_45_17.cfa,1399,2025-11-21T07:46:29.850Z,FFF3-Notify,f4:db:00:00:00:d9,0x0024,0x07,07 C7 02 00 00 03 50 01 50 01 50 01 38 04 38 04 38 04 00 00,20
old/hci_snoop_2025_11_21_07_45_17.cfa,1403,2025-11-21T07:46:30.120Z,FFF3-Notify,f4:db:00:00:00:d9,0x0024,0x07,07 CA 02 00 00 03 50 01 50 01 4F 01 38 04 38 04 38 04 00 00,20
old/hci_snoop_2025_11_21_07_45_17.cfa,1407,2025-11-21T07:46:30.390Z,FFF3-Notify,f4:db:00:00:00:d9,0x0024,0x07,07 CD 02 00 00 03 4F 01 4F 01 4F 01 39 04 39 04 39 04 00 00,20
old/hci_snoop_2025_11_21_07_45_17.cfa,1411,2025-11-21T07:46:30.660Z,FFF3-Notify,f4:db:00:00:00:d9,0x0024,0x07,07 D0 02 00 00 03 4F 01 4E 01 4E 01 3A 04 3A 04 3A 04 00 00,20
old/hci_snoop_2025_11_21_07_45_17.cfa,1415,2025-11-21T07:46:30.925Z,FFF3-Notify,f4:db:00:00:00:d9,0x0024,0x07,07 D3 02 00 00 03 4E 01 4D 01 4E 01 3A 04 3B 04 3B 04 00 00,20
old/hci_snoop_2025_11_21_07_45_17.cfa,1419,2025-11-21T07:46:31.198Z,FFF3-Notify,f4:db:00:00:00:d9,0x0024,0x07,07 D6 02 00 00 03 4D 01 4D 01 4D 01 3B 04 3C 04 3C 04 00 00,20
old/hci_snoop_2025_11_21_07_45_17.cfa,1423,2025-11-21T07:46:31.467Z,FFF3-Notify,f4:db:00:00:00:d9,0x0024,0x07,07 D9 02 00 00 03 4D 01 4D 01 4D 01 3C 04 3C 04 3C 04 00 00,20
old/hci_snoop_2025_11_21_07_45_17.cfa,1427,2025-11-21T07:46:31.740Z,FFF3-Notify,f4:db:00:00:00:d9,0x0024,0x07,07 DC 02 00 00 03 4D 01 4D 01 4D 01 3C 04 3C 04 3B 04 00 00,20
old/hci_snoop_2025_11_21_07_45_17.cfa,1431,2025-11-21T07:46:32.010Z,FFF3-Notify,f4:db:00:00:00:d9,0x0024,0x07,07 DF 02 00 00 03 4D 01 4D 01 4D 01 3B 04 3A 04 3A 04 00 00,20
old/hci_snoop_2025_11_21_07_45_17.cfa,1435,2025-11-21T07:46:32.281Z,FFF3-Notify,f4:db:00:00:00:d9,0x0024,0x07,07 E2 02 00 00 03 4D 01 4C 01 4C 01 3A 04 C7 03 F4 03 00 00,20
old/hci_snoop_2025_11_21_07_45_17.cfa,1439,2025-11-21T07:46:32.547Z,FFF3-Notify,f4:db:00:00:00:d9,0x0024,0x07,07 E5 02 00 00 03 4C 01 4B 01 4C 01 FE 03 D0 03 DF 03 00 00,20
old/hci_snoop_2025_11_21_07_45_17.cfa,1443,2025-11-21T07:46:32.820Z,FFF3-Notify,f4:db:00:00:00:d9,0x0024,0x07,07 E8 02 00 00 03 4C 01 4D 01 4D 01 EA 03 F4 03 FD 03 00 00,20
old/hci_snoop_2025_11_21_07_45_17.cfa,1447,2025-11-21T07:46:33.087Z,FFF3-Notify,f4:db:00:00:00:d9,0x0024,0x07,07 EB 02 00 00 03 4E 01 4F 01 4F 01 0B 04 16 04 1D 04 00 00,20
old/hci_snoop_2025_11_21_07_45_17.cfa,1451,2025-11-21T07:46:33.360Z,FFF3-Notify,f4:db:00:00:00:d9,0x0024,0x07,07 EE 02 00 00 03 50 01 51 01 52 01 1F 04 23 04 25 04 00 00,20
old/hci_snoop_2025_11_21_07_45_17.cfa,1455,2025-11-21T07:46:33.627Z,FFF3-Notify,f4:db:00:00:00:d9,0x0024,0x07,07 F1 02 00 00 03 52 01 52 01 53 01 26 04 26 04 26 04 00 00,20
old/hci_snoop_2025_11_21_07_45_17.cfa,1459,2025-11-21T07:46:33.900Z,FFF3-Notify,f4:db:00:00:00:d9,0x0024,0x07,07 F4 02 00 00 03 53 01 53 01 54 01 28 04 2A 04 2B 04 00 00,20
old/hci_snoop_2025_11_21_07_45_17.cfa,1463,2025-11-21T07:46:34.168Z,FFF3-Notify,f4:db:00:00:00:d9,0x0024,0x07,07 F7 02 00 00 03 54 01 54 01 54 01 2C 04 2E 04 2F 04 00 00,20
old/hci_snoop_2025_11_21_07_45_17.cfa,1467,2025-11-21T07:46:34.440Z,FFF3-Notify,f4:db:00:00:00:d9,0x0024,0x07,07 FA 02 00 00 03 54 01 54 01 54 01 30 04 31 04 33 04 00 00,20
old/hci_snoop_2025_11_21_07_45_17.cfa,1472,2025-11-21T07:46:34.710Z,FFF3-Notify,f4:db:00:00:00:d9,0x0024,0x07,07 FD 02 00 00 03 54 01 54 01 54 01 34 04 36 04 36 04 00 00,20
old/hci_snoop_2025_11_21_07_45_17.cfa,1476,2025-11-21T07:46:35.070Z,FFF3-Notify,f4:db:00:00:00:d9,0x0024,0x07,07 00 03 00 00 03 54 01 54 01 54 01 38 04 38 04 3A 04 00 00,20
old/hci_snoop_2025_11_21_07_45_17.cfa,1480,2025-11-21T07:46:35.341Z,FFF3-Notify,f4:db:00:00:00:d9,0x0024,0x07,07 03 03 00 00 03 54 01 54 01 54 01 3A 04 3B 04 3B 04 00 00,20
old/hci_snoop_2025_11_21_07_45_17.cfa,1484,2025-11-21T07:46:35.610Z,FFF3-Notify,f4:db:00:00:00:d9,0x0024,0x07,07 06 03 00 00 03 54 01 54 01 53 01 3C 04 3D 04 3F 04 00 00,20
old/hci_snoop_2025_11_21_07_45_17.cfa,1488,2025-11-21T07:46:35.880Z,FFF3-Notify,f4:db:00:00:00:d9,0x0024,0x07,07 09 03 00 00 03 53 01 53 01 53 01 42 04 44 04 46 04 00 00,20
old/hci_snoop_2025_11_21_07_45_17.cfa,1492,2025-11-21T07:46:36.150Z,FFF3-Notify,f4:db:00:00:00:d9,0x0024,0x07,07 0C 03 00 00 03 53 01 53 01 53 01 49 04 4B 04 4D 04 00 00,20
old/hci_snoop_2025_11_21_07_45_17.cfa,1496,2025-11-21T07:46:36.417Z,FFF3-Notify,f4:db:00:00:00:d9,0x0024,0x07,07 0F 03 00 00 03 53 01 53 01 52 01 50 04 53 04 56 04 00 00,20
old/hci_snoop_2025_11_21_07_45_17.cfa,1500,2025-11-21T07:46:36.690Z,FFF3-Notify,f4:db:00:00:00:d9,0x0024,0x07,07 12 03 00 00 03 52 01 52 01 52 01 58 04 5A 04 5D 04 00 00,20
old/hci_snoop_2025_11_21_07_45_17.cfa,1504,2025-11-21T07:46:36.961Z,FFF3-Notify,f4:db:00:00:00:d9,0x0024,0x07,07 15 03 00 00 03 52 01 52 01 52 01 5F 04 61 04 62 04 00 00,20
old/hci_snoop_2025_11_21_07_45_17.cfa,1508,2025-11-21T07:46:37.226Z,FFF3-Notify,f4:db:00:00:00:d9,0x0024,0x07,07 18 03 00 00 03 52 01 52 01 51 01 65 04 66 04 69 04 00 00,20
old/hci_snoop_2025_11_21_07_45_17.cfa,1512,2025-11-21T07:46:37.500Z,FFF3-Notify,f4:db:00:00:00:d9,0x0024,0x07,07 1B 03 00 00 03 51 01 51 01 51 01 6B 04 6C 04 6E 04 00 00,20
old/hci_snoop_2025_11_21_07_45_17.cfa,1516,2025-11-21T07:46:37.860Z,FFF3-Notify,f4:db:00:00:00:d9,0x0024,0x07,07 1E 03 00 00 03 51 01 50 01 50 01 70 04 71 04 72 04 00 00,20
old/hci_snoop_2025_11_21_07_45_17.cfa,1520,2025-11-21T07:46:38.129Z,FFF3-Notify,f4:db:00:00:00:d9,0x0024,0x07,07 21 03 00 00 03 50 01 50 01 50 01 73 04 74 04 75 04 00 00,20
old/hci_snoop_2025_11_21_07_45_17.cfa,1524,2025-11-21T07:46:38.400Z,FFF3-Notify,f4:db:00:00:00:d9,0x0024,0x07,07 24 03 00 00 03 50 01 50 01 4F 01 76 04 78 04 79 04 00 00,20
old/hci_snoop_2025_11_21_07_45_17.cfa,1528,2025-11-21T07:46:38.670Z,FFF3-Notify,f4:db:00:00:00:d9,0x0024,0x07,07 27 03 00 00 03 4F 01 4F 01 4F 01 7A 04 7C 04 7C 04 00 00,20
old/hci_snoop_2025_11_21_07_45_17.cfa,1532,2025-11-21T07:46:38.936Z,FFF3-Notify,f4:db:00:00:00:d9,0x0024,0x07,07 2A 03 00 00 03 4F 01 4E 01 4E 01 7A 04 7A 04 7A 04 00 00,20
old/hci_snoop_2025_11_21_07_45_17.cfa,1536,2025-11-21T07:46:39.210Z,FFF3-Notify,f4:db:00:00:00:d9,0x0024,0x07,07 2D 03 00 00 03 4E 01 4E 01 4E 01 7A 04 7A 04 7B 04 00 00,20
old/hci_snoop_2025_11_21_07_45_17.cfa,1540,2025-11-21T07:46:39.480Z,FFF3-Notify,f4:db:00:00:00:d9,0x0024,0x07,07 30 03 00 00 03 4F 01 51 01 52 01 7D 04 78 04 76 04 00 00,20
old/hci_snoop_2025_11_21_07_45_17.cfa,1544,2025-11-21T07:46:39.748Z,FFF3-Notify,f4:db:00:00:00:d9,0x0024,0x07,07 33 03 00 00 01 3A 01 3A 03 52 01 7D 04 78 04 76 04 00 00,20
old/hci_snoop_2025_11_21_07_45_17.cfa,1757,2025-11-21T07:50:13.231Z,FFF3-Notify,f4:db:00:00:00:d9,0x0024,0x1A,1A 01 00 01 00 00 00 00 00 00 00 00 00 00 00 00 00 00 00 00,20
