file,write_rec,write_ts,write_hex,write_len,write_op,n_notifies,notify_rec,notify_ts,notify_hex,notify_len,notify_op,dt_ms,echo
hci_snoop_2025_11_26_14_52_44.cfa,446,2025-11-26T14:53:02.503Z,1A,1,0x1A,1,448,2025-11-26T14:53:02.519Z,1A 01 00 01 00 00 00 00 00 00 00 00 00 00 00 00 00 00 00 00,20,0x1A,16.0,yes
hci_snoop_2025_11_26_14_52_44.cfa,682,2025-11-26T14:53:31.381Z,01,1,0x01,1,684,2025-11-26T14:53:31.393Z,01 2F 06 00 00 00 00 00 00 00 00 00 00 00 00 00 00 00 00 00,20,0x01,12.0,yes
hci_snoop_2025_11_26_14_52_44.cfa,687,2025-11-26T14:53:31.431Z,07 00 00 00 00 03,6,0x07,1,689,2025-11-26T14:53:31.501Z,07 00 00 00 00 03 81 01 7B 01 79 01 B4 03 BC 03 CB 03 00 00,20,0x07,70.0,yes
hci_snoop_2025_11_26_14_52_44.cfa,691,2025-11-26T14:53:31.617Z,07 03 00 00 00 03,6,0x07,1,693,2025-11-26T14:53:31.724Z,07 03 00 00 00 03 74 01 67 01 5A 01 C0 03 CE 03 EF 03 00 00,20,0x07,107.0,yes
hci_snoop_2025_11_26_14_52_44.cfa,695,2025-11-26T14:53:31.796Z,07 06 00 00 00 03,6,0x07,1,697,2025-11-26T14:53:31.859Z,07 06 00 00 00 03 53 01 77 01 5C 01 04 04 BD 03 F4 03 00 00,20,0x07,63.0,yes
hci_snoop_2025_11_26_14_52_44.cfa,699,2025-11-26T14:53:31.984Z,07 09 00 00 00 03,6,0x07,1,701,2025-11-26T14:53:32.040Z,07 09 00 00 00 03 62 01 65 01 69 01 F0 03 E9 03 E4 03 00 00,20,0x07,56.0,yes
hci_snoop_2025_11_26_14_52_44.cfa,703,2025-11-26T14:53:32.164Z,07 0C 00 00 00 03,6,0x07,1,705,2025-11-26T14:53:32.220Z,07 0C 00 00 00 03 6B 01 6E 01 6F 01 DE 03 D9 03 DC 03 00 00,20,0x07,56.0,yes
hci_snoop_2025_11_26_14_52_44.cfa,707,2025-11-26T14:53:32.361Z,07 0F 00 00 00 03,6,0x07,1,709,2025-11-26T14:53:32.445Z,07 0F 00 00 00 03 71 01 72 01 6C 01 D3 03 CF 03 D5 03 00 00,20,0x07,84.0,yes
hci_snoop_2025_11_26_14_52_44.cfa,711,2025-11-26T14:53:32.567Z,07 12 00 00 00 03,6,0x07,1,713,2025-11-26T14:53:32.625Z,07 12 00 00 00 03 67 01 63 01 60 01 E1 03 E9 03 F1 03 00 00,20,0x07,58.0,yes
hci_snoop_2025_11_26_14_52_44.cfa,715,2025-11-26T14:53:32.749Z,07 15 00 00 00 03,6,0x07,1,717,2025-11-26T14:53:32.850Z,07 15 00 00 00 03 5D 01 5A 01 58 01 F9 03 00 04 06 04 00 00,20,0x07,101.0,yes
hci_snoop_2025_11_26_14_52_44.cfa,719,2025-11-26T14:53:32.916Z,07 18 00 00 00 03,6,0x07,1,721,2025-11-26T14:53:32.986Z,07 18 00 00 00 03 56 01 54 01 53 01 0B 04 0E 04 11 04 00 00,20,0x07,70.0,yes
hci_snoop_2025_11_26_14_52_44.cfa,723,2025-11-26T14:53:33.099Z,07 1B 00 00 00 03,6,0x07,1,725,2025-11-26T14:53:33.166Z,07 1B 00 00 00 03 52 01 51 01 50 01 13 04 15 04 18 04 00 00,20,0x07,67.0,yes
hci_snoop_2025_11_26_14_52_44.cfa,727,2025-11-26T14:53:33.281Z,07 1E 00 00 00 03,6,0x07,1,729,2025-11-26T14:53:33.345Z,07 1E 00 00 00 03 4F 01 4F 01 4E 01 19 04 1B 04 1D 04 00 00,20,0x07,64.0,yes
hci_snoop_2025_11_26_14_52_44.cfa,731,2025-11-26T14:53:33.464Z,07 21 00 00 00 03,6,0x07,1,733,2025-11-26T14:53:33.525Z,07 21 00 00 00 03 4D 01 4C 01 4C 01 1F 04 20 04 21 04 00 00,20,0x07,61.0,yes
hci_snoop_2025_11_26_14_52_44.cfa,735,2025-11-26T14:53:33.651Z,07 24 00 00 00 03,6,0x07,1,737,2025-11-26T14:53:33.705Z,07 24 00 00 00 03 4B 01 4B 01 4B 01 22 04 24 04 25 04 00 00,20,0x07,54.0,yes
hci_snoop_2025_11_26_14_52_44.cfa,739,2025-11-26T14:53:33.833Z,07 27 00 00 00 03,6,0x07,1,741,2025-11-26T14:53:33.885Z,07 27 00 00 00 03 4A 01 49 01 49 01 26 04 27 04 28 04 00 00,20,0x07,52.0,yes
hci_snoop_2025_11_26_14_52_44.cfa,743,2025-11-26T14:53:33.998Z,07 2A 00 00 00 03,6,0x07,1,745,2025-11-26T14:53:34.065Z,07 2A 00 00 00 03 49 01 48 01 48 01 28 04 28 04 29 04 00 00,20,0x07,67.0,yes
hci_snoop_2025_11_26_14_52_44.cfa,747,2025-11-26T14:53:34.182Z,07 2D 00 00 00 03,6,0x07,1,749,2025-11-26T14:53:34.245Z,07 2D 00 00 00 03 47 01 47 01 47 01 29 04 29 04 2A 04 00 00,20,0x07,63.0,yes
hci_snoop_2025_11_26_14_52_44.cfa,751,2025-11-26T14:53:34.397Z,07 30 00 00 00 03,6,0x07,1,753,2025-11-26T14:53:34.469Z,07 30 00 00 00 03 46 01 46 01 46 01 2B 04 2B 04 2C 04 00 00,20,0x07,72.0,yes
hci_snoop_2025_11_26_14_52_44.cfa,755,2025-11-26T14:53:34.582Z,07 33 00 00 00 03,6,0x07,1,757,2025-11-26T14:53:34.650Z,07 33 00 00 00 03 46 01 46 01 45 01 2D 04 2D 04 2E 04 00 00,20,0x07,68.0,yes
hci_snoop_2025_11_26_14_52_44.cfa,759,2025-11-26T14:53:34.766Z,07 36 00 00 00 03,6,0x07,1,761,2025-11-26T14:53:34.831Z,07 36 00 00 00 03 45 01 45 01 45 01 30 04 31 04 32 04 00 00,20,0x07,65.0,yes
hci_snoop_2025_11_26_14_52_44.cfa,763,2025-11-26T14:53:34.948Z,07 39 00 00 00 03,6,0x07,1,765,2025-11-26T14:53:35.009Z,07 39 00 00 00 03 44 01 44 01 45 01 33 04 35 04 3D 04 00 00,20,0x07,61.0,yes
hci_snoop_2025_11_26_14_52_44.cfa,767,2025-11-26T14:53:35.135Z,07 3C 00 00 00 03,6,0x07,1,769,2025-11-26T14:53:35.190Z,07 3C 00 00 00 03 44 01 44 01 43 01 3F 04 40 04 41 04 00 00,20,0x07,55.0,yes
hci_snoop_2025_11_26_14_52_44.cfa,771,2025-11-26T14:53:35.316Z,07 3F 00 00 00 03,6,0x07,1,773,2025-11-26T14:53:35.369Z,07 3F 00 00 00 03 43 01 43 01 43 01 42 04 44 04 45 04 00 00,20,0x07,53.0,yes
hci_snoop_2025_11_26_14_52_44.cfa,775,2025-11-26T14:53:35.484Z,07 42 00 00 00 03,6,0x07,1,777,2025-11-26T14:53:35.550Z,07 42 00 00 00 03 43 01 43 01 43 01 47 04 48 04 4A 04 00 00,20,0x07,66.0,yes
hci_snoop_2025_11_26_14_52_44.cfa,779,2025-11-26T14:53:35.666Z,07 45 00 00 00 03,6,0x07,1,781,2025-11-26T14:53:35.731Z,07 45 00 00 00 03 42 01 42 01 42 01 4B 04 4C 04 4C 04 00 00,20,0x07,65.0,yes
hci_snoop_2025_11_26_14_52_44.cfa,783,2025-11-26T14:53:35.850Z,07 48 00 00 00 03,6,0x07,1,785,2025-11-26T14:53:35.909Z,07 48 00 00 00 03 42 01 42 01 42 01 4E 04 4F 04 50 04 00 00,20,0x07,59.0,yes
hci_snoop_2025_11_26_14_52_44.cfa,787,2025-11-26T14:53:36.035Z,07 4B 00 00 00 03,6,0x07,1,789,2025-11-26T14:53:36.089Z,07 4B 00 00 00 03 42 01 42 01 42 01 52 04 53 04 54 04 00 00,20,0x07,54.0,yes
hci_snoop_2025_11_26_14_52_44.cfa,791,2025-11-26T14:53:36.216Z,07 4E 00 00 00 03,6,0x07,1,793,2025-11-26T14:53:36.269Z,07 4E 00 00 00 03 42 01 42 01 41 01 54 04 55 04 56 04 00 00,20,0x07,53.0,yes
hci_snoop_2025_11_26_14_52_44.cfa,795,2025-11-26T14:53:36.383Z,07 51 00 00 00 03,6,0x07,1,797,2025-11-26T14:53:36.449Z,07 51 00 00 00 03 42 01 41 01 41 01 57 04 58 04 58 04 00 00,20,0x07,66.0,yes
hci_snoop_2025_11_26_14_52_44.cfa,803,2025-11-26T14:53:36.564Z,07 54 00 00 00 03,6,0x07,1,805,2025-11-26T14:53:36.632Z,07 54 00 00 00 03 41 01 41 01 41 01 5A 04 5A 04 5B 04 00 00,20,0x07,68.0,yes
hci_snoop_2025_11_26_14_52_44.cfa,807,2025-11-26T14:53:36.749Z,07 57 00 00 00 03,6,0x07,1,809,2025-11-26T14:53:36.809Z,07 57 00 00 00 03 41 01 41 01 41 01 5C 04 5D 04 5E 04 00 00,20,0x07,60.0,yes
hci_snoop_2025_11_26_14_52_44.cfa,811,2025-11-26T14:53:36.935Z,07 5A 00 00 00 03,6,0x07,1,813,2025-11-26T14:53:36.990Z,07 5A 00 00 00 03 41 01 41 01 41 01 5F 04 5F 04 5F 04 00 00,20,0x07,55.0,yes
hci_snoop_2025_11_26_14_52_44.cfa,816,2025-11-26T14:53:37.117Z,07 5D 00 00 00 03,6,0x07,1,819,2025-11-26T14:53:37.260Z,07 5D 00 00 00 03 41 01 41 01 41 01 60 04 61 04 61 04 00 00,20,0x07,143.0,yes
hci_snoop_2025_11_26_14_52_44.cfa,821,2025-11-26T14:53:37.382Z,07 60 00 00 00 03,6,0x07,1,823,2025-11-26T14:53:37.530Z,07 60 00 00 00 03 41 01 41 01 40 01 62 04 62 04 63 04 00 00,20,0x07,148.0,yes
hci_snoop_2025_11_26_14_52_44.cfa,825,2025-11-26T14:53:37.649Z,07 63 00 00 00 03,6,0x07,1,827,2025-11-26T14:53:37.800Z,07 63 00 00 00 03 40 01 41 01 40 01 63 04 64 04 65 04 00 00,20,0x07,151.0,yes
hci_snoop_2025_11_26_14_52_44.cfa,829,2025-11-26T14:53:37.915Z,07 66 00 00 00 03,6,0x07,1,831,2025-11-26T14:53:38.071Z,07 66 00 00 00 03 40 01 40 01 40 01 65 04 66 04 66 04 00 00,20,0x07,156.0,yes
hci_snoop_2025_11_26_14_52_44.cfa,833,2025-11-26T14:53:38.182Z,07 69 00 00 00 03,6,0x07,1,835,2025-11-26T14:53:38.341Z,07 69 00 00 00 03 40 01 40 01 40 01 67 04 67 04 68 04 00 00,20,0x07,159.0,yes
hci_snoop_2025_11_26_14_52_44.cfa,837,2025-11-26T14:53:38.465Z,07 6C 00 00 00 03,6,0x07,1,839,2025-11-26T14:53:38.609Z,07 6C 00 00 00 03 40 01 40 01 40 01 68 04 68 04 69 04 00 00,20,0x07,144.0,yes
hci_snoop_2025_11_26_14_52_44.cfa,841,2025-11-26T14:53:38.735Z,07 6F 00 00 00 03,6,0x07,1,843,2025-11-26T14:53:38.881Z,07 6F 00 00 00 03 40 01 40 01 40 01 6A 04 69 04 6A 04 00 00,20,0x07,146.0,yes
hci_snoop_2025_11_26_14_52_44.cfa,845,2025-11-26T14:53:38.998Z,07 72 00 00 00 03,6,0x07,1,847,2025-11-26T14:53:39.150Z,07 72 00 00 00 03 40 01 40 01 40 01 6B 04 6C 04 6C 04 00 00,20,0x07,152.0,yes
hci_snoop_2025_11_26_14_52_44.cfa,849,2025-11-26T14:53:39.264Z,07 75 00 00 00 03,6,0x07,1,851,2025-11-26T14:53:39.420Z,07 75 00 00 00 03 40 01 40 01 40 01 6E 04 6E 04 6F 04 00 00,20,0x07,156.0,yes
hci_snoop_2025_11_26_14_52_44.cfa,853,2025-11-26T14:53:39.532Z,07 78 00 00 00 03,6,0x07,1,855,2025-11-26T14:53:39.689Z,07 78 00 00 00 03 40 01 40 01 40 01 6E 04 6F 04 6F 04 00 00,20,0x07,157.0,yes
hci_snoop_2025_11_26_14_52_44.cfa,857,2025-11-26T14:53:39.816Z,07 7B 00 00 00 03,6,0x07,1,859,2025-11-26T14:53:39.960Z,07 7B 00 00 00 03 40 01 40 01 3B 01 6F 04 6F 04 F2 03 00 00,20,0x07,144.0,yes
hci_snoop_2025_11_26_14_52_44.cfa,861,2025-11-26T14:53:40.082Z,07 7E 00 00 00 03,6,0x07,1,863,2025-11-26T14:53:40.231Z,07 7E 00 00 00 03 3A 01 3B 01 3C 01 0A 04 28 04 2E 04 00 00,20,0x07,149.0,yes
hci_snoop_2025_11_26_14_52_44.cfa,865,2025-11-26T14:53:40.349Z,07 81 00 00 00 03,6,0x07,1,867,2025-11-26T14:53:40.500Z,07 81 00 00 00 03 3C 01 3C 01 3D 01 35 04 3B 04 3F 04 00 00,20,0x07,151.0,yes
hci_snoop_2025_11_26_14_52_44.cfa,869,2025-11-26T14:53:40.618Z,07 84 00 00 00 03,6,0x07,1,871,2025-11-26T14:53:40.770Z,07 84 00 00 00 03 3F 01 3F 01 39 01 48 04 48 04 62 04 00 00,20,0x07,152.0,yes
hci_snoop_2025_11_26_14_52_44.cfa,873,2025-11-26T14:53:40.882Z,07 87 00 00 00 03,6,0x07,1,875,2025-11-26T14:53:41.041Z,07 87 00 00 00 03 36 01 37 01 38 01 76 04 7C 04 80 04 00 00,20,0x07,159.0,yes
hci_snoop_2025_11_26_14_52_44.cfa,877,2025-11-26T14:53:41.167Z,07 8A 00 00 00 03,6,0x07,1,879,2025-11-26T14:53:41.310Z,07 8A 00 00 00 03 3A 01 3C 01 3F 01 81 04 85 04 81 04 00 00,20,0x07,143.0,yes
hci_snoop_2025_11_26_14_52_44.cfa,881,2025-11-26T14:53:41.434Z,07 8D 00 00 00 03,6,0x07,1,883,2025-11-26T14:53:41.582Z,07 8D 00 00 00 03 40 01 41 01 46 01 7F 04 83 04 7A 04 00 00,20,0x07,148.0,yes
hci_snoop_2025_11_26_14_52_44.cfa,885,2025-11-26T14:53:41.700Z,07 90 00 00 00 03,6,0x07,1,887,2025-11-26T14:53:41.851Z,07 90 00 00 00 03 4B 01 4D 01 4D 01 72 04 65 04 5E 04 00 00,20,0x07,151.0,yes
hci_snoop_2025_11_26_14_52_44.cfa,889,2025-11-26T14:53:41.968Z,07 93 00 00 00 03,6,0x07,1,891,2025-11-26T14:53:42.120Z,07 93 00 00 00 03 4D 01 4D 01 4C 01 59 04 58 04 58 04 00 00,20,0x07,152.0,yes
hci_snoop_2025_11_26_14_52_44.cfa,893,2025-11-26T14:53:42.235Z,07 96 00 00 00 03,6,0x07,1,895,2025-11-26T14:53:42.390Z,07 96 00 00 00 03 4C 01 4C 01 4B 01 57 04 56 04 57 04 00 00,20,0x07,155.0,yes
hci_snoop_2025_11_26_14_52_44.cfa,897,2025-11-26T14:53:42.516Z,07 99 00 00 00 03,6,0x07,1,899,2025-11-26T14:53:42.660Z,07 99 00 00 00 03 4A 01 4A 01 49 01 5A 04 5A 04 5B 04 00 00,20,0x07,144.0,yes
hci_snoop_2025_11_26_14_52_44.cfa,901,2025-11-26T14:53:42.782Z,07 9C 00 00 00 03,6,0x07,1,903,2025-11-26T14:53:42.931Z,07 9C 00 00 00 03 48 01 48 01 47 01 5C 04 5D 04 5C 04 00 00,20,0x07,149.0,yes
hci_snoop_2025_11_26_14_52_44.cfa,905,2025-11-26T14:53:43.052Z,07 9F 00 00 00 03,6,0x07,1,907,2025-11-26T14:53:43.200Z,07 9F 00 00 00 03 47 01 46 01 46 01 5C 04 5C 04 59 04 00 00,20,0x07,148.0,yes
hci_snoop_2025_11_26_14_52_44.cfa,909,2025-11-26T14:53:43.315Z,07 A2 00 00 00 03,6,0x07,1,911,2025-11-26T14:53:43.470Z,07 A2 00 00 00 03 45 01 44 01 43 01 4D 04 3F 04 36 04 00 00,20,0x07,155.0,yes
hci_snoop_2025_11_26_14_52_44.cfa,913,2025-11-26T14:53:43.583Z,07 A5 00 00 00 03,6,0x07,1,915,2025-11-26T14:53:43.740Z,07 A5 00 00 00 03 43 01 42 01 41 01 2A 04 29 04 23 04 00 00,20,0x07,157.0,yes
hci_snoop_2025_11_26_14_52_44.cfa,917,2025-11-26T14:53:43.866Z,07 A8 00 00 00 03,6,0x07,1,919,2025-11-26T14:53:44.009Z,07 A8 00 00 00 03 41 01 40 01 40 01 21 04 18 04 11 04 00 00,20,0x07,143.0,yes
hci_snoop_2025_11_26_14_52_44.cfa,921,2025-11-26T14:53:44.133Z,07 AB 00 00 00 03,6,0x07,1,923,2025-11-26T14:53:44.281Z,07 AB 00 00 00 03 3F 01 3F 01 3E 01 0B 04 01 04 F9 03 00 00,20,0x07,148.0,yes
hci_snoop_2025_11_26_14_52_44.cfa,926,2025-11-26T14:53:44.400Z,07 AE 00 00 00 03,6,0x07,1,928,2025-11-26T14:53:44.549Z,07 AE 00 00 00 03 3D 01 3D 01 3C 01 F9 03 F0 03 F0 03 00 00,20,0x07,149.0,yes
hci_snoop_2025_11_26_14_52_44.cfa,930,2025-11-26T14:53:44.666Z,07 B1 00 00 00 03,6,0x07,1,932,2025-11-26T14:53:44.819Z,07 B1 00 00 00 03 3C 01 3B 01 3B 01 E2 03 D6 03 CF 03 00 00,20,0x07,153.0,yes
hci_snoop_2025_11_26_14_52_44.cfa,934,2025-11-26T14:53:44.939Z,07 B4 00 00 00 03,6,0x07,1,936,2025-11-26T14:53:45.089Z,07 B4 00 00 00 03 3A 01 3A 01 3A 01 E4 03 ED 03 F3 03 00 00,20,0x07,150.0,yes
hci_snoop_2025_11_26_14_52_44.cfa,938,2025-11-26T14:53:45.220Z,07 B7 00 00 00 03,6,0x07,1,940,2025-11-26T14:53:45.360Z,07 B7 00 00 00 03 3A 01 3A 01 39 01 FA 03 01 04 07 04 00 00,20,0x07,140.0,yes
hci_snoop_2025_11_26_14_52_44.cfa,942,2025-11-26T14:53:45.483Z,07 BA 00 00 00 03,6,0x07,1,944,2025-11-26T14:53:45.631Z,07 BA 00 00 00 03 39 01 39 01 39 01 0D 04 11 04 13 04 00 00,20,0x07,148.0,yes
hci_snoop_2025_11_26_14_52_44.cfa,946,2025-11-26T14:53:45.751Z,07 BD 00 00 00 03,6,0x07,1,948,2025-11-26T14:53:45.901Z,07 BD 00 00 00 03 39 01 3A 01 39 01 17 04 1D 04 22 04 00 00,20,0x07,150.0,yes
hci_snoop_2025_11_26_14_52_44.cfa,950,2025-11-26T14:53:46.019Z,07 C0 00 00 00 03,6,0x07,1,952,2025-11-26T14:53:46.171Z,07 C0 00 00 00 03 3A 01 39 01 3A 01 26 04 2A 04 2D 04 00 00,20,0x07,152.0,yes
hci_snoop_2025_11_26_14_52_44.cfa,954,2025-11-26T14:53:46.286Z,07 C3 00 00 00 03,6,0x07,1,956,2025-11-26T14:53:46.441Z,07 C3 00 00 00 03 3A 01 3A 01 3A 01 31 04 34 04 37 04 00 00,20,0x07,155.0,yes
hci_snoop_2025_11_26_14_52_44.cfa,958,2025-11-26T14:53:46.567Z,07 C6 00 00 00 03,6,0x07,1,960,2025-11-26T14:53:46.709Z,07 C6 00 00 00 03 3A 01 3A 01 3A 01 3A 04 3D 04 3F 04 00 00,20,0x07,142.0,yes
hci_snoop_2025_11_26_14_52_44.cfa,962,2025-11-26T14:53:46.835Z,07 C9 00 00 00 03,6,0x07,1,964,2025-11-26T14:53:46.980Z,07 C9 00 00 00 03 3A 01 3A 01 3A 01 42 04 44 04 47 04 00 00,20,0x07,145.0,yes
hci_snoop_2025_11_26_14_52_44.cfa,966,2025-11-26T14:53:47.099Z,07 CC 00 00 00 03,6,0x07,1,968,2025-11-26T14:53:47.340Z,07 CC 00 00 00 03 3A 01 3A 01 3A 01 49 04 4B 04 4D 04 00 00,20,0x07,241.0,yes
hci_snoop_2025_11_26_14_52_44.cfa,970,2025-11-26T14:53:47.383Z,07 CF 00 00 00 03,6,0x07,1,972,2025-11-26T14:53:47.520Z,07 CF 00 00 00 03 3A 01 3A 01 3A 01 4E 04 4F 04 51 04 00 00,20,0x07,137.0,yes
hci_snoop_2025_11_26_14_52_44.cfa,974,2025-11-26T14:53:47.637Z,07 D2 00 00 00 03,6,0x07,1,976,2025-11-26T14:53:47.790Z,07 D2 00 00 00 03 3B 01 3B 01 3B 01 53 04 55 04 56 04 00 00,20,0x07,153.0,yes
hci_snoop_2025_11_26_14_52_44.cfa,978,2025-11-26T14:53:47.918Z,07 D5 00 00 00 03,6,0x07,1,980,2025-11-26T14:53:48.060Z,07 D5 00 00 00 03 3B 01 3B 01 3B 01 57 04 58 04 59 04 00 00,20,0x07,142.0,yes
hci_snoop_2025_11_26_14_52_44.cfa,982,2025-11-26T14:53:48.185Z,07 D8 00 00 00 03,6,0x07,1,984,2025-11-26T14:53:48.329Z,07 D8 00 00 00 03 3B 01 3B 01 3B 01 5A 04 5B 04 5C 04 00 00,20,0x07,144.0,yes
hci_snoop_2025_11_26_14_52_44.cfa,986,2025-11-26T14:53:48.451Z,07 DB 00 00 00 03,6,0x07,1,988,2025-11-26T14:53:48.599Z,07 DB 00 00 00 03 3B 01 3B 01 3B 01 5D 04 5E 04 5F 04 00 00,20,0x07,148.0,yes
hci_snoop_2025_11_26_14_52_44.cfa,990,2025-11-26T14:53:48.718Z,07 DE 00 00 00 03,6,0x07,1,992,2025-11-26T14:53:48.870Z,07 DE 00 00 00 03 3B 01 3B 01 3B 01 60 04 61 04 61 04 00 00,20,0x07,152.0,yes
hci_snoop_2025_11_26_14_52_44.cfa,994,2025-11-26T14:53:48.985Z,07 E1 00 00 00 03,6,0x07,1,996,2025-11-26T14:53:49.139Z,07 E1 00 00 00 03 3B 01 3B 01 3B 01 63 04 63 04 64 04 00 00,20,0x07,154.0,yes
hci_snoop_2025_11_26_14_52_44.cfa,998,2025-11-26T14:53:49.268Z,07 E4 00 00 00 03,6,0x07,1,1000,2025-11-26T14:53:49.410Z,07 E4 00 00 00 03 3B 01 3B 01 3B 01 65 04 66 04 66 04 00 00,20,0x07,142.0,yes
hci_snoop_2025_11_26_14_52_44.cfa,1002,2025-11-26T14:53:49.533Z,07 E7 00 00 00 03,6,0x07,1,1004,2025-11-26T14:53:49.680Z,07 E7 00 00 00 03 3B 01 3B 01 3A 01 67 04 68 04 69 04 00 00,20,0x07,147.0,yes
hci_snoop_2025_11_26_14_52_44.cfa,1006,2025-11-26T14:53:49.800Z,07 EA 00 00 00 03,6,0x07,1,1008,2025-11-26T14:53:49.952Z,07 EA 00 00 00 03 3A 01 3B 01 3A 01 6A 04 6B 04 6A 04 00 00,20,0x07,152.0,yes
hci_snoop_2025_11_26_14_52_44.cfa,1010,2025-11-26T14:53:50.068Z,07 ED 00 00 00 03,6,0x07,1,1012,2025-11-26T14:53:50.219Z,07 ED 00 00 00 03 3A 01 3B 01 3C 01 6A 04 6C 04 6B 04 00 00,20,0x07,151.0,yes
hci_snoop_2025_11_26_14_52_44.cfa,1014,2025-11-26T14:53:50.339Z,07 F0 00 00 00 03,6,0x07,1,1016,2025-11-26T14:53:50.490Z,07 F0 00 00 00 03 3E 01 40 01 41 01 68 04 64 04 5F 04 00 00,20,0x07,151.0,yes
hci_snoop_2025_11_26_14_52_44.cfa,1018,2025-11-26T14:53:50.620Z,07 F3 00 00 00 03,6,0x07,1,1020,2025-11-26T14:53:50.760Z,07 F3 00 00 00 03 43 01 44 01 45 01 5C 04 58 04 56 04 00 00,20,0x07,140.0,yes
hci_snoop_2025_11_26_14_52_44.cfa,1022,2025-11-26T14:53:50.883Z,07 F6 00 00 00 03,6,0x07,1,1024,2025-11-26T14:53:51.029Z,07 F6 00 00 00 03 47 01 48 01 4A 01 56 04 53 04 4D 04 00 00,20,0x07,146.0,yes
hci_snoop_2025_11_26_14_52_44.cfa,1026,2025-11-26T14:53:51.152Z,07 F9 00 00 00 03,6,0x07,1,1028,2025-11-26T14:53:51.302Z,07 F9 00 00 00 03 4C 01 51 01 4F 01 48 04 3D 04 41 04 00 00,20,0x07,150.0,yes
hci_snoop_2025_11_26_14_52_44.cfa,1030,2025-11-26T14:53:51.418Z,07 FC 00 00 00 03,6,0x07,1,1032,2025-11-26T14:53:51.571Z,07 FC 00 00 00 03 4F 01 4F 01 4F 01 41 04 3F 04 3F 04 00 00,20,0x07,153.0,yes
hci_snoop_2025_11_26_14_52_44.cfa,1034,2025-11-26T14:53:51.683Z,07 FF 00 00 00 03,6,0x07,1,1036,2025-11-26T14:53:51.840Z,07 FF 00 00 00 03 50 01 50 01 50 01 3F 04 3D 04 3C 04 00 00,20,0x07,157.0,yes
hci_snoop_2025_11_26_14_52_44.cfa,1038,2025-11-26T14:53:51.968Z,07 02 01 00 00 03,6,0x07,1,1040,2025-11-26T14:53:52.110Z,07 02 01 00 00 03 51 01 52 01 53 01 3C 04 3F 04 37 04 00 00,20,0x07,142.0,yes
hci_snoop_2025_11_26_14_52_44.cfa,1042,2025-11-26T14:53:52.235Z,07 05 01 00 00 03,6,0x07,1,1044,2025-11-26T14:53:52.379Z,07 05 01 00 00 03 54 01 54 01 55 01 36 04 31 04 31 04 00 00,20,0x07,144.0,yes
hci_snoop_2025_11_26_14_52_44.cfa,1046,2025-11-26T14:53:52.502Z,07 08 01 00 00 03,6,0x07,1,1048,2025-11-26T14:53:52.652Z,07 08 01 00 00 03 55 01 4A 01 4E 01 2F 04 65 03 A9 03 00 00,20,0x07,150.0,yes
hci_snoop_2025_11_26_14_52_44.cfa,1050,2025-11-26T14:53:52.768Z,07 0B 01 00 00 03,6,0x07,1,1052,2025-11-26T14:53:52.920Z,07 0B 01 00 00 03 51 01 53 01 55 01 B9 03 C2 03 CF 03 00 00,20,0x07,152.0,yes
hci_snoop_2025_11_26_14_52_44.cfa,1054,2025-11-26T14:53:53.040Z,07 0E 01 00 00 03,6,0x07,1,1056,2025-11-26T14:53:53.190Z,07 0E 01 00 00 03 54 01 52 01 52 01 D3 03 D9 03 E3 03 00 00,20,0x07,150.0,yes
hci_snoop_2025_11_26_14_52_44.cfa,1058,2025-11-26T14:53:53.318Z,07 11 01 00 00 03,6,0x07,1,1060,2025-11-26T14:53:53.460Z,07 11 01 00 00 03 52 01 50 01 50 01 E6 03 EC 03 F0 03 00 00,20,0x07,142.0,yes
hci_snoop_2025_11_26_14_52_44.cfa,1062,2025-11-26T14:53:53.584Z,07 14 01 00 00 03,6,0x07,1,1064,2025-11-26T14:53:53.732Z,07 14 01 00 00 03 4F 01 51 01 53 01 F6 03 F5 03 F6 03 00 00,20,0x07,148.0,yes
hci_snoop_2025_11_26_14_52_44.cfa,1067,2025-11-26T14:53:53.853Z,07 17 01 00 00 03,6,0x07,1,1069,2025-11-26T14:53:53.999Z,07 17 01 00 00 03 54 01 56 01 57 01 F3 03 ED 03 ED 03 00 00,20,0x07,146.0,yes
hci_snoop_2025_11_26_14_52_44.cfa,1089,2025-11-26T14:53:54.109Z,07 1A 01 00 00 03,6,0x07,1,1091,2025-11-26T14:53:54.270Z,07 1A 01 00 00 03 58 01 59 01 57 01 EB 03 E8 03 EE 03 00 00,20,0x07,161.0,yes
hci_snoop_2025_11_26_14_52_44.cfa,1093,2025-11-26T14:53:54.367Z,07 1D 01 00 00 03,6,0x07,1,1095,2025-11-26T14:53:54.540Z,07 1D 01 00 00 03 5A 01 5C 01 5C 01 E6 03 DC 03 D9 03 00 00,20,0x07,173.0,yes
hci_snoop_2025_11_26_15_00_04.cfa,462,2025-11-26T15:00:21.988Z,1A,1,0x1A,1,464,2025-11-26T15:00:22.003Z,1A 01 00 01 00 00 00 00 00 00 00 00 00 00 00 00 00 00 00 00,20,0x1A,15.0,yes
hci_snoop_2025_11_26_15_00_04.cfa,651,2025-11-26T15:00:38.154Z,01,1,0x01,1,653,2025-11-26T15:00:38.164Z,01 30 06 00 00 00 00 00 00 00 00 00 00 00 00 00 00 00 00 00,20,0x01,10.0,yes
hci_snoop_2025_11_26_15_00_04.cfa,656,2025-11-26T15:00:38.201Z,07 00 00 00 00 03,6,0x07,1,658,2025-11-26T15:00:38.278Z,07 00 00 00 00 03 81 01 7B 01 79 01 B4 03 BC 03 CB 03 00 00,20,0x07,77.0,yes
hci_snoop_2025_11_26_15_00_04.cfa,660,2025-11-26T15:00:38.405Z,07 03 00 00 00 03,6,0x07,1,662,2025-11-26T15:00:38.458Z,07 03 00 00 00 03 74 01 67 01 5A 01 C0 03 CE 03 EF 03 00 00,20,0x07,53.0,yes
hci_snoop_2025_11_26_15_00_04.cfa,664,2025-11-26T15:00:38.588Z,07 06 00 00 00 03,6,0x07,1,666,2025-11-26T15:00:38.637Z,07 06 00 00 00 03 53 01 77 01 5C 01 04 04 BD 03 F4 03 00 00,20,0x07,49.0,yes
hci_snoop_2025_11_26_15_00_04.cfa,668,2025-11-26T15:00:38.753Z,07 09 00 00 00 03,6,0x07,1,670,2025-11-26T15:00:38.821Z,07 09 00 00 00 03 62 01 65 01 69 01 F0 03 E9 03 E4 03 00 00,20,0x07,68.0,yes
hci_snoop_2025_11_26_15_00_04.cfa,672,2025-11-26T15:00:38.935Z,07 0C 00 00 00 03,6,0x07,1,674,2025-11-26T15:00:38.998Z,07 0C 00 00 00 03 6B 01 6E 01 6F 01 DE 03 D9 03 DC 03 00 00,20,0x07,63.0,yes
hci_snoop_2025_11_26_15_00_04.cfa,676,2025-11-26T15:00:39.120Z,07 0F 00 00 00 03,6,0x07,1,678,2025-11-26T15:00:39.178Z,07 0F 00 00 00 03 71 01 72 01 6C 01 D3 03 CF 03 D5 03 00 00,20,0x07,58.0,yes
hci_snoop_2025_11_26_15_00_04.cfa,680,2025-11-26T15:00:39.302Z,07 12 00 00 00 03,6,0x07,1,682,2025-11-26T15:00:39.357Z,07 12 00 00 00 03 67 01 63 01 60 01 E1 03 E9 03 F1 03 00 00,20,0x07,55.0,yes
hci_snoop_2025_11_26_15_00_04.cfa,684,2025-11-26T15:00:39.485Z,07 15 00 00 00 03,6,0x07,1,686,2025-11-26T15:00:39.538Z,07 15 00 00 00 03 5D 01 5A 01 58 01 F9 03 00 04 06 04 00 00,20,0x07,53.0,yes
hci_snoop_2025_11_26_15_00_04.cfa,688,2025-11-26T15:00:39.653Z,07 18 00 00 00 03,6,0x07,1,690,2025-11-26T15:00:39.722Z,07 18 00 00 00 03 56 01 54 01 53 01 0B 04 0E 04 11 04 00 00,20,0x07,69.0,yes
hci_snoop_2025_11_26_15_00_04.cfa,692,2025-11-26T15:00:39.838Z,07 1B 00 00 00 03,6,0x07,1,694,2025-11-26T15:00:39.898Z,07 1B 00 00 00 03 52 01 51 01 50 01 13 04 15 04 18 04 00 00,20,0x07,60.0,yes
hci_snoop_2025_11_26_15_00_04.cfa,696,2025-11-26T15:00:40.020Z,07 1E 00 00 00 03,6,0x07,1,698,2025-11-26T15:00:40.078Z,07 1E 00 00 00 03 4F 01 4F 01 4E 01 19 04 1B 04 1D 04 00 00,20,0x07,58.0,yes
hci_snoop_2025_11_26_15_00_04.cfa,700,2025-11-26T15:00:40.204Z,07 21 00 00 00 03,6,0x07,1,702,2025-11-26T15:00:40.258Z,07 21 00 00 00 03 4D 01 4C 01 4C 01 1F 04 20 04 21 04 00 00,20,0x07,54.0,yes
hci_snoop_2025_11_26_15_00_04.cfa,704,2025-11-26T15:00:40.372Z,07 24 00 00 00 03,6,0x07,1,706,2025-11-26T15:00:40.438Z,07 24 00 00 00 03 4B 01 4B 01 4B 01 22 04 24 04 25 04 00 00,20,0x07,66.0,yes
hci_snoop_2025_11_26_15_00_04.cfa,708,2025-11-26T15:00:40.552Z,07 27 00 00 00 03,6,0x07,1,710,2025-11-26T15:00:40.619Z,07 27 00 00 00 03 4A 01 49 01 49 01 26 04 27 04 28 04 00 00,20,0x07,67.0,yes
hci_snoop_2025_11_26_15_00_04.cfa,712,2025-11-26T15:00:40.738Z,07 2A 00 00 00 03,6,0x07,1,714,2025-11-26T15:00:40.798Z,07 2A 00 00 00 03 49 01 48 01 48 01 28 04 28 04 29 04 00 00,20,0x07,60.0,yes
hci_snoop_2025_11_26_15_00_04.cfa,716,2025-11-26T15:00:40.920Z,07 2D 00 00 00 03,6,0x07,1,718,2025-11-26T15:00:40.978Z,07 2D 00 00 00 03 47 01 47 01 47 01 29 04 29 04 2A 04 00 00,20,0x07,58.0,yes
hci_snoop_2025_11_26_15_00_04.cfa,720,2025-11-26T15:00:41.105Z,07 30 00 00 00 03,6,0x07,1,722,2025-11-26T15:00:41.158Z,07 30 00 00 00 03 46 01 46 01 46 01 2B 04 2B 04 2C 04 00 00,20,0x07,53.0,yes
hci_snoop_2025_11_26_15_00_04.cfa,724,2025-11-26T15:00:41.286Z,07 33 00 00 00 03,6,0x07,1,726,2025-11-26T15:00:41.385Z,07 33 00 00 00 03 46 01 46 01 45 01 2D 04 2D 04 2E 04 00 00,20,0x07,99.0,yes
hci_snoop_2025_11_26_15_00_04.cfa,728,2025-11-26T15:00:41.502Z,07 36 00 00 00 03,6,0x07,1,730,2025-11-26T15:00:41.563Z,07 36 00 00 00 03 45 01 45 01 45 01 30 04 31 04 32 04 00 00,20,0x07,61.0,yes
hci_snoop_2025_11_26_15_00_04.cfa,732,2025-11-26T15:00:41.688Z,07 39 00 00 00 03,6,0x07,1,734,2025-11-26T15:00:41.743Z,07 39 00 00 00 03 44 01 44 01 45 01 33 04 35 04 3D 04 00 00,20,0x07,55.0,yes
hci_snoop_2025_11_26_15_00_04.cfa,736,2025-11-26T15:00:41.872Z,07 3C 00 00 00 03,6,0x07,1,738,2025-11-26T15:00:41.927Z,07 3C 00 00 00 03 44 01 44 01 43 01 3F 04 40 04 41 04 00 00,20,0x07,55.0,yes
hci_snoop_2025_11_26_15_00_04.cfa,740,2025-11-26T15:00:42.038Z,07 3F 00 00 00 03,6,0x07,1,742,2025-11-26T15:00:42.103Z,07 3F 00 00 00 03 43 01 43 01 43 01 42 04 44 04 45 04 00 00,20,0x07,65.0,yes
hci_snoop_2025_11_26_15_00_04.cfa,744,2025-11-26T15:00:42.222Z,07 42 00 00 00 03,6,0x07,1,746,2025-11-26T15:00:42.283Z,07 42 00 00 00 03 43 01 43 01 43 01 47 04 48 04 4A 04 00 00,20,0x07,61.0,yes
hci_snoop_2025_11_26_15_00_04.cfa,748,2025-11-26T15:00:42.405Z,07 45 00 00 00 03,6,0x07,1,750,2025-11-26T15:00:42.464Z,07 45 00 00 00 03 42 01 42 01 42 01 4B 04 4C 04 4C 04 00 00,20,0x07,59.0,yes
hci_snoop_2025_11_26_15_00_04.cfa,752,2025-11-26T15:00:42.590Z,07 48 00 00 00 03,6,0x07,1,754,2025-11-26T15:00:42.643Z,07 48 00 00 00 03 42 01 42 01 42 01 4E 04 4F 04 50 04 00 00,20,0x07,53.0,yes
hci_snoop_2025_11_26_15_00_04.cfa,756,2025-11-26T15:00:42.770Z,07 4B 00 00 00 03,6,0x07,1,758,2025-11-26T15:00:42.827Z,07 4B 00 00 00 03 42 01 42 01 42 01 52 04 53 04 54 04 00 00,20,0x07,57.0,yes
hci_snoop_2025_11_26_15_00_04.cfa,760,2025-11-26T15:00:42.937Z,07 4E 00 00 00 03,6,0x07,1,762,2025-11-26T15:00:43.004Z,07 4E 00 00 00 03 42 01 42 01 41 01 54 04 55 04 56 04 00 00,20,0x07,67.0,yes
hci_snoop_2025_11_26_15_00_04.cfa,764,2025-11-26T15:00:43.122Z,07 51 00 00 00 03,6,0x07,1,766,2025-11-26T15:00:43.184Z,07 51 00 00 00 03 42 01 41 01 41 01 57 04 58 04 58 04 00 00,20,0x07,62.0,yes
hci_snoop_2025_11_26_15_00_04.cfa,772,2025-11-26T15:00:43.304Z,07 54 00 00 00 03,6,0x07,1,774,2025-11-26T15:00:43.364Z,07 54 00 00 00 03 41 01 41 01 41 01 5A 04 5A 04 5B 04 00 00,20,0x07,60.0,yes
hci_snoop_2025_11_26_15_00_04.cfa,776,2025-11-26T15:00:43.489Z,07 57 00 00 00 03,6,0x07,1,778,2025-11-26T15:00:43.543Z,07 57 00 00 00 03 41 01 41 01 41 01 5C 04 5D 04 5E 04 00 00,20,0x07,54.0,yes
hci_snoop_2025_11_26_15_00_04.cfa,780,2025-11-26T15:00:43.669Z,07 5A 00 00 00 03,6,0x07,1,782,2025-11-26T15:00:43.725Z,07 5A 00 00 00 03 41 01 41 01 41 01 5F 04 5F 04 5F 04 00 00,20,0x07,56.0,yes
hci_snoop_2025_11_26_15_00_04.cfa,785,2025-11-26T15:00:43.836Z,07 5D 00 00 00 03,6,0x07,1,787,2025-11-26T15:00:43.993Z,07 5D 00 00 00 03 41 01 41 01 41 01 60 04 61 04 61 04 00 00,20,0x07,157.0,yes
hci_snoop_2025_11_26_15_00_04.cfa,789,2025-11-26T15:00:44.121Z,07 60 00 00 00 03,6,0x07,1,791,2025-11-26T15:00:44.263Z,07 60 00 00 00 03 41 01 41 01 40 01 62 04 62 04 63 04 00 00,20,0x07,142.0,yes
hci_snoop_2025_11_26_15_00_04.cfa,793,2025-11-26T15:00:44.388Z,07 63 00 00 00 03,6,0x07,1,795,2025-11-26T15:00:44.533Z,07 63 00 00 00 03 40 01 41 01 40 01 63 04 64 04 65 04 00 00,20,0x07,145.0,yes
hci_snoop_2025_11_26_15_00_04.cfa,797,2025-11-26T15:00:44.653Z,07 66 00 00 00 03,6,0x07,1,799,2025-11-26T15:00:44.805Z,07 66 00 00 00 03 40 01 40 01 40 01 65 04 66 04 66 04 00 00,20,0x07,152.0,yes
hci_snoop_2025_11_26_15_00_04.cfa,801,2025-11-26T15:00:44.922Z,07 69 00 00 00 03,6,0x07,1,803,2025-11-26T15:00:45.163Z,07 69 00 00 00 03 40 01 40 01 40 01 67 04 67 04 68 04 00 00,20,0x07,241.0,yes
hci_snoop_2025_11_26_15_00_04.cfa,805,2025-11-26T15:00:45.287Z,07 6C 00 00 00 03,6,0x07,1,807,2025-11-26T15:00:45.434Z,07 6C 00 00 00 03 40 01 40 01 40 01 68 04 68 04 69 04 00 00,20,0x07,147.0,yes
hci_snoop_2025_11_26_15_00_04.cfa,809,2025-11-26T15:00:45.554Z,07 6F 00 00 00 03,6,0x07,1,811,2025-11-26T15:00:45.704Z,07 6F 00 00 00 03 40 01 40 01 40 01 6A 04 69 04 6A 04 00 00,20,0x07,150.0,yes
hci_snoop_2025_11_26_15_00_04.cfa,813,2025-11-26T15:00:45.820Z,07 72 00 00 00 03,6,0x07,1,815,2025-11-26T15:00:45.974Z,07 72 00 00 00 03 40 01 40 01 40 01 6B 04 6C 04 6C 04 00 00,20,0x07,154.0,yes
hci_snoop_2025_11_26_15_00_04.cfa,817,2025-11-26T15:00:46.088Z,07 75 00 00 00 03,6,0x07,1,819,2025-11-26T15:00:46.244Z,07 75 00 00 00 03 40 01 40 01 40 01 6E 04 6E 04 6F 04 00 00,20,0x07,156.0,yes
hci_snoop_2025_11_26_15_00_04.cfa,821,2025-11-26T15:00:46.371Z,07 78 00 00 00 03,6,0x07,1,823,2025-11-26T15:00:46.514Z,07 78 00 00 00 03 40 01 40 01 40 01 6E 04 6F 04 6F 04 00 00,20,0x07,143.0,yes
hci_snoop_2025_11_26_15_00_04.cfa,825,2025-11-26T15:00:46.636Z,07 7B 00 00 00 03,6,0x07,1,827,2025-11-26T15:00:46.783Z,07 7B 00 00 00 03 40 01 40 01 3B 01 6F 04 6F 04 F2 03 00 00,20,0x07,147.0,yes
hci_snoop_2025_11_26_15_00_04.cfa,829,2025-11-26T15:00:46.906Z,07 7E 00 00 00 03,6,0x07,1,831,2025-11-26T15:00:47.055Z,07 7E 00 00 00 03 3A 01 3B 01 3C 01 0A 04 28 04 2E 04 00 00,20,0x07,149.0,yes
hci_snoop_2025_11_26_15_00_04.cfa,833,2025-11-26T15:00:47.270Z,07 81 00 00 00 03,6,0x07,1,835,2025-11-26T15:00:47.414Z,07 81 00 00 00 03 3C 01 3C 01 3D 01 35 04 3B 04 3F 04 00 00,20,0x07,144.0,yes
hci_snoop_2025_11_26_15_00_04.cfa,837,2025-11-26T15:00:47.539Z,07 84 00 00 00 03,6,0x07,1,839,2025-11-26T15:00:47.684Z,07 84 00 00 00 03 3F 01 3F 01 39 01 48 04 48 04 62 04 00 00,20,0x07,145.0,yes
hci_snoop_2025_11_26_15_00_04.cfa,841,2025-11-26T15:00:47.811Z,07 87 00 00 00 03,6,0x07,1,843,2025-11-26T15:00:47.954Z,07 87 00 00 00 03 36 01 37 01 38 01 76 04 7C 04 80 04 00 00,20,0x07,143.0,yes
hci_snoop_2025_11_26_15_00_04.cfa,845,2025-11-26T15:00:48.071Z,07 8A 00 00 00 03,6,0x07,1,847,2025-11-26T15:00:48.224Z,07 8A 00 00 00 03 3A 01 3C 01 3F 01 81 04 85 04 81 04 00 00,20,0x07,153.0,yes
hci_snoop_2025_11_26_15_00_04.cfa,849,2025-11-26T15:00:48.341Z,07 8D 00 00 00 03,6,0x07,1,851,2025-11-26T15:00:48.492Z,07 8D 00 00 00 03 40 01 41 01 46 01 7F 04 83 04 7A 04 00 00,20,0x07,151.0,yes
hci_snoop_2025_11_26_15_00_04.cfa,853,2025-11-26T15:00:48.620Z,07 90 00 00 00 03,6,0x07,1,855,2025-11-26T15:00:48.944Z,07 90 00 00 00 03 4B 01 4D 01 4D 01 72 04 65 04 5E 04 00 00,20,0x07,324.0,yes
hci_snoop_2025_11_26_15_00_04.cfa,857,2025-11-26T15:00:48.969Z,07 93 00 00 00 03,6,0x07,1,860,2025-11-26T15:00:49.125Z,07 93 00 00 00 03 4D 01 4D 01 4C 01 59 04 58 04 58 04 00 00,20,0x07,156.0,yes
hci_snoop_2025_11_26_15_00_04.cfa,862,2025-11-26T15:00:49.240Z,07 96 00 00 00 03,6,0x07,1,864,2025-11-26T15:00:49.393Z,07 96 00 00 00 03 4C 01 4C 01 4B 01 57 04 56 04 57 04 00 00,20,0x07,153.0,yes
hci_snoop_2025_11_26_15_00_04.cfa,866,2025-11-26T15:00:49.505Z,07 99 00 00 00 03,6,0x07,1,868,2025-11-26T15:00:49.664Z,07 99 00 00 00 03 4A 01 4A 01 49 01 5A 04 5A 04 5B 04 00 00,20,0x07,159.0,yes
hci_snoop_2025_11_26_15_00_04.cfa,870,2025-11-26T15:00:49.787Z,07 9C 00 00 00 03,6,0x07,1,872,2025-11-26T15:00:49.934Z,07 9C 00 00 00 03 48 01 48 01 47 01 5C 04 5D 04 5C 04 00 00,20,0x07,147.0,yes
hci_snoop_2025_11_26_15_00_04.cfa,874,2025-11-26T15:00:50.056Z,07 9F 00 00 00 03,6,0x07,1,876,2025-11-26T15:00:50.204Z,07 9F 00 00 00 03 47 01 46 01 46 01 5C 04 5C 04 59 04 00 00,20,0x07,148.0,yes
hci_snoop_2025_11_26_15_00_04.cfa,878,2025-11-26T15:00:50.322Z,07 A2 00 00 00 03,6,0x07,1,880,2025-11-26T15:00:50.473Z,07 A2 00 00 00 03 45 01 44 01 43 01 4D 04 3F 04 36 04 00 00,20,0x07,151.0,yes
hci_snoop_2025_11_26_15_00_04.cfa,882,2025-11-26T15:00:50.588Z,07 A5 00 00 00 03,6,0x07,1,884,2025-11-26T15:00:50.746Z,07 A5 00 00 00 03 43 01 42 01 41 01 2A 04 29 04 23 04 00 00,20,0x07,158.0,yes
hci_snoop_2025_11_26_15_00_04.cfa,886,2025-11-26T15:00:50.871Z,07 A8 00 00 00 03,6,0x07,1,888,2025-11-26T15:00:51.014Z,07 A8 00 00 00 03 41 01 40 01 40 01 21 04 18 04 11 04 00 00,20,0x07,143.0,yes
hci_snoop_2025_11_26_15_00_04.cfa,890,2025-11-26T15:00:51.137Z,07 AB 00 00 00 03,6,0x07,1,892,2025-11-26T15:00:51.284Z,07 AB 00 00 00 03 3F 01 3F 01 3E 01 0B 04 01 04 F9 03 00 00,20,0x07,147.0,yes
hci_snoop_2025_11_26_15_00_04.cfa,894,2025-11-26T15:00:51.403Z,07 AE 00 00 00 03,6,0x07,1,896,2025-11-26T15:00:51.554Z,07 AE 00 00 00 03 3D 01 3D 01 3C 01 F9 03 F0 03 F0 03 00 00,20,0x07,151.0,yes
hci_snoop_2025_11_26_15_00_04.cfa,898,2025-11-26T15:00:51.670Z,07 B1 00 00 00 03,6,0x07,1,900,2025-11-26T15:00:51.823Z,07 B1 00 00 00 03 3C 01 3B 01 3B 01 E2 03 D6 03 CF 03 00 00,20,0x07,153.0,yes
hci_snoop_2025_11_26_15_00_04.cfa,902,2025-11-26T15:00:51.939Z,07 B4 00 00 00 03,6,0x07,1,904,2025-11-26T15:00:52.093Z,07 B4 00 00 00 03 3A 01 3A 01 3A 01 E4 03 ED 03 F3 03 00 00,20,0x07,154.0,yes
hci_snoop_2025_11_26_15_00_04.cfa,906,2025-11-26T15:00:52.223Z,07 B7 00 00 00 03,6,0x07,1,908,2025-11-26T15:00:52.363Z,07 B7 00 00 00 03 3A 01 3A 01 39 01 FA 03 01 04 07 04 00 00,20,0x07,140.0,yes
hci_snoop_2025_11_26_15_00_04.cfa,910,2025-11-26T15:00:52.487Z,07 BA 00 00 00 03,6,0x07,1,912,2025-11-26T15:00:52.633Z,07 BA 00 00 00 03 39 01 39 01 39 01 0D 04 11 04 13 04 00 00,20,0x07,146.0,yes
hci_snoop_2025_11_26_15_00_04.cfa,914,2025-11-26T15:00:52.753Z,07 BD 00 00 00 03,6,0x07,1,916,2025-11-26T15:00:52.905Z,07 BD 00 00 00 03 39 01 3A 01 39 01 17 04 1D 04 22 04 00 00,20,0x07,152.0,yes
hci_snoop_2025_11_26_15_00_04.cfa,918,2025-11-26T15:00:53.023Z,07 C0 00 00 00 03,6,0x07,1,920,2025-11-26T15:00:53.173Z,07 C0 00 00 00 03 3A 01 39 01 3A 01 26 04 2A 04 2D 04 00 00,20,0x07,150.0,yes
hci_snoop_2025_11_26_15_00_04.cfa,922,2025-11-26T15:00:53.287Z,07 C3 00 00 00 03,6,0x07,1,924,2025-11-26T15:00:53.443Z,07 C3 00 00 00 03 3A 01 3A 01 3A 01 31 04 34 04 37 04 00 00,20,0x07,156.0,yes
hci_snoop_2025_11_26_15_00_04.cfa,926,2025-11-26T15:00:53.573Z,07 C6 00 00 00 03,6,0x07,1,928,2025-11-26T15:00:53.713Z,07 C6 00 00 00 03 3A 01 3A 01 3A 01 3A 04 3D 04 3F 04 00 00,20,0x07,140.0,yes
hci_snoop_2025_11_26_15_00_04.cfa,930,2025-11-26T15:00:53.837Z,07 C9 00 00 00 03,6,0x07,1,932,2025-11-26T15:00:53.983Z,07 C9 00 00 00 03 3A 01 3A 01 3A 01 42 04 44 04 47 04 00 00,20,0x07,146.0,yes
hci_snoop_2025_11_26_15_00_04.cfa,934,2025-11-26T15:00:54.104Z,07 CC 00 00 00 03,6,0x07,1,936,2025-11-26T15:00:54.254Z,07 CC 00 00 00 03 3A 01 3A 01 3A 01 49 04 4B 04 4D 04 00 00,20,0x07,150.0,yes
hci_snoop_2025_11_26_15_00_04.cfa,938,2025-11-26T15:00:54.371Z,07 CF 00 00 00 03,6,0x07,1,940,2025-11-26T15:00:54.525Z,07 CF 00 00 00 03 3A 01 3A 01 3A 01 4E 04 4F 04 51 04 00 00,20,0x07,154.0,yes
hci_snoop_2025_11_26_15_00_04.cfa,942,2025-11-26T15:00:54.639Z,07 D2 00 00 00 03,6,0x07,1,944,2025-11-26T15:00:54.793Z,07 D2 00 00 00 03 3B 01 3B 01 3B 01 53 04 55 04 56 04 00 00,20,0x07,154.0,yes
hci_snoop_2025_11_26_15_00_04.cfa,946,2025-11-26T15:00:54.919Z,07 D5 00 00 00 03,6,0x07,1,948,2025-11-26T15:00:55.063Z,07 D5 00 00 00 03 3B 01 3B 01 3B 01 57 04 58 04 59 04 00 00,20,0x07,144.0,yes
hci_snoop_2025_11_26_15_00_04.cfa,950,2025-11-26T15:00:55.188Z,07 D8 00 00 00 03,6,0x07,1,952,2025-11-26T15:00:55.333Z,07 D8 00 00 00 03 3B 01 3B 01 3B 01 5A 04 5B 04 5C 04 00 00,20,0x07,145.0,yes
hci_snoop_2025_11_26_15_00_04.cfa,954,2025-11-26T15:00:55.457Z,07 DB 00 00 00 03,6,0x07,1,956,2025-11-26T15:00:55.603Z,07 DB 00 00 00 03 3B 01 3B 01 3B 01 5D 04 5E 04 5F 04 00 00,20,0x07,146.0,yes
hci_snoop_2025_11_26_15_00_04.cfa,959,2025-11-26T15:00:55.727Z,07 DE 00 00 00 03,6,0x07,1,961,2025-11-26T15:00:55.874Z,07 DE 00 00 00 03 3B 01 3B 01 3B 01 60 04 61 04 61 04 00 00,20,0x07,147.0,yes
hci_snoop_2025_11_26_15_00_04.cfa,963,2025-11-26T15:00:55.987Z,07 E1 00 00 00 03,6,0x07,1,965,2025-11-26T15:00:56.144Z,07 E1 00 00 00 03 3B 01 3B 01 3B 01 63 04 63 04 64 04 00 00,20,0x07,157.0,yes
hci_snoop_2025_11_26_15_00_04.cfa,967,2025-11-26T15:00:56.272Z,07 E4 00 00 00 03,6,0x07,1,969,2025-11-26T15:00:56.414Z,07 E4 00 00 00 03 3B 01 3B 01 3B 01 65 04 66 04 66 04 00 00,20,0x07,142.0,yes
hci_snoop_2025_11_26_15_00_04.cfa,971,2025-11-26T15:00:56.539Z,07 E7 00 00 00 03,6,0x07,1,973,2025-11-26T15:00:56.683Z,07 E7 00 00 00 03 3B 01 3B 01 3A 01 67 04 68 04 69 04 00 00,20,0x07,144.0,yes
hci_snoop_2025_11_26_15_00_04.cfa,975,2025-11-26T15:00:56.807Z,07 EA 00 00 00 03,6,0x07,1,977,2025-11-26T15:00:56.954Z,07 EA 00 00 00 03 3A 01 3B 01 3A 01 6A 04 6B 04 6A 04 00 00,20,0x07,147.0,yes
hci_snoop_2025_11_26_15_00_04.cfa,979,2025-11-26T15:00:57.073Z,07 ED 00 00 00 03,6,0x07,1,981,2025-11-26T15:00:57.224Z,07 ED 00 00 00 03 3A 01 3B 01 3C 01 6A 04 6C 04 6B 04 00 00,20,0x07,151.0,yes
hci_snoop_2025_11_26_15_00_04.cfa,983,2025-11-26T15:00:57.337Z,07 F0 00 00 00 03,6,0x07,1,985,2025-11-26T15:00:57.493Z,07 F0 00 00 00 03 3E 01 40 01 41 01 68 04 64 04 5F 04 00 00,20,0x07,156.0,yes
hci_snoop_2025_11_26_15_00_04.cfa,987,2025-11-26T15:00:57.624Z,07 F3 00 00 00 03,6,0x07,1,989,2025-11-26T15:00:57.765Z,07 F3 00 00 00 03 43 01 44 01 45 01 5C 04 58 04 56 04 00 00,20,0x07,141.0,yes
hci_snoop_2025_11_26_15_00_04.cfa,991,2025-11-26T15:00:57.891Z,07 F6 00 00 00 03,6,0x07,1,993,2025-11-26T15:00:58.034Z,07 F6 00 00 00 03 47 01 48 01 4A 01 56 04 53 04 4D 04 00 00,20,0x07,143.0,yes
hci_snoop_2025_11_26_15_00_04.cfa,995,2025-11-26T15:00:58.155Z,07 F9 00 00 00 03,6,0x07,1,997,2025-11-26T15:00:58.304Z,07 F9 00 00 00 03 4C 01 51 01 4F 01 48 04 3D 04 41 04 00 00,20,0x07,149.0,yes
hci_snoop_2025_11_26_15_00_04.cfa,999,2025-11-26T15:00:58.423Z,07 FC 00 00 00 03,6,0x07,1,1001,2025-11-26T15:00:58.574Z,07 FC 00 00 00 03 4F 01 4F 01 4F 01 41 04 3F 04 3F 04 00 00,20,0x07,151.0,yes
hci_snoop_2025_11_26_15_00_04.cfa,1003,2025-11-26T15:00:58.690Z,07 FF 00 00 00 03,6,0x07,1,1005,2025-11-26T15:00:58.843Z,07 FF 00 00 00 03 50 01 50 01 50 01 3F 04 3D 04 3C 04 00 00,20,0x07,153.0,yes
hci_snoop_2025_11_26_15_00_04.cfa,1007,2025-11-26T15:00:58.970Z,07 02 01 00 00 03,6,0x07,1,1009,2025-11-26T15:00:59.114Z,07 02 01 00 00 03 51 01 52 01 53 01 3C 04 3F 04 37 04 00 00,20,0x07,144.0,yes
hci_snoop_2025_11_26_15_00_04.cfa,1011,2025-11-26T15:00:59.236Z,07 05 01 00 00 03,6,0x07,1,1013,2025-11-26T15:00:59.383Z,07 05 01 00 00 03 54 01 54 01 55 01 36 04 31 04 31 04 00 00,20,0x07,147.0,yes
hci_snoop_2025_11_26_15_00_04.cfa,1015,2025-11-26T15:00:59.504Z,07 08 01 00 00 03,6,0x07,1,1017,2025-11-26T15:00:59.653Z,07 08 01 00 00 03 55 01 4A 01 4E 01 2F 04 65 03 A9 03 00 00,20,0x07,149.0,yes
hci_snoop_2025_11_26_15_00_04.cfa,1019,2025-11-26T15:00:59.771Z,07 0B 01 00 00 03,6,0x07,1,1021,2025-11-26T15:00:59.923Z,07 0B 01 00 00 03 51 01 53 01 55 01 B9 03 C2 03 CF 03 00 00,20,0x07,152.0,yes
hci_snoop_2025_11_26_15_00_04.cfa,1023,2025-11-26T15:01:00.036Z,07 0E 01 00 00 03,6,0x07,1,1025,2025-11-26T15:01:00.193Z,07 0E 01 00 00 03 54 01 52 01 52 01 D3 03 D9 03 E3 03 00 00,20,0x07,157.0,yes
hci_snoop_2025_11_26_15_00_04.cfa,1027,2025-11-26T15:01:00.321Z,07 11 01 00 00 03,6,0x07,1,1029,2025-11-26T15:01:00.463Z,07 11 01 00 00 03 52 01 50 01 50 01 E6 03 EC 03 F0 03 00 00,20,0x07,142.0,yes
hci_snoop_2025_11_26_15_00_04.cfa,1031,2025-11-26T15:01:00.587Z,07 14 01 00 00 03,6,0x07,1,1033,2025-11-26T15:01:00.733Z,07 14 01 00 00 03 4F 01 51 01 53 01 F6 03 F5 03 F6 03 00 00,20,0x07,146.0,yes
hci_snoop_2025_11_26_15_00_04.cfa,1035,2025-11-26T15:01:00.855Z,07 17 01 00 00 03,6,0x07,1,1037,2025-11-26T15:01:01.003Z,07 17 01 00 00 03 54 01 56 01 57 01 F3 03 ED 03 ED 03 00 00,20,0x07,148.0,yes
hci_snoop_2025_11_26_15_00_04.cfa,1039,2025-11-26T15:01:01.122Z,07 1A 01 00 00 03,6,0x07,1,1041,2025-11-26T15:01:01.273Z,07 1A 01 00 00 03 58 01 59 01 57 01 EB 03 E8 03 EE 03 00 00,20,0x07,151.0,yes
hci_snoop_2025_11_26_15_00_04.cfa,1043,2025-11-26T15:01:01.388Z,07 1D 01 00 00 03,6,0x07,1,1045,2025-11-26T15:01:01.544Z,07 1D 01 00 00 03 5A 01 5C 01 5C 01 E6 03 DC 03 D9 03 00 00,20,0x07,156.0,yes
hci_snoop_2025_11_26_15_00_04.cfa,1047,2025-11-26T15:01:01.673Z,07 20 01 00 00 03,6,0x07,1,1049,2025-11-26T15:01:01.813Z,07 20 01 00 00 03 5C 01 5B 01 59 01 DC 03 DB 03 DF 03 00 00,20,0x07,140.0,yes
hci_snoop_2025_11_26_15_00_04.cfa,1051,2025-11-26T15:01:01.937Z,07 23 01 00 00 03,6,0x07,1,1053,2025-11-26T15:01:02.083Z,07 23 01 00 00 03 59 01 59 01 59 01 E1 03 E2 03 E0 03 00 00,20,0x07,146.0,yes
hci_snoop_2025_11_26_15_00_04.cfa,1055,2025-11-26T15:01:02.205Z,07 26 01 00 00 03,6,0x07,1,1058,2025-11-26T15:01:02.354Z,07 26 01 00 00 03 59 01 58 01 57 01 E0 03 E7 03 E8 03 00 00,20,0x07,149.0,yes
hci_snoop_2025_11_26_15_00_04.cfa,1060,2025-11-26T15:01:02.470Z,07 29 01 00 00 03,6,0x07,1,1062,2025-11-26T15:01:02.624Z,07 29 01 00 00 03 54 01 51 01 4E 01 EF 03 F7 03 FF 03 00 00,20,0x07,154.0,yes
hci_snoop_2025_11_26_15_00_04.cfa,1064,2025-11-26T15:01:02.738Z,07 2C 01 00 00 03,6,0x07,1,1066,2025-11-26T15:01:02.893Z,07 2C 01 00 00 03 4C 01 4A 01 48 01 04 04 0A 04 0E 04 00 00,20,0x07,155.0,yes
hci_snoop_2025_11_26_15_00_04.cfa,1068,2025-11-26T15:01:03.024Z,07 2F 01 00 00 03,6,0x07,1,1070,2025-11-26T15:01:03.163Z,07 2F 01 00 00 03 46 01 45 01 44 01 12 04 16 04 1A 04 00 00,20,0x07,139.0,yes
hci_snoop_2025_11_26_15_00_04.cfa,1072,2025-11-26T15:01:03.287Z,07 32 01 00 00 03,6,0x07,1,1074,2025-11-26T15:01:03.433Z,07 32 01 00 00 03 42 01 42 01 41 01 1D 04 20 04 21 04 00 00,20,0x07,146.0,yes
hci_snoop_2025_11_26_15_00_04.cfa,1076,2025-11-26T15:01:03.554Z,07 35 01 00 00 03,6,0x07,1,1078,2025-11-26T15:01:03.794Z,07 35 01 00 00 03 40 01 3F 01 3F 01 23 04 24 04 27 04 00 00,20,0x07,240.0,yes
hci_snoop_2025_11_26_15_00_04.cfa,1080,2025-11-26T15:01:03.903Z,07 38 01 00 00 03,6,0x07,1,1082,2025-11-26T15:01:04.063Z,07 38 01 00 00 03 3E 01 3D 01 3D 01 2A 04 2B 04 2E 04 00 00,20,0x07,160.0,yes
hci_snoop_2025_11_26_15_00_04.cfa,1084,2025-11-26T15:01:04.186Z,07 3B 01 00 00 03,6,0x07,1,1086,2025-11-26T15:01:04.333Z,07 3B 01 00 00 03 3D 01 42 01 46 01 31 04 2C 04 24 04 00 00,20,0x07,147.0,yes
hci_snoop_2025_11_26_15_00_04.cfa,1088,2025-11-26T15:01:04.453Z,07 3E 01 00 00 03,6,0x07,1,1090,2025-11-26T15:01:04.603Z,07 3E 01 00 00 03 45 01 45 01 45 01 23 04 23 04 21 04 00 00,20,0x07,150.0,yes
hci_snoop_2025_11_26_15_00_04.cfa,1092,2025-11-26T15:01:04.722Z,07 41 01 00 00 03,6,0x07,1,1094,2025-11-26T15:01:04.873Z,07 41 01 00 00 03 46 01 56 01 54 01 1E 04 02 04 00 04 00 00,20,0x07,151.0,yes
hci_snoop_2025_11_26_15_00_04.cfa,1096,2025-11-26T15:01:04.987Z,07 44 01 00 00 03,6,0x07,1,1098,2025-11-26T15:01:05.144Z,07 44 01 00 00 03 53 01 50 01 4C 01 01 04 03 04 0D 04 00 00,20,0x07,157.0,yes
hci_snoop_2025_11_26_15_00_04.cfa,1100,2025-11-26T15:01:05.255Z,07 47 01 00 00 03,6,0x07,1,1102,2025-11-26T15:01:05.413Z,07 47 01 00 00 03 4A 01 48 01 46 01 12 04 16 04 19 04 00 00,20,0x07,158.0,yes
hci_snoop_2025_11_26_15_00_04.cfa,1104,2025-11-26T15:01:05.537Z,07 4A 01 00 00 03,6,0x07,1,1106,2025-11-26T15:01:05.683Z,07 4A 01 00 00 03 45 01 43 01 42 01 1D 04 20 04 23 04 00 00,20,0x07,146.0,yes
hci_snoop_2025_11_26_15_00_04.cfa,1108,2025-11-26T15:01:05.804Z,07 4D 01 00 00 03,6,0x07,1,1110,2025-11-26T15:01:05.954Z,07 4D 01 00 00 03 41 01 40 01 3F 01 26 04 29 04 2C 04 00 00,20,0x07,150.0,yes
hci_snoop_2025_11_26_15_00_04.cfa,1112,2025-11-26T15:01:06.070Z,07 50 01 00 00 03,6,0x07,1,1114,2025-11-26T15:01:06.224Z,07 50 01 00 00 03 3D 01 3D 01 3C 01 2F 04 32 04 34 04 00 00,20,0x07,154.0,yes
hci_snoop_2025_11_26_15_00_04.cfa,1116,2025-11-26T15:01:06.340Z,07 53 01 00 00 03,6,0x07,1,1118,2025-11-26T15:01:06.493Z,07 53 01 00 00 03 3C 01 3B 01 3A 01 37 04 3A 04 3D 04 00 00,20,0x07,153.0,yes
hci_snoop_2025_11_26_15_00_04.cfa,1120,2025-11-26T15:01:06.623Z,07 56 01 00 00 03,6,0x07,1,1122,2025-11-26T15:01:06.763Z,07 56 01 00 00 03 3A 01 39 01 39 01 40 04 42 04 44 04 00 00,20,0x07,140.0,yes
hci_snoop_2025_11_26_15_00_04.cfa,1124,2025-11-26T15:01:06.888Z,07 59 01 00 00 03,6,0x07,1,1126,2025-11-26T15:01:07.033Z,07 59 01 00 00 03 39 01 38 01 38 01 46 04 48 04 49 04 00 00,20,0x07,145.0,yes
hci_snoop_2025_11_26_15_00_04.cfa,1128,2025-11-26T15:01:07.158Z,07 5C 01 00 00 03,6,0x07,1,1130,2025-11-26T15:01:07.304Z,07 5C 01 00 00 03 37 01 37 01 37 01 4A 04 4B 04 4B 04 00 00,20,0x07,146.0,yes
hci_snoop_2025_11_26_15_00_04.cfa,1132,2025-11-26T15:01:07.422Z,07 5F 01 00 00 03,6,0x07,1,1134,2025-11-26T15:01:07.575Z,07 5F 01 00 00 03 37 01 36 01 36 01 4C 04 4D 04 4E 04 00 00,20,0x07,153.0,yes
hci_snoop_2025_11_26_15_00_04.cfa,1136,2025-11-26T15:01:07.687Z,07 62 01 00 00 03,6,0x07,1,1138,2025-11-26T15:01:07.843Z,07 62 01 00 00 03 36 01 36 01 35 01 4F 04 50 04 51 04 00 00,20,0x07,156.0,yes
hci_snoop_2025_11_26_15_00_04.cfa,1140,2025-11-26T15:01:07.956Z,07 65 01 00 00 03,6,0x07,1,1142,2025-11-26T15:01:08.113Z,07 65 01 00 00 03 35 01 35 01 35 01 53 04 55 04 55 04 00 00,20,0x07,157.0,yes
hci_snoop_2025_11_26_15_00_04.cfa,1144,2025-11-26T15:01:08.238Z,07 68 01 00 00 03,6,0x07,1,1146,2025-11-26T15:01:08.383Z,07 68 01 00 00 03 34 01 34 01 34 01 55 04 57 04 58 04 00 00,20,0x07,145.0,yes
hci_snoop_2025_11_26_15_00_04.cfa,1148,2025-11-26T15:01:08.505Z,07 6B 01 00 00 03,6,0x07,1,1150,2025-11-26T15:01:08.653Z,07 6B 01 00 00 03 34 01 34 01 33 01 59 04 5A 04 5A 04 00 00,20,0x07,148.0,yes
hci_snoop_2025_11_26_15_00_04.cfa,1152,2025-11-26T15:01:08.770Z,07 6E 01 00 00 03,6,0x07,1,1154,2025-11-26T15:01:08.924Z,07 6E 01 00 00 03 33 01 33 01 33 01 5A 04 5B 04 5B 04 00 00,20,0x07,154.0,yes
hci_snoop_2025_11_26_15_00_04.cfa,1156,2025-11-26T15:01:09.036Z,07 71 01 00 00 03,6,0x07,1,1158,2025-11-26T15:01:09.283Z,07 71 01 00 00 03 33 01 33 01 32 01 5C 04 5B 04 5C 04 00 00,20,0x07,247.0,yes
hci_snoop_2025_11_26_15_00_04.cfa,1160,2025-11-26T15:01:09.319Z,07 74 01 00 00 03,6,0x07,1,1162,2025-11-26T15:01:09.465Z,07 74 01 00 00 03 32 01 32 01 32 01 5C 04 5C 04 5C 04 00 00,20,0x07,146.0,yes
hci_snoop_2025_11_26_15_00_04.cfa,1164,2025-11-26T15:01:09.588Z,07 77 01 00 00 03,6,0x07,1,1166,2025-11-26T15:01:09.733Z,07 77 01 00 00 03 31 01 31 01 31 01 5D 04 5D 04 60 04 00 00,20,0x07,145.0,yes
hci_snoop_2025_11_26_15_00_04.cfa,1168,2025-11-26T15:01:09.853Z,07 7A 01 00 00 03,6,0x07,1,1170,2025-11-26T15:01:10.004Z,07 7A 01 00 00 03 31 01 31 01 31 01 61 04 60 04 5F 04 00 00,20,0x07,151.0,yes
hci_snoop_2025_11_26_15_00_04.cfa,1172,2025-11-26T15:01:10.122Z,07 7D 01 00 00 03,6,0x07,1,1174,2025-11-26T15:01:10.274Z,07 7D 01 00 00 03 31 01 31 01 31 01 5F 04 5F 04 5F 04 00 00,20,0x07,152.0,yes
hci_snoop_2025_11_26_15_00_04.cfa,1176,2025-11-26T15:01:10.388Z,07 80 01 00 00 03,6,0x07,1,1178,2025-11-26T15:01:10.548Z,07 80 01 00 00 03 30 01 30 01 30 01 5F 04 5E 04 5E 04 00 00,20,0x07,160.0,yes
hci_snoop_2025_11_26_15_00_04.cfa,1180,2025-11-26T15:01:10.670Z,07 83 01 00 00 03,6,0x07,1,1182,2025-11-26T15:01:10.813Z,07 83 01 00 00 03 30 01 30 01 2F 01 5E 04 5D 04 5D 04 00 00,20,0x07,143.0,yes
hci_snoop_2025_11_26_15_00_04.cfa,1184,2025-11-26T15:01:10.939Z,07 86 01 00 00 03,6,0x07,1,1186,2025-11-26T15:01:11.083Z,07 86 01 00 00 03 2F 01 2F 01 2F 01 5D 04 5C 04 5C 04 00 00,20,0x07,144.0,yes
hci_snoop_2025_11_26_15_00_04.cfa,1188,2025-11-26T15:01:11.206Z,07 89 01 00 00 03,6,0x07,1,1190,2025-11-26T15:01:11.354Z,07 89 01 00 00 03 30 01 30 01 31 01 5B 04 59 04 57 04 00 00,20,0x07,148.0,yes
hci_snoop_2025_11_26_15_00_04.cfa,1192,2025-11-26T15:01:11.471Z,07 8C 01 00 00 03,6,0x07,1,1194,2025-11-26T15:01:11.714Z,07 8C 01 00 00 03 30 01 31 01 3B 01 57 04 57 04 45 04 00 00,20,0x07,243.0,yes
hci_snoop_2025_11_26_15_00_04.cfa,1197,2025-11-26T15:01:11.753Z,07 8F 01 00 00 03,6,0x07,1,1199,2025-11-26T15:01:11.893Z,07 8F 01 00 00 03 3D 01 3D 01 3A 01 3A 04 32 04 39 04 00 00,20,0x07,140.0,yes
hci_snoop_2025_11_26_15_00_04.cfa,1201,2025-11-26T15:01:12.021Z,07 92 01 00 00 03,6,0x07,1,1203,2025-11-26T15:01:12.163Z,07 92 01 00 00 03 40 01 3F 01 3B 01 36 04 29 04 33 04 00 00,20,0x07,142.0,yes
hci_snoop_2025_11_26_15_00_04.cfa,1205,2025-11-26T15:01:12.287Z,07 95 01 00 00 03,6,0x07,1,1207,2025-11-26T15:01:12.433Z,07 95 01 00 00 03 38 01 37 01 35 01 39 04 3C 04 3F 04 00 00,20,0x07,146.0,yes
hci_snoop_2025_11_26_15_00_04.cfa,1209,2025-11-26T15:01:12.555Z,07 98 01 00 00 03,6,0x07,1,1211,2025-11-26T15:01:12.793Z,07 98 01 00 00 03 34 01 33 01 33 01 42 04 44 04 45 04 00 00,20,0x07,238.0,yes
hci_snoop_2025_11_26_15_00_04.cfa,1213,2025-11-26T15:01:12.819Z,07 9B 01 00 00 03,6,0x07,1,1215,2025-11-26T15:01:12.974Z,07 9B 01 00 00 03 32 01 32 01 32 01 46 04 47 04 48 04 00 00,20,0x07,155.0,yes
hci_snoop_2025_11_26_15_00_04.cfa,1217,2025-11-26T15:01:13.086Z,07 9E 01 00 00 03,6,0x07,1,1219,2025-11-26T15:01:13.248Z,07 9E 01 00 00 03 31 01 31 01 30 01 49 04 4A 04 4B 04 00 00,20,0x07,162.0,yes
hci_snoop_2025_11_26_15_00_04.cfa,1221,2025-11-26T15:01:13.372Z,07 A1 01 00 00 03,6,0x07,1,1223,2025-11-26T15:01:13.513Z,07 A1 01 00 00 03 30 01 30 01 2F 01 4B 04 4C 04 4D 04 00 00,20,0x07,141.0,yes
hci_snoop_2025_11_26_15_00_04.cfa,1225,2025-11-26T15:01:13.638Z,07 A4 01 00 00 03,6,0x07,1,1227,2025-11-26T15:01:13.783Z,07 A4 01 00 00 03 2F 01 2F 01 2F 01 4E 04 4E 04 4E 04 00 00,20,0x07,145.0,yes
hci_snoop_2025_11_26_15_00_04.cfa,1229,2025-11-26T15:01:13.908Z,07 A7 01 00 00 03,6,0x07,1,1231,2025-11-26T15:01:14.053Z,07 A7 01 00 00 03 2F 01 2F 01 2E 01 4E 04 4E 04 4F 04 00 00,20,0x07,145.0,yes
hci_snoop_2025_11_26_15_00_04.cfa,1233,2025-11-26T15:01:14.173Z,07 AA 01 00 00 03,6,0x07,1,1235,2025-11-26T15:01:14.323Z,07 AA 01 00 00 03 2E 01 2E 01 2E 01 4F 04 4F 04 50 04 00 00,20,0x07,150.0,yes
hci_snoop_2025_11_26_15_00_04.cfa,1237,2025-11-26T15:01:14.438Z,07 AD 01 00 00 03,6,0x07,1,1239,2025-11-26T15:01:14.594Z,07 AD 01 00 00 03 2D 01 2D 01 2D 01 50 04 51 04 52 04 00 00,20,0x07,156.0,yes
hci_snoop_2025_11_26_15_00_04.cfa,1241,2025-11-26T15:01:14.722Z,07 B0 01 00 00 03,6,0x07,1,1243,2025-11-26T15:01:14.863Z,07 B0 01 00 00 03 2D 01 2D 01 2C 01 52 04 52 04 52 04 00 00,20,0x07,141.0,yes
hci_snoop_2025_11_26_15_00_04.cfa,1245,2025-11-26T15:01:14.987Z,07 B3 01 00 00 03,6,0x07,1,1247,2025-11-26T15:01:15.134Z,07 B3 01 00 00 03 2C 01 2C 01 2C 01 52 04 52 04 52 04 00 00,20,0x07,147.0,yes
hci_snoop_2025_11_26_15_00_04.cfa,1249,2025-11-26T15:01:15.257Z,07 B6 01 00 00 03,6,0x07,1,1251,2025-11-26T15:01:15.404Z,07 B6 01 00 00 03 2C 01 2B 01 2B 01 53 04 53 04 53 04 00 00,20,0x07,147.0,yes
hci_snoop_2025_11_26_15_00_04.cfa,1253,2025-11-26T15:01:15.520Z,07 B9 01 00 00 03,6,0x07,1,1255,2025-11-26T15:01:15.673Z,07 B9 01 00 00 03 2B 01 2B 01 2C 01 54 04 54 04 53 04 00 00,20,0x07,153.0,yes
hci_snoop_2025_11_26_15_00_04.cfa,1257,2025-11-26T15:01:15.787Z,07 BC 01 00 00 03,6,0x07,1,1259,2025-11-26T15:01:15.943Z,07 BC 01 00 00 03 2B 01 2B 01 2B 01 55 04 55 04 55 04 00 00,20,0x07,156.0,yes
hci_snoop_2025_11_26_15_00_04.cfa,1261,2025-11-26T15:01:16.056Z,07 BF 01 00 00 03,6,0x07,1,1263,2025-11-26T15:01:16.213Z,07 BF 01 00 00 03 2B 01 2B 01 2B 01 55 04 55 04 55 04 00 00,20,0x07,157.0,yes
hci_snoop_2025_11_26_15_00_04.cfa,1265,2025-11-26T15:01:16.336Z,07 C2 01 00 00 03,6,0x07,1,1267,2025-11-26T15:01:16.483Z,07 C2 01 00 00 03 2B 01 2C 01 2B 01 55 04 55 04 21 04 00 00,20,0x07,147.0,yes
hci_snoop_2025_11_26_15_00_04.cfa,1270,2025-11-26T15:01:16.605Z,07 C5 01 00 00 03,6,0x07,1,1272,2025-11-26T15:01:16.754Z,07 C5 01 00 00 03 2C 01 2D 01 2E 01 2D 04 32 04 36 04 00 00,20,0x07,149.0,yes
hci_snoop_2025_11_26_15_00_04.cfa,1274,2025-11-26T15:01:16.871Z,07 C8 01 00 00 03,6,0x07,1,1276,2025-11-26T15:01:17.023Z,07 C8 01 00 00 03 2F 01 30 01 31 01 39 04 3D 04 3A 04 00 00,20,0x07,152.0,yes
hci_snoop_2025_11_26_15_00_04.cfa,1278,2025-11-26T15:01:17.138Z,07 CB 01 00 00 03,6,0x07,1,1280,2025-11-26T15:01:17.293Z,07 CB 01 00 00 03 32 01 33 01 35 01 3B 04 3C 04 3C 04 00 00,20,0x07,155.0,yes
hci_snoop_2025_11_26_15_00_04.cfa,1282,2025-11-26T15:01:17.421Z,07 CE 01 00 00 03,6,0x07,1,1284,2025-11-26T15:01:17.564Z,07 CE 01 00 00 03 36 01 3F 01 43 01 3E 04 34 04 30 04 00 00,20,0x07,143.0,yes
hci_snoop_2025_11_26_15_00_04.cfa,1286,2025-11-26T15:01:17.695Z,07 D1 01 00 00 03,6,0x07,1,1288,2025-11-26T15:01:17.834Z,07 D1 01 00 00 03 46 01 48 01 4B 01 2E 04 2A 04 28 04 00 00,20,0x07,139.0,yes
hci_snoop_2025_11_26_15_00_04.cfa,1290,2025-11-26T15:01:17.955Z,07 D4 01 00 00 03,6,0x07,1,1292,2025-11-26T15:01:18.103Z,07 D4 01 00 00 03 4D 01 4F 01 50 01 26 04 24 04 23 04 00 00,20,0x07,148.0,yes
hci_snoop_2025_11_26_15_00_04.cfa,1294,2025-11-26T15:01:18.222Z,07 D7 01 00 00 03,6,0x07,1,1296,2025-11-26T15:01:18.374Z,07 D7 01 00 00 03 51 01 52 01 51 01 25 04 23 04 1D 04 00 00,20,0x07,152.0,yes
hci_snoop_2025_11_26_15_00_04.cfa,1298,2025-11-26T15:01:18.485Z,07 DA 01 00 00 03,6,0x07,1,1300,2025-11-26T15:01:18.643Z,07 DA 01 00 00 03 4E 01 4D 01 4B 01 23 04 25 04 27 04 00 00,20,0x07,158.0,yes
hci_snoop_2025_11_26_15_00_04.cfa,1302,2025-11-26T15:01:18.754Z,07 DD 01 00 00 03,6,0x07,1,1304,2025-11-26T15:01:18.914Z,07 DD 01 00 00 03 4B 01 4A 01 49 01 29 04 2A 04 2C 04 00 00,20,0x07,160.0,yes
hci_snoop_2025_11_26_15_00_04.cfa,1306,2025-11-26T15:01:19.040Z,07 E0 01 00 00 03,6,0x07,1,1308,2025-11-26T15:01:19.183Z,07 E0 01 00 00 03 49 01 49 01 49 01 2D 04 2E 04 30 04 00 00,20,0x07,143.0,yes
hci_snoop_2025_11_26_15_00_04.cfa,1310,2025-11-26T15:01:19.303Z,07 E3 01 00 00 03,6,0x07,1,1312,2025-11-26T15:01:19.454Z,07 E3 01 00 00 03 49 01 49 01 49 01 31 04 32 04 32 04 00 00,20,0x07,151.0,yes
hci_snoop_2025_11_26_15_00_04.cfa,1314,2025-11-26T15:01:19.572Z,07 E6 01 00 00 03,6,0x07,1,1316,2025-11-26T15:01:19.724Z,07 E6 01 00 00 03 4A 01 4A 01 4A 01 33 04 33 04 33 04 00 00,20,0x07,152.0,yes
hci_snoop_2025_11_26_15_00_04.cfa,1318,2025-11-26T15:01:19.838Z,07 E9 01 00 00 03,6,0x07,1,1320,2025-11-26T15:01:19.993Z,07 E9 01 00 00 03 4B 01 4B 01 4B 01 33 04 33 04 33 04 00 00,20,0x07,155.0,yes
hci_snoop_2025_11_26_15_00_04.cfa,1322,2025-11-26T15:01:20.123Z,07 EC 01 00 00 03,6,0x07,1,1324,2025-11-26T15:01:20.263Z,07 EC 01 00 00 03 4B 01 4C 01 4C 01 32 04 32 04 32 04 00 00,20,0x07,140.0,yes
hci_snoop_2025_11_26_15_00_04.cfa,1326,2025-11-26T15:01:20.387Z,07 EF 01 00 00 03,6,0x07,1,1328,2025-11-26T15:01:20.532Z,07 EF 01 00 00 03 4C 01 4D 01 4D 01 31 04 31 04 31 04 00 00,20,0x07,145.0,yes
hci_snoop_2025_11_26_15_00_04.cfa,1330,2025-11-26T15:01:20.654Z,07 F2 01 00 00 03,6,0x07,1,1332,2025-11-26T15:01:20.804Z,07 F2 01 00 00 03 4E 01 4E 01 4E 01 30 04 2F 04 2F 04 00 00,20,0x07,150.0,yes
hci_snoop_2025_11_26_15_00_04.cfa,1334,2025-11-26T15:01:20.921Z,07 F5 01 00 00 03,6,0x07,1,1336,2025-11-26T15:01:21.073Z,07 F5 01 00 00 03 4E 01 4E 01 4E 01 2F 04 2E 04 2E 04 00 00,20,0x07,152.0,yes
hci_snoop_2025_11_26_15_00_04.cfa,1338,2025-11-26T15:01:21.186Z,07 F8 01 00 00 03,6,0x07,1,1340,2025-11-26T15:01:21.344Z,07 F8 01 00 00 03 4E 01 4E 01 4E 01 2E 04 2F 04 2F 04 00 00,20,0x07,158.0,yes
hci_snoop_2025_11_26_15_00_04.cfa,1342,2025-11-26T15:01:21.472Z,07 FB 01 00 00 03,6,0x07,1,1344,2025-11-26T15:01:21.613Z,07 FB 01 00 00 03 4E 01 4E 01 4D 01 2F 04 2F 04 2F 04 00 00,20,0x07,141.0,yes
hci_snoop_2025_11_26_15_00_04.cfa,1346,2025-11-26T15:01:21.737Z,07 FE 01 00 00 03,6,0x07,1,1348,2025-11-26T15:01:21.883Z,07 FE 01 00 00 03 4D 01 4D 01 4C 01 2F 04 2F 04 2F 04 00 00,20,0x07,146.0,yes
hci_snoop_2025_11_26_15_00_04.cfa,1350,2025-11-26T15:01:22.005Z,07 01 02 00 00 03,6,0x07,1,1352,2025-11-26T15:01:22.152Z,07 01 02 00 00 03 4C 01 4C 01 4C 01 30 04 30 04 30 04 00 00,20,0x07,147.0,yes
hci_snoop_2025_11_26_15_00_04.cfa,1354,2025-11-26T15:01:22.272Z,07 04 02 00 00 03,6,0x07,1,1356,2025-11-26T15:01:22.423Z,07 04 02 00 00 03 4C 01 4C 01 4C 01 30 04 30 04 30 04 00 00,20,0x07,151.0,yes
hci_snoop_2025_11_26_15_00_04.cfa,1358,2025-11-26T15:01:22.536Z,07 07 02 00 00 03,6,0x07,1,1360,2025-11-26T15:01:22.693Z,07 07 02 00 00 03 4C 01 4C 01 4C 01 30 04 30 04 30 04 00 00,20,0x07,157.0,yes
hci_snoop_2025_11_26_15_00_04.cfa,1362,2025-11-26T15:01:22.819Z,07 0A 02 00 00 03,6,0x07,1,1364,2025-11-26T15:01:22.963Z,07 0A 02 00 00 03 4B 01 4C 01 4B 01 30 04 31 04 31 04 00 00,20,0x07,144.0,yes
hci_snoop_2025_11_26_15_00_04.cfa,1366,2025-11-26T15:01:23.086Z,07 0D 02 00 00 03,6,0x07,1,1368,2025-11-26T15:01:23.233Z,07 0D 02 00 00 03 4C 01 4C 01 4C 01 31 04 31 04 31 04 00 00,20,0x07,147.0,yes
hci_snoop_2025_11_26_15_00_04.cfa,1370,2025-11-26T15:01:23.355Z,07 10 02 00 00 03,6,0x07,1,1372,2025-11-26T15:01:23.504Z,07 10 02 00 00 03 4C 01 4C 01 4C 01 31 04 30 04 2F 04 00 00,20,0x07,149.0,yes
hci_snoop_2025_11_26_15_00_04.cfa,1374,2025-11-26T15:01:23.621Z,07 13 02 00 00 03,6,0x07,1,1376,2025-11-26T15:01:23.773Z,07 13 02 00 00 03 4C 01 4D 01 4F 01 2F 04 31 04 2A 04 00 00,20,0x07,152.0,yes
hci_snoop_2025_11_26_15_00_04.cfa,1378,2025-11-26T15:01:23.888Z,07 16 02 00 00 03,6,0x07,1,1380,2025-11-26T15:01:24.043Z,07 16 02 00 00 03 3A 01 42 01 46 01 5A 03 85 03 A0 03 00 00,20,0x07,155.0,yes
hci_snoop_2025_11_26_15_00_04.cfa,1382,2025-11-26T15:01:24.171Z,07 19 02 00 00 03,6,0x07,1,1384,2025-11-26T15:01:24.312Z,07 19 02 00 00 03 4A 01 4C 01 4D 01 AE 03 B7 03 BD 03 00 00,20,0x07,141.0,yes
hci_snoop_2025_11_26_15_00_04.cfa,1386,2025-11-26T15:01:24.437Z,07 1C 02 00 00 03,6,0x07,1,1388,2025-11-26T15:01:24.583Z,07 1C 02 00 00 03 4E 01 50 01 54 01 C2 03 C5 03 C9 03 00 00,20,0x07,146.0,yes
hci_snoop_2025_11_26_15_00_04.cfa,1390,2025-11-26T15:01:24.707Z,07 1F 02 00 00 03,6,0x07,1,1392,2025-11-26T15:01:24.853Z,07 1F 02 00 00 03 58 01 5A 01 5D 01 CF 03 D1 03 D2 03 00 00,20,0x07,146.0,yes
hci_snoop_2025_11_26_15_00_04.cfa,1394,2025-11-26T15:01:24.969Z,07 22 02 00 00 03,6,0x07,1,1396,2025-11-26T15:01:25.123Z,07 22 02 00 00 03 5C 01 5C 01 5D 01 C6 03 C6 03 C9 03 00 00,20,0x07,154.0,yes
hci_snoop_2025_11_26_15_00_04.cfa,1398,2025-11-26T15:01:25.238Z,07 25 02 00 00 03,6,0x07,1,1400,2025-11-26T15:01:25.393Z,07 25 02 00 00 03 5C 01 5E 01 5E 01 CB 03 D3 03 D5 03 00 00,20,0x07,155.0,yes
hci_snoop_2025_11_26_15_00_04.cfa,1402,2025-11-26T15:01:25.522Z,07 28 02 00 00 03,6,0x07,1,1404,2025-11-26T15:01:25.663Z,07 28 02 00 00 03 62 01 65 01 67 01 D7 03 CF 03 CD 03 00 00,20,0x07,141.0,yes
hci_snoop_2025_11_26_15_00_04.cfa,1406,2025-11-26T15:01:25.789Z,07 2B 02 00 00 03,6,0x07,1,1408,2025-11-26T15:01:25.933Z,07 2B 02 00 00 03 66 01 67 01 67 01 D1 03 D0 03 D2 03 00 00,20,0x07,144.0,yes
hci_snoop_2025_11_26_15_00_04.cfa,1410,2025-11-26T15:01:26.052Z,07 2E 02 00 00 03,6,0x07,1,1412,2025-11-26T15:01:26.203Z,07 2E 02 00 00 03 63 01 60 01 5E 01 DA 03 E3 03 EB 03 00 00,20,0x07,151.0,yes
hci_snoop_2025_11_26_15_00_04.cfa,1414,2025-11-26T15:01:26.322Z,07 31 02 00 00 03,6,0x07,1,1416,2025-11-26T15:01:26.473Z,07 31 02 00 00 03 5D 01 5D 01 5E 01 F1 03 F5 03 FA 03 00 00,20,0x07,151.0,yes
hci_snoop_2025_11_26_15_00_04.cfa,1418,2025-11-26T15:01:26.588Z,07 34 02 00 00 03,6,0x07,1,1420,2025-11-26T15:01:26.743Z,07 34 02 00 00 03 5D 01 5B 01 5C 01 F9 03 5B 03 90 03 00 00,20,0x07,155.0,yes
hci_snoop_2025_11_26_15_00_04.cfa,1422,2025-11-26T15:01:26.871Z,07 37 02 00 00 03,6,0x07,1,1424,2025-11-26T15:01:27.013Z,07 37 02 00 00 03 5E 01 5F 01 5F 01 A6 03 AD 03 BA 03 00 00,20,0x07,142.0,yes
hci_snoop_2025_11_26_15_00_04.cfa,1426,2025-11-26T15:01:27.137Z,07 3A 02 00 00 03,6,0x07,1,1428,2025-11-26T15:01:27.283Z,07 3A 02 00 00 03 61 01 63 01 64 01 BC 03 BE 03 C1 03 00 00,20,0x07,146.0,yes
hci_snoop_2025_11_26_15_00_04.cfa,1430,2025-11-26T15:01:27.487Z,07 3D 02 00 00 03,6,0x07,1,1432,2025-11-26T15:01:27.643Z,07 3D 02 00 00 03 66 01 68 01 68 01 C1 03 C2 03 C3 03 00 00,20,0x07,156.0,yes
hci_snoop_2025_11_26_15_00_04.cfa,1434,2025-11-26T15:01:27.753Z,07 40 02 00 00 03,6,0x07,1,1436,2025-11-26T15:01:27.913Z,07 40 02 00 00 03 69 01 69 01 68 01 C6 03 C7 03 C6 03 00 00,20,0x07,160.0,yes
hci_snoop_2025_11_26_15_00_04.cfa,1438,2025-11-26T15:01:28.035Z,07 43 02 00 00 03,6,0x07,1,1440,2025-11-26T15:01:28.183Z,07 43 02 00 00 03 65 01 65 01 65 01 9D 03 B2 03 BC 03 00 00,20,0x07,148.0,yes
hci_snoop_2025_11_26_15_00_04.cfa,1442,2025-11-26T15:01:28.307Z,07 46 02 00 00 03,6,0x07,1,1444,2025-11-26T15:01:28.455Z,07 46 02 00 00 03 65 01 63 01 60 01 C1 03 C7 03 CF 03 00 00,20,0x07,148.0,yes
hci_snoop_2025_11_26_15_00_04.cfa,1447,2025-11-26T15:01:28.569Z,07 49 02 00 00 03,6,0x07,1,1449,2025-11-26T15:01:28.723Z,07 49 02 00 00 03 5E 01 5A 01 59 01 D7 03 D3 03 D7 03 00 00,20,0x07,154.0,yes
hci_snoop_2025_11_26_15_00_04.cfa,1451,2025-11-26T15:01:28.838Z,07 4C 02 00 00 03,6,0x07,1,1453,2025-11-26T15:01:28.993Z,07 4C 02 00 00 03 57 01 55 01 54 01 DD 03 E3 03 E9 03 00 00,20,0x07,155.0,yes
hci_snoop_2025_11_26_15_00_04.cfa,1455,2025-11-26T15:01:29.120Z,07 4F 02 00 00 03,6,0x07,1,1457,2025-11-26T15:01:29.263Z,07 4F 02 00 00 03 52 01 51 01 50 01 EF 03 F4 03 F8 03 00 00,20,0x07,143.0,yes
hci_snoop_2025_11_26_15_00_04.cfa,1459,2025-11-26T15:01:29.387Z,07 52 02 00 00 03,6,0x07,1,1461,2025-11-26T15:01:29.533Z,07 52 02 00 00 03 4F 01 4F 01 4E 01 FD 03 01 04 04 04 00 00,20,0x07,146.0,yes
hci_snoop_2025_11_26_15_00_04.cfa,1463,2025-11-26T15:01:29.652Z,07 55 02 00 00 03,6,0x07,1,1465,2025-11-26T15:01:29.803Z,07 55 02 00 00 03 4E 01 4D 01 4D 01 07 04 0B 04 0E 04 00 00,20,0x07,151.0,yes
hci_snoop_2025_11_26_15_00_04.cfa,1467,2025-11-26T15:01:29.921Z,07 58 02 00 00 03,6,0x07,1,1469,2025-11-26T15:01:30.073Z,07 58 02 00 00 03 4C 01 4C 01 4C 01 11 04 15 04 18 04 00 00,20,0x07,152.0,yes
hci_snoop_2025_11_26_15_00_04.cfa,1471,2025-11-26T15:01:30.188Z,07 5B 02 00 00 03,6,0x07,1,1473,2025-11-26T15:01:30.347Z,07 5B 02 00 00 03 4C 01 4C 01 4D 01 1B 04 1E 04 23 04 00 00,20,0x07,159.0,yes
hci_snoop_2025_11_26_15_00_04.cfa,1475,2025-11-26T15:01:30.470Z,07 5E 02 00 00 03,6,0x07,1,1477,2025-11-26T15:01:30.613Z,07 5E 02 00 00 03 50 01 54 01 58 01 23 04 1D 04 1A 04 00 00,20,0x07,143.0,yes
hci_snoop_2025_11_26_15_00_04.cfa,1479,2025-11-26T15:01:30.739Z,07 61 02 00 00 03,6,0x07,1,1481,2025-11-26T15:01:30.883Z,07 61 02 00 00 03 5D 01 61 01 67 01 13 04 0B 04 0B 04 00 00,20,0x07,144.0,yes
hci_snoop_2025_11_26_15_00_04.cfa,1483,2025-11-26T15:01:31.009Z,07 64 02 00 00 03,6,0x07,1,1485,2025-11-26T15:01:31.154Z,07 64 02 00 00 03 6B 01 6D 01 6F 01 FD 03 F6 03 F2 03 00 00,20,0x07,145.0,yes
hci_snoop_2025_11_26_15_00_04.cfa,1487,2025-11-26T15:01:31.272Z,07 67 02 00 00 03,6,0x07,1,1489,2025-11-26T15:01:31.423Z,07 67 02 00 00 03 72 01 73 01 73 01 F3 03 ED 03 ED 03 00 00,20,0x07,151.0,yes
hci_snoop_2025_11_26_15_00_04.cfa,1491,2025-11-26T15:01:31.535Z,07 6A 02 00 00 03,6,0x07,1,1493,2025-11-26T15:01:31.698Z,07 6A 02 00 00 03 71 01 6D 01 69 01 EE 03 F0 03 F5 03 00 00,20,0x07,163.0,yes
hci_snoop_2025_11_26_15_00_04.cfa,1495,2025-11-26T15:01:31.820Z,07 6D 02 00 00 03,6,0x07,1,1497,2025-11-26T15:01:31.963Z,07 6D 02 00 00 03 67 01 64 01 62 01 FA 03 FF 03 04 04 00 00,20,0x07,143.0,yes
hci_snoop_2025_11_26_15_00_04.cfa,1499,2025-11-26T15:01:32.086Z,07 70 02 00 00 03,6,0x07,1,1501,2025-11-26T15:01:32.233Z,07 70 02 00 00 03 60 01 5E 01 5D 01 08 04 0C 04 10 04 00 00,20,0x07,147.0,yes
hci_snoop_2025_11_26_15_00_04.cfa,1503,2025-11-26T15:01:32.355Z,07 73 02 00 00 03,6,0x07,1,1505,2025-11-26T15:01:32.503Z,07 73 02 00 00 03 5B 01 5A 01 59 01 14 04 16 04 1A 04 00 00,20,0x07,148.0,yes
hci_snoop_2025_11_26_15_00_04.cfa,1507,2025-11-26T15:01:32.620Z,07 76 02 00 00 03,6,0x07,1,1510,2025-11-26T15:01:32.773Z,07 76 02 00 00 03 58 01 57 01 56 01 1D 04 1F 04 22 04 00 00,20,0x07,153.0,yes
hci_snoop_2025_11_26_15_00_04.cfa,1512,2025-11-26T15:01:32.886Z,07 79 02 00 00 03,6,0x07,1,1514,2025-11-26T15:01:33.048Z,07 79 02 00 00 03 55 01 54 01 54 01 24 04 26 04 29 04 00 00,20,0x07,162.0,yes
hci_snoop_2025_11_26_15_00_04.cfa,1516,2025-11-26T15:01:33.171Z,07 7C 02 00 00 03,6,0x07,1,1518,2025-11-26T15:01:33.313Z,07 7C 02 00 00 03 53 01 52 01 52 01 2B 04 2C 04 2F 04 00 00,20,0x07,142.0,yes
hci_snoop_2025_11_26_15_00_04.cfa,1520,2025-11-26T15:01:33.437Z,07 7F 02 00 00 03,6,0x07,1,1522,2025-11-26T15:01:33.583Z,07 7F 02 00 00 03 51 01 51 01 50 01 30 04 32 04 34 04 00 00,20,0x07,146.0,yes
hci_snoop_2025_11_26_15_00_04.cfa,1524,2025-11-26T15:01:33.705Z,07 82 02 00 00 03,6,0x07,1,1526,2025-11-26T15:01:33.854Z,07 82 02 00 00 03 50 01 50 01 4F 01 35 04 37 04 38 04 00 00,20,0x07,149.0,yes
hci_snoop_2025_11_26_15_00_04.cfa,1528,2025-11-26T15:01:33.971Z,07 85 02 00 00 03,6,0x07,1,1530,2025-11-26T15:01:34.213Z,07 85 02 00 00 03 4F 01 4F 01 4E 01 3A 04 3C 04 3C 04 00 00,20,0x07,242.0,yes
hci_snoop_2025_11_26_15_00_04.cfa,1532,2025-11-26T15:01:34.254Z,07 88 02 00 00 03,6,0x07,1,1534,2025-11-26T15:01:34.394Z,07 88 02 00 00 03 4E 01 4E 01 4E 01 3D 04 3F 04 3F 04 00 00,20,0x07,140.0,yes
hci_snoop_2025_11_26_15_00_04.cfa,1536,2025-11-26T15:01:34.503Z,07 8B 02 00 00 03,6,0x07,1,1538,2025-11-26T15:01:34.663Z,07 8B 02 00 00 03 4E 01 4E 01 4E 01 41 04 41 04 43 04 00 00,20,0x07,160.0,yes
hci_snoop_2025_11_26_15_00_04.cfa,1540,2025-11-26T15:01:34.786Z,07 8E 02 00 00 03,6,0x07,1,1542,2025-11-26T15:01:34.933Z,07 8E 02 00 00 03 4E 01 4E 01 4E 01 43 04 44 04 44 04 00 00,20,0x07,147.0,yes
hci_snoop_2025_11_26_15_00_04.cfa,1544,2025-11-26T15:01:35.038Z,07 91 02 00 00 03,6,0x07,1,1546,2025-11-26T15:01:35.202Z,07 91 02 00 00 03 4E 01 4E 01 4F 01 44 04 44 04 44 04 00 00,20,0x07,164.0,yes
hci_snoop_2025_11_26_15_00_04.cfa,1548,2025-11-26T15:01:35.294Z,07 94 02 00 00 03,6,0x07,1,1550,2025-11-26T15:01:35.472Z,07 94 02 00 00 03 4F 01 4F 01 50 01 44 04 44 04 44 04 00 00,20,0x07,178.0,yes
hci_snoop_2025_11_26_15_00_04.cfa,1552,2025-11-26T15:01:35.565Z,07 97 02 00 00 03,6,0x07,1,1554,2025-11-26T15:01:35.742Z,07 97 02 00 00 03 50 01 50 01 50 01 44 04 43 04 43 04 00 00,20,0x07,177.0,yes
hci_snoop_2025_11_26_15_00_04.cfa,1556,2025-11-26T15:01:35.840Z,07 9A 02 00 00 03,6,0x07,1,1558,2025-11-26T15:01:36.014Z,07 9A 02 00 00 03 51 01 51 01 51 01 43 04 43 04 43 04 00 00,20,0x07,174.0,yes
hci_snoop_2025_11_26_15_00_04.cfa,1560,2025-11-26T15:01:36.200Z,07 9D 02 00 00 03,6,0x07,1,1562,2025-11-26T15:01:36.375Z,07 9D 02 00 00 03 51 01 51 01 51 01 43 04 42 04 41 04 00 00,20,0x07,175.0,yes
hci_snoop_2025_11_26_15_00_04.cfa,1564,2025-11-26T15:01:36.466Z,07 A0 02 00 00 03,6,0x07,1,1566,2025-11-26T15:01:36.735Z,07 A0 02 00 00 03 51 01 51 01 51 01 41 04 41 04 40 04 00 00,20,0x07,269.0,yes
hci_snoop_2025_11_26_15_00_04.cfa,1568,2025-11-26T15:01:36.827Z,07 A3 02 00 00 03,6,0x07,1,1570,2025-11-26T15:01:37.005Z,07 A3 02 00 00 03 51 01 51 01 51 01 40 04 40 04 40 04 00 00,20,0x07,178.0,yes
hci_snoop_2025_11_26_15_00_04.cfa,1572,2025-11-26T15:01:37.101Z,07 A6 02 00 00 03,6,0x07,1,1574,2025-11-26T15:01:37.274Z,07 A6 02 00 00 03 50 01 50 01 50 01 40 04 40 04 40 04 00 00,20,0x07,173.0,yes
hci_snoop_2025_11_26_15_00_04.cfa,1576,2025-11-26T15:01:37.365Z,07 A9 02 00 00 03,6,0x07,1,1585,2025-11-26T15:01:37.542Z,07 A9 02 00 00 03 50 01 50 01 4F 01 41 04 41 04 41 04 00 00,20,0x07,177.0,yes
hci_snoop_2025_11_26_15_00_04.cfa,1591,2025-11-26T15:01:37.644Z,07 AC 02 00 00 03,6,0x07,1,1597,2025-11-26T15:01:37.812Z,07 AC 02 00 00 03 4F 01 4F 01 4F 01 41 04 41 04 41 04 00 00,20,0x07,168.0,yes
hci_snoop_2025_11_26_15_00_04.cfa,1599,2025-11-26T15:01:37.908Z,07 AF 02 00 00 03,6,0x07,1,1601,2025-11-26T15:01:38.085Z,07 AF 02 00 00 03 4F 01 4F 01 4F 01 41 04 41 04 41 04 00 00,20,0x07,177.0,yes
hci_snoop_2025_11_26_15_00_04.cfa,1603,2025-11-26T15:01:38.177Z,07 B2 02 00 00 03,6,0x07,1,1605,2025-11-26T15:01:38.354Z,07 B2 02 00 00 03 4E 01 4E 01 4E 01 41 04 40 04 40 04 00 00,20,0x07,177.0,yes
hci_snoop_2025_11_26_15_00_04.cfa,1607,2025-11-26T15:01:38.448Z,07 B5 02 00 00 03,6,0x07,1,1609,2025-11-26T15:01:38.624Z,07 B5 02 00 00 03 4E 01 4E 01 4E 01 40 04 3F 04 3F 04 00 00,20,0x07,176.0,yes
hci_snoop_2025_11_26_15_00_04.cfa,1611,2025-11-26T15:01:38.721Z,07 B8 02 00 00 03,6,0x07,1,1613,2025-11-26T15:01:38.894Z,07 B8 02 00 00 03 4F 01 4F 01 4F 01 3F 04 3E 04 3D 04 00 00,20,0x07,173.0,yes
hci_snoop_2025_11_26_15_00_04.cfa,1615,2025-11-26T15:01:38.990Z,07 BB 02 00 00 03,6,0x07,1,1617,2025-11-26T15:01:39.164Z,07 BB 02 00 00 03 4F 01 4F 01 50 01 3D 04 3D 04 3C 04 00 00,20,0x07,174.0,yes
hci_snoop_2025_11_26_15_00_04.cfa,1619,2025-11-26T15:01:39.259Z,07 BE 02 00 00 03,6,0x07,1,1621,2025-11-26T15:01:39.434Z,07 BE 02 00 00 03 4F 01 50 01 50 01 3C 04 3B 04 3B 04 00 00,20,0x07,175.0,yes
hci_snoop_2025_11_26_15_00_04.cfa,1623,2025-11-26T15:01:39.530Z,07 C1 02 00 00 03,6,0x07,1,1625,2025-11-26T15:01:39.704Z,07 C1 02 00 00 03 50 01 50 01 50 01 3A 04 3A 04 3A 04 00 00,20,0x07,174.0,yes
hci_snoop_2025_11_26_15_00_04.cfa,1627,2025-11-26T15:01:39.800Z,07 C4 02 00 00 03,6,0x07,1,1629,2025-11-26T15:01:39.974Z,07 C4 02 00 00 03 50 01 50 01 50 01 39 04 39 04 39 04 00 00,20,0x07,174.0,yes
hci_snoop_2025_11_26_15_00_04.cfa,1631,2025-11-26T15:01:40.066Z,07 C7 02 00 00 03,6,0x07,1,1633,2025-11-26T15:01:40.244Z,07 C7 02 00 00 03 50 01 50 01 50 01 38 04 38 04 38 04 00 00,20,0x07,178.0,yes
hci_snoop_2025_11_26_15_00_04.cfa,1635,2025-11-26T15:01:40.338Z,07 CA 02 00 00 03,6,0x07,1,1637,2025-11-26T15:01:40.514Z,07 CA 02 00 00 03 50 01 50 01 4F 01 38 04 38 04 38 04 00 00,20,0x07,176.0,yes
hci_snoop_2025_11_26_15_00_04.cfa,1639,2025-11-26T15:01:40.610Z,07 CD 02 00 00 03,6,0x07,1,1641,2025-11-26T15:01:40.786Z,07 CD 02 00 00 03 4F 01 4F 01 4F 01 39 04 39 04 39 04 00 00,20,0x07,176.0,yes
hci_snoop_2025_11_26_15_00_04.cfa,1643,2025-11-26T15:01:40.880Z,07 D0 02 00 00 03,6,0x07,1,1645,2025-11-26T15:01:41.053Z,07 D0 02 00 00 03 4F 01 4E 01 4E 01 3A 04 3A 04 3A 04 00 00,20,0x07,173.0,yes
hci_snoop_2025_11_26_15_00_04.cfa,1647,2025-11-26T15:01:41.145Z,07 D3 02 00 00 03,6,0x07,1,1649,2025-11-26T15:01:41.323Z,07 D3 02 00 00 03 4E 01 4D 01 4E 01 3A 04 3B 04 3B 04 00 00,20,0x07,178.0,yes
hci_snoop_2025_11_26_15_00_04.cfa,1651,2025-11-26T15:01:41.417Z,07 D6 02 00 00 03,6,0x07,1,1653,2025-11-26T15:01:41.593Z,07 D6 02 00 00 03 4D 01 4D 01 4D 01 3B 04 3C 04 3C 04 00 00,20,0x07,176.0,yes
hci_snoop_2025_11_26_15_00_04.cfa,1655,2025-11-26T15:01:41.684Z,07 D9 02 00 00 03,6,0x07,1,1657,2025-11-26T15:01:41.863Z,07 D9 02 00 00 03 4D 01 4D 01 4D 01 3C 04 3C 04 3C 04 00 00,20,0x07,179.0,yes
hci_snoop_2025_11_26_15_00_04.cfa,1659,2025-11-26T15:01:41.961Z,07 DC 02 00 00 03,6,0x07,1,1661,2025-11-26T15:01:42.135Z,07 DC 02 00 00 03 4D 01 4D 01 4D 01 3C 04 3C 04 3B 04 00 00,20,0x07,174.0,yes
hci_snoop_2025_11_26_15_00_04.cfa,1663,2025-11-26T15:01:42.226Z,07 DF 02 00 00 03,6,0x07,1,1665,2025-11-26T15:01:42.403Z,07 DF 02 00 00 03 4D 01 4D 01 4D 01 3B 04 3A 04 3A 04 00 00,20,0x07,177.0,yes
hci_snoop_2025_11_26_15_00_04.cfa,1667,2025-11-26T15:01:42.495Z,07 E2 02 00 00 03,6,0x07,1,1669,2025-11-26T15:01:42.672Z,07 E2 02 00 00 03 4D 01 4C 01 4C 01 3A 04 C7 03 F4 03 00 00,20,0x07,177.0,yes
hci_snoop_2025_11_26_15_00_04.cfa,1671,2025-11-26T15:01:42.766Z,07 E5 02 00 00 03,6,0x07,1,1673,2025-11-26T15:01:42.943Z,07 E5 02 00 00 03 4C 01 4B 01 4C 01 FE 03 D0 03 DF 03 00 00,20,0x07,177.0,yes
hci_snoop_2025_11_26_15_00_04.cfa,1675,2025-11-26T15:01:43.035Z,07 E8 02 00 00 03,6,0x07,1,1677,2025-11-26T15:01:43.213Z,07 E8 02 00 00 03 4C 01 4D 01 4D 01 EA 03 F4 03 FD 03 00 00,20,0x07,178.0,yes
hci_snoop_2025_11_26_15_00_04.cfa,1679,2025-11-26T15:01:43.308Z,07 EB 02 00 00 03,6,0x07,1,1681,2025-11-26T15:01:43.485Z,07 EB 02 00 00 03 4E 01 4F 01 4F 01 0B 04 16 04 1D 04 00 00,20,0x07,177.0,yes
hci_snoop_2025_11_26_15_00_04.cfa,1683,2025-11-26T15:01:43.578Z,07 EE 02 00 00 03,6,0x07,1,1685,2025-11-26T15:01:43.753Z,07 EE 02 00 00 03 50 01 51 01 52 01 1F 04 23 04 25 04 00 00,20,0x07,175.0,yes
hci_snoop_2025_11_26_15_00_04.cfa,1687,2025-11-26T15:01:43.846Z,07 F1 02 00 00 03,6,0x07,1,1689,2025-11-26T15:01:44.112Z,07 F1 02 00 00 03 52 01 52 01 53 01 26 04 26 04 26 04 00 00,20,0x07,266.0,yes
hci_snoop_2025_11_26_15_00_04.cfa,1691,2025-11-26T15:01:44.122Z,07 F4 02 00 00 03,6,0x07,1,1693,2025-11-26T15:01:44.293Z,07 F4 02 00 00 03 53 01 53 01 54 01 28 04 2A 04 2B 04 00 00,20,0x07,171.0,yes
hci_snoop_2025_11_26_15_00_04.cfa,1695,2025-11-26T15:01:44.389Z,07 F7 02 00 00 03,6,0x07,1,1697,2025-11-26T15:01:44.563Z,07 F7 02 00 00 03 54 01 54 01 54 01 2C 04 2E 04 2F 04 00 00,20,0x07,174.0,yes
hci_snoop_2025_11_26_15_00_04.cfa,1699,2025-11-26T15:01:44.661Z,07 FA 02 00 00 03,6,0x07,1,1701,2025-11-26T15:01:44.834Z,07 FA 02 00 00 03 54 01 54 01 54 01 30 04 31 04 33 04 00 00,20,0x07,173.0,yes
hci_snoop_2025_11_26_15_00_04.cfa,1703,2025-11-26T15:01:44.930Z,07 FD 02 00 00 03,6,0x07,1,1705,2025-11-26T15:01:45.104Z,07 FD 02 00 00 03 54 01 54 01 54 01 34 04 36 04 36 04 00 00,20,0x07,174.0,yes
hci_snoop_2025_11_26_15_00_04.cfa,1707,2025-11-26T15:01:45.198Z,07 00 03 00 00 03,6,0x07,1,1709,2025-11-26T15:01:45.374Z,07 00 03 00 00 03 54 01 54 01 54 01 38 04 38 04 3A 04 00 00,20,0x07,176.0,yes
hci_snoop_2025_11_26_15_00_04.cfa,1711,2025-11-26T15:01:45.471Z,07 03 03 00 00 03,6,0x07,1,1713,2025-11-26T15:01:45.644Z,07 03 03 00 00 03 54 01 54 01 54 01 3A 04 3B 04 3B 04 00 00,20,0x07,173.0,yes
hci_snoop_2025_11_26_15_00_04.cfa,1715,2025-11-26T15:01:45.741Z,07 06 03 00 00 03,6,0x07,1,1717,2025-11-26T15:01:45.914Z,07 06 03 00 00 03 54 01 54 01 53 01 3C 04 3D 04 3F 04 00 00,20,0x07,173.0,yes
hci_snoop_2025_11_26_15_00_04.cfa,1719,2025-11-26T15:01:46.010Z,07 09 03 00 00 03,6,0x07,1,1721,2025-11-26T15:01:46.186Z,07 09 03 00 00 03 53 01 53 01 53 01 42 04 44 04 46 04 00 00,20,0x07,176.0,yes
hci_snoop_2025_11_26_15_00_04.cfa,1723,2025-11-26T15:01:46.276Z,07 0C 03 00 00 03,6,0x07,1,1725,2025-11-26T15:01:46.452Z,07 0C 03 00 00 03 53 01 53 01 53 01 49 04 4B 04 4D 04 00 00,20,0x07,176.0,yes
hci_snoop_2025_11_26_15_00_04.cfa,1727,2025-11-26T15:01:46.545Z,07 0F 03 00 00 03,6,0x07,1,1729,2025-11-26T15:01:46.723Z,07 0F 03 00 00 03 53 01 53 01 52 01 50 04 53 04 56 04 00 00,20,0x07,178.0,yes
hci_snoop_2025_11_26_15_00_04.cfa,1731,2025-11-26T15:01:46.818Z,07 12 03 00 00 03,6,0x07,1,1733,2025-11-26T15:01:46.992Z,07 12 03 00 00 03 52 01 52 01 52 01 58 04 5A 04 5D 04 00 00,20,0x07,174.0,yes
hci_snoop_2025_11_26_15_00_04.cfa,1735,2025-11-26T15:01:47.089Z,07 15 03 00 00 03,6,0x07,1,1737,2025-11-26T15:01:47.263Z,07 15 03 00 00 03 52 01 52 01 52 01 5F 04 61 04 62 04 00 00,20,0x07,174.0,yes
hci_snoop_2025_11_26_15_00_04.cfa,1739,2025-11-26T15:01:47.355Z,07 18 03 00 00 03,6,0x07,1,1741,2025-11-26T15:01:47.533Z,07 18 03 00 00 03 52 01 52 01 51 01 65 04 66 04 69 04 00 00,20,0x07,178.0,yes
hci_snoop_2025_11_26_15_00_04.cfa,1743,2025-11-26T15:01:47.625Z,07 1B 03 00 00 03,6,0x07,1,1745,2025-11-26T15:01:47.803Z,07 1B 03 00 00 03 51 01 51 01 51 01 6B 04 6C 04 6E 04 00 00,20,0x07,178.0,yes
hci_snoop_2025_11_26_15_00_04.cfa,1747,2025-11-26T15:01:47.896Z,07 1E 03 00 00 03,6,0x07,1,1749,2025-11-26T15:01:48.074Z,07 1E 03 00 00 03 51 01 50 01 50 01 70 04 71 04 72 04 00 00,20,0x07,178.0,yes
hci_snoop_2025_11_26_15_00_04.cfa,1751,2025-11-26T15:01:48.172Z,07 21 03 00 00 03,6,0x07,1,1753,2025-11-26T15:01:48.343Z,07 21 03 00 00 03 50 01 50 01 50 01 73 04 74 04 75 04 00 00,20,0x07,171.0,yes
hci_snoop_2025_11_26_15_00_04.cfa,1755,2025-11-26T15:01:48.439Z,07 24 03 00 00 03,6,0x07,1,1757,2025-11-26T15:01:48.613Z,07 24 03 00 00 03 50 01 50 01 4F 01 76 04 78 04 79 04 00 00,20,0x07,174.0,yes
hci_snoop_2025_11_26_15_00_04.cfa,1759,2025-11-26T15:01:48.710Z,07 27 03 00 00 03,6,0x07,1,1761,2025-11-26T15:01:48.884Z,07 27 03 00 00 03 4F 01 4F 01 4F 01 7A 04 7C 04 7C 04 00 00,20,0x07,174.0,yes
hci_snoop_2025_11_26_15_00_04.cfa,1764,2025-11-26T15:01:48.981Z,07 2A 03 00 00 03,6,0x07,1,1766,2025-11-26T15:01:49.155Z,07 2A 03 00 00 03 4F 01 4E 01 4E 01 7A 04 7A 04 7A 04 00 00,20,0x07,174.0,yes
hci_snoop_2025_11_26_15_00_04.cfa,1768,2025-11-26T15:01:49.247Z,07 2D 03 00 00 03,6,0x07,1,1770,2025-11-26T15:01:49.423Z,07 2D 03 00 00 03 4E 01 4E 01 4E 01 7A 04 7A 04 7B 04 00 00,20,0x07,176.0,yes
hci_snoop_2025_11_26_15_00_04.cfa,1772,2025-11-26T15:01:49.516Z,07 30 03 00 00 03,6,0x07,1,1774,2025-11-26T15:01:49.693Z,07 30 03 00 00 03 4F 01 51 01 52 01 7D 04 78 04 76 04 00 00,20,0x07,177.0,yes
hci_snoop_2025_11_26_15_00_04.cfa,1776,2025-11-26T15:01:49.788Z,07 33 03 00 00 03,6,0x07,1,1778,2025-11-26T15:01:49.963Z,07 33 03 00 00 03 3A 01 46 01 4A 01 3A 03 6E 03 A5 03 00 00,20,0x07,175.0,yes
hci_snoop_2025_11_26_15_00_04.cfa,1780,2025-11-26T15:01:50.057Z,07 36 03 00 00 03,6,0x07,1,1782,2025-11-26T15:01:50.233Z,07 36 03 00 00 03 4B 01 52 01 58 01 A4 03 C9 03 CC 03 00 00,20,0x07,176.0,yes
hci_snoop_2025_11_26_15_00_04.cfa,1784,2025-11-26T15:01:50.327Z,07 39 03 00 00 03,6,0x07,1,1786,2025-11-26T15:01:50.503Z,07 39 03 00 00 03 5A 01 63 01 69 01 CE 03 C6 03 BD 03 00 00,20,0x07,176.0,yes
hci_snoop_2025_11_26_15_00_04.cfa,1788,2025-11-26T15:01:50.596Z,07 3C 03 00 00 03,6,0x07,1,1790,2025-11-26T15:01:50.773Z,07 3C 03 00 00 03 66 01 60 01 5F 01 CD 03 E6 03 F4 03 00 00,20,0x07,177.0,yes
hci_snoop_2025_11_26_15_00_04.cfa,1792,2025-11-26T15:01:50.870Z,07 3F 03 00 00 03,6,0x07,1,1794,2025-11-26T15:01:51.047Z,07 3F 03 00 00 03 62 01 66 01 64 01 F9 03 FA 03 02 04 00 00,20,0x07,177.0,yes
hci_snoop_2025_11_26_15_00_04.cfa,1796,2025-11-26T15:01:51.138Z,07 42 03 00 00 03,6,0x07,1,1798,2025-11-26T15:01:51.312Z,07 42 03 00 00 03 64 01 64 01 64 01 0A 04 0F 04 12 04 00 00,20,0x07,174.0,yes
hci_snoop_2025_11_26_15_00_04.cfa,1800,2025-11-26T15:01:51.404Z,07 45 03 00 00 03,6,0x07,1,1802,2025-11-26T15:01:51.583Z,07 45 03 00 00 03 64 01 64 01 64 01 F9 03 02 04 0A 04 00 00,20,0x07,179.0,yes
hci_snoop_2025_11_26_15_00_04.cfa,1804,2025-11-26T15:01:51.677Z,07 48 03 00 00 03,6,0x07,1,1806,2025-11-26T15:01:51.854Z,07 48 03 00 00 03 65 01 66 01 67 01 0F 04 12 04 16 04 00 00,20,0x07,177.0,yes
hci_snoop_2025_11_26_15_00_04.cfa,1808,2025-11-26T15:01:51.947Z,07 4B 03 00 00 03,6,0x07,1,1810,2025-11-26T15:01:52.123Z,07 4B 03 00 00 03 68 01 68 01 69 01 19 04 1B 04 1D 04 00 00,20,0x07,176.0,yes
hci_snoop_2025_11_26_15_00_04.cfa,1812,2025-11-26T15:01:52.214Z,07 4E 03 00 00 03,6,0x07,1,1814,2025-11-26T15:01:52.393Z,07 4E 03 00 00 03 68 01 68 01 67 01 1D 04 1F 04 1D 04 00 00,20,0x07,179.0,yes
hci_snoop_2025_11_26_15_00_04.cfa,1816,2025-11-26T15:01:52.484Z,07 51 03 00 00 03,6,0x07,1,1818,2025-11-26T15:01:52.663Z,07 51 03 00 00 03 5C 01 5F 01 61 01 2E 03 79 03 95 03 00 00,20,0x07,179.0,yes
hci_snoop_2025_11_26_15_00_04.cfa,1820,2025-11-26T15:01:52.758Z,07 54 03 00 00 03,6,0x07,1,1822,2025-11-26T15:01:52.934Z,07 54 03 00 00 03 64 01 64 01 65 01 A5 03 B2 03 C1 03 00 00,20,0x07,176.0,yes
hci_snoop_2025_11_26_15_00_04.cfa,1824,2025-11-26T15:01:53.025Z,07 57 03 00 00 03,6,0x07,1,1826,2025-11-26T15:01:53.206Z,07 57 03 00 00 03 67 01 68 01 69 01 CD 03 D5 03 DC 03 00 00,20,0x07,181.0,yes
hci_snoop_2025_11_26_15_00_04.cfa,1828,2025-11-26T15:01:53.297Z,07 5A 03 00 00 03,6,0x07,1,1830,2025-11-26T15:01:53.473Z,07 5A 03 00 00 03 69 01 69 01 6A 01 E2 03 E8 03 EC 03 00 00,20,0x07,176.0,yes
hci_snoop_2025_11_26_15_00_04.cfa,1832,2025-11-26T15:01:53.568Z,07 5D 03 00 00 03,6,0x07,1,1834,2025-11-26T15:01:53.743Z,07 5D 03 00 00 03 6A 01 6A 01 69 01 F1 03 F6 03 FA 03 00 00,20,0x07,175.0,yes
hci_snoop_2025_11_26_15_00_04.cfa,1836,2025-11-26T15:01:53.837Z,07 60 03 00 00 03,6,0x07,1,1838,2025-11-26T15:01:54.013Z,07 60 03 00 00 03 69 01 67 01 66 01 FB 03 FD 03 01 04 00 00,20,0x07,176.0,yes
hci_snoop_2025_11_26_15_00_04.cfa,1840,2025-11-26T15:01:54.110Z,07 63 03 00 00 03,6,0x07,1,1842,2025-11-26T15:01:54.282Z,07 63 03 00 00 03 64 01 63 01 62 01 04 04 08 04 0B 04 00 00,20,0x07,172.0,yes
hci_snoop_2025_11_26_15_00_04.cfa,1844,2025-11-26T15:01:54.374Z,07 66 03 00 00 03,6,0x07,1,1846,2025-11-26T15:01:54.554Z,07 66 03 00 00 03 61 01 60 01 5F 01 0E 04 11 04 14 04 00 00,20,0x07,180.0,yes
hci_snoop_2025_11_26_15_00_04.cfa,1848,2025-11-26T15:01:54.650Z,07 69 03 00 00 03,6,0x07,1,1850,2025-11-26T15:01:54.824Z,07 69 03 00 00 03 5E 01 5D 01 5C 01 16 04 18 04 1A 04 00 00,20,0x07,174.0,yes
hci_snoop_2025_11_26_15_00_04.cfa,1852,2025-11-26T15:01:54.920Z,07 6C 03 00 00 03,6,0x07,1,1854,2025-11-26T15:01:55.093Z,07 6C 03 00 00 03 5C 01 5B 01 5A 01 1C 04 1D 04 1E 04 00 00,20,0x07,173.0,yes
hci_snoop_2025_11_26_15_00_04.cfa,1856,2025-11-26T15:01:55.187Z,07 6F 03 00 00 03,6,0x07,1,1858,2025-11-26T15:01:55.363Z,07 6F 03 00 00 03 5A 01 59 01 59 01 1F 04 21 04 23 04 00 00,20,0x07,176.0,yes
hci_snoop_2025_11_26_15_00_04.cfa,1860,2025-11-26T15:01:55.457Z,07 72 03 00 00 03,6,0x07,1,1862,2025-11-26T15:01:55.634Z,07 72 03 00 00 03 58 01 58 01 58 01 24 04 25 04 26 04 00 00,20,0x07,177.0,yes
hci_snoop_2025_11_26_15_00_04.cfa,1864,2025-11-26T15:01:55.730Z,07 75 03 00 00 03,6,0x07,1,1866,2025-11-26T15:01:55.903Z,07 75 03 00 00 03 57 01 57 01 56 01 27 04 28 04 29 04 00 00,20,0x07,173.0,yes
hci_snoop_2025_11_26_15_00_04.cfa,1868,2025-11-26T15:01:55.997Z,07 78 03 00 00 03,6,0x07,1,1870,2025-11-26T15:01:56.174Z,07 78 03 00 00 03 56 01 3E 01 3C 01 2A 04 B9 02 0C 03 00 00,20,0x07,177.0,yes
hci_snoop_2025_11_26_15_00_04.cfa,1872,2025-11-26T15:01:56.265Z,07 7B 03 00 00 03,6,0x07,1,1874,2025-11-26T15:01:56.444Z,07 7B 03 00 00 03 40 01 43 01 46 01 46 03 62 03 80 03 00 00,20,0x07,179.0,yes
hci_snoop_2025_11_26_15_00_04.cfa,1876,2025-11-26T15:01:56.537Z,07 7E 03 00 00 03,6,0x07,1,1878,2025-11-26T15:01:56.712Z,07 7E 03 00 00 03 47 01 49 01 4A 01 97 03 A6 03 B2 03 00 00,20,0x07,175.0,yes
hci_snoop_2025_11_26_15_00_04.cfa,1880,2025-11-26T15:01:56.804Z,07 81 03 00 00 03,6,0x07,1,1882,2025-11-26T15:01:56.983Z,07 81 03 00 00 03 4B 01 4C 01 4E 01 BA 03 C1 03 C9 03 00 00,20,0x07,179.0,yes
hci_snoop_2025_11_26_15_00_04.cfa,1884,2025-11-26T15:01:57.073Z,07 84 03 00 00 03,6,0x07,1,1886,2025-11-26T15:01:57.253Z,07 84 03 00 00 03 50 01 53 01 57 01 D4 03 D8 03 DA 03 00 00,20,0x07,180.0,yes
hci_snoop_2025_11_26_15_00_04.cfa,1888,2025-11-26T15:01:57.344Z,07 87 03 00 00 03,6,0x07,1,1890,2025-11-26T15:01:57.524Z,07 87 03 00 00 03 5A 01 5D 01 60 01 DB 03 DD 03 DE 03 00 00,20,0x07,180.0,yes
hci_snoop_2025_11_26_15_00_04.cfa,1892,2025-11-26T15:01:57.619Z,07 8A 03 00 00 03,6,0x07,1,1894,2025-11-26T15:01:57.795Z,07 8A 03 00 00 03 62 01 64 01 66 01 E0 03 E1 03 E3 03 00 00,20,0x07,176.0,yes
hci_snoop_2025_11_26_15_00_04.cfa,1896,2025-11-26T15:01:57.886Z,07 8D 03 00 00 03,6,0x07,1,1898,2025-11-26T15:01:58.065Z,07 8D 03 00 00 03 68 01 69 01 6B 01 E4 03 E6 03 E8 03 00 00,20,0x07,179.0,yes
hci_snoop_2025_11_26_15_00_04.cfa,1900,2025-11-26T15:01:58.156Z,07 90 03 00 00 03,6,0x07,1,1902,2025-11-26T15:01:58.334Z,07 90 03 00 00 03 6B 01 69 01 67 01 E2 03 E0 03 E5 03 00 00,20,0x07,178.0,yes
hci_snoop_2025_11_26_15_00_04.cfa,1904,2025-11-26T15:01:58.429Z,07 93 03 00 00 03,6,0x07,1,1906,2025-11-26T15:01:58.604Z,07 93 03 00 00 03 67 01 66 01 64 01 EA 03 E8 03 E9 03 00 00,20,0x07,175.0,yes
hci_snoop_2025_11_26_15_00_04.cfa,1908,2025-11-26T15:01:58.696Z,07 96 03 00 00 03,6,0x07,1,1910,2025-11-26T15:01:58.874Z,07 96 03 00 00 03 63 01 62 01 61 01 EA 03 EC 03 EF 03 00 00,20,0x07,178.0,yes
hci_snoop_2025_11_26_15_00_04.cfa,1912,2025-11-26T15:01:58.970Z,07 99 03 00 00 03,6,0x07,1,1914,2025-11-26T15:01:59.144Z,07 99 03 00 00 03 60 01 60 01 5F 01 F0 03 F2 03 F4 03 00 00,20,0x07,174.0,yes
hci_snoop_2025_11_26_15_00_04.cfa,1916,2025-11-26T15:01:59.237Z,07 9C 03 00 00 03,6,0x07,1,1918,2025-11-26T15:01:59.414Z,07 9C 03 00 00 03 5E 01 5E 01 5E 01 F6 03 F8 03 F9 03 00 00,20,0x07,177.0,yes
hci_snoop_2025_11_26_15_00_04.cfa,1920,2025-11-26T15:01:59.512Z,07 9F 03 00 00 03,6,0x07,1,1922,2025-11-26T15:01:59.686Z,07 9F 03 00 00 03 5D 01 5D 01 5C 01 FB 03 FC 03 FE 03 00 00,20,0x07,174.0,yes
hci_snoop_2025_11_26_15_00_04.cfa,1924,2025-11-26T15:01:59.777Z,07 A2 03 00 00 03,6,0x07,1,1926,2025-11-26T15:01:59.957Z,07 A2 03 00 00 03 5C 01 5B 01 5B 01 FF 03 01 04 02 04 00 00,20,0x07,180.0,yes
hci_snoop_2025_11_26_15_00_04.cfa,1928,2025-11-26T15:02:00.045Z,07 A5 03 00 00 03,6,0x07,1,1930,2025-11-26T15:02:00.227Z,07 A5 03 00 00 03 5A 01 5A 01 5A 01 03 04 04 04 05 04 00 00,20,0x07,182.0,yes
hci_snoop_2025_11_26_15_00_04.cfa,1932,2025-11-26T15:02:00.318Z,07 A8 03 00 00 03,6,0x07,1,1934,2025-11-26T15:02:00.494Z,07 A8 03 00 00 03 59 01 59 01 59 01 07 04 08 04 0A 04 00 00,20,0x07,176.0,yes
hci_snoop_2025_11_26_15_00_04.cfa,1936,2025-11-26T15:02:00.585Z,07 AB 03 00 00 03,6,0x07,1,1938,2025-11-26T15:02:00.763Z,07 AB 03 00 00 03 59 01 58 01 58 01 0B 04 0C 04 0D 04 00 00,20,0x07,178.0,yes
hci_snoop_2025_11_26_15_00_04.cfa,1940,2025-11-26T15:02:00.855Z,07 AE 03 00 00 03,6,0x07,1,1942,2025-11-26T15:02:01.034Z,07 AE 03 00 00 03 57 01 57 01 57 01 0F 04 11 04 12 04 00 00,20,0x07,179.0,yes
hci_snoop_2025_11_26_15_00_04.cfa,1944,2025-11-26T15:02:01.126Z,07 B1 03 00 00 03,6,0x07,1,1946,2025-11-26T15:02:01.307Z,07 B1 03 00 00 03 56 01 56 01 56 01 13 04 14 04 16 04 00 00,20,0x07,181.0,yes
hci_snoop_2025_11_26_15_00_04.cfa,1948,2025-11-26T15:02:01.396Z,07 B4 03 00 00 03,6,0x07,1,1950,2025-11-26T15:02:01.575Z,07 B4 03 00 00 03 55 01 55 01 55 01 17 04 18 04 1A 04 00 00,20,0x07,179.0,yes
hci_snoop_2025_11_26_15_00_04.cfa,1952,2025-11-26T15:02:01.667Z,07 B7 03 00 00 03,6,0x07,1,1954,2025-11-26T15:02:01.844Z,07 B7 03 00 00 03 55 01 54 01 54 01 1B 04 1C 04 1D 04 00 00,20,0x07,177.0,yes
hci_snoop_2025_11_26_15_00_04.cfa,1956,2025-11-26T15:02:01.941Z,07 BA 03 00 00 03,6,0x07,1,1958,2025-11-26T15:02:02.207Z,07 BA 03 00 00 03 54 01 53 01 53 01 1E 04 20 04 21 04 00 00,20,0x07,266.0,yes
hci_snoop_2025_11_26_15_00_04.cfa,1960,2025-11-26T15:02:02.297Z,07 BD 03 00 00 03,6,0x07,1,1962,2025-11-26T15:02:02.567Z,07 BD 03 00 00 03 53 01 53 01 52 01 23 04 24 04 25 04 00 00,20,0x07,270.0,yes
hci_snoop_2025_11_26_15_00_04.cfa,1965,2025-11-26T15:02:02.664Z,07 C0 03 00 00 03,6,0x07,1,1967,2025-11-26T15:02:02.835Z,07 C0 03 00 00 03 52 01 52 01 52 01 26 04 27 04 29 04 00 00,20,0x07,171.0,yes
hci_snoop_2025_11_26_15_00_04.cfa,1969,2025-11-26T15:02:02.927Z,07 C3 03 00 00 03,6,0x07,1,1971,2025-11-26T15:02:03.104Z,07 C3 03 00 00 03 51 01 51 01 51 01 2A 04 2A 04 2B 04 00 00,20,0x07,177.0,yes
hci_snoop_2025_11_26_15_00_04.cfa,1973,2025-11-26T15:02:03.200Z,07 C6 03 00 00 03,6,0x07,1,1975,2025-11-26T15:02:03.375Z,07 C6 03 00 00 03 51 01 51 01 50 01 2C 04 2D 04 2E 04 00 00,20,0x07,175.0,yes
hci_snoop_2025_11_26_15_00_04.cfa,1977,2025-11-26T15:02:03.467Z,07 C9 03 00 00 03,6,0x07,1,1979,2025-11-26T15:02:03.646Z,07 C9 03 00 00 03 50 01 50 01 50 01 2F 04 30 04 11 04 00 00,20,0x07,179.0,yes
hci_snoop_2025_11_26_15_00_04.cfa,1981,2025-11-26T15:02:03.740Z,07 CC 03 00 00 03,6,0x07,1,1983,2025-11-26T15:02:03.917Z,07 CC 03 00 00 03 50 01 4F 01 4F 01 14 04 11 04 F6 03 00 00,20,0x07,177.0,yes
hci_snoop_2025_11_26_15_00_04.cfa,1985,2025-11-26T15:02:04.008Z,07 CF 03 00 00 03,6,0x07,1,1987,2025-11-26T15:02:04.187Z,07 CF 03 00 00 03 51 01 53 01 56 01 F6 03 F7 03 F7 03 00 00,20,0x07,179.0,yes
hci_snoop_2025_11_26_15_00_04.cfa,1989,2025-11-26T15:02:04.273Z,07 D2 03 00 00 03,6,0x07,1,1991,2025-11-26T15:02:04.457Z,07 D2 03 00 00 03 59 01 5D 01 5F 01 F4 03 F0 03 ED 03 00 00,20,0x07,184.0,yes
hci_snoop_2025_11_26_15_00_04.cfa,1993,2025-11-26T15:02:04.549Z,07 D5 03 00 00 03,6,0x07,1,1995,2025-11-26T15:02:04.728Z,07 D5 03 00 00 03 61 01 62 01 64 01 EB 03 EA 03 E8 03 00 00,20,0x07,179.0,yes
hci_snoop_2025_11_26_15_00_04.cfa,1997,2025-11-26T15:02:04.817Z,07 D8 03 00 00 03,6,0x07,1,1999,2025-11-26T15:02:04.998Z,07 D8 03 00 00 03 66 01 68 01 69 01 E6 03 E4 03 E3 03 00 00,20,0x07,181.0,yes
hci_snoop_2025_11_26_15_00_04.cfa,2001,2025-11-26T15:02:05.088Z,07 DB 03 00 00 03,6,0x07,1,2003,2025-11-26T15:02:05.268Z,07 DB 03 00 00 03 6A 01 6A 01 6B 01 E2 03 E2 03 E1 03 00 00,20,0x07,180.0,yes
hci_snoop_2025_11_26_15_00_04.cfa,2005,2025-11-26T15:02:05.356Z,07 DE 03 00 00 03,6,0x07,1,2007,2025-11-26T15:02:05.533Z,07 DE 03 00 00 03 6B 01 6A 01 6A 01 E2 03 E2 03 E4 03 00 00,20,0x07,177.0,yes
hci_snoop_2025_11_26_15_00_04.cfa,2009,2025-11-26T15:02:05.625Z,07 E1 03 00 00 03,6,0x07,1,2011,2025-11-26T15:02:05.803Z,07 E1 03 00 00 03 6A 01 68 01 67 01 E7 03 EC 03 F1 03 00 00,20,0x07,178.0,yes
hci_snoop_2025_11_26_15_00_04.cfa,2013,2025-11-26T15:02:05.898Z,07 E4 03 00 00 03,6,0x07,1,2015,2025-11-26T15:02:06.077Z,07 E4 03 00 00 03 66 01 65 01 63 01 F5 03 F9 03 FC 03 00 00,20,0x07,179.0,yes
hci_snoop_2025_11_26_15_00_04.cfa,2017,2025-11-26T15:02:06.167Z,07 E7 03 00 00 03,6,0x07,1,2019,2025-11-26T15:02:06.347Z,07 E7 03 00 00 03 62 01 61 01 60 01 FF 03 02 04 05 04 00 00,20,0x07,180.0,yes
hci_snoop_2025_11_26_15_00_04.cfa,2021,2025-11-26T15:02:06.437Z,07 EA 03 00 00 03,6,0x07,1,2023,2025-11-26T15:02:06.617Z,07 EA 03 00 00 03 5F 01 5E 01 5D 01 08 04 0A 04 0B 04 00 00,20,0x07,180.0,yes
hci_snoop_2025_11_26_15_00_04.cfa,2025,2025-11-26T15:02:06.798Z,07 ED 03 00 00 03,6,0x07,1,2027,2025-11-26T15:02:06.976Z,07 ED 03 00 00 03 5C 01 5B 01 5B 01 0D 04 0E 04 10 04 00 00,20,0x07,178.0,yes
hci_snoop_2025_11_26_15_00_04.cfa,2029,2025-11-26T15:02:07.068Z,07 F0 03 00 00 03,6,0x07,1,2031,2025-11-26T15:02:07.244Z,07 F0 03 00 00 03 5A 01 59 01 58 01 11 04 12 04 14 04 00 00,20,0x07,176.0,yes
hci_snoop_2025_11_26_15_00_04.cfa,2033,2025-11-26T15:02:07.344Z,07 F3 03 00 00 03,6,0x07,1,2035,2025-11-26T15:02:07.517Z,07 F3 03 00 00 03 58 01 57 01 56 01 15 04 16 04 18 04 00 00,20,0x07,173.0,yes
hci_snoop_2025_11_26_15_00_04.cfa,2037,2025-11-26T15:02:07.607Z,07 F6 03 00 00 03,6,0x07,1,2039,2025-11-26T15:02:07.788Z,07 F6 03 00 00 03 56 01 55 01 54 01 19 04 1A 04 1B 04 00 00,20,0x07,181.0,yes
hci_snoop_2025_11_26_15_00_04.cfa,2041,2025-11-26T15:02:07.879Z,07 F9 03 00 00 03,6,0x07,1,2043,2025-11-26T15:02:08.058Z,07 F9 03 00 00 03 54 01 53 01 53 01 1C 04 1D 04 1E 04 00 00,20,0x07,179.0,yes
hci_snoop_2025_11_26_15_00_04.cfa,2045,2025-11-26T15:02:08.149Z,07 FC 03 00 00 03,6,0x07,1,2047,2025-11-26T15:02:08.327Z,07 FC 03 00 00 03 52 01 52 01 52 01 1F 04 20 04 21 04 00 00,20,0x07,178.0,yes
hci_snoop_2025_11_26_15_00_04.cfa,2049,2025-11-26T15:02:08.419Z,07 FF 03 00 00 03,6,0x07,1,2051,2025-11-26T15:02:08.685Z,07 FF 03 00 00 03 51 01 51 01 51 01 21 04 22 04 22 04 00 00,20,0x07,266.0,yes
hci_snoop_2025_11_26_15_00_04.cfa,2053,2025-11-26T15:02:08.780Z,07 02 04 00 00 03,6,0x07,1,2055,2025-11-26T15:02:08.954Z,07 02 04 00 00 03 50 01 50 01 50 01 23 04 23 04 24 04 00 00,20,0x07,174.0,yes
hci_snoop_2025_11_26_15_00_04.cfa,2057,2025-11-26T15:02:09.047Z,07 05 04 00 00 03,6,0x07,1,2059,2025-11-26T15:02:09.229Z,07 05 04 00 00 03 50 01 4F 01 4F 01 24 04 25 04 25 04 00 00,20,0x07,182.0,yes
hci_snoop_2025_11_26_15_00_04.cfa,2061,2025-11-26T15:02:09.320Z,07 08 04 00 00 03,6,0x07,1,2063,2025-11-26T15:02:09.498Z,07 08 04 00 00 03 4F 01 4F 01 4F 01 26 04 26 04 27 04 00 00,20,0x07,178.0,yes
hci_snoop_2025_11_26_15_00_04.cfa,2065,2025-11-26T15:02:09.588Z,07 0B 04 00 00 03,6,0x07,1,2067,2025-11-26T15:02:09.767Z,07 0B 04 00 00 03 4E 01 4E 01 4E 01 27 04 28 04 28 04 00 00,20,0x07,179.0,yes
hci_snoop_2025_11_26_15_00_04.cfa,2069,2025-11-26T15:02:09.860Z,07 0E 04 00 00 03,6,0x07,1,2071,2025-11-26T15:02:10.037Z,07 0E 04 00 00 03 4E 01 4D 01 4D 01 28 04 28 04 29 04 00 00,20,0x07,177.0,yes
hci_snoop_2025_11_26_15_00_04.cfa,2073,2025-11-26T15:02:10.128Z,07 11 04 00 00 03,6,0x07,1,2075,2025-11-26T15:02:10.307Z,07 11 04 00 00 03 4D 01 4D 01 4D 01 29 04 29 04 2A 04 00 00,20,0x07,179.0,yes
hci_snoop_2025_11_26_15_00_04.cfa,2077,2025-11-26T15:02:10.398Z,07 14 04 00 00 03,6,0x07,1,2079,2025-11-26T15:02:10.573Z,07 14 04 00 00 03 4C 01 4C 01 4C 01 2A 04 2A 04 2B 04 00 00,20,0x07,175.0,yes
hci_snoop_2025_11_26_15_00_04.cfa,2081,2025-11-26T15:02:10.762Z,07 17 04 00 00 03,6,0x07,1,2083,2025-11-26T15:02:10.933Z,07 17 04 00 00 03 4C 01 4C 01 4C 01 2B 04 2B 04 2B 04 00 00,20,0x07,171.0,yes
hci_snoop_2025_11_26_15_00_04.cfa,2085,2025-11-26T15:02:11.027Z,07 1A 04 00 00 03,6,0x07,1,2087,2025-11-26T15:02:11.207Z,07 1A 04 00 00 03 4C 01 4C 01 4C 01 2B 04 2A 04 2A 04 00 00,20,0x07,180.0,yes
hci_snoop_2025_11_26_15_00_04.cfa,2089,2025-11-26T15:02:11.297Z,07 1D 04 00 00 03,6,0x07,1,2091,2025-11-26T15:02:11.477Z,07 1D 04 00 00 03 4C 01 4C 01 4D 01 29 04 29 04 28 04 00 00,20,0x07,180.0,yes
hci_snoop_2025_11_26_15_00_04.cfa,2093,2025-11-26T15:02:11.568Z,07 20 04 00 00 03,6,0x07,1,2095,2025-11-26T15:02:11.744Z,07 20 04 00 00 03 4D 01 4D 01 4D 01 28 04 28 04 27 04 00 00,20,0x07,176.0,yes
hci_snoop_2025_11_26_15_00_04.cfa,2097,2025-11-26T15:02:11.840Z,07 23 04 00 00 03,6,0x07,1,2099,2025-11-26T15:02:12.017Z,07 23 04 00 00 03 4D 01 4D 01 4D 01 27 04 27 04 27 04 00 00,20,0x07,177.0,yes
hci_snoop_2025_11_26_15_00_04.cfa,2101,2025-11-26T15:02:12.107Z,07 26 04 00 00 03,6,0x07,1,2103,2025-11-26T15:02:12.285Z,07 26 04 00 00 03 4D 01 4D 01 4D 01 27 04 27 04 27 04 00 00,20,0x07,178.0,yes
hci_snoop_2025_11_26_15_00_04.cfa,2105,2025-11-26T15:02:12.380Z,07 29 04 00 00 03,6,0x07,1,2107,2025-11-26T15:02:12.557Z,07 29 04 00 00 03 4D 01 4C 01 4D 01 27 04 27 04 27 04 00 00,20,0x07,177.0,yes
hci_snoop_2025_11_26_15_00_04.cfa,2109,2025-11-26T15:02:12.650Z,07 2C 04 00 00 03,6,0x07,1,2111,2025-11-26T15:02:12.825Z,07 2C 04 00 00 03 4D 01 4D 01 4D 01 27 04 27 04 27 04 00 00,20,0x07,175.0,yes
hci_snoop_2025_11_26_15_00_04.cfa,2113,2025-11-26T15:02:12.924Z,07 2F 04 00 00 03,6,0x07,1,2115,2025-11-26T15:02:13.098Z,07 2F 04 00 00 03 4D 01 4D 01 4C 01 28 04 29 04 29 04 00 00,20,0x07,174.0,yes
hci_snoop_2025_11_26_15_00_04.cfa,2117,2025-11-26T15:02:13.188Z,07 32 04 00 00 03,6,0x07,1,2119,2025-11-26T15:02:13.366Z,07 32 04 00 00 03 4C 01 4C 01 4C 01 2A 04 2A 04 2A 04 00 00,20,0x07,178.0,yes
hci_snoop_2025_11_26_15_00_04.cfa,2121,2025-11-26T15:02:13.460Z,07 35 04 00 00 03,6,0x07,1,2123,2025-11-26T15:02:13.637Z,07 35 04 00 00 03 4C 01 4C 01 4B 01 2A 04 2B 04 2B 04 00 00,20,0x07,177.0,yes
hci_snoop_2025_11_26_15_00_04.cfa,2125,2025-11-26T15:02:13.727Z,07 38 04 00 00 03,6,0x07,1,2127,2025-11-26T15:02:13.907Z,07 38 04 00 00 03 4C 01 4C 01 4C 01 2B 04 2B 04 2B 04 00 00,20,0x07,180.0,yes
hci_snoop_2025_11_26_15_00_04.cfa,2129,2025-11-26T15:02:13.997Z,07 3B 04 00 00 03,6,0x07,1,2131,2025-11-26T15:02:14.267Z,07 3B 04 00 00 03 4C 01 4C 01 4D 01 2B 04 2B 04 2B 04 00 00,20,0x07,270.0,yes
hci_snoop_2025_11_26_15_00_04.cfa,2134,2025-11-26T15:02:14.358Z,07 3E 04 00 00 03,6,0x07,1,2136,2025-11-26T15:02:14.537Z,07 3E 04 00 00 03 4D 01 4E 01 4E 01 2A 04 2A 04 2A 04 00 00,20,0x07,179.0,yes
hci_snoop_2025_11_26_15_00_04.cfa,2138,2025-11-26T15:02:14.628Z,07 41 04 00 00 03,6,0x07,1,2140,2025-11-26T15:02:14.808Z,07 41 04 00 00 03 4E 01 4E 01 4E 01 2A 04 2A 04 2B 04 00 00,20,0x07,180.0,yes
hci_snoop_2025_11_26_15_00_04.cfa,2142,2025-11-26T15:02:14.900Z,07 44 04 00 00 03,6,0x07,1,2144,2025-11-26T15:02:15.072Z,07 44 04 00 00 03 4E 01 4E 01 4E 01 2B 04 2B 04 2B 04 00 00,20,0x07,172.0,yes
hci_snoop_2025_11_26_15_00_04.cfa,2146,2025-11-26T15:02:15.192Z,07 47 04 00 00 03,6,0x07,1,2148,2025-11-26T15:02:15.342Z,07 47 04 00 00 03 4E 01 4E 01 4E 01 2C 04 2C 04 2C 04 00 00,20,0x07,150.0,yes
hci_snoop_2025_11_26_15_00_04.cfa,2150,2025-11-26T15:02:15.458Z,07 4A 04 00 00 03,6,0x07,1,2152,2025-11-26T15:02:15.612Z,07 4A 04 00 00 03 4E 01 4E 01 4D 01 2D 04 2D 04 2D 04 00 00,20,0x07,154.0,yes
hci_snoop_2025_11_26_15_00_04.cfa,2154,2025-11-26T15:02:15.727Z,07 4D 04 00 00 03,6,0x07,1,2156,2025-11-26T15:02:15.883Z,07 4D 04 00 00 03 4D 01 4D 01 4D 01 2D 04 2E 04 2E 04 00 00,20,0x07,156.0,yes
hci_snoop_2025_11_26_15_00_04.cfa,2158,2025-11-26T15:02:16.012Z,07 50 04 00 00 03,6,0x07,1,2160,2025-11-26T15:02:16.153Z,07 50 04 00 00 03 4C 01 4C 01 4C 01 2F 04 2F 04 30 04 00 00,20,0x07,141.0,yes
hci_snoop_2025_11_26_15_00_04.cfa,2162,2025-11-26T15:02:16.277Z,07 53 04 00 00 03,6,0x07,1,2164,2025-11-26T15:02:16.423Z,07 53 04 00 00 03 4C 01 4C 01 4C 01 31 04 31 04 32 04 00 00,20,0x07,146.0,yes
hci_snoop_2025_11_26_15_00_04.cfa,2166,2025-11-26T15:02:16.545Z,07 56 04 00 00 03,6,0x07,1,2168,2025-11-26T15:02:16.693Z,07 56 04 00 00 03 4B 01 4B 01 4C 01 32 04 33 04 33 04 00 00,20,0x07,148.0,yes
hci_snoop_2025_11_26_15_00_04.cfa,2170,2025-11-26T15:02:16.809Z,07 59 04 00 00 03,6,0x07,1,2172,2025-11-26T15:02:16.964Z,07 59 04 00 00 03 4C 01 3F 01 40 01 35 04 31 03 A4 03 00 00,20,0x07,155.0,yes
hci_snoop_2025_11_26_15_00_04.cfa,2174,2025-11-26T15:02:17.080Z,07 5C 04 00 00 03,6,0x07,1,2176,2025-11-26T15:02:17.234Z,07 5C 04 00 00 03 43 01 45 01 47 01 B2 03 BB 03 C4 03 00 00,20,0x07,154.0,yes
hci_snoop_2025_11_26_15_00_04.cfa,2178,2025-11-26T15:02:17.361Z,07 5F 04 00 00 03,6,0x07,1,2180,2025-11-26T15:02:17.503Z,07 5F 04 00 00 03 48 01 4A 01 4B 01 CD 03 D4 03 D9 03 00 00,20,0x07,142.0,yes
hci_snoop_2025_11_26_15_00_04.cfa,2182,2025-11-26T15:02:17.627Z,07 62 04 00 00 03,6,0x07,1,2184,2025-11-26T15:02:17.774Z,07 62 04 00 00 03 4D 01 4F 01 4F 01 DC 03 DD 03 E0 03 00 00,20,0x07,147.0,yes
hci_snoop_2025_11_26_15_00_04.cfa,2186,2025-11-26T15:02:17.897Z,07 65 04 00 00 03,6,0x07,1,2188,2025-11-26T15:02:18.043Z,07 65 04 00 00 03 50 01 52 01 53 01 E4 03 E6 03 CC 03 00 00,20,0x07,146.0,yes
hci_snoop_2025_11_26_15_00_04.cfa,2190,2025-11-26T15:02:18.162Z,07 68 04 00 00 03,6,0x07,1,2192,2025-11-26T15:02:18.314Z,07 68 04 00 00 03 54 01 56 01 5A 01 B0 03 BA 03 C2 03 00 00,20,0x07,152.0,yes
hci_snoop_2025_11_26_15_00_04.cfa,2194,2025-11-26T15:02:18.427Z,07 6B 04 00 00 03,6,0x07,1,2196,2025-11-26T15:02:18.583Z,07 6B 04 00 00 03 5C 01 5E 01 60 01 C8 03 CC 03 D0 03 00 00,20,0x07,156.0,yes
hci_snoop_2025_11_26_15_00_04.cfa,2198,2025-11-26T15:02:18.693Z,07 6E 04 00 00 03,6,0x07,1,2200,2025-11-26T15:02:18.855Z,07 6E 04 00 00 03 62 01 64 01 65 01 D3 03 D6 03 D9 03 00 00,20,0x07,162.0,yes
hci_snoop_2025_11_26_15_00_04.cfa,2203,2025-11-26T15:02:18.977Z,07 71 04 00 00 03,6,0x07,1,2205,2025-11-26T15:02:19.123Z,07 71 04 00 00 03 66 01 68 01 69 01 DC 03 DE 03 E0 03 00 00,20,0x07,146.0,yes
hci_snoop_2025_11_26_15_00_04.cfa,2207,2025-11-26T15:02:19.245Z,07 74 04 00 00 03,6,0x07,1,2209,2025-11-26T15:02:19.395Z,07 74 04 00 00 03 6A 01 6B 01 6C 01 E2 03 E4 03 E6 03 00 00,20,0x07,150.0,yes
hci_snoop_2025_11_26_15_00_04.cfa,2211,2025-11-26T15:02:19.512Z,07 77 04 00 00 03,6,0x07,1,2213,2025-11-26T15:02:19.663Z,07 77 04 00 00 03 6D 01 6E 01 6C 01 E7 03 E6 03 DB 03 00 00,20,0x07,151.0,yes
hci_snoop_2025_11_26_15_00_04.cfa,2215,2025-11-26T15:02:19.775Z,07 7A 04 00 00 03,6,0x07,1,2217,2025-11-26T15:02:19.933Z,07 7A 04 00 00 03 69 01 67 01 65 01 DB 03 DD 03 DE 03 00 00,20,0x07,158.0,yes
hci_snoop_2025_11_26_15_00_04.cfa,2219,2025-11-26T15:02:20.061Z,07 7D 04 00 00 03,6,0x07,1,2221,2025-11-26T15:02:20.203Z,07 7D 04 00 00 03 64 01 63 01 62 01 E0 03 E2 03 E4 03 00 00,20,0x07,142.0,yes
hci_snoop_2025_11_26_15_00_04.cfa,2223,2025-11-26T15:02:20.327Z,07 80 04 00 00 03,6,0x07,1,2225,2025-11-26T15:02:20.473Z,07 80 04 00 00 03 61 01 60 01 5F 01 E5 03 E6 03 E8 03 00 00,20,0x07,146.0,yes
hci_snoop_2025_11_26_15_00_04.cfa,2227,2025-11-26T15:02:20.592Z,07 83 04 00 00 03,6,0x07,1,2229,2025-11-26T15:02:20.743Z,07 83 04 00 00 03 5E 01 5E 01 5D 01 E9 03 EA 03 EB 03 00 00,20,0x07,151.0,yes
hci_snoop_2025_11_26_15_00_04.cfa,2231,2025-11-26T15:02:20.862Z,07 86 04 00 00 03,6,0x07,1,2233,2025-11-26T15:02:21.015Z,07 86 04 00 00 03 5E 01 5E 01 5E 01 ED 03 F0 03 EF 03 00 00,20,0x07,153.0,yes
hci_snoop_2025_11_26_15_00_04.cfa,2235,2025-11-26T15:02:21.129Z,07 89 04 00 00 03,6,0x07,1,2237,2025-11-26T15:02:21.282Z,07 89 04 00 00 03 5C 01 5C 01 5D 01 E6 03 EA 03 F3 03 00 00,20,0x07,153.0,yes
hci_snoop_2025_11_26_15_00_04.cfa,2239,2025-11-26T15:02:21.410Z,07 8C 04 00 00 03,6,0x07,1,2241,2025-11-26T15:02:21.553Z,07 8C 04 00 00 03 5D 01 5D 01 5D 01 F9 03 FD 03 01 04 00 00,20,0x07,143.0,yes
hci_snoop_2025_11_26_15_00_04.cfa,2243,2025-11-26T15:02:21.678Z,07 8F 04 00 00 03,6,0x07,1,2245,2025-11-26T15:02:21.823Z,07 8F 04 00 00 03 5D 01 5C 01 5B 01 FF 03 FE 03 FE 03 00 00,20,0x07,145.0,yes
hci_snoop_2025_11_26_15_00_04.cfa,2247,2025-11-26T15:02:21.944Z,07 92 04 00 00 03,6,0x07,1,2249,2025-11-26T15:02:22.093Z,07 92 04 00 00 03 5A 01 59 01 59 01 FF 03 FF 03 00 04 00 00,20,0x07,149.0,yes
hci_snoop_2025_11_26_15_00_04.cfa,2251,2025-11-26T15:02:22.209Z,07 95 04 00 00 03,6,0x07,1,2253,2025-11-26T15:02:22.366Z,07 95 04 00 00 03 58 01 58 01 57 01 01 04 01 04 02 04 00 00,20,0x07,157.0,yes
hci_snoop_2025_11_26_15_00_04.cfa,2255,2025-11-26T15:02:22.481Z,07 98 04 00 00 03,6,0x07,1,2257,2025-11-26T15:02:22.633Z,07 98 04 00 00 03 56 01 56 01 56 01 02 04 03 04 03 04 00 00,20,0x07,152.0,yes
hci_snoop_2025_11_26_15_00_04.cfa,2259,2025-11-26T15:02:22.762Z,07 9B 04 00 00 03,6,0x07,1,2261,2025-11-26T15:02:22.904Z,07 9B 04 00 00 03 55 01 55 01 54 01 06 04 08 04 08 04 00 00,20,0x07,142.0,yes
hci_snoop_2025_11_26_15_00_04.cfa,2263,2025-11-26T15:02:23.030Z,07 9E 04 00 00 03,6,0x07,1,2265,2025-11-26T15:02:23.173Z,07 9E 04 00 00 03 54 01 54 01 53 01 0A 04 0B 04 0C 04 00 00,20,0x07,143.0,yes
hci_snoop_2025_11_26_15_00_04.cfa,2267,2025-11-26T15:02:23.292Z,07 A1 04 00 00 03,6,0x07,1,2269,2025-11-26T15:02:23.444Z,07 A1 04 00 00 03 53 01 52 01 52 01 0C 04 0D 04 0D 04 00 00,20,0x07,152.0,yes
hci_snoop_2025_11_26_15_00_04.cfa,2271,2025-11-26T15:02:23.562Z,07 A4 04 00 00 03,6,0x07,1,2273,2025-11-26T15:02:23.713Z,07 A4 04 00 00 03 52 01 51 01 51 01 0D 04 0D 04 0E 04 00 00,20,0x07,151.0,yes
hci_snoop_2025_11_26_15_00_04.cfa,2275,2025-11-26T15:02:23.828Z,07 A7 04 00 00 03,6,0x07,1,2277,2025-11-26T15:02:23.984Z,07 A7 04 00 00 03 50 01 50 01 50 01 0F 04 0F 04 10 04 00 00,20,0x07,156.0,yes
hci_snoop_2025_11_26_15_00_04.cfa,2279,2025-11-26T15:02:24.097Z,07 AA 04 00 00 03,6,0x07,1,2281,2025-11-26T15:02:24.253Z,07 AA 04 00 00 03 4F 01 4F 01 4F 01 11 04 12 04 13 04 00 00,20,0x07,156.0,yes
hci_snoop_2025_11_26_15_00_04.cfa,2283,2025-11-26T15:02:24.376Z,07 AD 04 00 00 03,6,0x07,1,2285,2025-11-26T15:02:24.523Z,07 AD 04 00 00 03 4F 01 4E 01 4E 01 14 04 15 04 17 04 00 00,20,0x07,147.0,yes
hci_snoop_2025_11_26_15_00_04.cfa,2287,2025-11-26T15:02:24.647Z,07 B0 04 00 00 03,6,0x07,1,2289,2025-11-26T15:02:24.794Z,07 B0 04 00 00 03 4E 01 4E 01 4D 01 19 04 1B 04 1D 04 00 00,20,0x07,147.0,yes
hci_snoop_2025_11_26_15_00_04.cfa,2291,2025-11-26T15:02:24.910Z,07 B3 04 00 00 03,6,0x07,1,2293,2025-11-26T15:02:25.063Z,07 B3 04 00 00 03 4D 01 4D 01 4D 01 1F 04 21 04 23 04 00 00,20,0x07,153.0,yes
hci_snoop_2025_11_26_15_00_04.cfa,2295,2025-11-26T15:02:25.177Z,07 B6 04 00 00 03,6,0x07,1,2297,2025-11-26T15:02:25.334Z,07 B6 04 00 00 03 4D 01 4D 01 4D 01 24 04 26 04 27 04 00 00,20,0x07,157.0,yes
hci_snoop_2025_11_26_15_00_04.cfa,2299,2025-11-26T15:02:25.462Z,07 B9 04 00 00 03,6,0x07,1,2301,2025-11-26T15:02:25.603Z,07 B9 04 00 00 03 4E 01 4E 01 4E 01 28 04 29 04 2A 04 00 00,20,0x07,141.0,yes
hci_snoop_2025_11_26_15_00_04.cfa,2304,2025-11-26T15:02:25.726Z,07 BC 04 00 00 03,6,0x07,1,2306,2025-11-26T15:02:25.872Z,07 BC 04 00 00 03 4E 01 4E 01 4F 01 2A 04 2B 04 2B 04 00 00,20,0x07,146.0,yes
hci_snoop_2025_11_26_15_00_04.cfa,2308,2025-11-26T15:02:25.993Z,07 BF 04 00 00 03,6,0x07,1,2310,2025-11-26T15:02:26.146Z,07 BF 04 00 00 03 4F 01 4F 01 50 01 2B 04 2B 04 2B 04 00 00,20,0x07,153.0,yes
hci_snoop_2025_11_26_15_00_04.cfa,2312,2025-11-26T15:02:26.263Z,07 C2 04 00 00 03,6,0x07,1,2314,2025-11-26T15:02:26.414Z,07 C2 04 00 00 03 50 01 50 01 50 01 2B 04 2B 04 2C 04 00 00,20,0x07,151.0,yes
hci_snoop_2025_11_26_15_00_04.cfa,2316,2025-11-26T15:02:26.527Z,07 C5 04 00 00 03,6,0x07,1,2318,2025-11-26T15:02:26.684Z,07 C5 04 00 00 03 50 01 50 01 50 01 2B 04 2B 04 2C 04 00 00,20,0x07,157.0,yes
hci_snoop_2025_11_26_15_00_04.cfa,2320,2025-11-26T15:02:26.810Z,07 C8 04 00 00 03,6,0x07,1,2322,2025-11-26T15:02:26.953Z,07 C8 04 00 00 03 50 01 50 01 4F 01 2D 04 2D 04 2D 04 00 00,20,0x07,143.0,yes
hci_snoop_2025_11_26_15_00_04.cfa,2324,2025-11-26T15:02:27.077Z,07 CB 04 00 00 03,6,0x07,1,2326,2025-11-26T15:02:27.223Z,07 CB 04 00 00 03 4F 01 4F 01 4F 01 2D 04 2E 04 2E 04 00 00,20,0x07,146.0,yes
hci_snoop_2025_11_26_15_00_04.cfa,2328,2025-11-26T15:02:27.344Z,07 CE 04 00 00 03,6,0x07,1,2330,2025-11-26T15:02:27.493Z,07 CE 04 00 00 03 4F 01 4F 01 4F 01 2F 04 2F 04 2F 04 00 00,20,0x07,149.0,yes
hci_snoop_2025_11_26_15_00_04.cfa,2332,2025-11-26T15:02:27.611Z,07 D1 04 00 00 03,6,0x07,1,2334,2025-11-26T15:02:27.764Z,07 D1 04 00 00 03 4F 01 4E 01 4E 01 30 04 31 04 31 04 00 00,20,0x07,153.0,yes
hci_snoop_2025_11_26_15_00_04.cfa,2336,2025-11-26T15:02:27.877Z,07 D4 04 00 00 03,6,0x07,1,2338,2025-11-26T15:02:28.034Z,07 D4 04 00 00 03 4E 01 4E 01 4E 01 31 04 32 04 32 04 00 00,20,0x07,157.0,yes
hci_snoop_2025_11_26_15_00_04.cfa,2340,2025-11-26T15:02:28.143Z,07 D7 04 00 00 03,6,0x07,1,2342,2025-11-26T15:02:28.304Z,07 D7 04 00 00 03 4E 01 4E 01 4E 01 32 04 32 04 33 04 00 00,20,0x07,161.0,yes
hci_snoop_2025_11_26_15_00_04.cfa,2344,2025-11-26T15:02:28.426Z,07 DA 04 00 00 03,6,0x07,1,2346,2025-11-26T15:02:28.573Z,07 DA 04 00 00 03 4E 01 4E 01 4E 01 33 04 34 04 34 04 00 00,20,0x07,147.0,yes
hci_snoop_2025_11_26_15_00_04.cfa,2348,2025-11-26T15:02:28.692Z,07 DD 04 00 00 03,6,0x07,1,2350,2025-11-26T15:02:28.843Z,07 DD 04 00 00 03 4E 01 4F 01 4F 01 34 04 34 04 33 04 00 00,20,0x07,151.0,yes
hci_snoop_2025_11_26_15_00_04.cfa,2352,2025-11-26T15:02:28.960Z,07 E0 04 00 00 03,6,0x07,1,2354,2025-11-26T15:02:29.113Z,07 E0 04 00 00 03 50 01 50 01 51 01 34 04 36 04 35 04 00 00,20,0x07,153.0,yes
hci_snoop_2025_11_26_15_00_04.cfa,2356,2025-11-26T15:02:29.225Z,07 E3 04 00 00 03,6,0x07,1,2358,2025-11-26T15:02:29.382Z,07 E3 04 00 00 03 52 01 53 01 53 01 36 04 35 04 35 04 00 00,20,0x07,157.0,yes
hci_snoop_2025_11_26_15_00_04.cfa,2360,2025-11-26T15:02:29.493Z,07 E6 04 00 00 03,6,0x07,1,2362,2025-11-26T15:02:29.654Z,07 E6 04 00 00 03 54 01 54 01 48 01 35 04 33 04 49 03 00 00,20,0x07,161.0,yes
hci_snoop_2025_11_26_15_00_04.cfa,2364,2025-11-26T15:02:29.775Z,07 E9 04 00 00 03,6,0x07,1,2366,2025-11-26T15:02:29.923Z,07 E9 04 00 00 03 38 01 3E 01 43 01 79 03 A7 03 B5 03 00 00,20,0x07,148.0,yes
hci_snoop_2025_11_26_15_00_04.cfa,2368,2025-11-26T15:02:30.043Z,07 EC 04 00 00 03,6,0x07,1,2370,2025-11-26T15:02:30.194Z,07 EC 04 00 00 03 47 01 4A 01 4C 01 C3 03 CE 03 D7 03 00 00,20,0x07,151.0,yes
hci_snoop_2025_11_26_15_00_04.cfa,2372,2025-11-26T15:02:30.312Z,07 EF 04 00 00 03,6,0x07,1,2374,2025-11-26T15:02:30.464Z,07 EF 04 00 00 03 4F 01 50 01 52 01 DE 03 E3 03 E7 03 00 00,20,0x07,152.0,yes
hci_snoop_2025_11_26_15_00_04.cfa,2376,2025-11-26T15:02:30.578Z,07 F2 04 00 00 03,6,0x07,1,2378,2025-11-26T15:02:30.733Z,07 F2 04 00 00 03 54 01 55 01 57 01 ED 03 F1 03 F4 03 00 00,20,0x07,155.0,yes
hci_snoop_2025_11_26_15_00_04.cfa,2380,2025-11-26T15:02:30.865Z,07 F5 04 00 00 03,6,0x07,1,2382,2025-11-26T15:02:31.003Z,07 F5 04 00 00 03 59 01 59 01 5A 01 F6 03 F6 03 F8 03 00 00,20,0x07,138.0,yes
hci_snoop_2025_11_26_15_00_04.cfa,2384,2025-11-26T15:02:31.129Z,07 F8 04 00 00 03,6,0x07,1,2386,2025-11-26T15:02:31.274Z,07 F8 04 00 00 03 5A 01 5B 01 5C 01 FD 03 02 04 04 04 00 00,20,0x07,145.0,yes
hci_snoop_2025_11_26_15_00_04.cfa,2388,2025-11-26T15:02:31.395Z,07 FB 04 00 00 03,6,0x07,1,2390,2025-11-26T15:02:31.545Z,07 FB 04 00 00 03 5D 01 5D 01 5E 01 07 04 0A 04 0B 04 00 00,20,0x07,150.0,yes
hci_snoop_2025_11_26_15_00_04.cfa,2392,2025-11-26T15:02:31.660Z,07 FE 04 00 00 03,6,0x07,1,2394,2025-11-26T15:02:31.903Z,07 FE 04 00 00 03 5E 01 5E 01 5D 01 0D 04 0D 04 0E 04 00 00,20,0x07,243.0,yes
hci_snoop_2025_11_26_15_00_04.cfa,2396,2025-11-26T15:02:32.028Z,07 01 05 00 00 03,6,0x07,1,2398,2025-11-26T15:02:32.173Z,07 01 05 00 00 03 5D 01 5C 01 5C 01 0F 04 11 04 13 04 00 00,20,0x07,145.0,yes
hci_snoop_2025_11_26_15_00_04.cfa,2400,2025-11-26T15:02:32.296Z,07 04 05 00 00 03,6,0x07,1,2402,2025-11-26T15:02:32.445Z,07 04 05 00 00 03 5C 01 5E 01 54 01 17 04 19 04 62 03 00 00,20,0x07,149.0,yes
hci_snoop_2025_11_26_15_00_04.cfa,2404,2025-11-26T15:02:32.563Z,07 07 05 00 00 03,6,0x07,1,2406,2025-11-26T15:02:32.713Z,07 07 05 00 00 03 42 01 48 01 4C 01 81 03 95 03 A4 03 00 00,20,0x07,150.0,yes
hci_snoop_2025_11_26_15_00_04.cfa,2408,2025-11-26T15:02:32.826Z,07 0A 05 00 00 03,6,0x07,1,2410,2025-11-26T15:02:32.983Z,07 0A 05 00 00 03 50 01 52 01 54 01 B1 03 BE 03 C9 03 00 00,20,0x07,157.0,yes
hci_snoop_2025_11_26_15_00_04.cfa,2412,2025-11-26T15:02:33.110Z,07 0D 05 00 00 03,6,0x07,1,2414,2025-11-26T15:02:33.253Z,07 0D 05 00 00 03 55 01 56 01 57 01 D2 03 DA 03 E1 03 00 00,20,0x07,143.0,yes
hci_snoop_2025_11_26_15_00_04.cfa,2416,2025-11-26T15:02:33.377Z,07 10 05 00 00 03,6,0x07,1,2418,2025-11-26T15:02:33.523Z,07 10 05 00 00 03 58 01 58 01 59 01 E6 03 EB 03 EF 03 00 00,20,0x07,146.0,yes
hci_snoop_2025_11_26_15_00_04.cfa,2420,2025-11-26T15:02:33.645Z,07 13 05 00 00 03,6,0x07,1,2422,2025-11-26T15:02:33.793Z,07 13 05 00 00 03 59 01 59 01 5A 01 F2 03 F6 03 F9 03 00 00,20,0x07,148.0,yes
hci_snoop_2025_11_26_15_00_04.cfa,2424,2025-11-26T15:02:33.909Z,07 16 05 00 00 03,6,0x07,1,2426,2025-11-26T15:02:34.067Z,07 16 05 00 00 03 5A 01 5A 01 59 01 FC 03 FB 03 FC 03 00 00,20,0x07,158.0,yes
hci_snoop_2025_11_26_15_00_04.cfa,2428,2025-11-26T15:02:34.175Z,07 19 05 00 00 03,6,0x07,1,2430,2025-11-26T15:02:34.333Z,07 19 05 00 00 03 59 01 58 01 57 01 FF 03 FC 03 F2 03 00 00,20,0x07,158.0,yes
hci_snoop_2025_11_26_15_00_04.cfa,2432,2025-11-26T15:02:34.461Z,07 1C 05 00 00 03,6,0x07,1,2434,2025-11-26T15:02:34.603Z,07 1C 05 00 00 03 56 01 56 01 55 01 F8 03 FB 03 FE 03 00 00,20,0x07,142.0,yes
hci_snoop_2025_11_26_15_00_04.cfa,2436,2025-11-26T15:02:34.729Z,07 1F 05 00 00 03,6,0x07,1,2438,2025-11-26T15:02:34.874Z,07 1F 05 00 00 03 55 01 54 01 54 01 00 04 03 04 06 04 00 00,20,0x07,145.0,yes
hci_snoop_2025_11_26_15_00_04.cfa,2440,2025-11-26T15:02:34.992Z,07 22 05 00 00 03,6,0x07,1,2442,2025-11-26T15:02:35.144Z,07 22 05 00 00 03 54 01 54 01 53 01 08 04 0A 04 0B 04 00 00,20,0x07,152.0,yes
hci_snoop_2025_11_26_15_00_04.cfa,2444,2025-11-26T15:02:35.262Z,07 25 05 00 00 03,6,0x07,1,2446,2025-11-26T15:02:35.413Z,07 25 05 00 00 03 53 01 53 01 53 01 0E 04 11 04 13 04 00 00,20,0x07,151.0,yes
hci_snoop_2025_11_26_15_00_04.cfa,2448,2025-11-26T15:02:35.525Z,07 28 05 00 00 03,6,0x07,1,2450,2025-11-26T15:02:35.683Z,07 28 05 00 00 03 54 01 55 01 56 01 15 04 16 04 16 04 00 00,20,0x07,158.0,yes
hci_snoop_2025_11_26_15_00_04.cfa,2452,2025-11-26T15:02:35.811Z,07 2B 05 00 00 03,6,0x07,1,2454,2025-11-26T15:02:35.953Z,07 2B 05 00 00 03 56 01 57 01 57 01 18 04 18 04 1A 04 00 00,20,0x07,142.0,yes
hci_snoop_2025_11_26_15_00_04.cfa,2456,2025-11-26T15:02:36.080Z,07 2E 05 00 00 03,6,0x07,1,2458,2025-11-26T15:02:36.224Z,07 2E 05 00 00 03 58 01 59 01 59 01 1B 04 1B 04 1C 04 00 00,20,0x07,144.0,yes
hci_snoop_2025_11_26_15_00_04.cfa,2460,2025-11-26T15:02:36.344Z,07 31 05 00 00 03,6,0x07,1,2462,2025-11-26T15:02:36.493Z,07 31 05 00 00 03 58 01 57 01 56 01 1B 04 1B 04 1B 04 00 00,20,0x07,149.0,yes
hci_snoop_2025_11_26_15_00_04.cfa,2464,2025-11-26T15:02:36.609Z,07 34 05 00 00 03,6,0x07,1,2466,2025-11-26T15:02:36.764Z,07 34 05 00 00 03 56 01 55 01 55 01 1C 04 1D 04 1F 04 00 00,20,0x07,155.0,yes
hci_snoop_2025_11_26_15_00_04.cfa,2468,2025-11-26T15:02:36.878Z,07 37 05 00 00 03,6,0x07,1,2470,2025-11-26T15:02:37.033Z,07 37 05 00 00 03 54 01 54 01 53 01 1F 04 21 04 21 04 00 00,20,0x07,155.0,yes
hci_snoop_2025_11_26_15_00_04.cfa,2472,2025-11-26T15:02:37.161Z,07 3A 05 00 00 03,6,0x07,1,2474,2025-11-26T15:02:37.303Z,07 3A 05 00 00 03 52 01 52 01 52 01 23 04 24 04 25 04 00 00,20,0x07,142.0,yes
hci_snoop_2025_11_26_15_00_04.cfa,2476,2025-11-26T15:02:37.428Z,07 3D 05 00 00 03,6,0x07,1,2478,2025-11-26T15:02:37.574Z,07 3D 05 00 00 03 51 01 51 01 50 01 26 04 27 04 28 04 00 00,20,0x07,146.0,yes
hci_snoop_2025_11_26_15_00_04.cfa,2480,2025-11-26T15:02:37.693Z,07 40 05 00 00 03,6,0x07,1,2482,2025-11-26T15:02:37.845Z,07 40 05 00 00 03 50 01 50 01 50 01 2A 04 2B 04 2D 04 00 00,20,0x07,152.0,yes
hci_snoop_2025_11_26_15_00_04.cfa,2484,2025-11-26T15:02:37.959Z,07 43 05 00 00 03,6,0x07,1,2486,2025-11-26T15:02:38.113Z,07 43 05 00 00 03 50 01 4F 01 4F 01 2E 04 31 04 32 04 00 00,20,0x07,154.0,yes
hci_snoop_2025_11_26_15_00_04.cfa,2488,2025-11-26T15:02:38.229Z,07 46 05 00 00 03,6,0x07,1,2490,2025-11-26T15:02:38.383Z,07 46 05 00 00 03 4F 01 4F 01 4E 01 34 04 36 04 38 04 00 00,20,0x07,154.0,yes
hci_snoop_2025_11_26_15_00_04.cfa,2492,2025-11-26T15:02:38.509Z,07 49 05 00 00 03,6,0x07,1,2494,2025-11-26T15:02:38.653Z,07 49 05 00 00 03 4E 01 4E 01 4E 01 3A 04 3C 04 3D 04 00 00,20,0x07,144.0,yes
hci_snoop_2025_11_26_15_00_04.cfa,2496,2025-11-26T15:02:38.777Z,07 4C 05 00 00 03,6,0x07,1,2498,2025-11-26T15:02:38.925Z,07 4C 05 00 00 03 4D 01 4E 01 4E 01 3E 04 40 04 40 04 00 00,20,0x07,148.0,yes
hci_snoop_2025_11_26_15_00_04.cfa,2500,2025-11-26T15:02:39.044Z,07 4F 05 00 00 03,6,0x07,1,2502,2025-11-26T15:02:39.193Z,07 4F 05 00 00 03 4E 01 4E 01 4D 01 43 04 43 04 44 04 00 00,20,0x07,149.0,yes
hci_snoop_2025_11_26_15_00_04.cfa,2504,2025-11-26T15:02:39.309Z,07 52 05 00 00 03,6,0x07,1,2506,2025-11-26T15:02:39.464Z,07 52 05 00 00 03 4E 01 4E 01 4E 01 45 04 46 04 47 04 00 00,20,0x07,155.0,yes
hci_snoop_2025_11_26_15_00_04.cfa,2508,2025-11-26T15:02:39.577Z,07 55 05 00 00 03,6,0x07,1,2510,2025-11-26T15:02:39.733Z,07 55 05 00 00 03 4E 01 4F 01 4F 01 47 04 48 04 48 04 00 00,20,0x07,156.0,yes
hci_snoop_2025_11_26_15_00_04.cfa,2512,2025-11-26T15:02:39.858Z,07 58 05 00 00 03,6,0x07,1,2514,2025-11-26T15:02:40.003Z,07 58 05 00 00 03 50 01 50 01 50 01 47 04 46 04 46 04 00 00,20,0x07,145.0,yes
hci_snoop_2025_11_26_15_00_04.cfa,2516,2025-11-26T15:02:40.125Z,07 5B 05 00 00 03,6,0x07,1,2518,2025-11-26T15:02:40.273Z,07 5B 05 00 00 03 50 01 50 01 50 01 46 04 46 04 46 04 00 00,20,0x07,148.0,yes
hci_snoop_2025_11_26_15_00_04.cfa,2520,2025-11-26T15:02:40.393Z,07 5E 05 00 00 03,6,0x07,1,2522,2025-11-26T15:02:40.543Z,07 5E 05 00 00 03 50 01 50 01 50 01 46 04 46 04 47 04 00 00,20,0x07,150.0,yes
hci_snoop_2025_11_26_15_00_04.cfa,2524,2025-11-26T15:02:40.659Z,07 61 05 00 00 03,6,0x07,1,2526,2025-11-26T15:02:40.814Z,07 61 05 00 00 03 50 01 50 01 50 01 46 04 48 04 48 04 00 00,20,0x07,155.0,yes
hci_snoop_2025_11_26_15_00_04.cfa,2528,2025-11-26T15:02:40.925Z,07 64 05 00 00 03,6,0x07,1,2530,2025-11-26T15:02:41.083Z,07 64 05 00 00 03 4F 01 4F 01 4F 01 48 04 48 04 49 04 00 00,20,0x07,158.0,yes
hci_snoop_2025_11_26_15_00_04.cfa,2532,2025-11-26T15:02:41.209Z,07 67 05 00 00 03,6,0x07,1,2534,2025-11-26T15:02:41.353Z,07 67 05 00 00 03 4F 01 4F 01 4F 01 49 04 4A 04 4C 04 00 00,20,0x07,144.0,yes
hci_snoop_2025_11_26_15_00_04.cfa,2536,2025-11-26T15:02:41.478Z,07 6A 05 00 00 03,6,0x07,1,2538,2025-11-26T15:02:41.623Z,07 6A 05 00 00 03 4F 01 4F 01 4F 01 4E 04 4E 04 4E 04 00 00,20,0x07,145.0,yes
hci_snoop_2025_11_26_15_00_04.cfa,2540,2025-11-26T15:02:41.744Z,07 6D 05 00 00 03,6,0x07,1,2542,2025-11-26T15:02:41.893Z,07 6D 05 00 00 03 4E 01 4E 01 4F 01 4E 04 4E 04 4D 04 00 00,20,0x07,149.0,yes
hci_snoop_2025_11_26_15_00_04.cfa,2544,2025-11-26T15:02:42.008Z,07 70 05 00 00 03,6,0x07,1,2547,2025-11-26T15:02:42.164Z,07 70 05 00 00 03 4F 01 4F 01 50 01 50 04 52 04 53 04 00 00,20,0x07,156.0,yes
hci_snoop_2025_11_26_15_00_04.cfa,2549,2025-11-26T15:02:42.276Z,07 73 05 00 00 03,6,0x07,1,2551,2025-11-26T15:02:42.432Z,07 73 05 00 00 03 50 01 51 01 52 01 50 04 52 04 53 04 00 00,20,0x07,156.0,yes
hci_snoop_2025_11_26_15_00_04.cfa,2553,2025-11-26T15:02:42.559Z,07 76 05 00 00 03,6,0x07,1,2555,2025-11-26T15:02:42.703Z,07 76 05 00 00 03 52 01 53 01 53 01 52 04 52 04 51 04 00 00,20,0x07,144.0,yes
hci_snoop_2025_11_26_15_00_04.cfa,2557,2025-11-26T15:02:42.826Z,07 79 05 00 00 03,6,0x07,1,2559,2025-11-26T15:02:42.975Z,07 79 05 00 00 03 4A 01 4B 01 4C 01 B4 03 F2 03 FB 03 00 00,20,0x07,149.0,yes
hci_snoop_2025_11_26_15_00_04.cfa,2561,2025-11-26T15:02:43.091Z,07 7C 05 00 00 03,6,0x07,1,2563,2025-11-26T15:02:43.243Z,07 7C 05 00 00 03 4E 01 4F 01 50 01 06 04 0E 04 12 04 00 00,20,0x07,152.0,yes
hci_snoop_2025_11_26_15_00_04.cfa,2565,2025-11-26T15:02:43.361Z,07 7F 05 00 00 03,6,0x07,1,2567,2025-11-26T15:02:43.515Z,07 7F 05 00 00 03 51 01 52 01 52 01 16 04 1A 04 1D 04 00 00,20,0x07,154.0,yes
hci_snoop_2025_11_26_15_00_04.cfa,2569,2025-11-26T15:02:43.625Z,07 82 05 00 00 03,6,0x07,1,2571,2025-11-26T15:02:43.783Z,07 82 05 00 00 03 53 01 54 01 55 01 23 04 26 04 28 04 00 00,20,0x07,158.0,yes
hci_snoop_2025_11_26_15_00_04.cfa,2573,2025-11-26T15:02:43.911Z,07 85 05 00 00 03,6,0x07,1,2575,2025-11-26T15:02:44.053Z,07 85 05 00 00 03 56 01 56 01 57 01 2A 04 2B 04 2B 04 00 00,20,0x07,142.0,yes
hci_snoop_2025_11_26_15_00_04.cfa,2577,2025-11-26T15:02:44.173Z,07 88 05 00 00 03,6,0x07,1,2579,2025-11-26T15:02:44.324Z,07 88 05 00 00 03 57 01 58 01 59 01 2B 04 2C 04 2D 04 00 00,20,0x07,151.0,yes
hci_snoop_2025_11_26_15_00_04.cfa,2581,2025-11-26T15:02:44.443Z,07 8B 05 00 00 03,6,0x07,1,2583,2025-11-26T15:02:44.595Z,07 8B 05 00 00 03 59 01 59 01 59 01 2A 04 28 04 29 04 00 00,20,0x07,152.0,yes
hci_snoop_2025_11_26_15_00_04.cfa,2585,2025-11-26T15:02:44.709Z,07 8E 05 00 00 03,6,0x07,1,2587,2025-11-26T15:02:44.863Z,07 8E 05 00 00 03 59 01 59 01 58 01 28 04 26 04 27 04 00 00,20,0x07,154.0,yes
hci_snoop_2025_11_26_15_00_04.cfa,2589,2025-11-26T15:02:44.976Z,07 91 05 00 00 03,6,0x07,1,2591,2025-11-26T15:02:45.133Z,07 91 05 00 00 03 57 01 57 01 56 01 28 04 29 04 29 04 00 00,20,0x07,157.0,yes
hci_snoop_2025_11_26_15_00_04.cfa,2593,2025-11-26T15:02:45.343Z,07 94 05 00 00 03,6,0x07,1,2595,2025-11-26T15:02:45.494Z,07 94 05 00 00 03 56 01 57 01 58 01 2D 04 30 04 33 04 00 00,20,0x07,151.0,yes
hci_snoop_2025_11_26_15_00_04.cfa,2597,2025-11-26T15:02:45.610Z,07 97 05 00 00 03,6,0x07,1,2599,2025-11-26T15:02:45.764Z,07 97 05 00 00 03 57 01 58 01 58 01 31 04 30 04 33 04 00 00,20,0x07,154.0,yes
hci_snoop_2025_11_26_15_00_04.cfa,2601,2025-11-26T15:02:45.875Z,07 9A 05 00 00 03,6,0x07,1,2603,2025-11-26T15:02:46.033Z,07 9A 05 00 00 03 59 01 59 01 5A 01 34 04 34 04 36 04 00 00,20,0x07,158.0,yes
hci_snoop_2025_11_26_15_00_04.cfa,2605,2025-11-26T15:02:46.157Z,07 9D 05 00 00 03,6,0x07,1,2607,2025-11-26T15:02:46.303Z,07 9D 05 00 00 03 5A 01 5B 01 5B 01 36 04 35 04 35 04 00 00,20,0x07,146.0,yes
hci_snoop_2025_11_26_15_00_04.cfa,2609,2025-11-26T15:02:46.424Z,07 A0 05 00 00 03,6,0x07,1,2611,2025-11-26T15:02:46.574Z,07 A0 05 00 00 03 4D 01 4F 01 50 01 6D 03 AD 03 BD 03 00 00,20,0x07,150.0,yes
hci_snoop_2025_11_26_15_00_04.cfa,2613,2025-11-26T15:02:46.691Z,07 A3 05 00 00 03,6,0x07,1,2615,2025-11-26T15:02:46.844Z,07 A3 05 00 00 03 52 01 52 01 52 01 CA 03 D0 03 D7 03 00 00,20,0x07,153.0,yes
hci_snoop_2025_11_26_15_00_04.cfa,2617,2025-11-26T15:02:46.958Z,07 A6 05 00 00 03,6,0x07,1,2619,2025-11-26T15:02:47.114Z,07 A6 05 00 00 03 52 01 52 01 52 01 DC 03 E1 03 E6 03 00 00,20,0x07,156.0,yes
hci_snoop_2025_11_26_15_00_04.cfa,2621,2025-11-26T15:02:47.224Z,07 A9 05 00 00 03,6,0x07,1,2623,2025-11-26T15:02:47.383Z,07 A9 05 00 00 03 52 01 51 01 51 01 E9 03 ED 03 F1 03 00 00,20,0x07,159.0,yes
hci_snoop_2025_11_26_15_00_04.cfa,2625,2025-11-26T15:02:47.507Z,07 AC 05 00 00 03,6,0x07,1,2627,2025-11-26T15:02:47.653Z,07 AC 05 00 00 03 51 01 51 01 50 01 F4 03 F9 03 FE 03 00 00,20,0x07,146.0,yes
hci_snoop_2025_11_26_15_00_04.cfa,2629,2025-11-26T15:02:47.775Z,07 AF 05 00 00 03,6,0x07,1,2631,2025-11-26T15:02:47.924Z,07 AF 05 00 00 03 50 01 50 01 50 01 02 04 05 04 08 04 00 00,20,0x07,149.0,yes
hci_snoop_2025_11_26_15_00_04.cfa,2633,2025-11-26T15:02:48.042Z,07 B2 05 00 00 03,6,0x07,1,2635,2025-11-26T15:02:48.193Z,07 B2 05 00 00 03 50 01 50 01 50 01 0B 04 0D 04 10 04 00 00,20,0x07,151.0,yes
hci_snoop_2025_11_26_15_00_04.cfa,2637,2025-11-26T15:02:48.310Z,07 B5 05 00 00 03,6,0x07,1,2639,2025-11-26T15:02:48.464Z,07 B5 05 00 00 03 4F 01 4F 01 4F 01 12 04 14 04 15 04 00 00,20,0x07,154.0,yes
hci_snoop_2025_11_26_15_00_04.cfa,2641,2025-11-26T15:02:48.591Z,07 B8 05 00 00 03,6,0x07,1,2643,2025-11-26T15:02:48.733Z,07 B8 05 00 00 03 4F 01 4F 01 4F 01 17 04 19 04 1B 04 00 00,20,0x07,142.0,yes
hci_snoop_2025_11_26_15_00_04.cfa,2645,2025-11-26T15:02:48.859Z,07 BB 05 00 00 03,6,0x07,1,2647,2025-11-26T15:02:49.003Z,07 BB 05 00 00 03 4F 01 4F 01 4F 01 1D 04 1E 04 1F 04 00 00,20,0x07,144.0,yes
hci_snoop_2025_11_26_15_00_04.cfa,2649,2025-11-26T15:02:49.126Z,07 BE 05 00 00 03,6,0x07,1,2651,2025-11-26T15:02:49.276Z,07 BE 05 00 00 03 4F 01 4F 01 4F 01 1F 04 1F 04 20 04 00 00,20,0x07,150.0,yes
hci_snoop_2025_11_26_15_00_04.cfa,2653,2025-11-26T15:02:49.390Z,07 C1 05 00 00 03,6,0x07,1,2655,2025-11-26T15:02:49.543Z,07 C1 05 00 00 03 4E 01 4E 01 4E 01 21 04 21 04 22 04 00 00,20,0x07,153.0,yes
hci_snoop_2025_11_26_15_00_04.cfa,2657,2025-11-26T15:02:49.660Z,07 C4 05 00 00 03,6,0x07,1,2659,2025-11-26T15:02:49.814Z,07 C4 05 00 00 03 4E 01 4E 01 4E 01 23 04 21 04 20 04 00 00,20,0x07,154.0,yes
hci_snoop_2025_11_26_15_00_04.cfa,2661,2025-11-26T15:02:49.923Z,07 C7 05 00 00 03,6,0x07,1,2663,2025-11-26T15:02:50.084Z,07 C7 05 00 00 03 4E 01 4E 01 4E 01 20 04 18 04 1B 04 00 00,20,0x07,161.0,yes
hci_snoop_2025_11_26_15_00_04.cfa,2665,2025-11-26T15:02:50.207Z,07 CA 05 00 00 03,6,0x07,1,2667,2025-11-26T15:02:50.353Z,07 CA 05 00 00 03 4E 01 4E 01 4F 01 21 04 28 04 2B 04 00 00,20,0x07,146.0,yes
hci_snoop_2025_11_26_15_00_04.cfa,2669,2025-11-26T15:02:50.473Z,07 CD 05 00 00 03,6,0x07,1,2671,2025-11-26T15:02:50.623Z,07 CD 05 00 00 03 4F 01 4F 01 4F 01 2E 04 31 04 32 04 00 00,20,0x07,150.0,yes
hci_snoop_2025_11_26_15_00_04.cfa,2673,2025-11-26T15:02:50.740Z,07 D0 05 00 00 03,6,0x07,1,2675,2025-11-26T15:02:50.893Z,07 D0 05 00 00 03 4F 01 4F 01 4F 01 35 04 36 04 39 04 00 00,20,0x07,153.0,yes
hci_snoop_2025_11_26_15_00_04.cfa,2677,2025-11-26T15:02:51.009Z,07 D3 05 00 00 03,6,0x07,1,2679,2025-11-26T15:02:51.164Z,07 D3 05 00 00 03 4F 01 4F 01 4F 01 3A 04 3C 04 3D 04 00 00,20,0x07,155.0,yes
hci_snoop_2025_11_26_15_00_04.cfa,2681,2025-11-26T15:02:51.292Z,07 D6 05 00 00 03,6,0x07,1,2684,2025-11-26T15:02:51.433Z,07 D6 05 00 00 03 4F 01 4F 01 4F 01 3E 04 3F 04 40 04 00 00,20,0x07,141.0,yes
hci_snoop_2025_11_26_15_00_04.cfa,2686,2025-11-26T15:02:51.557Z,07 D9 05 00 00 03,6,0x07,1,2688,2025-11-26T15:02:51.703Z,07 D9 05 00 00 03 4F 01 4F 01 4F 01 41 04 42 04 43 04 00 00,20,0x07,146.0,yes
hci_snoop_2025_11_26_15_00_04.cfa,2690,2025-11-26T15:02:51.826Z,07 DC 05 00 00 03,6,0x07,1,2692,2025-11-26T15:02:51.973Z,07 DC 05 00 00 03 4E 01 4E 01 4E 01 43 04 45 04 45 04 00 00,20,0x07,147.0,yes
hci_snoop_2025_11_26_15_00_04.cfa,2694,2025-11-26T15:02:52.090Z,07 DF 05 00 00 03,6,0x07,1,2696,2025-11-26T15:02:52.244Z,07 DF 05 00 00 03 4E 01 4E 01 4E 01 46 04 46 04 46 04 00 00,20,0x07,154.0,yes
hci_snoop_2025_11_26_15_00_04.cfa,2698,2025-11-26T15:02:52.358Z,07 E2 05 00 00 03,6,0x07,1,2700,2025-11-26T15:02:52.783Z,07 E2 05 00 00 03 4E 01 4E 01 4E 01 46 04 47 04 47 04 00 00,20,0x07,425.0,yes
hci_snoop_2025_11_26_15_00_04.cfa,2702,2025-11-26T15:02:52.806Z,07 E5 05 00 00 03,6,0x07,1,2704,2025-11-26T15:02:52.964Z,07 E5 05 00 00 03 4E 01 4E 01 4F 01 47 04 47 04 48 04 00 00,20,0x07,158.0,yes
hci_snoop_2025_11_26_15_00_04.cfa,2706,2025-11-26T15:02:53.091Z,07 E8 05 00 00 03,6,0x07,1,2708,2025-11-26T15:02:53.233Z,07 E8 05 00 00 03 4F 01 4F 01 4F 01 48 04 48 04 48 04 00 00,20,0x07,142.0,yes
hci_snoop_2025_11_26_15_00_04.cfa,2710,2025-11-26T15:02:53.356Z,07 EB 05 00 00 03,6,0x07,1,2712,2025-11-26T15:02:53.503Z,07 EB 05 00 00 03 4F 01 4F 01 4F 01 47 04 47 04 47 04 00 00,20,0x07,147.0,yes
hci_snoop_2025_11_26_15_00_04.cfa,2714,2025-11-26T15:02:53.624Z,07 EE 05 00 00 03,6,0x07,1,2716,2025-11-26T15:02:53.773Z,07 EE 05 00 00 03 4F 01 4F 01 4F 01 47 04 47 04 47 04 00 00,20,0x07,149.0,yes
hci_snoop_2025_11_26_15_00_04.cfa,2718,2025-11-26T15:02:53.891Z,07 F1 05 00 00 03,6,0x07,1,2720,2025-11-26T15:02:54.044Z,07 F1 05 00 00 03 4F 01 4F 01 4E 01 48 04 48 04 48 04 00 00,20,0x07,153.0,yes
hci_snoop_2025_11_26_15_00_04.cfa,2722,2025-11-26T15:02:54.157Z,07 F4 05 00 00 03,6,0x07,1,2724,2025-11-26T15:02:54.314Z,07 F4 05 00 00 03 4E 01 4F 01 4E 01 48 04 48 04 47 04 00 00,20,0x07,157.0,yes
hci_snoop_2025_11_26_15_00_04.cfa,2726,2025-11-26T15:02:54.438Z,07 F7 05 00 00 03,6,0x07,1,2728,2025-11-26T15:02:54.583Z,07 F7 05 00 00 03 4F 01 4F 01 4F 01 47 04 46 04 46 04 00 00,20,0x07,145.0,yes
hci_snoop_2025_11_26_15_00_04.cfa,2730,2025-11-26T15:02:54.708Z,07 FA 05 00 00 03,6,0x07,1,2732,2025-11-26T15:02:54.853Z,07 FA 05 00 00 03 4F 01 4F 01 4F 01 46 04 46 04 46 04 00 00,20,0x07,145.0,yes
hci_snoop_2025_11_26_15_00_04.cfa,2734,2025-11-26T15:02:54.972Z,07 FD 05 00 00 03,6,0x07,1,2736,2025-11-26T15:02:55.124Z,07 FD 05 00 00 03 4F 01 50 01 50 01 49 04 4A 04 49 04 00 00,20,0x07,152.0,yes
hci_snoop_2025_11_26_15_00_04.cfa,2738,2025-11-26T15:02:55.243Z,07 00 06 00 00 03,6,0x07,1,2740,2025-11-26T15:02:55.394Z,07 00 06 00 00 03 3F 01 40 01 42 01 49 03 9B 03 B6 03 00 00,20,0x07,151.0,yes
hci_snoop_2025_11_26_15_00_04.cfa,2742,2025-11-26T15:02:55.508Z,07 03 06 00 00 03,6,0x07,1,2744,2025-11-26T15:02:55.753Z,07 03 06 00 00 03 44 01 46 01 48 01 C4 03 CF 03 DA 03 00 00,20,0x07,245.0,yes
hci_snoop_2025_11_26_15_00_04.cfa,2746,2025-11-26T15:02:55.791Z,07 06 06 00 00 03,6,0x07,1,2748,2025-11-26T15:02:55.933Z,07 06 06 00 00 03 4A 01 4B 01 4C 01 E0 03 E6 03 ED 03 00 00,20,0x07,142.0,yes
hci_snoop_2025_11_26_15_00_04.cfa,2750,2025-11-26T15:02:56.058Z,07 09 06 00 00 03,6,0x07,1,2752,2025-11-26T15:02:56.204Z,07 09 06 00 00 03 4E 01 4F 01 50 01 F1 03 F5 03 F8 03 00 00,20,0x07,146.0,yes
hci_snoop_2025_11_26_15_00_04.cfa,2754,2025-11-26T15:02:56.324Z,07 0C 06 00 00 03,6,0x07,1,2756,2025-11-26T15:02:56.473Z,07 0C 06 00 00 03 51 01 52 01 53 01 FB 03 FD 03 00 04 00 00,20,0x07,149.0,yes
hci_snoop_2025_11_26_15_00_04.cfa,2758,2025-11-26T15:02:56.590Z,07 0F 06 00 00 03,6,0x07,1,2760,2025-11-26T15:02:56.743Z,07 0F 06 00 00 03 53 01 54 01 54 01 02 04 04 04 06 04 00 00,20,0x07,153.0,yes
hci_snoop_2025_11_26_15_00_04.cfa,2762,2025-11-26T15:02:56.855Z,07 12 06 00 00 03,6,0x07,1,2764,2025-11-26T15:02:57.013Z,07 12 06 00 00 03 55 01 55 01 56 01 08 04 0A 04 0A 04 00 00,20,0x07,158.0,yes
hci_snoop_2025_11_26_15_00_04.cfa,2766,2025-11-26T15:02:57.141Z,07 15 06 00 00 03,6,0x07,1,2768,2025-11-26T15:02:57.283Z,07 15 06 00 00 03 56 01 56 01 56 01 0B 04 0C 04 0C 04 00 00,20,0x07,142.0,yes
hci_snoop_2025_11_26_15_00_04.cfa,2770,2025-11-26T15:02:57.409Z,07 18 06 00 00 03,6,0x07,1,2772,2025-11-26T15:02:57.553Z,07 18 06 00 00 03 57 01 58 01 59 01 0A 04 08 04 05 04 00 00,20,0x07,144.0,yes
hci_snoop_2025_11_26_15_00_04.cfa,2774,2025-11-26T15:02:57.674Z,07 1B 06 00 00 03,6,0x07,1,2776,2025-11-26T15:02:57.826Z,07 1B 06 00 00 03 5A 01 5A 01 5B 01 03 04 02 04 01 04 00 00,20,0x07,152.0,yes
hci_snoop_2025_11_26_15_00_04.cfa,2778,2025-11-26T15:02:57.941Z,07 1E 06 00 00 03,6,0x07,1,2780,2025-11-26T15:02:58.183Z,07 1E 06 00 00 03 5B 01 5C 01 5B 01 FF 03 FF 03 FF 03 00 00,20,0x07,242.0,yes
hci_snoop_2025_11_26_15_00_04.cfa,2782,2025-11-26T15:02:58.306Z,07 21 06 00 00 03,6,0x07,1,2784,2025-11-26T15:02:58.453Z,07 21 06 00 00 03 5B 01 5A 01 5B 01 FF 03 01 04 05 04 00 00,20,0x07,147.0,yes
hci_snoop_2025_11_26_15_00_04.cfa,2787,2025-11-26T15:02:58.572Z,07 24 06 00 00 03,6,0x07,1,2789,2025-11-26T15:02:58.724Z,07 24 06 00 00 03 5C 01 5C 01 5C 01 04 04 06 04 06 04 00 00,20,0x07,152.0,yes
hci_snoop_2025_11_26_15_00_04.cfa,2791,2025-11-26T15:02:58.840Z,07 27 06 00 00 03,6,0x07,1,2793,2025-11-26T15:02:58.993Z,07 27 06 00 00 03 5B 01 5A 01 5A 01 08 04 0F 04 13 04 00 00,20,0x07,153.0,yes
hci_snoop_2025_11_26_15_00_04.cfa,2795,2025-11-26T15:02:59.106Z,07 2A 06 00 00 03,6,0x07,1,2797,2025-11-26T15:02:59.263Z,07 2A 06 00 00 03 5A 01 5A 01 5A 01 11 04 10 04 0E 04 00 00,20,0x07,157.0,yes
hci_snoop_2025_11_26_15_00_04.cfa,2799,2025-11-26T15:02:59.392Z,07 2D 06 00 00 03,6,0x07,1,2801,2025-11-26T15:02:59.533Z,07 2D 06 00 00 03 5A 01 5B 01 6E 01 0E 04 0F 04 F2 03 00 00,20,0x07,141.0,yes
hci_snoop_2025_11_26_15_14_35.cfa,582,2025-11-26T15:14:55.455Z,1A,1,0x1A,1,584,2025-11-26T15:14:55.483Z,1A 01 00 01 00 00 00 00 00 00 00 00 00 00 00 00 00 00 00 00,20,0x1A,28.0,yes
hci_snoop_2025_11_26_15_14_35.cfa,753,2025-11-26T15:15:03.887Z,01,1,0x01,1,755,2025-11-26T15:15:03.898Z,01 31 06 00 00 00 00 00 00 00 00 00 00 00 00 00 00 00 00 00,20,0x01,11.0,yes
hci_snoop_2025_11_26_15_14_35.cfa,757,2025-11-26T15:15:03.934Z,07 00 00 00 00 03,6,0x07,1,760,2025-11-26T15:15:03.990Z,07 00 00 00 00 03 81 01 7B 01 79 01 B4 03 BC 03 CB 03 00 00,20,0x07,56.0,yes
hci_snoop_2025_11_26_15_14_35.cfa,762,2025-11-26T15:15:04.119Z,07 03 00 00 00 03,6,0x07,1,764,2025-11-26T15:15:04.169Z,07 03 00 00 00 03 74 01 67 01 5A 01 C0 03 CE 03 EF 03 00 00,20,0x07,50.0,yes
hci_snoop_2025_11_26_15_14_35.cfa,766,2025-11-26T15:15:04.284Z,07 06 00 00 00 03,6,0x07,1,768,2025-11-26T15:15:04.350Z,07 06 00 00 00 03 53 01 77 01 5C 01 04 04 BD 03 F4 03 00 00,20,0x07,66.0,yes
hci_snoop_2025_11_26_15_14_35.cfa,770,2025-11-26T15:15:04.468Z,07 09 00 00 00 03,6,0x07,1,772,2025-11-26T15:15:04.528Z,07 09 00 00 00 03 62 01 65 01 69 01 F0 03 E9 03 E4 03 00 00,20,0x07,60.0,yes
hci_snoop_2025_11_26_15_14_35.cfa,774,2025-11-26T15:15:04.653Z,07 0C 00 00 00 03,6,0x07,1,776,2025-11-26T15:15:04.708Z,07 0C 00 00 00 03 6B 01 6E 01 6F 01 DE 03 D9 03 DC 03 00 00,20,0x07,55.0,yes
hci_snoop_2025_11_26_15_14_35.cfa,778,2025-11-26T15:15:04.836Z,07 0F 00 00 00 03,6,0x07,1,780,2025-11-26T15:15:04.889Z,07 0F 00 00 00 03 71 01 72 01 6C 01 D3 03 CF 03 D5 03 00 00,20,0x07,53.0,yes
hci_snoop_2025_11_26_15_14_35.cfa,782,2025-11-26T15:15:05.000Z,07 12 00 00 00 03,6,0x07,1,784,2025-11-26T15:15:05.069Z,07 12 00 00 00 03 67 01 63 01 60 01 E1 03 E9 03 F1 03 00 00,20,0x07,69.0,yes
hci_snoop_2025_11_26_15_14_35.cfa,787,2025-11-26T15:15:05.201Z,07 15 00 00 00 03,6,0x07,1,789,2025-11-26T15:15:05.293Z,07 15 00 00 00 03 5D 01 5A 01 58 01 F9 03 00 04 06 04 00 00,20,0x07,92.0,yes
hci_snoop_2025_11_26_15_14_35.cfa,791,2025-11-26T15:15:05.418Z,07 18 00 00 00 03,6,0x07,1,793,2025-11-26T15:15:05.474Z,07 18 00 00 00 03 56 01 54 01 53 01 0B 04 0E 04 11 04 00 00,20,0x07,56.0,yes
hci_snoop_2025_11_26_15_14_35.cfa,795,2025-11-26T15:15:05.602Z,07 1B 00 00 00 03,6,0x07,1,797,2025-11-26T15:15:05.654Z,07 1B 00 00 00 03 52 01 51 01 50 01 13 04 15 04 18 04 00 00,20,0x07,52.0,yes
hci_snoop_2025_11_26_15_14_35.cfa,799,2025-11-26T15:15:05.770Z,07 1E 00 00 00 03,6,0x07,1,801,2025-11-26T15:15:05.837Z,07 1E 00 00 00 03 4F 01 4F 01 4E 01 19 04 1B 04 1D 04 00 00,20,0x07,67.0,yes
hci_snoop_2025_11_26_15_14_35.cfa,803,2025-11-26T15:15:05.950Z,07 21 00 00 00 03,6,0x07,1,805,2025-11-26T15:15:06.013Z,07 21 00 00 00 03 4D 01 4C 01 4C 01 1F 04 20 04 21 04 00 00,20,0x07,63.0,yes
hci_snoop_2025_11_26_15_14_35.cfa,807,2025-11-26T15:15:06.135Z,07 24 00 00 00 03,6,0x07,1,809,2025-11-26T15:15:06.194Z,07 24 00 00 00 03 4B 01 4B 01 4B 01 22 04 24 04 25 04 00 00,20,0x07,59.0,yes
hci_snoop_2025_11_26_15_14_35.cfa,811,2025-11-26T15:15:06.320Z,07 27 00 00 00 03,6,0x07,1,813,2025-11-26T15:15:06.373Z,07 27 00 00 00 03 4A 01 49 01 49 01 26 04 27 04 28 04 00 00,20,0x07,53.0,yes
hci_snoop_2025_11_26_15_14_35.cfa,815,2025-11-26T15:15:06.503Z,07 2A 00 00 00 03,6,0x07,1,817,2025-11-26T15:15:06.553Z,07 2A 00 00 00 03 49 01 48 01 48 01 28 04 28 04 29 04 00 00,20,0x07,50.0,yes
hci_snoop_2025_11_26_15_14_35.cfa,819,2025-11-26T15:15:06.668Z,07 2D 00 00 00 03,6,0x07,1,821,2025-11-26T15:15:06.735Z,07 2D 00 00 00 03 47 01 47 01 47 01 29 04 29 04 2A 04 00 00,20,0x07,67.0,yes
hci_snoop_2025_11_26_15_14_35.cfa,823,2025-11-26T15:15:06.852Z,07 30 00 00 00 03,6,0x07,1,825,2025-11-26T15:15:06.913Z,07 30 00 00 00 03 46 01 46 01 46 01 2B 04 2B 04 2C 04 00 00,20,0x07,61.0,yes
hci_snoop_2025_11_26_15_14_35.cfa,827,2025-11-26T15:15:07.034Z,07 33 00 00 00 03,6,0x07,1,829,2025-11-26T15:15:07.093Z,07 33 00 00 00 03 46 01 46 01 45 01 2D 04 2D 04 2E 04 00 00,20,0x07,59.0,yes
hci_snoop_2025_11_26_15_14_35.cfa,831,2025-11-26T15:15:07.218Z,07 36 00 00 00 03,6,0x07,1,833,2025-11-26T15:15:07.273Z,07 36 00 00 00 03 45 01 45 01 45 01 30 04 31 04 32 04 00 00,20,0x07,55.0,yes
hci_snoop_2025_11_26_15_14_35.cfa,835,2025-11-26T15:15:07.404Z,07 39 00 00 00 03,6,0x07,1,837,2025-11-26T15:15:07.455Z,07 39 00 00 00 03 44 01 44 01 45 01 33 04 35 04 3D 04 00 00,20,0x07,51.0,yes
hci_snoop_2025_11_26_15_14_35.cfa,839,2025-11-26T15:15:07.571Z,07 3C 00 00 00 03,6,0x07,1,841,2025-11-26T15:15:07.637Z,07 3C 00 00 00 03 44 01 44 01 43 01 3F 04 40 04 41 04 00 00,20,0x07,66.0,yes
hci_snoop_2025_11_26_15_14_35.cfa,843,2025-11-26T15:15:07.753Z,07 3F 00 00 00 03,6,0x07,1,845,2025-11-26T15:15:07.814Z,07 3F 00 00 00 03 43 01 43 01 43 01 42 04 44 04 45 04 00 00,20,0x07,61.0,yes
hci_snoop_2025_11_26_15_14_35.cfa,847,2025-11-26T15:15:07.935Z,07 42 00 00 00 03,6,0x07,1,849,2025-11-26T15:15:07.993Z,07 42 00 00 00 03 43 01 43 01 43 01 47 04 48 04 4A 04 00 00,20,0x07,58.0,yes
hci_snoop_2025_11_26_15_14_35.cfa,851,2025-11-26T15:15:08.120Z,07 45 00 00 00 03,6,0x07,1,853,2025-11-26T15:15:08.173Z,07 45 00 00 00 03 42 01 42 01 42 01 4B 04 4C 04 4C 04 00 00,20,0x07,53.0,yes
hci_snoop_2025_11_26_15_14_35.cfa,855,2025-11-26T15:15:08.302Z,07 48 00 00 00 03,6,0x07,1,857,2025-11-26T15:15:08.354Z,07 48 00 00 00 03 42 01 42 01 42 01 4E 04 4F 04 50 04 00 00,20,0x07,52.0,yes
hci_snoop_2025_11_26_15_14_35.cfa,859,2025-11-26T15:15:08.468Z,07 4B 00 00 00 03,6,0x07,1,861,2025-11-26T15:15:08.535Z,07 4B 00 00 00 03 42 01 42 01 42 01 52 04 53 04 54 04 00 00,20,0x07,67.0,yes
hci_snoop_2025_11_26_15_14_35.cfa,863,2025-11-26T15:15:08.649Z,07 4E 00 00 00 03,6,0x07,1,865,2025-11-26T15:15:08.804Z,07 4E 00 00 00 03 42 01 42 01 41 01 54 04 55 04 56 04 00 00,20,0x07,155.0,yes
hci_snoop_2025_11_26_15_14_35.cfa,867,2025-11-26T15:15:08.883Z,07 51 00 00 00 03,6,0x07,1,869,2025-11-26T15:15:08.938Z,07 51 00 00 00 03 42 01 41 01 41 01 57 04 58 04 58 04 00 00,20,0x07,55.0,yes
hci_snoop_2025_11_26_15_14_35.cfa,875,2025-11-26T15:15:09.052Z,07 54 00 00 00 03,6,0x07,1,877,2025-11-26T15:15:09.118Z,07 54 00 00 00 03 41 01 41 01 41 01 5A 04 5A 04 5B 04 00 00,20,0x07,66.0,yes
hci_snoop_2025_11_26_15_14_35.cfa,879,2025-11-26T15:15:09.234Z,07 57 00 00 00 03,6,0x07,1,881,2025-11-26T15:15:09.298Z,07 57 00 00 00 03 41 01 41 01 41 01 5C 04 5D 04 5E 04 00 00,20,0x07,64.0,yes
hci_snoop_2025_11_26_15_14_35.cfa,883,2025-11-26T15:15:09.416Z,07 5A 00 00 00 03,6,0x07,1,885,2025-11-26T15:15:09.524Z,07 5A 00 00 00 03 41 01 41 01 41 01 5F 04 5F 04 5F 04 00 00,20,0x07,108.0,yes
hci_snoop_2025_11_26_15_14_35.cfa,888,2025-11-26T15:15:09.653Z,07 5D 00 00 00 03,6,0x07,1,890,2025-11-26T15:15:09.793Z,07 5D 00 00 00 03 41 01 41 01 41 01 60 04 61 04 61 04 00 00,20,0x07,140.0,yes
hci_snoop_2025_11_26_15_14_35.cfa,892,2025-11-26T15:15:09.919Z,07 60 00 00 00 03,6,0x07,1,895,2025-11-26T15:15:10.063Z,07 60 00 00 00 03 41 01 41 01 40 01 62 04 62 04 63 04 00 00,20,0x07,144.0,yes
hci_snoop_2025_11_26_15_14_35.cfa,897,2025-11-26T15:15:10.186Z,07 63 00 00 00 03,6,0x07,1,899,2025-11-26T15:15:10.334Z,07 63 00 00 00 03 40 01 41 01 40 01 63 04 64 04 65 04 00 00,20,0x07,148.0,yes
hci_snoop_2025_11_26_15_14_35.cfa,901,2025-11-26T15:15:10.451Z,07 66 00 00 00 03,6,0x07,1,903,2025-11-26T15:15:10.604Z,07 66 00 00 00 03 40 01 40 01 40 01 65 04 66 04 66 04 00 00,20,0x07,153.0,yes
hci_snoop_2025_11_26_15_14_35.cfa,905,2025-11-26T15:15:10.720Z,07 69 00 00 00 03,6,0x07,1,907,2025-11-26T15:15:10.874Z,07 69 00 00 00 03 40 01 40 01 40 01 67 04 67 04 68 04 00 00,20,0x07,154.0,yes
hci_snoop_2025_11_26_15_14_35.cfa,909,2025-11-26T15:15:11.002Z,07 6C 00 00 00 03,6,0x07,1,911,2025-11-26T15:15:11.144Z,07 6C 00 00 00 03 40 01 40 01 40 01 68 04 68 04 69 04 00 00,20,0x07,142.0,yes
hci_snoop_2025_11_26_15_14_35.cfa,913,2025-11-26T15:15:11.268Z,07 6F 00 00 00 03,6,0x07,1,915,2025-11-26T15:15:11.413Z,07 6F 00 00 00 03 40 01 40 01 40 01 6A 04 69 04 6A 04 00 00,20,0x07,145.0,yes
hci_snoop_2025_11_26_15_14_35.cfa,917,2025-11-26T15:15:11.533Z,07 72 00 00 00 03,6,0x07,1,919,2025-11-26T15:15:11.685Z,07 72 00 00 00 03 40 01 40 01 40 01 6B 04 6C 04 6C 04 00 00,20,0x07,152.0,yes
hci_snoop_2025_11_26_15_14_35.cfa,921,2025-11-26T15:15:11.802Z,07 75 00 00 00 03,6,0x07,1,923,2025-11-26T15:15:11.953Z,07 75 00 00 00 03 40 01 40 01 40 01 6E 04 6E 04 6F 04 00 00,20,0x07,151.0,yes
hci_snoop_2025_11_26_15_14_35.cfa,925,2025-11-26T15:15:12.067Z,07 78 00 00 00 03,6,0x07,1,927,2025-11-26T15:15:12.224Z,07 78 00 00 00 03 40 01 40 01 40 01 6E 04 6F 04 6F 04 00 00,20,0x07,157.0,yes
hci_snoop_2025_11_26_15_14_35.cfa,929,2025-11-26T15:15:12.352Z,07 7B 00 00 00 03,6,0x07,1,931,2025-11-26T15:15:12.493Z,07 7B 00 00 00 03 40 01 40 01 3B 01 6F 04 6F 04 F2 03 00 00,20,0x07,141.0,yes
hci_snoop_2025_11_26_15_14_35.cfa,933,2025-11-26T15:15:12.620Z,07 7E 00 00 00 03,6,0x07,1,935,2025-11-26T15:15:12.764Z,07 7E 00 00 00 03 3A 01 3B 01 3C 01 0A 04 28 04 2E 04 00 00,20,0x07,144.0,yes
hci_snoop_2025_11_26_15_14_35.cfa,937,2025-11-26T15:15:12.967Z,07 81 00 00 00 03,6,0x07,1,939,2025-11-26T15:15:13.124Z,07 81 00 00 00 03 3C 01 3C 01 3D 01 35 04 3B 04 3F 04 00 00,20,0x07,157.0,yes
hci_snoop_2025_11_26_15_14_35.cfa,941,2025-11-26T15:15:13.252Z,07 84 00 00 00 03,6,0x07,1,943,2025-11-26T15:15:13.393Z,07 84 00 00 00 03 3F 01 3F 01 39 01 48 04 48 04 62 04 00 00,20,0x07,141.0,yes
hci_snoop_2025_11_26_15_14_35.cfa,945,2025-11-26T15:15:13.516Z,07 87 00 00 00 03,6,0x07,1,947,2025-11-26T15:15:13.665Z,07 87 00 00 00 03 36 01 37 01 38 01 76 04 7C 04 80 04 00 00,20,0x07,149.0,yes
hci_snoop_2025_11_26_15_14_35.cfa,949,2025-11-26T15:15:13.784Z,07 8A 00 00 00 03,6,0x07,1,951,2025-11-26T15:15:13.934Z,07 8A 00 00 00 03 3A 01 3C 01 3F 01 81 04 85 04 81 04 00 00,20,0x07,150.0,yes
hci_snoop_2025_11_26_15_14_35.cfa,953,2025-11-26T15:15:14.053Z,07 8D 00 00 00 03,6,0x07,1,955,2025-11-26T15:15:14.205Z,07 8D 00 00 00 03 40 01 41 01 46 01 7F 04 83 04 7A 04 00 00,20,0x07,152.0,yes
hci_snoop_2025_11_26_15_14_35.cfa,957,2025-11-26T15:15:14.320Z,07 90 00 00 00 03,6,0x07,1,959,2025-11-26T15:15:14.473Z,07 90 00 00 00 03 4B 01 4D 01 4D 01 72 04 65 04 5E 04 00 00,20,0x07,153.0,yes
hci_snoop_2025_11_26_15_14_35.cfa,961,2025-11-26T15:15:14.603Z,07 93 00 00 00 03,6,0x07,1,963,2025-11-26T15:15:14.743Z,07 93 00 00 00 03 4D 01 4D 01 4C 01 59 04 58 04 58 04 00 00,20,0x07,140.0,yes
hci_snoop_2025_11_26_15_14_35.cfa,965,2025-11-26T15:15:14.867Z,07 96 00 00 00 03,6,0x07,1,967,2025-11-26T15:15:15.013Z,07 96 00 00 00 03 4C 01 4C 01 4B 01 57 04 56 04 57 04 00 00,20,0x07,146.0,yes
hci_snoop_2025_11_26_15_14_35.cfa,969,2025-11-26T15:15:15.134Z,07 99 00 00 00 03,6,0x07,1,971,2025-11-26T15:15:15.286Z,07 99 00 00 00 03 4A 01 4A 01 49 01 5A 04 5A 04 5B 04 00 00,20,0x07,152.0,yes
hci_snoop_2025_11_26_15_14_35.cfa,973,2025-11-26T15:15:15.403Z,07 9C 00 00 00 03,6,0x07,1,975,2025-11-26T15:15:15.553Z,07 9C 00 00 00 03 48 01 48 01 47 01 5C 04 5D 04 5C 04 00 00,20,0x07,150.0,yes
hci_snoop_2025_11_26_15_14_35.cfa,977,2025-11-26T15:15:15.670Z,07 9F 00 00 00 03,6,0x07,1,979,2025-11-26T15:15:15.823Z,07 9F 00 00 00 03 47 01 46 01 46 01 5C 04 5C 04 59 04 00 00,20,0x07,153.0,yes
hci_snoop_2025_11_26_15_14_35.cfa,981,2025-11-26T15:15:15.952Z,07 A2 00 00 00 03,6,0x07,1,983,2025-11-26T15:15:16.094Z,07 A2 00 00 00 03 45 01 44 01 43 01 4D 04 3F 04 36 04 00 00,20,0x07,142.0,yes
hci_snoop_2025_11_26_15_14_35.cfa,985,2025-11-26T15:15:16.218Z,07 A5 00 00 00 03,6,0x07,1,987,2025-11-26T15:15:16.363Z,07 A5 00 00 00 03 43 01 42 01 41 01 2A 04 29 04 23 04 00 00,20,0x07,145.0,yes
hci_snoop_2025_11_26_15_14_35.cfa,989,2025-11-26T15:15:16.486Z,07 A8 00 00 00 03,6,0x07,1,991,2025-11-26T15:15:16.634Z,07 A8 00 00 00 03 41 01 40 01 40 01 21 04 18 04 11 04 00 00,20,0x07,148.0,yes
hci_snoop_2025_11_26_15_14_35.cfa,993,2025-11-26T15:15:16.750Z,07 AB 00 00 00 03,6,0x07,1,995,2025-11-26T15:15:16.905Z,07 AB 00 00 00 03 3F 01 3F 01 3E 01 0B 04 01 04 F9 03 00 00,20,0x07,155.0,yes
hci_snoop_2025_11_26_15_14_35.cfa,998,2025-11-26T15:15:17.019Z,07 AE 00 00 00 03,6,0x07,1,1000,2025-11-26T15:15:17.173Z,07 AE 00 00 00 03 3D 01 3D 01 3C 01 F9 03 F0 03 F0 03 00 00,20,0x07,154.0,yes
hci_snoop_2025_11_26_15_14_35.cfa,1002,2025-11-26T15:15:17.305Z,07 B1 00 00 00 03,6,0x07,1,1004,2025-11-26T15:15:17.443Z,07 B1 00 00 00 03 3C 01 3B 01 3B 01 E2 03 D6 03 CF 03 00 00,20,0x07,138.0,yes
hci_snoop_2025_11_26_15_14_35.cfa,1006,2025-11-26T15:15:17.567Z,07 B4 00 00 00 03,6,0x07,1,1008,2025-11-26T15:15:17.713Z,07 B4 00 00 00 03 3A 01 3A 01 3A 01 E4 03 ED 03 F3 03 00 00,20,0x07,146.0,yes
hci_snoop_2025_11_26_15_14_35.cfa,1010,2025-11-26T15:15:17.836Z,07 B7 00 00 00 03,6,0x07,1,1012,2025-11-26T15:15:17.984Z,07 B7 00 00 00 03 3A 01 3A 01 39 01 FA 03 01 04 07 04 00 00,20,0x07,148.0,yes
hci_snoop_2025_11_26_15_14_35.cfa,1014,2025-11-26T15:15:18.104Z,07 BA 00 00 00 03,6,0x07,1,1016,2025-11-26T15:15:18.254Z,07 BA 00 00 00 03 39 01 39 01 39 01 0D 04 11 04 13 04 00 00,20,0x07,150.0,yes
hci_snoop_2025_11_26_15_14_35.cfa,1018,2025-11-26T15:15:18.367Z,07 BD 00 00 00 03,6,0x07,1,1020,2025-11-26T15:15:18.524Z,07 BD 00 00 00 03 39 01 3A 01 39 01 17 04 1D 04 22 04 00 00,20,0x07,157.0,yes
hci_snoop_2025_11_26_15_14_35.cfa,1022,2025-11-26T15:15:18.635Z,07 C0 00 00 00 03,6,0x07,1,1024,2025-11-26T15:15:18.793Z,07 C0 00 00 00 03 3A 01 39 01 3A 01 26 04 2A 04 2D 04 00 00,20,0x07,158.0,yes
hci_snoop_2025_11_26_15_14_35.cfa,1026,2025-11-26T15:15:18.918Z,07 C3 00 00 00 03,6,0x07,1,1028,2025-11-26T15:15:19.063Z,07 C3 00 00 00 03 3A 01 3A 01 3A 01 31 04 34 04 37 04 00 00,20,0x07,145.0,yes
hci_snoop_2025_11_26_15_14_35.cfa,1030,2025-11-26T15:15:19.185Z,07 C6 00 00 00 03,6,0x07,1,1032,2025-11-26T15:15:19.336Z,07 C6 00 00 00 03 3A 01 3A 01 3A 01 3A 04 3D 04 3F 04 00 00,20,0x07,151.0,yes
hci_snoop_2025_11_26_15_14_35.cfa,1034,2025-11-26T15:15:19.450Z,07 C9 00 00 00 03,6,0x07,1,1036,2025-11-26T15:15:19.606Z,07 C9 00 00 00 03 3A 01 3A 01 3A 01 42 04 44 04 47 04 00 00,20,0x07,156.0,yes
hci_snoop_2025_11_26_15_14_35.cfa,1038,2025-11-26T15:15:19.716Z,07 CC 00 00 00 03,6,0x07,1,1040,2025-11-26T15:15:19.874Z,07 CC 00 00 00 03 3A 01 3A 01 3A 01 49 04 4B 04 4D 04 00 00,20,0x07,158.0,yes
hci_snoop_2025_11_26_15_14_35.cfa,1042,2025-11-26T15:15:20.004Z,07 CF 00 00 00 03,6,0x07,1,1044,2025-11-26T15:15:20.144Z,07 CF 00 00 00 03 3A 01 3A 01 3A 01 4E 04 4F 04 51 04 00 00,20,0x07,140.0,yes
hci_snoop_2025_11_26_15_14_35.cfa,1046,2025-11-26T15:15:20.269Z,07 D2 00 00 00 03,6,0x07,1,1048,2025-11-26T15:15:20.413Z,07 D2 00 00 00 03 3B 01 3B 01 3B 01 53 04 55 04 56 04 00 00,20,0x07,144.0,yes
hci_snoop_2025_11_26_15_14_35.cfa,1050,2025-11-26T15:15:20.537Z,07 D5 00 00 00 03,6,0x07,1,1052,2025-11-26T15:15:20.685Z,07 D5 00 00 00 03 3B 01 3B 01 3B 01 57 04 58 04 59 04 00 00,20,0x07,148.0,yes
hci_snoop_2025_11_26_15_14_35.cfa,1054,2025-11-26T15:15:20.800Z,07 D8 00 00 00 03,6,0x07,1,1056,2025-11-26T15:15:20.955Z,07 D8 00 00 00 03 3B 01 3B 01 3B 01 5A 04 5B 04 5C 04 00 00,20,0x07,155.0,yes
hci_snoop_2025_11_26_15_14_35.cfa,1058,2025-11-26T15:15:21.069Z,07 DB 00 00 00 03,6,0x07,1,1060,2025-11-26T15:15:21.223Z,07 DB 00 00 00 03 3B 01 3B 01 3B 01 5D 04 5E 04 5F 04 00 00,20,0x07,154.0,yes
hci_snoop_2025_11_26_15_14_35.cfa,1062,2025-11-26T15:15:21.352Z,07 DE 00 00 00 03,6,0x07,1,1064,2025-11-26T15:15:21.493Z,07 DE 00 00 00 03 3B 01 3B 01 3B 01 60 04 61 04 61 04 00 00,20,0x07,141.0,yes
hci_snoop_2025_11_26_15_14_35.cfa,1066,2025-11-26T15:15:21.618Z,07 E1 00 00 00 03,6,0x07,1,1068,2025-11-26T15:15:21.765Z,07 E1 00 00 00 03 3B 01 3B 01 3B 01 63 04 63 04 64 04 00 00,20,0x07,147.0,yes
hci_snoop_2025_11_26_15_14_35.cfa,1070,2025-11-26T15:15:21.885Z,07 E4 00 00 00 03,6,0x07,1,1072,2025-11-26T15:15:22.034Z,07 E4 00 00 00 03 3B 01 3B 01 3B 01 65 04 66 04 66 04 00 00,20,0x07,149.0,yes
hci_snoop_2025_11_26_15_14_35.cfa,1074,2025-11-26T15:15:22.151Z,07 E7 00 00 00 03,6,0x07,1,1076,2025-11-26T15:15:22.304Z,07 E7 00 00 00 03 3B 01 3B 01 3A 01 67 04 68 04 69 04 00 00,20,0x07,153.0,yes
hci_snoop_2025_11_26_15_14_35.cfa,1078,2025-11-26T15:15:22.419Z,07 EA 00 00 00 03,6,0x07,1,1080,2025-11-26T15:15:22.574Z,07 EA 00 00 00 03 3A 01 3B 01 3A 01 6A 04 6B 04 6A 04 00 00,20,0x07,155.0,yes
hci_snoop_2025_11_26_15_14_35.cfa,1082,2025-11-26T15:15:22.700Z,07 ED 00 00 00 03,6,0x07,1,1084,2025-11-26T15:15:22.844Z,07 ED 00 00 00 03 3A 01 3B 01 3C 01 6A 04 6C 04 6B 04 00 00,20,0x07,144.0,yes
hci_snoop_2025_11_26_15_14_35.cfa,1086,2025-11-26T15:15:22.968Z,07 F0 00 00 00 03,6,0x07,1,1088,2025-11-26T15:15:23.113Z,07 F0 00 00 00 03 3E 01 40 01 41 01 68 04 64 04 5F 04 00 00,20,0x07,145.0,yes
hci_snoop_2025_11_26_15_14_35.cfa,1090,2025-11-26T15:15:23.234Z,07 F3 00 00 00 03,6,0x07,1,1092,2025-11-26T15:15:23.385Z,07 F3 00 00 00 03 43 01 44 01 45 01 5C 04 58 04 56 04 00 00,20,0x07,151.0,yes
hci_snoop_2025_11_26_15_14_35.cfa,1094,2025-11-26T15:15:23.503Z,07 F6 00 00 00 03,6,0x07,1,1096,2025-11-26T15:15:23.653Z,07 F6 00 00 00 03 47 01 48 01 4A 01 56 04 53 04 4D 04 00 00,20,0x07,150.0,yes
hci_snoop_2025_11_26_15_14_35.cfa,1098,2025-11-26T15:15:23.767Z,07 F9 00 00 00 03,6,0x07,1,1100,2025-11-26T15:15:23.924Z,07 F9 00 00 00 03 4C 01 51 01 4F 01 48 04 3D 04 41 04 00 00,20,0x07,157.0,yes
hci_snoop_2025_11_26_15_14_35.cfa,1102,2025-11-26T15:15:24.051Z,07 FC 00 00 00 03,6,0x07,1,1104,2025-11-26T15:15:24.193Z,07 FC 00 00 00 03 4F 01 4F 01 4F 01 41 04 3F 04 3F 04 00 00,20,0x07,142.0,yes
hci_snoop_2025_11_26_15_14_35.cfa,1106,2025-11-26T15:15:24.319Z,07 FF 00 00 00 03,6,0x07,1,1108,2025-11-26T15:15:24.464Z,07 FF 00 00 00 03 50 01 50 01 50 01 3F 04 3D 04 3C 04 00 00,20,0x07,145.0,yes
hci_snoop_2025_11_26_15_14_35.cfa,1110,2025-11-26T15:15:24.583Z,07 02 01 00 00 03,6,0x07,1,1112,2025-11-26T15:15:24.734Z,07 02 01 00 00 03 51 01 52 01 53 01 3C 04 3F 04 37 04 00 00,20,0x07,151.0,yes
hci_snoop_2025_11_26_15_14_35.cfa,1114,2025-11-26T15:15:24.854Z,07 05 01 00 00 03,6,0x07,1,1116,2025-11-26T15:15:25.004Z,07 05 01 00 00 03 54 01 54 01 55 01 36 04 31 04 31 04 00 00,20,0x07,150.0,yes
hci_snoop_2025_11_26_15_14_35.cfa,1118,2025-11-26T15:15:25.118Z,07 08 01 00 00 03,6,0x07,1,1120,2025-11-26T15:15:25.273Z,07 08 01 00 00 03 55 01 4A 01 4E 01 2F 04 65 03 A9 03 00 00,20,0x07,155.0,yes
hci_snoop_2025_11_26_15_14_35.cfa,1122,2025-11-26T15:15:25.401Z,07 0B 01 00 00 03,6,0x07,1,1124,2025-11-26T15:15:25.543Z,07 0B 01 00 00 03 51 01 53 01 55 01 B9 03 C2 03 CF 03 00 00,20,0x07,142.0,yes
hci_snoop_2025_11_26_15_14_35.cfa,1126,2025-11-26T15:15:25.668Z,07 0E 01 00 00 03,6,0x07,1,1128,2025-11-26T15:15:25.813Z,07 0E 01 00 00 03 54 01 52 01 52 01 D3 03 D9 03 E3 03 00 00,20,0x07,145.0,yes
hci_snoop_2025_11_26_15_14_35.cfa,1130,2025-11-26T15:15:25.934Z,07 11 01 00 00 03,6,0x07,1,1132,2025-11-26T15:15:26.083Z,07 11 01 00 00 03 52 01 50 01 50 01 E6 03 EC 03 F0 03 00 00,20,0x07,149.0,yes
hci_snoop_2025_11_26_15_14_35.cfa,1134,2025-11-26T15:15:26.302Z,07 14 01 00 00 03,6,0x07,1,1136,2025-11-26T15:15:26.445Z,07 14 01 00 00 03 4F 01 51 01 53 01 F6 03 F5 03 F6 03 00 00,20,0x07,143.0,yes
hci_snoop_2025_11_26_15_14_35.cfa,1139,2025-11-26T15:15:26.569Z,07 17 01 00 00 03,6,0x07,1,1141,2025-11-26T15:15:26.714Z,07 17 01 00 00 03 54 01 56 01 57 01 F3 03 ED 03 ED 03 00 00,20,0x07,145.0,yes
hci_snoop_2025_11_26_15_14_35.cfa,1143,2025-11-26T15:15:26.832Z,07 1A 01 00 00 03,6,0x07,1,1145,2025-11-26T15:15:26.985Z,07 1A 01 00 00 03 58 01 59 01 57 01 EB 03 E8 03 EE 03 00 00,20,0x07,153.0,yes
hci_snoop_2025_11_26_15_14_35.cfa,1147,2025-11-26T15:15:27.101Z,07 1D 01 00 00 03,6,0x07,1,1149,2025-11-26T15:15:27.253Z,07 1D 01 00 00 03 5A 01 5C 01 5C 01 E6 03 DC 03 D9 03 00 00,20,0x07,152.0,yes
hci_snoop_2025_11_26_15_14_35.cfa,1151,2025-11-26T15:15:27.367Z,07 20 01 00 00 03,6,0x07,1,1153,2025-11-26T15:15:27.524Z,07 20 01 00 00 03 5C 01 5B 01 59 01 DC 03 DB 03 DF 03 00 00,20,0x07,157.0,yes
hci_snoop_2025_11_26_15_14_35.cfa,1155,2025-11-26T15:15:27.652Z,07 23 01 00 00 03,6,0x07,1,1157,2025-11-26T15:15:27.794Z,07 23 01 00 00 03 59 01 59 01 59 01 E1 03 E2 03 E0 03 00 00,20,0x07,142.0,yes
hci_snoop_2025_11_26_15_14_35.cfa,1159,2025-11-26T15:15:27.919Z,07 26 01 00 00 03,6,0x07,1,1161,2025-11-26T15:15:28.064Z,07 26 01 00 00 03 59 01 58 01 57 01 E0 03 E7 03 E8 03 00 00,20,0x07,145.0,yes
hci_snoop_2025_11_26_15_14_35.cfa,1163,2025-11-26T15:15:28.184Z,07 29 01 00 00 03,6,0x07,1,1165,2025-11-26T15:15:28.334Z,07 29 01 00 00 03 54 01 51 01 4E 01 EF 03 F7 03 FF 03 00 00,20,0x07,150.0,yes
hci_snoop_2025_11_26_15_14_35.cfa,1167,2025-11-26T15:15:28.452Z,07 2C 01 00 00 03,6,0x07,1,1169,2025-11-26T15:15:28.605Z,07 2C 01 00 00 03 4C 01 4A 01 48 01 04 04 0A 04 0E 04 00 00,20,0x07,153.0,yes
hci_snoop_2025_11_26_15_14_35.cfa,1171,2025-11-26T15:15:28.717Z,07 2F 01 00 00 03,6,0x07,1,1173,2025-11-26T15:15:28.874Z,07 2F 01 00 00 03 46 01 45 01 44 01 12 04 16 04 1A 04 00 00,20,0x07,157.0,yes
hci_snoop_2025_11_26_15_14_35.cfa,1175,2025-11-26T15:15:29.000Z,07 32 01 00 00 03,6,0x07,1,1177,2025-11-26T15:15:29.144Z,07 32 01 00 00 03 42 01 42 01 41 01 1D 04 20 04 21 04 00 00,20,0x07,144.0,yes
hci_snoop_2025_11_26_15_14_35.cfa,1179,2025-11-26T15:15:29.267Z,07 35 01 00 00 03,6,0x07,1,1181,2025-11-26T15:15:29.413Z,07 35 01 00 00 03 40 01 3F 01 3F 01 23 04 24 04 27 04 00 00,20,0x07,146.0,yes
hci_snoop_2025_11_26_15_14_35.cfa,1183,2025-11-26T15:15:29.533Z,07 38 01 00 00 03,6,0x07,1,1185,2025-11-26T15:15:29.686Z,07 38 01 00 00 03 3E 01 3D 01 3D 01 2A 04 2B 04 2E 04 00 00,20,0x07,153.0,yes
hci_snoop_2025_11_26_15_14_35.cfa,1187,2025-11-26T15:15:29.800Z,07 3B 01 00 00 03,6,0x07,1,1189,2025-11-26T15:15:29.953Z,07 3B 01 00 00 03 3D 01 42 01 46 01 31 04 2C 04 24 04 00 00,20,0x07,153.0,yes
hci_snoop_2025_11_26_15_14_35.cfa,1191,2025-11-26T15:15:30.068Z,07 3E 01 00 00 03,6,0x07,1,1193,2025-11-26T15:15:30.223Z,07 3E 01 00 00 03 45 01 45 01 45 01 23 04 23 04 21 04 00 00,20,0x07,155.0,yes
hci_snoop_2025_11_26_15_14_35.cfa,1195,2025-11-26T15:15:30.352Z,07 41 01 00 00 03,6,0x07,1,1197,2025-11-26T15:15:30.493Z,07 41 01 00 00 03 46 01 56 01 54 01 1E 04 02 04 00 04 00 00,20,0x07,141.0,yes
hci_snoop_2025_11_26_15_14_35.cfa,1199,2025-11-26T15:15:30.617Z,07 44 01 00 00 03,6,0x07,1,1201,2025-11-26T15:15:30.764Z,07 44 01 00 00 03 53 01 50 01 4C 01 01 04 03 04 0D 04 00 00,20,0x07,147.0,yes
hci_snoop_2025_11_26_15_14_35.cfa,1203,2025-11-26T15:15:30.885Z,07 47 01 00 00 03,6,0x07,1,1205,2025-11-26T15:15:31.034Z,07 47 01 00 00 03 4A 01 48 01 46 01 12 04 16 04 19 04 00 00,20,0x07,149.0,yes
hci_snoop_2025_11_26_15_14_35.cfa,1207,2025-11-26T15:15:31.151Z,07 4A 01 00 00 03,6,0x07,1,1209,2025-11-26T15:15:31.304Z,07 4A 01 00 00 03 45 01 43 01 42 01 1D 04 20 04 23 04 00 00,20,0x07,153.0,yes
hci_snoop_2025_11_26_15_14_35.cfa,1211,2025-11-26T15:15:31.417Z,07 4D 01 00 00 03,6,0x07,1,1213,2025-11-26T15:15:31.573Z,07 4D 01 00 00 03 41 01 40 01 3F 01 26 04 29 04 2C 04 00 00,20,0x07,156.0,yes
hci_snoop_2025_11_26_15_14_35.cfa,1215,2025-11-26T15:15:31.702Z,07 50 01 00 00 03,6,0x07,1,1217,2025-11-26T15:15:31.844Z,07 50 01 00 00 03 3D 01 3D 01 3C 01 2F 04 32 04 34 04 00 00,20,0x07,142.0,yes
hci_snoop_2025_11_26_15_14_35.cfa,1219,2025-11-26T15:15:31.966Z,07 53 01 00 00 03,6,0x07,1,1221,2025-11-26T15:15:32.113Z,07 53 01 00 00 03 3C 01 3B 01 3A 01 37 04 3A 04 3D 04 00 00,20,0x07,147.0,yes
hci_snoop_2025_11_26_15_14_35.cfa,1223,2025-11-26T15:15:32.237Z,07 56 01 00 00 03,6,0x07,1,1225,2025-11-26T15:15:32.385Z,07 56 01 00 00 03 3A 01 39 01 39 01 40 04 42 04 44 04 00 00,20,0x07,148.0,yes
hci_snoop_2025_11_26_15_14_35.cfa,1227,2025-11-26T15:15:32.501Z,07 59 01 00 00 03,6,0x07,1,1229,2025-11-26T15:15:32.653Z,07 59 01 00 00 03 39 01 38 01 38 01 46 04 48 04 49 04 00 00,20,0x07,152.0,yes
hci_snoop_2025_11_26_15_14_35.cfa,1231,2025-11-26T15:15:32.769Z,07 5C 01 00 00 03,6,0x07,1,1233,2025-11-26T15:15:32.923Z,07 5C 01 00 00 03 37 01 37 01 37 01 4A 04 4B 04 4B 04 00 00,20,0x07,154.0,yes
hci_snoop_2025_11_26_15_14_35.cfa,1235,2025-11-26T15:15:33.050Z,07 5F 01 00 00 03,6,0x07,1,1237,2025-11-26T15:15:33.194Z,07 5F 01 00 00 03 37 01 36 01 36 01 4C 04 4D 04 4E 04 00 00,20,0x07,144.0,yes
hci_snoop_2025_11_26_15_14_35.cfa,1239,2025-11-26T15:15:33.317Z,07 62 01 00 00 03,6,0x07,1,1241,2025-11-26T15:15:33.464Z,07 62 01 00 00 03 36 01 36 01 35 01 4F 04 50 04 51 04 00 00,20,0x07,147.0,yes
hci_snoop_2025_11_26_15_14_35.cfa,1243,2025-11-26T15:15:33.588Z,07 65 01 00 00 03,6,0x07,1,1245,2025-11-26T15:15:33.734Z,07 65 01 00 00 03 35 01 35 01 35 01 53 04 55 04 55 04 00 00,20,0x07,146.0,yes
hci_snoop_2025_11_26_15_14_35.cfa,1247,2025-11-26T15:15:33.850Z,07 68 01 00 00 03,6,0x07,1,1249,2025-11-26T15:15:34.004Z,07 68 01 00 00 03 34 01 34 01 34 01 55 04 57 04 58 04 00 00,20,0x07,154.0,yes
hci_snoop_2025_11_26_15_14_35.cfa,1251,2025-11-26T15:15:34.116Z,07 6B 01 00 00 03,6,0x07,1,1253,2025-11-26T15:15:34.274Z,07 6B 01 00 00 03 34 01 34 01 33 01 59 04 5A 04 5A 04 00 00,20,0x07,158.0,yes
hci_snoop_2025_11_26_15_14_35.cfa,1255,2025-11-26T15:15:34.385Z,07 6E 01 00 00 03,6,0x07,1,1257,2025-11-26T15:15:34.543Z,07 6E 01 00 00 03 33 01 33 01 33 01 5A 04 5B 04 5B 04 00 00,20,0x07,158.0,yes
hci_snoop_2025_11_26_15_14_35.cfa,1259,2025-11-26T15:15:34.667Z,07 71 01 00 00 03,6,0x07,1,1261,2025-11-26T15:15:34.814Z,07 71 01 00 00 03 33 01 33 01 32 01 5C 04 5B 04 5C 04 00 00,20,0x07,147.0,yes
hci_snoop_2025_11_26_15_14_35.cfa,1263,2025-11-26T15:15:34.933Z,07 74 01 00 00 03,6,0x07,1,1265,2025-11-26T15:15:35.086Z,07 74 01 00 00 03 32 01 32 01 32 01 5C 04 5C 04 5C 04 00 00,20,0x07,153.0,yes
hci_snoop_2025_11_26_15_14_35.cfa,1267,2025-11-26T15:15:35.202Z,07 77 01 00 00 03,6,0x07,1,1269,2025-11-26T15:15:35.355Z,07 77 01 00 00 03 31 01 31 01 31 01 5D 04 5D 04 60 04 00 00,20,0x07,153.0,yes
hci_snoop_2025_11_26_15_14_35.cfa,1271,2025-11-26T15:15:35.468Z,07 7A 01 00 00 03,6,0x07,1,1273,2025-11-26T15:15:35.623Z,07 7A 01 00 00 03 31 01 31 01 31 01 61 04 60 04 5F 04 00 00,20,0x07,155.0,yes
hci_snoop_2025_11_26_15_14_35.cfa,1275,2025-11-26T15:15:35.750Z,07 7D 01 00 00 03,6,0x07,1,1277,2025-11-26T15:15:35.893Z,07 7D 01 00 00 03 31 01 31 01 31 01 5F 04 5F 04 5F 04 00 00,20,0x07,143.0,yes
hci_snoop_2025_11_26_15_14_35.cfa,1279,2025-11-26T15:15:36.018Z,07 80 01 00 00 03,6,0x07,1,1281,2025-11-26T15:15:36.255Z,07 80 01 00 00 03 30 01 30 01 30 01 5F 04 5E 04 5E 04 00 00,20,0x07,237.0,yes
hci_snoop_2025_11_26_15_14_35.cfa,1283,2025-11-26T15:15:36.284Z,07 83 01 00 00 03,6,0x07,1,1285,2025-11-26T15:15:36.434Z,07 83 01 00 00 03 30 01 30 01 2F 01 5E 04 5D 04 5D 04 00 00,20,0x07,150.0,yes
hci_snoop_2025_11_26_15_14_35.cfa,1287,2025-11-26T15:15:36.551Z,07 86 01 00 00 03,6,0x07,1,1289,2025-11-26T15:15:36.705Z,07 86 01 00 00 03 2F 01 2F 01 2F 01 5D 04 5C 04 5C 04 00 00,20,0x07,154.0,yes
hci_snoop_2025_11_26_15_14_35.cfa,1291,2025-11-26T15:15:36.820Z,07 89 01 00 00 03,6,0x07,1,1293,2025-11-26T15:15:36.973Z,07 89 01 00 00 03 30 01 30 01 31 01 5B 04 59 04 57 04 00 00,20,0x07,153.0,yes
hci_snoop_2025_11_26_15_14_35.cfa,1295,2025-11-26T15:15:37.104Z,07 8C 01 00 00 03,6,0x07,1,1297,2025-11-26T15:15:37.244Z,07 8C 01 00 00 03 30 01 31 01 3B 01 57 04 57 04 45 04 00 00,20,0x07,140.0,yes
hci_snoop_2025_11_26_15_14_35.cfa,1299,2025-11-26T15:15:37.368Z,07 8F 01 00 00 03,6,0x07,1,1301,2025-11-26T15:15:37.514Z,07 8F 01 00 00 03 3D 01 3D 01 3A 01 3A 04 32 04 39 04 00 00,20,0x07,146.0,yes
hci_snoop_2025_11_26_15_14_35.cfa,1303,2025-11-26T15:15:37.635Z,07 92 01 00 00 03,6,0x07,1,1305,2025-11-26T15:15:37.785Z,07 92 01 00 00 03 40 01 3F 01 3B 01 36 04 29 04 33 04 00 00,20,0x07,150.0,yes
hci_snoop_2025_11_26_15_14_35.cfa,1307,2025-11-26T15:15:37.903Z,07 95 01 00 00 03,6,0x07,1,1309,2025-11-26T15:15:38.053Z,07 95 01 00 00 03 38 01 37 01 35 01 39 04 3C 04 3F 04 00 00,20,0x07,150.0,yes
hci_snoop_2025_11_26_15_14_35.cfa,1311,2025-11-26T15:15:38.171Z,07 98 01 00 00 03,6,0x07,1,1313,2025-11-26T15:15:38.324Z,07 98 01 00 00 03 34 01 33 01 33 01 42 04 44 04 45 04 00 00,20,0x07,153.0,yes
hci_snoop_2025_11_26_15_14_35.cfa,1315,2025-11-26T15:15:38.453Z,07 9B 01 00 00 03,6,0x07,1,1317,2025-11-26T15:15:38.593Z,07 9B 01 00 00 03 32 01 32 01 32 01 46 04 47 04 48 04 00 00,20,0x07,140.0,yes
hci_snoop_2025_11_26_15_14_35.cfa,1319,2025-11-26T15:15:38.717Z,07 9E 01 00 00 03,6,0x07,1,1321,2025-11-26T15:15:38.863Z,07 9E 01 00 00 03 31 01 31 01 30 01 49 04 4A 04 4B 04 00 00,20,0x07,146.0,yes
hci_snoop_2025_11_26_15_14_35.cfa,1323,2025-11-26T15:15:38.985Z,07 A1 01 00 00 03,6,0x07,1,1325,2025-11-26T15:15:39.134Z,07 A1 01 00 00 03 30 01 30 01 2F 01 4B 04 4C 04 4D 04 00 00,20,0x07,149.0,yes
hci_snoop_2025_11_26_15_14_35.cfa,1327,2025-11-26T15:15:39.248Z,07 A4 01 00 00 03,6,0x07,1,1329,2025-11-26T15:15:39.404Z,07 A4 01 00 00 03 2F 01 2F 01 2F 01 4E 04 4E 04 4E 04 00 00,20,0x07,156.0,yes
hci_snoop_2025_11_26_15_14_35.cfa,1331,2025-11-26T15:15:39.617Z,07 A7 01 00 00 03,6,0x07,1,1333,2025-11-26T15:15:39.764Z,07 A7 01 00 00 03 2F 01 2F 01 2E 01 4E 04 4E 04 4F 04 00 00,20,0x07,147.0,yes
hci_snoop_2025_11_26_15_14_35.cfa,1335,2025-11-26T15:15:39.882Z,07 AA 01 00 00 03,6,0x07,1,1337,2025-11-26T15:15:40.034Z,07 AA 01 00 00 03 2E 01 2E 01 2E 01 4F 04 4F 04 50 04 00 00,20,0x07,152.0,yes
hci_snoop_2025_11_26_15_14_35.cfa,1339,2025-11-26T15:15:40.151Z,07 AD 01 00 00 03,6,0x07,1,1341,2025-11-26T15:15:40.305Z,07 AD 01 00 00 03 2D 01 2D 01 2D 01 50 04 51 04 52 04 00 00,20,0x07,154.0,yes
hci_snoop_2025_11_26_15_14_35.cfa,1344,2025-11-26T15:15:40.423Z,07 B0 01 00 00 03,6,0x07,1,1346,2025-11-26T15:15:40.574Z,07 B0 01 00 00 03 2D 01 2D 01 2C 01 52 04 52 04 52 04 00 00,20,0x07,151.0,yes
hci_snoop_2025_11_26_15_14_35.cfa,1348,2025-11-26T15:15:40.702Z,07 B3 01 00 00 03,6,0x07,1,1350,2025-11-26T15:15:40.844Z,07 B3 01 00 00 03 2C 01 2C 01 2C 01 52 04 52 04 52 04 00 00,20,0x07,142.0,yes
hci_snoop_2025_11_26_15_14_35.cfa,1352,2025-11-26T15:15:40.968Z,07 B6 01 00 00 03,6,0x07,1,1354,2025-11-26T15:15:41.113Z,07 B6 01 00 00 03 2C 01 2B 01 2B 01 53 04 53 04 53 04 00 00,20,0x07,145.0,yes
hci_snoop_2025_11_26_15_14_35.cfa,1356,2025-11-26T15:15:41.233Z,07 B9 01 00 00 03,6,0x07,1,1358,2025-11-26T15:15:41.385Z,07 B9 01 00 00 03 2B 01 2B 01 2C 01 54 04 54 04 53 04 00 00,20,0x07,152.0,yes
hci_snoop_2025_11_26_15_14_35.cfa,1360,2025-11-26T15:15:41.500Z,07 BC 01 00 00 03,6,0x07,1,1362,2025-11-26T15:15:41.654Z,07 BC 01 00 00 03 2B 01 2B 01 2B 01 55 04 55 04 55 04 00 00,20,0x07,154.0,yes
hci_snoop_2025_11_26_15_14_35.cfa,1364,2025-11-26T15:15:41.767Z,07 BF 01 00 00 03,6,0x07,1,1366,2025-11-26T15:15:41.923Z,07 BF 01 00 00 03 2B 01 2B 01 2B 01 55 04 55 04 55 04 00 00,20,0x07,156.0,yes
hci_snoop_2025_11_26_15_14_35.cfa,1368,2025-11-26T15:15:42.050Z,07 C2 01 00 00 03,6,0x07,1,1370,2025-11-26T15:15:42.194Z,07 C2 01 00 00 03 2B 01 2C 01 2B 01 55 04 55 04 21 04 00 00,20,0x07,144.0,yes
hci_snoop_2025_11_26_15_14_35.cfa,1372,2025-11-26T15:15:42.319Z,07 C5 01 00 00 03,6,0x07,1,1374,2025-11-26T15:15:42.464Z,07 C5 01 00 00 03 2C 01 2D 01 2E 01 2D 04 32 04 36 04 00 00,20,0x07,145.0,yes
hci_snoop_2025_11_26_15_14_35.cfa,1376,2025-11-26T15:15:42.585Z,07 C8 01 00 00 03,6,0x07,1,1378,2025-11-26T15:15:42.734Z,07 C8 01 00 00 03 2F 01 30 01 31 01 39 04 3D 04 3A 04 00 00,20,0x07,149.0,yes
hci_snoop_2025_11_26_15_14_35.cfa,1380,2025-11-26T15:15:42.854Z,07 CB 01 00 00 03,6,0x07,1,1382,2025-11-26T15:15:43.004Z,07 CB 01 00 00 03 32 01 33 01 35 01 3B 04 3C 04 3C 04 00 00,20,0x07,150.0,yes
hci_snoop_2025_11_26_15_14_35.cfa,1384,2025-11-26T15:15:43.119Z,07 CE 01 00 00 03,6,0x07,1,1386,2025-11-26T15:15:43.273Z,07 CE 01 00 00 03 36 01 3F 01 43 01 3E 04 34 04 30 04 00 00,20,0x07,154.0,yes
hci_snoop_2025_11_26_15_14_35.cfa,1388,2025-11-26T15:15:43.403Z,07 D1 01 00 00 03,6,0x07,1,1390,2025-11-26T15:15:43.544Z,07 D1 01 00 00 03 46 01 48 01 4B 01 2E 04 2A 04 28 04 00 00,20,0x07,141.0,yes
hci_snoop_2025_11_26_15_14_35.cfa,1392,2025-11-26T15:15:43.667Z,07 D4 01 00 00 03,6,0x07,1,1394,2025-11-26T15:15:43.813Z,07 D4 01 00 00 03 4D 01 4F 01 50 01 26 04 24 04 23 04 00 00,20,0x07,146.0,yes
hci_snoop_2025_11_26_15_14_35.cfa,1396,2025-11-26T15:15:43.934Z,07 D7 01 00 00 03,6,0x07,1,1398,2025-11-26T15:15:44.085Z,07 D7 01 00 00 03 51 01 52 01 51 01 25 04 23 04 1D 04 00 00,20,0x07,151.0,yes
hci_snoop_2025_11_26_15_14_35.cfa,1400,2025-11-26T15:15:44.199Z,07 DA 01 00 00 03,6,0x07,1,1402,2025-11-26T15:15:44.354Z,07 DA 01 00 00 03 4E 01 4D 01 4B 01 23 04 25 04 27 04 00 00,20,0x07,155.0,yes
hci_snoop_2025_11_26_15_14_35.cfa,1404,2025-11-26T15:15:44.468Z,07 DD 01 00 00 03,6,0x07,1,1406,2025-11-26T15:15:44.623Z,07 DD 01 00 00 03 4B 01 4A 01 49 01 29 04 2A 04 2C 04 00 00,20,0x07,155.0,yes
hci_snoop_2025_11_26_15_14_35.cfa,1408,2025-11-26T15:15:44.750Z,07 E0 01 00 00 03,6,0x07,1,1410,2025-11-26T15:15:44.894Z,07 E0 01 00 00 03 49 01 49 01 49 01 2D 04 2E 04 30 04 00 00,20,0x07,144.0,yes
hci_snoop_2025_11_26_15_14_35.cfa,1412,2025-11-26T15:15:45.017Z,07 E3 01 00 00 03,6,0x07,1,1414,2025-11-26T15:15:45.163Z,07 E3 01 00 00 03 49 01 49 01 49 01 31 04 32 04 32 04 00 00,20,0x07,146.0,yes
hci_snoop_2025_11_26_15_14_35.cfa,1416,2025-11-26T15:15:45.284Z,07 E6 01 00 00 03,6,0x07,1,1418,2025-11-26T15:15:45.433Z,07 E6 01 00 00 03 4A 01 4A 01 4A 01 33 04 33 04 33 04 00 00,20,0x07,149.0,yes
hci_snoop_2025_11_26_15_14_35.cfa,1420,2025-11-26T15:15:45.551Z,07 E9 01 00 00 03,6,0x07,1,1422,2025-11-26T15:15:45.704Z,07 E9 01 00 00 03 4B 01 4B 01 4B 01 33 04 33 04 33 04 00 00,20,0x07,153.0,yes
hci_snoop_2025_11_26_15_14_35.cfa,1424,2025-11-26T15:15:45.817Z,07 EC 01 00 00 03,6,0x07,1,1426,2025-11-26T15:15:45.974Z,07 EC 01 00 00 03 4B 01 4C 01 4C 01 32 04 32 04 32 04 00 00,20,0x07,157.0,yes
hci_snoop_2025_11_26_15_14_35.cfa,1428,2025-11-26T15:15:46.101Z,07 EF 01 00 00 03,6,0x07,1,1430,2025-11-26T15:15:46.243Z,07 EF 01 00 00 03 4C 01 4D 01 4D 01 31 04 31 04 31 04 00 00,20,0x07,142.0,yes
hci_snoop_2025_11_26_15_14_35.cfa,1432,2025-11-26T15:15:46.369Z,07 F2 01 00 00 03,6,0x07,1,1434,2025-11-26T15:15:46.513Z,07 F2 01 00 00 03 4E 01 4E 01 4E 01 30 04 2F 04 2F 04 00 00,20,0x07,144.0,yes
hci_snoop_2025_11_26_15_14_35.cfa,1436,2025-11-26T15:15:46.634Z,07 F5 01 00 00 03,6,0x07,1,1438,2025-11-26T15:15:46.784Z,07 F5 01 00 00 03 4E 01 4E 01 4E 01 2F 04 2E 04 2E 04 00 00,20,0x07,150.0,yes
hci_snoop_2025_11_26_15_14_35.cfa,1440,2025-11-26T15:15:46.902Z,07 F8 01 00 00 03,6,0x07,1,1442,2025-11-26T15:15:47.054Z,07 F8 01 00 00 03 4E 01 4E 01 4E 01 2E 04 2F 04 2F 04 00 00,20,0x07,152.0,yes
hci_snoop_2025_11_26_15_14_35.cfa,1444,2025-11-26T15:15:47.167Z,07 FB 01 00 00 03,6,0x07,1,1446,2025-11-26T15:15:47.323Z,07 FB 01 00 00 03 4E 01 4E 01 4D 01 2F 04 2F 04 2F 04 00 00,20,0x07,156.0,yes
hci_snoop_2025_11_26_15_14_35.cfa,1448,2025-11-26T15:15:47.435Z,07 FE 01 00 00 03,6,0x07,1,1450,2025-11-26T15:15:47.594Z,07 FE 01 00 00 03 4D 01 4D 01 4C 01 2F 04 2F 04 2F 04 00 00,20,0x07,159.0,yes
hci_snoop_2025_11_26_15_14_35.cfa,1452,2025-11-26T15:15:47.716Z,07 01 02 00 00 03,6,0x07,1,1454,2025-11-26T15:15:47.863Z,07 01 02 00 00 03 4C 01 4C 01 4C 01 30 04 30 04 30 04 00 00,20,0x07,147.0,yes
hci_snoop_2025_11_26_15_14_35.cfa,1456,2025-11-26T15:15:47.986Z,07 04 02 00 00 03,6,0x07,1,1458,2025-11-26T15:15:48.135Z,07 04 02 00 00 03 4C 01 4C 01 4C 01 30 04 30 04 30 04 00 00,20,0x07,149.0,yes
hci_snoop_2025_11_26_15_14_35.cfa,1460,2025-11-26T15:15:48.251Z,07 07 02 00 00 03,6,0x07,1,1462,2025-11-26T15:15:48.404Z,07 07 02 00 00 03 4C 01 4C 01 4C 01 30 04 30 04 30 04 00 00,20,0x07,153.0,yes
hci_snoop_2025_11_26_15_14_35.cfa,1464,2025-11-26T15:15:48.517Z,07 0A 02 00 00 03,6,0x07,1,1466,2025-11-26T15:15:48.673Z,07 0A 02 00 00 03 4B 01 4C 01 4B 01 30 04 31 04 31 04 00 00,20,0x07,156.0,yes
hci_snoop_2025_11_26_15_14_35.cfa,1468,2025-11-26T15:15:48.801Z,07 0D 02 00 00 03,6,0x07,1,1470,2025-11-26T15:15:48.943Z,07 0D 02 00 00 03 4C 01 4C 01 4C 01 31 04 31 04 31 04 00 00,20,0x07,142.0,yes
hci_snoop_2025_11_26_15_14_35.cfa,1472,2025-11-26T15:15:49.067Z,07 10 02 00 00 03,6,0x07,1,1474,2025-11-26T15:15:49.214Z,07 10 02 00 00 03 4C 01 4C 01 4C 01 31 04 30 04 2F 04 00 00,20,0x07,147.0,yes
hci_snoop_2025_11_26_15_14_35.cfa,1476,2025-11-26T15:15:49.335Z,07 13 02 00 00 03,6,0x07,1,1478,2025-11-26T15:15:49.484Z,07 13 02 00 00 03 4C 01 4D 01 4F 01 2F 04 31 04 2A 04 00 00,20,0x07,149.0,yes
hci_snoop_2025_11_26_15_14_35.cfa,1480,2025-11-26T15:15:49.601Z,07 16 02 00 00 03,6,0x07,1,1482,2025-11-26T15:15:49.753Z,07 16 02 00 00 03 3A 01 42 01 46 01 5A 03 85 03 A0 03 00 00,20,0x07,152.0,yes
hci_snoop_2025_11_26_15_14_35.cfa,1484,2025-11-26T15:15:49.868Z,07 19 02 00 00 03,6,0x07,1,1486,2025-11-26T15:15:50.023Z,07 19 02 00 00 03 4A 01 4C 01 4D 01 AE 03 B7 03 BD 03 00 00,20,0x07,155.0,yes
hci_snoop_2025_11_26_15_14_35.cfa,1488,2025-11-26T15:15:50.149Z,07 1C 02 00 00 03,6,0x07,1,1490,2025-11-26T15:15:50.293Z,07 1C 02 00 00 03 4E 01 50 01 54 01 C2 03 C5 03 C9 03 00 00,20,0x07,144.0,yes
hci_snoop_2025_11_26_15_14_35.cfa,1492,2025-11-26T15:15:50.418Z,07 1F 02 00 00 03,6,0x07,1,1494,2025-11-26T15:15:50.563Z,07 1F 02 00 00 03 58 01 5A 01 5D 01 CF 03 D1 03 D2 03 00 00,20,0x07,145.0,yes
hci_snoop_2025_11_26_15_14_35.cfa,1496,2025-11-26T15:15:50.683Z,07 22 02 00 00 03,6,0x07,1,1498,2025-11-26T15:15:50.833Z,07 22 02 00 00 03 5C 01 5C 01 5D 01 C6 03 C6 03 C9 03 00 00,20,0x07,150.0,yes
hci_snoop_2025_11_26_15_14_35.cfa,1500,2025-11-26T15:15:50.951Z,07 25 02 00 00 03,6,0x07,1,1502,2025-11-26T15:15:51.104Z,07 25 02 00 00 03 5C 01 5E 01 5E 01 CB 03 D3 03 D5 03 00 00,20,0x07,153.0,yes
hci_snoop_2025_11_26_15_14_35.cfa,1504,2025-11-26T15:15:51.216Z,07 28 02 00 00 03,6,0x07,1,1506,2025-11-26T15:15:51.374Z,07 28 02 00 00 03 62 01 65 01 67 01 D7 03 CF 03 CD 03 00 00,20,0x07,158.0,yes
hci_snoop_2025_11_26_15_14_35.cfa,1508,2025-11-26T15:15:51.500Z,07 2B 02 00 00 03,6,0x07,1,1510,2025-11-26T15:15:51.644Z,07 2B 02 00 00 03 66 01 67 01 67 01 D1 03 D0 03 D2 03 00 00,20,0x07,144.0,yes
hci_snoop_2025_11_26_15_14_35.cfa,1512,2025-11-26T15:15:51.767Z,07 2E 02 00 00 03,6,0x07,1,1514,2025-11-26T15:15:51.914Z,07 2E 02 00 00 03 63 01 60 01 5E 01 DA 03 E3 03 EB 03 00 00,20,0x07,147.0,yes
hci_snoop_2025_11_26_15_14_35.cfa,1516,2025-11-26T15:15:52.035Z,07 31 02 00 00 03,6,0x07,1,1518,2025-11-26T15:15:52.186Z,07 31 02 00 00 03 5D 01 5D 01 5E 01 F1 03 F5 03 FA 03 00 00,20,0x07,151.0,yes
hci_snoop_2025_11_26_15_14_35.cfa,1520,2025-11-26T15:15:52.300Z,07 34 02 00 00 03,6,0x07,1,1522,2025-11-26T15:15:52.454Z,07 34 02 00 00 03 5D 01 5B 01 5C 01 F9 03 5B 03 90 03 00 00,20,0x07,154.0,yes
hci_snoop_2025_11_26_15_14_35.cfa,1524,2025-11-26T15:15:52.567Z,07 37 02 00 00 03,6,0x07,1,1526,2025-11-26T15:15:52.724Z,07 37 02 00 00 03 5E 01 5F 01 5F 01 A6 03 AD 03 BA 03 00 00,20,0x07,157.0,yes
hci_snoop_2025_11_26_15_14_35.cfa,1528,2025-11-26T15:15:52.935Z,07 3A 02 00 00 03,6,0x07,1,1530,2025-11-26T15:15:53.173Z,07 3A 02 00 00 03 61 01 63 01 64 01 BC 03 BE 03 C1 03 00 00,20,0x07,238.0,yes
hci_snoop_2025_11_26_15_14_35.cfa,1532,2025-11-26T15:15:53.303Z,07 3D 02 00 00 03,6,0x07,1,1534,2025-11-26T15:15:53.443Z,07 3D 02 00 00 03 66 01 68 01 68 01 C1 03 C2 03 C3 03 00 00,20,0x07,140.0,yes
hci_snoop_2025_11_26_15_14_35.cfa,1536,2025-11-26T15:15:53.568Z,07 40 02 00 00 03,6,0x07,1,1538,2025-11-26T15:15:53.714Z,07 40 02 00 00 03 69 01 69 01 68 01 C6 03 C7 03 C6 03 00 00,20,0x07,146.0,yes
hci_snoop_2025_11_26_15_14_35.cfa,1540,2025-11-26T15:15:53.832Z,07 43 02 00 00 03,6,0x07,1,1542,2025-11-26T15:15:53.984Z,07 43 02 00 00 03 65 01 65 01 65 01 9D 03 B2 03 BC 03 00 00,20,0x07,152.0,yes
hci_snoop_2025_11_26_15_14_35.cfa,1544,2025-11-26T15:15:54.100Z,07 46 02 00 00 03,6,0x07,1,1546,2025-11-26T15:15:54.254Z,07 46 02 00 00 03 65 01 63 01 60 01 C1 03 C7 03 CF 03 00 00,20,0x07,154.0,yes
hci_snoop_2025_11_26_15_14_35.cfa,1548,2025-11-26T15:15:54.367Z,07 49 02 00 00 03,6,0x07,1,1550,2025-11-26T15:15:54.524Z,07 49 02 00 00 03 5E 01 5A 01 59 01 D7 03 D3 03 D7 03 00 00,20,0x07,157.0,yes
hci_snoop_2025_11_26_15_14_35.cfa,1552,2025-11-26T15:15:54.651Z,07 4C 02 00 00 03,6,0x07,1,1554,2025-11-26T15:15:54.794Z,07 4C 02 00 00 03 57 01 55 01 54 01 DD 03 E3 03 E9 03 00 00,20,0x07,143.0,yes
hci_snoop_2025_11_26_15_14_35.cfa,1556,2025-11-26T15:15:54.919Z,07 4F 02 00 00 03,6,0x07,1,1558,2025-11-26T15:15:55.064Z,07 4F 02 00 00 03 52 01 51 01 50 01 EF 03 F4 03 F8 03 00 00,20,0x07,145.0,yes
hci_snoop_2025_11_26_15_14_35.cfa,1560,2025-11-26T15:15:55.185Z,07 52 02 00 00 03,6,0x07,1,1562,2025-11-26T15:15:55.333Z,07 52 02 00 00 03 4F 01 4F 01 4E 01 FD 03 01 04 04 04 00 00,20,0x07,148.0,yes
hci_snoop_2025_11_26_15_14_35.cfa,1564,2025-11-26T15:15:55.449Z,07 55 02 00 00 03,6,0x07,1,1566,2025-11-26T15:15:55.605Z,07 55 02 00 00 03 4E 01 4D 01 4D 01 07 04 0B 04 0E 04 00 00,20,0x07,156.0,yes
hci_snoop_2025_11_26_15_14_35.cfa,1568,2025-11-26T15:15:55.715Z,07 58 02 00 00 03,6,0x07,1,1570,2025-11-26T15:15:55.874Z,07 58 02 00 00 03 4C 01 4C 01 4C 01 11 04 15 04 18 04 00 00,20,0x07,159.0,yes
hci_snoop_2025_11_26_15_14_35.cfa,1572,2025-11-26T15:15:56.003Z,07 5B 02 00 00 03,6,0x07,1,1574,2025-11-26T15:15:56.143Z,07 5B 02 00 00 03 4C 01 4C 01 4D 01 1B 04 1E 04 23 04 00 00,20,0x07,140.0,yes
hci_snoop_2025_11_26_15_14_35.cfa,1576,2025-11-26T15:15:56.268Z,07 5E 02 00 00 03,6,0x07,1,1578,2025-11-26T15:15:56.414Z,07 5E 02 00 00 03 50 01 54 01 58 01 23 04 1D 04 1A 04 00 00,20,0x07,146.0,yes
hci_snoop_2025_11_26_15_14_35.cfa,1580,2025-11-26T15:15:56.533Z,07 61 02 00 00 03,6,0x07,1,1582,2025-11-26T15:15:56.685Z,07 61 02 00 00 03 5D 01 61 01 67 01 13 04 0B 04 0B 04 00 00,20,0x07,152.0,yes
hci_snoop_2025_11_26_15_14_35.cfa,1584,2025-11-26T15:15:56.801Z,07 64 02 00 00 03,6,0x07,1,1586,2025-11-26T15:15:56.953Z,07 64 02 00 00 03 6B 01 6D 01 6F 01 FD 03 F6 03 F2 03 00 00,20,0x07,152.0,yes
hci_snoop_2025_11_26_15_14_35.cfa,1588,2025-11-26T15:15:57.068Z,07 67 02 00 00 03,6,0x07,1,1590,2025-11-26T15:15:57.223Z,07 67 02 00 00 03 72 01 73 01 73 01 F3 03 ED 03 ED 03 00 00,20,0x07,155.0,yes
hci_snoop_2025_11_26_15_14_35.cfa,1592,2025-11-26T15:15:57.436Z,07 6A 02 00 00 03,6,0x07,1,1594,2025-11-26T15:15:57.585Z,07 6A 02 00 00 03 71 01 6D 01 69 01 EE 03 F0 03 F5 03 00 00,20,0x07,149.0,yes
hci_snoop_2025_11_26_15_14_35.cfa,1596,2025-11-26T15:15:57.702Z,07 6D 02 00 00 03,6,0x07,1,1598,2025-11-26T15:15:57.853Z,07 6D 02 00 00 03 67 01 64 01 62 01 FA 03 FF 03 04 04 00 00,20,0x07,151.0,yes
hci_snoop_2025_11_26_15_14_35.cfa,1600,2025-11-26T15:15:57.967Z,07 70 02 00 00 03,6,0x07,1,1602,2025-11-26T15:15:58.123Z,07 70 02 00 00 03 60 01 5E 01 5D 01 08 04 0C 04 10 04 00 00,20,0x07,156.0,yes
hci_snoop_2025_11_26_15_14_35.cfa,1604,2025-11-26T15:15:58.250Z,07 73 02 00 00 03,6,0x07,1,1606,2025-11-26T15:15:58.394Z,07 73 02 00 00 03 5B 01 5A 01 59 01 14 04 16 04 1A 04 00 00,20,0x07,144.0,yes
hci_snoop_2025_11_26_15_14_35.cfa,1608,2025-11-26T15:15:58.515Z,07 76 02 00 00 03,6,0x07,1,1610,2025-11-26T15:15:58.665Z,07 76 02 00 00 03 58 01 57 01 56 01 1D 04 1F 04 22 04 00 00,20,0x07,150.0,yes
hci_snoop_2025_11_26_15_14_35.cfa,1612,2025-11-26T15:15:58.785Z,07 79 02 00 00 03,6,0x07,1,1614,2025-11-26T15:15:58.935Z,07 79 02 00 00 03 55 01 54 01 54 01 24 04 26 04 29 04 00 00,20,0x07,150.0,yes
hci_snoop_2025_11_26_15_14_35.cfa,1616,2025-11-26T15:15:59.052Z,07 7C 02 00 00 03,6,0x07,1,1618,2025-11-26T15:15:59.204Z,07 7C 02 00 00 03 53 01 52 01 52 01 2B 04 2C 04 2F 04 00 00,20,0x07,152.0,yes
hci_snoop_2025_11_26_15_14_35.cfa,1620,2025-11-26T15:15:59.317Z,07 7F 02 00 00 03,6,0x07,1,1622,2025-11-26T15:15:59.473Z,07 7F 02 00 00 03 51 01 51 01 50 01 30 04 32 04 34 04 00 00,20,0x07,156.0,yes
hci_snoop_2025_11_26_15_14_35.cfa,1624,2025-11-26T15:15:59.602Z,07 82 02 00 00 03,6,0x07,1,1626,2025-11-26T15:15:59.744Z,07 82 02 00 00 03 50 01 50 01 4F 01 35 04 37 04 38 04 00 00,20,0x07,142.0,yes
hci_snoop_2025_11_26_15_14_35.cfa,1628,2025-11-26T15:15:59.870Z,07 85 02 00 00 03,6,0x07,1,1630,2025-11-26T15:16:00.014Z,07 85 02 00 00 03 4F 01 4F 01 4E 01 3A 04 3C 04 3C 04 00 00,20,0x07,144.0,yes
hci_snoop_2025_11_26_15_14_35.cfa,1632,2025-11-26T15:16:00.134Z,07 88 02 00 00 03,6,0x07,1,1634,2025-11-26T15:16:00.284Z,07 88 02 00 00 03 4E 01 4E 01 4E 01 3D 04 3F 04 3F 04 00 00,20,0x07,150.0,yes
hci_snoop_2025_11_26_15_14_35.cfa,1636,2025-11-26T15:16:00.403Z,07 8B 02 00 00 03,6,0x07,1,1638,2025-11-26T15:16:00.554Z,07 8B 02 00 00 03 4E 01 4E 01 4E 01 41 04 41 04 43 04 00 00,20,0x07,151.0,yes
hci_snoop_2025_11_26_15_14_35.cfa,1640,2025-11-26T15:16:00.666Z,07 8E 02 00 00 03,6,0x07,1,1642,2025-11-26T15:16:00.825Z,07 8E 02 00 00 03 4E 01 4E 01 4E 01 43 04 44 04 44 04 00 00,20,0x07,159.0,yes
hci_snoop_2025_11_26_15_14_35.cfa,1645,2025-11-26T15:16:00.949Z,07 91 02 00 00 03,6,0x07,1,1647,2025-11-26T15:16:01.094Z,07 91 02 00 00 03 4E 01 4E 01 4F 01 44 04 44 04 44 04 00 00,20,0x07,145.0,yes
hci_snoop_2025_11_26_15_14_35.cfa,1649,2025-11-26T15:16:01.219Z,07 94 02 00 00 03,6,0x07,1,1651,2025-11-26T15:16:01.363Z,07 94 02 00 00 03 4F 01 4F 01 50 01 44 04 44 04 44 04 00 00,20,0x07,144.0,yes
hci_snoop_2025_11_26_15_14_35.cfa,1653,2025-11-26T15:16:01.487Z,07 97 02 00 00 03,6,0x07,1,1655,2025-11-26T15:16:01.634Z,07 97 02 00 00 03 50 01 50 01 50 01 44 04 43 04 43 04 00 00,20,0x07,147.0,yes
hci_snoop_2025_11_26_15_14_35.cfa,1657,2025-11-26T15:16:01.749Z,07 9A 02 00 00 03,6,0x07,1,1659,2025-11-26T15:16:01.904Z,07 9A 02 00 00 03 51 01 51 01 51 01 43 04 43 04 43 04 00 00,20,0x07,155.0,yes
hci_snoop_2025_11_26_15_14_35.cfa,1661,2025-11-26T15:16:02.019Z,07 9D 02 00 00 03,6,0x07,1,1663,2025-11-26T15:16:02.174Z,07 9D 02 00 00 03 51 01 51 01 51 01 43 04 42 04 41 04 00 00,20,0x07,155.0,yes
hci_snoop_2025_11_26_15_14_35.cfa,1665,2025-11-26T15:16:02.286Z,07 A0 02 00 00 03,6,0x07,1,1667,2025-11-26T15:16:02.443Z,07 A0 02 00 00 03 51 01 51 01 51 01 41 04 41 04 40 04 00 00,20,0x07,157.0,yes
hci_snoop_2025_11_26_15_14_35.cfa,1669,2025-11-26T15:16:02.567Z,07 A3 02 00 00 03,6,0x07,1,1671,2025-11-26T15:16:02.713Z,07 A3 02 00 00 03 51 01 51 01 51 01 40 04 40 04 40 04 00 00,20,0x07,146.0,yes
hci_snoop_2025_11_26_15_14_35.cfa,1673,2025-11-26T15:16:02.834Z,07 A6 02 00 00 03,6,0x07,1,1675,2025-11-26T15:16:02.985Z,07 A6 02 00 00 03 50 01 50 01 50 01 40 04 40 04 40 04 00 00,20,0x07,151.0,yes
hci_snoop_2025_11_26_15_14_35.cfa,1683,2025-11-26T15:16:03.078Z,07 A9 02 00 00 03,6,0x07,1,1685,2025-11-26T15:16:03.255Z,07 A9 02 00 00 03 50 01 50 01 4F 01 41 04 41 04 41 04 00 00,20,0x07,177.0,yes
hci_snoop_2025_11_26_15_14_35.cfa,1687,2025-11-26T15:16:03.351Z,07 AC 02 00 00 03,6,0x07,1,1689,2025-11-26T15:16:03.528Z,07 AC 02 00 00 03 4F 01 4F 01 4F 01 41 04 41 04 41 04 00 00,20,0x07,177.0,yes
hci_snoop_2025_11_26_15_14_35.cfa,1691,2025-11-26T15:16:03.619Z,07 AF 02 00 00 03,6,0x07,1,1693,2025-11-26T15:16:03.796Z,07 AF 02 00 00 03 4F 01 4F 01 4F 01 41 04 41 04 41 04 00 00,20,0x07,177.0,yes
hci_snoop_2025_11_26_15_14_35.cfa,1695,2025-11-26T15:16:03.888Z,07 B2 02 00 00 03,6,0x07,1,1697,2025-11-26T15:16:04.068Z,07 B2 02 00 00 03 4E 01 4E 01 4E 01 41 04 40 04 40 04 00 00,20,0x07,180.0,yes
hci_snoop_2025_11_26_15_14_35.cfa,1699,2025-11-26T15:16:04.161Z,07 B5 02 00 00 03,6,0x07,1,1701,2025-11-26T15:16:04.338Z,07 B5 02 00 00 03 4E 01 4E 01 4E 01 40 04 3F 04 3F 04 00 00,20,0x07,177.0,yes
hci_snoop_2025_11_26_15_14_35.cfa,1703,2025-11-26T15:16:04.431Z,07 B8 02 00 00 03,6,0x07,1,1705,2025-11-26T15:16:04.608Z,07 B8 02 00 00 03 4F 01 4F 01 4F 01 3F 04 3E 04 3D 04 00 00,20,0x07,177.0,yes
hci_snoop_2025_11_26_15_14_35.cfa,1707,2025-11-26T15:16:04.700Z,07 BB 02 00 00 03,6,0x07,1,1709,2025-11-26T15:16:04.879Z,07 BB 02 00 00 03 4F 01 4F 01 50 01 3D 04 3D 04 3C 04 00 00,20,0x07,179.0,yes
hci_snoop_2025_11_26_15_14_35.cfa,1711,2025-11-26T15:16:04.968Z,07 BE 02 00 00 03,6,0x07,1,1713,2025-11-26T15:16:05.145Z,07 BE 02 00 00 03 4F 01 50 01 50 01 3C 04 3B 04 3B 04 00 00,20,0x07,177.0,yes
hci_snoop_2025_11_26_15_14_35.cfa,1715,2025-11-26T15:16:05.242Z,07 C1 02 00 00 03,6,0x07,1,1717,2025-11-26T15:16:05.419Z,07 C1 02 00 00 03 50 01 50 01 50 01 3A 04 3A 04 3A 04 00 00,20,0x07,177.0,yes
hci_snoop_2025_11_26_15_14_35.cfa,1719,2025-11-26T15:16:05.509Z,07 C4 02 00 00 03,6,0x07,1,1721,2025-11-26T15:16:05.688Z,07 C4 02 00 00 03 50 01 50 01 50 01 39 04 39 04 39 04 00 00,20,0x07,179.0,yes
hci_snoop_2025_11_26_15_14_35.cfa,1723,2025-11-26T15:16:05.779Z,07 C7 02 00 00 03,6,0x07,1,1725,2025-11-26T15:16:05.959Z,07 C7 02 00 00 03 50 01 50 01 50 01 38 04 38 04 38 04 00 00,20,0x07,180.0,yes
hci_snoop_2025_11_26_15_14_35.cfa,1727,2025-11-26T15:16:06.050Z,07 CA 02 00 00 03,6,0x07,1,1729,2025-11-26T15:16:06.228Z,07 CA 02 00 00 03 50 01 50 01 4F 01 38 04 38 04 38 04 00 00,20,0x07,178.0,yes
hci_snoop_2025_11_26_15_14_35.cfa,1731,2025-11-26T15:16:06.318Z,07 CD 02 00 00 03,6,0x07,1,1733,2025-11-26T15:16:06.498Z,07 CD 02 00 00 03 4F 01 4F 01 4F 01 39 04 39 04 39 04 00 00,20,0x07,180.0,yes
hci_snoop_2025_11_26_15_14_35.cfa,1735,2025-11-26T15:16:06.592Z,07 D0 02 00 00 03,6,0x07,1,1737,2025-11-26T15:16:06.769Z,07 D0 02 00 00 03 4F 01 4E 01 4E 01 3A 04 3A 04 3A 04 00 00,20,0x07,177.0,yes
hci_snoop_2025_11_26_15_14_35.cfa,1739,2025-11-26T15:16:06.863Z,07 D3 02 00 00 03,6,0x07,1,1741,2025-11-26T15:16:07.038Z,07 D3 02 00 00 03 4E 01 4D 01 4E 01 3A 04 3B 04 3B 04 00 00,20,0x07,175.0,yes
hci_snoop_2025_11_26_15_14_35.cfa,1743,2025-11-26T15:16:07.131Z,07 D6 02 00 00 03,6,0x07,1,1745,2025-11-26T15:16:07.309Z,07 D6 02 00 00 03 4D 01 4D 01 4D 01 3B 04 3C 04 3C 04 00 00,20,0x07,178.0,yes
hci_snoop_2025_11_26_15_14_35.cfa,1747,2025-11-26T15:16:07.401Z,07 D9 02 00 00 03,6,0x07,1,1749,2025-11-26T15:16:07.578Z,07 D9 02 00 00 03 4D 01 4D 01 4D 01 3C 04 3C 04 3C 04 00 00,20,0x07,177.0,yes
hci_snoop_2025_11_26_15_14_35.cfa,1751,2025-11-26T15:16:07.678Z,07 DC 02 00 00 03,6,0x07,1,1753,2025-11-26T15:16:07.845Z,07 DC 02 00 00 03 4D 01 4D 01 4D 01 3C 04 3C 04 3B 04 00 00,20,0x07,167.0,yes
hci_snoop_2025_11_26_15_14_35.cfa,1755,2025-11-26T15:16:07.937Z,07 DF 02 00 00 03,6,0x07,1,1757,2025-11-26T15:16:08.117Z,07 DF 02 00 00 03 4D 01 4D 01 4D 01 3B 04 3A 04 3A 04 00 00,20,0x07,180.0,yes
hci_snoop_2025_11_26_15_14_35.cfa,1759,2025-11-26T15:16:08.208Z,07 E2 02 00 00 03,6,0x07,1,1761,2025-11-26T15:16:08.388Z,07 E2 02 00 00 03 4D 01 4C 01 4C 01 3A 04 C7 03 F4 03 00 00,20,0x07,180.0,yes
hci_snoop_2025_11_26_15_14_35.cfa,1763,2025-11-26T15:16:08.480Z,07 E5 02 00 00 03,6,0x07,1,1765,2025-11-26T15:16:08.658Z,07 E5 02 00 00 03 4C 01 4B 01 4C 01 FE 03 D0 03 DF 03 00 00,20,0x07,178.0,yes
hci_snoop_2025_11_26_15_14_35.cfa,1767,2025-11-26T15:16:08.748Z,07 E8 02 00 00 03,6,0x07,1,1769,2025-11-26T15:16:08.929Z,07 E8 02 00 00 03 4C 01 4D 01 4D 01 EA 03 F4 03 FD 03 00 00,20,0x07,181.0,yes
hci_snoop_2025_11_26_15_14_35.cfa,1771,2025-11-26T15:16:09.019Z,07 EB 02 00 00 03,6,0x07,1,1773,2025-11-26T15:16:09.199Z,07 EB 02 00 00 03 4E 01 4F 01 4F 01 0B 04 16 04 1D 04 00 00,20,0x07,180.0,yes
hci_snoop_2025_11_26_15_14_35.cfa,1775,2025-11-26T15:16:09.289Z,07 EE 02 00 00 03,6,0x07,1,1777,2025-11-26T15:16:09.468Z,07 EE 02 00 00 03 50 01 51 01 52 01 1F 04 23 04 25 04 00 00,20,0x07,179.0,yes
hci_snoop_2025_11_26_15_14_35.cfa,1779,2025-11-26T15:16:09.561Z,07 F1 02 00 00 03,6,0x07,1,1781,2025-11-26T15:16:09.735Z,07 F1 02 00 00 03 52 01 52 01 53 01 26 04 26 04 26 04 00 00,20,0x07,174.0,yes
hci_snoop_2025_11_26_15_14_35.cfa,1783,2025-11-26T15:16:09.831Z,07 F4 02 00 00 03,6,0x07,1,1785,2025-11-26T15:16:10.004Z,07 F4 02 00 00 03 53 01 53 01 54 01 28 04 2A 04 2B 04 00 00,20,0x07,173.0,yes
hci_snoop_2025_11_26_15_14_35.cfa,1787,2025-11-26T15:16:10.097Z,07 F7 02 00 00 03,6,0x07,1,1789,2025-11-26T15:16:10.278Z,07 F7 02 00 00 03 54 01 54 01 54 01 2C 04 2E 04 2F 04 00 00,20,0x07,181.0,yes
hci_snoop_2025_11_26_15_14_35.cfa,1791,2025-11-26T15:16:10.370Z,07 FA 02 00 00 03,6,0x07,1,1793,2025-11-26T15:16:10.548Z,07 FA 02 00 00 03 54 01 54 01 54 01 30 04 31 04 33 04 00 00,20,0x07,178.0,yes
hci_snoop_2025_11_26_15_14_35.cfa,1795,2025-11-26T15:16:10.641Z,07 FD 02 00 00 03,6,0x07,1,1797,2025-11-26T15:16:10.818Z,07 FD 02 00 00 03 54 01 54 01 54 01 34 04 36 04 36 04 00 00,20,0x07,177.0,yes
hci_snoop_2025_11_26_15_14_35.cfa,1799,2025-11-26T15:16:10.909Z,07 00 03 00 00 03,6,0x07,1,1801,2025-11-26T15:16:11.089Z,07 00 03 00 00 03 54 01 54 01 54 01 38 04 38 04 3A 04 00 00,20,0x07,180.0,yes
hci_snoop_2025_11_26_15_14_35.cfa,1803,2025-11-26T15:16:11.177Z,07 03 03 00 00 03,6,0x07,1,1805,2025-11-26T15:16:11.358Z,07 03 03 00 00 03 54 01 54 01 54 01 3A 04 3B 04 3B 04 00 00,20,0x07,181.0,yes
hci_snoop_2025_11_26_15_14_35.cfa,1807,2025-11-26T15:16:11.451Z,07 06 03 00 00 03,6,0x07,1,1809,2025-11-26T15:16:11.628Z,07 06 03 00 00 03 54 01 54 01 53 01 3C 04 3D 04 3F 04 00 00,20,0x07,177.0,yes
hci_snoop_2025_11_26_15_14_35.cfa,1811,2025-11-26T15:16:11.719Z,07 09 03 00 00 03,6,0x07,1,1813,2025-11-26T15:16:11.898Z,07 09 03 00 00 03 53 01 53 01 53 01 42 04 44 04 46 04 00 00,20,0x07,179.0,yes
hci_snoop_2025_11_26_15_14_35.cfa,1815,2025-11-26T15:16:11.990Z,07 0C 03 00 00 03,6,0x07,1,1818,2025-11-26T15:16:12.168Z,07 0C 03 00 00 03 53 01 53 01 53 01 49 04 4B 04 4D 04 00 00,20,0x07,178.0,yes
hci_snoop_2025_11_26_15_14_35.cfa,1820,2025-11-26T15:16:12.261Z,07 0F 03 00 00 03,6,0x07,1,1822,2025-11-26T15:16:12.439Z,07 0F 03 00 00 03 53 01 53 01 52 01 50 04 53 04 56 04 00 00,20,0x07,178.0,yes
hci_snoop_2025_11_26_15_14_35.cfa,1824,2025-11-26T15:16:12.529Z,07 12 03 00 00 03,6,0x07,1,1826,2025-11-26T15:16:12.798Z,07 12 03 00 00 03 52 01 52 01 52 01 58 04 5A 04 5D 04 00 00,20,0x07,269.0,yes
hci_snoop_2025_11_26_15_14_35.cfa,1828,2025-11-26T15:16:12.889Z,07 15 03 00 00 03,6,0x07,1,1830,2025-11-26T15:16:13.069Z,07 15 03 00 00 03 52 01 52 01 52 01 5F 04 61 04 62 04 00 00,20,0x07,180.0,yes
hci_snoop_2025_11_26_15_14_35.cfa,1832,2025-11-26T15:16:13.159Z,07 18 03 00 00 03,6,0x07,1,1834,2025-11-26T15:16:13.337Z,07 18 03 00 00 03 52 01 52 01 51 01 65 04 66 04 69 04 00 00,20,0x07,178.0,yes
hci_snoop_2025_11_26_15_14_35.cfa,1836,2025-11-26T15:16:13.430Z,07 1B 03 00 00 03,6,0x07,1,1838,2025-11-26T15:16:13.607Z,07 1B 03 00 00 03 51 01 51 01 51 01 6B 04 6C 04 6E 04 00 00,20,0x07,177.0,yes
hci_snoop_2025_11_26_15_14_35.cfa,1840,2025-11-26T15:16:13.699Z,07 1E 03 00 00 03,6,0x07,1,1842,2025-11-26T15:16:13.878Z,07 1E 03 00 00 03 51 01 50 01 50 01 70 04 71 04 72 04 00 00,20,0x07,179.0,yes
hci_snoop_2025_11_26_15_14_35.cfa,1844,2025-11-26T15:16:13.968Z,07 21 03 00 00 03,6,0x07,1,1846,2025-11-26T15:16:14.149Z,07 21 03 00 00 03 50 01 50 01 50 01 73 04 74 04 75 04 00 00,20,0x07,181.0,yes
hci_snoop_2025_11_26_15_14_35.cfa,1848,2025-11-26T15:16:14.238Z,07 24 03 00 00 03,6,0x07,1,1850,2025-11-26T15:16:14.416Z,07 24 03 00 00 03 50 01 50 01 4F 01 76 04 78 04 79 04 00 00,20,0x07,178.0,yes
hci_snoop_2025_11_26_15_14_35.cfa,1852,2025-11-26T15:16:14.509Z,07 27 03 00 00 03,6,0x07,1,1854,2025-11-26T15:16:14.689Z,07 27 03 00 00 03 4F 01 4F 01 4F 01 7A 04 7C 04 7C 04 00 00,20,0x07,180.0,yes
hci_snoop_2025_11_26_15_14_35.cfa,1856,2025-11-26T15:16:14.778Z,07 2A 03 00 00 03,6,0x07,1,1858,2025-11-26T15:16:14.958Z,07 2A 03 00 00 03 4F 01 4E 01 4E 01 7A 04 7A 04 7A 04 00 00,20,0x07,180.0,yes
hci_snoop_2025_11_26_15_14_35.cfa,1860,2025-11-26T15:16:15.048Z,07 2D 03 00 00 03,6,0x07,1,1862,2025-11-26T15:16:15.228Z,07 2D 03 00 00 03 4E 01 4E 01 4E 01 7A 04 7A 04 7B 04 00 00,20,0x07,180.0,yes
hci_snoop_2025_11_26_15_14_35.cfa,1864,2025-11-26T15:16:15.320Z,07 30 03 00 00 03,6,0x07,1,1866,2025-11-26T15:16:15.495Z,07 30 03 00 00 03 4F 01 51 01 52 01 7D 04 78 04 76 04 00 00,20,0x07,175.0,yes
hci_snoop_2025_11_26_15_14_35.cfa,1868,2025-11-26T15:16:15.589Z,07 33 03 00 00 03,6,0x07,1,1870,2025-11-26T15:16:15.768Z,07 33 03 00 00 03 3A 01 46 01 4A 01 3A 03 6E 03 A5 03 00 00,20,0x07,179.0,yes
hci_snoop_2025_11_26_15_14_35.cfa,1872,2025-11-26T15:16:15.860Z,07 36 03 00 00 03,6,0x07,1,1874,2025-11-26T15:16:16.038Z,07 36 03 00 00 03 4B 01 52 01 58 01 A4 03 C9 03 CC 03 00 00,20,0x07,178.0,yes
hci_snoop_2025_11_26_15_14_35.cfa,1876,2025-11-26T15:16:16.131Z,07 39 03 00 00 03,6,0x07,1,1878,2025-11-26T15:16:16.308Z,07 39 03 00 00 03 5A 01 63 01 69 01 CE 03 C6 03 BD 03 00 00,20,0x07,177.0,yes
hci_snoop_2025_11_26_15_14_35.cfa,1880,2025-11-26T15:16:16.398Z,07 3C 03 00 00 03,6,0x07,1,1882,2025-11-26T15:16:16.575Z,07 3C 03 00 00 03 66 01 60 01 5F 01 CD 03 E6 03 F4 03 00 00,20,0x07,177.0,yes
hci_snoop_2025_11_26_15_14_35.cfa,1884,2025-11-26T15:16:16.669Z,07 3F 03 00 00 03,6,0x07,1,1886,2025-11-26T15:16:16.847Z,07 3F 03 00 00 03 62 01 66 01 64 01 F9 03 FA 03 02 04 00 00,20,0x07,178.0,yes
hci_snoop_2025_11_26_15_14_35.cfa,1888,2025-11-26T15:16:16.938Z,07 42 03 00 00 03,6,0x07,1,1890,2025-11-26T15:16:17.118Z,07 42 03 00 00 03 64 01 64 01 64 01 0A 04 0F 04 12 04 00 00,20,0x07,180.0,yes
hci_snoop_2025_11_26_15_14_35.cfa,1892,2025-11-26T15:16:17.209Z,07 45 03 00 00 03,6,0x07,1,1894,2025-11-26T15:16:17.385Z,07 45 03 00 00 03 64 01 64 01 64 01 F9 03 02 04 0A 04 00 00,20,0x07,176.0,yes
hci_snoop_2025_11_26_15_14_35.cfa,1896,2025-11-26T15:16:17.480Z,07 48 03 00 00 03,6,0x07,1,1898,2025-11-26T15:16:17.658Z,07 48 03 00 00 03 65 01 66 01 67 01 0F 04 12 04 16 04 00 00,20,0x07,178.0,yes
hci_snoop_2025_11_26_15_14_35.cfa,1900,2025-11-26T15:16:17.753Z,07 4B 03 00 00 03,6,0x07,1,1902,2025-11-26T15:16:17.925Z,07 4B 03 00 00 03 68 01 68 01 69 01 19 04 1B 04 1D 04 00 00,20,0x07,172.0,yes
hci_snoop_2025_11_26_15_14_35.cfa,1904,2025-11-26T15:16:18.020Z,07 4E 03 00 00 03,6,0x07,1,1906,2025-11-26T15:16:18.199Z,07 4E 03 00 00 03 68 01 68 01 67 01 1D 04 1F 04 1D 04 00 00,20,0x07,179.0,yes
hci_snoop_2025_11_26_15_14_35.cfa,1908,2025-11-26T15:16:18.289Z,07 51 03 00 00 03,6,0x07,1,1910,2025-11-26T15:16:18.468Z,07 51 03 00 00 03 5C 01 5F 01 61 01 2E 03 79 03 95 03 00 00,20,0x07,179.0,yes
hci_snoop_2025_11_26_15_14_35.cfa,1912,2025-11-26T15:16:18.558Z,07 54 03 00 00 03,6,0x07,1,1914,2025-11-26T15:16:18.739Z,07 54 03 00 00 03 64 01 64 01 65 01 A5 03 B2 03 C1 03 00 00,20,0x07,181.0,yes
hci_snoop_2025_11_26_15_14_35.cfa,1916,2025-11-26T15:16:18.830Z,07 57 03 00 00 03,6,0x07,1,1918,2025-11-26T15:16:19.008Z,07 57 03 00 00 03 67 01 68 01 69 01 CD 03 D5 03 DC 03 00 00,20,0x07,178.0,yes
hci_snoop_2025_11_26_15_14_35.cfa,1920,2025-11-26T15:16:19.100Z,07 5A 03 00 00 03,6,0x07,1,1922,2025-11-26T15:16:19.278Z,07 5A 03 00 00 03 69 01 69 01 6A 01 E2 03 E8 03 EC 03 00 00,20,0x07,178.0,yes
hci_snoop_2025_11_26_15_14_35.cfa,1924,2025-11-26T15:16:19.372Z,07 5D 03 00 00 03,6,0x07,1,1926,2025-11-26T15:16:19.548Z,07 5D 03 00 00 03 6A 01 6A 01 69 01 F1 03 F6 03 FA 03 00 00,20,0x07,176.0,yes
hci_snoop_2025_11_26_15_14_35.cfa,1928,2025-11-26T15:16:19.638Z,07 60 03 00 00 03,6,0x07,1,1930,2025-11-26T15:16:19.909Z,07 60 03 00 00 03 69 01 67 01 66 01 FB 03 FD 03 01 04 00 00,20,0x07,271.0,yes
hci_snoop_2025_11_26_15_14_35.cfa,1932,2025-11-26T15:16:19.923Z,07 63 03 00 00 03,6,0x07,1,1934,2025-11-26T15:16:20.084Z,07 63 03 00 00 03 64 01 63 01 62 01 04 04 08 04 0B 04 00 00,20,0x07,161.0,yes
hci_snoop_2025_11_26_15_14_35.cfa,1936,2025-11-26T15:16:20.177Z,07 66 03 00 00 03,6,0x07,1,1938,2025-11-26T15:16:20.358Z,07 66 03 00 00 03 61 01 60 01 5F 01 0E 04 11 04 14 04 00 00,20,0x07,181.0,yes
hci_snoop_2025_11_26_15_14_35.cfa,1940,2025-11-26T15:16:20.452Z,07 69 03 00 00 03,6,0x07,1,1942,2025-11-26T15:16:20.629Z,07 69 03 00 00 03 5E 01 5D 01 5C 01 16 04 18 04 1A 04 00 00,20,0x07,177.0,yes
hci_snoop_2025_11_26_15_14_35.cfa,1945,2025-11-26T15:16:20.721Z,07 6C 03 00 00 03,6,0x07,1,1947,2025-11-26T15:16:20.898Z,07 6C 03 00 00 03 5C 01 5B 01 5A 01 1C 04 1D 04 1E 04 00 00,20,0x07,177.0,yes
hci_snoop_2025_11_26_15_14_35.cfa,1949,2025-11-26T15:16:20.990Z,07 6F 03 00 00 03,6,0x07,1,1951,2025-11-26T15:16:21.169Z,07 6F 03 00 00 03 5A 01 59 01 59 01 1F 04 21 04 23 04 00 00,20,0x07,179.0,yes
hci_snoop_2025_11_26_15_14_35.cfa,1953,2025-11-26T15:16:21.258Z,07 72 03 00 00 03,6,0x07,1,1955,2025-11-26T15:16:21.439Z,07 72 03 00 00 03 58 01 58 01 58 01 24 04 25 04 26 04 00 00,20,0x07,181.0,yes
hci_snoop_2025_11_26_15_14_35.cfa,1957,2025-11-26T15:16:21.529Z,07 75 03 00 00 03,6,0x07,1,1959,2025-11-26T15:16:21.705Z,07 75 03 00 00 03 57 01 57 01 56 01 27 04 28 04 29 04 00 00,20,0x07,176.0,yes
hci_snoop_2025_11_26_15_14_35.cfa,1961,2025-11-26T15:16:21.800Z,07 78 03 00 00 03,6,0x07,1,1963,2025-11-26T15:16:21.979Z,07 78 03 00 00 03 56 01 3E 01 3C 01 2A 04 B9 02 0C 03 00 00,20,0x07,179.0,yes
hci_snoop_2025_11_26_15_14_35.cfa,1965,2025-11-26T15:16:22.070Z,07 7B 03 00 00 03,6,0x07,1,1967,2025-11-26T15:16:22.245Z,07 7B 03 00 00 03 40 01 43 01 46 01 46 03 62 03 80 03 00 00,20,0x07,175.0,yes
hci_snoop_2025_11_26_15_14_35.cfa,1969,2025-11-26T15:16:22.337Z,07 7E 03 00 00 03,6,0x07,1,1971,2025-11-26T15:16:22.518Z,07 7E 03 00 00 03 47 01 49 01 4A 01 97 03 A6 03 B2 03 00 00,20,0x07,181.0,yes
hci_snoop_2025_11_26_15_14_35.cfa,1973,2025-11-26T15:16:22.609Z,07 81 03 00 00 03,6,0x07,1,1975,2025-11-26T15:16:22.788Z,07 81 03 00 00 03 4B 01 4C 01 4E 01 BA 03 C1 03 C9 03 00 00,20,0x07,179.0,yes
hci_snoop_2025_11_26_15_14_35.cfa,1977,2025-11-26T15:16:22.879Z,07 84 03 00 00 03,6,0x07,1,1979,2025-11-26T15:16:23.058Z,07 84 03 00 00 03 50 01 53 01 57 01 D4 03 D8 03 DA 03 00 00,20,0x07,179.0,yes
hci_snoop_2025_11_26_15_14_35.cfa,1981,2025-11-26T15:16:23.149Z,07 87 03 00 00 03,6,0x07,1,1983,2025-11-26T15:16:23.327Z,07 87 03 00 00 03 5A 01 5D 01 60 01 DB 03 DD 03 DE 03 00 00,20,0x07,178.0,yes
hci_snoop_2025_11_26_15_14_35.cfa,1985,2025-11-26T15:16:23.423Z,07 8A 03 00 00 03,6,0x07,1,1987,2025-11-26T15:16:23.595Z,07 8A 03 00 00 03 62 01 64 01 66 01 E0 03 E1 03 E3 03 00 00,20,0x07,172.0,yes
hci_snoop_2025_11_26_15_14_35.cfa,1989,2025-11-26T15:16:23.689Z,07 8D 03 00 00 03,6,0x07,1,1991,2025-11-26T15:16:23.868Z,07 8D 03 00 00 03 68 01 69 01 6B 01 E4 03 E6 03 E8 03 00 00,20,0x07,179.0,yes
hci_snoop_2025_11_26_15_14_35.cfa,1993,2025-11-26T15:16:23.959Z,07 90 03 00 00 03,6,0x07,1,1995,2025-11-26T15:16:24.134Z,07 90 03 00 00 03 6B 01 69 01 67 01 E2 03 E0 03 E5 03 00 00,20,0x07,175.0,yes
hci_snoop_2025_11_26_15_14_35.cfa,1997,2025-11-26T15:16:24.228Z,07 93 03 00 00 03,6,0x07,1,1999,2025-11-26T15:16:24.408Z,07 93 03 00 00 03 67 01 66 01 64 01 EA 03 E8 03 E9 03 00 00,20,0x07,180.0,yes
hci_snoop_2025_11_26_15_14_35.cfa,2001,2025-11-26T15:16:24.502Z,07 96 03 00 00 03,6,0x07,1,2003,2025-11-26T15:16:24.679Z,07 96 03 00 00 03 63 01 62 01 61 01 EA 03 EC 03 EF 03 00 00,20,0x07,177.0,yes
hci_snoop_2025_11_26_15_14_35.cfa,2005,2025-11-26T15:16:24.770Z,07 99 03 00 00 03,6,0x07,1,2007,2025-11-26T15:16:24.948Z,07 99 03 00 00 03 60 01 60 01 5F 01 F0 03 F2 03 F4 03 00 00,20,0x07,178.0,yes
hci_snoop_2025_11_26_15_14_35.cfa,2009,2025-11-26T15:16:25.038Z,07 9C 03 00 00 03,6,0x07,1,2011,2025-11-26T15:16:25.219Z,07 9C 03 00 00 03 5E 01 5E 01 5E 01 F6 03 F8 03 F9 03 00 00,20,0x07,181.0,yes
hci_snoop_2025_11_26_15_14_35.cfa,2013,2025-11-26T15:16:25.308Z,07 9F 03 00 00 03,6,0x07,1,2015,2025-11-26T15:16:25.488Z,07 9F 03 00 00 03 5D 01 5D 01 5C 01 FB 03 FC 03 FE 03 00 00,20,0x07,180.0,yes
hci_snoop_2025_11_26_15_14_35.cfa,2017,2025-11-26T15:16:25.580Z,07 A2 03 00 00 03,6,0x07,1,2019,2025-11-26T15:16:25.756Z,07 A2 03 00 00 03 5C 01 5B 01 5B 01 FF 03 01 04 02 04 00 00,20,0x07,176.0,yes
hci_snoop_2025_11_26_15_14_35.cfa,2021,2025-11-26T15:16:25.848Z,07 A5 03 00 00 03,6,0x07,1,2023,2025-11-26T15:16:26.025Z,07 A5 03 00 00 03 5A 01 5A 01 5A 01 03 04 04 04 05 04 00 00,20,0x07,177.0,yes
hci_snoop_2025_11_26_15_14_35.cfa,2025,2025-11-26T15:16:26.120Z,07 A8 03 00 00 03,6,0x07,1,2027,2025-11-26T15:16:26.298Z,07 A8 03 00 00 03 59 01 59 01 59 01 07 04 08 04 0A 04 00 00,20,0x07,178.0,yes
hci_snoop_2025_11_26_15_14_35.cfa,2029,2025-11-26T15:16:26.388Z,07 AB 03 00 00 03,6,0x07,1,2031,2025-11-26T15:16:26.568Z,07 AB 03 00 00 03 59 01 58 01 58 01 0B 04 0C 04 0D 04 00 00,20,0x07,180.0,yes
hci_snoop_2025_11_26_15_14_35.cfa,2033,2025-11-26T15:16:26.658Z,07 AE 03 00 00 03,6,0x07,1,2035,2025-11-26T15:16:26.838Z,07 AE 03 00 00 03 57 01 57 01 57 01 0F 04 11 04 12 04 00 00,20,0x07,180.0,yes
hci_snoop_2025_11_26_15_14_35.cfa,2037,2025-11-26T15:16:26.928Z,07 B1 03 00 00 03,6,0x07,1,2039,2025-11-26T15:16:27.110Z,07 B1 03 00 00 03 56 01 56 01 56 01 13 04 14 04 16 04 00 00,20,0x07,182.0,yes
hci_snoop_2025_11_26_15_14_35.cfa,2042,2025-11-26T15:16:27.198Z,07 B4 03 00 00 03,6,0x07,1,2044,2025-11-26T15:16:27.375Z,07 B4 03 00 00 03 55 01 55 01 55 01 17 04 18 04 1A 04 00 00,20,0x07,177.0,yes
hci_snoop_2025_11_26_15_14_35.cfa,2046,2025-11-26T15:16:27.470Z,07 B7 03 00 00 03,6,0x07,1,2048,2025-11-26T15:16:27.649Z,07 B7 03 00 00 03 55 01 54 01 54 01 1B 04 1C 04 1D 04 00 00,20,0x07,179.0,yes
hci_snoop_2025_11_26_15_14_35.cfa,2050,2025-11-26T15:16:27.738Z,07 BA 03 00 00 03,6,0x07,1,2052,2025-11-26T15:16:27.917Z,07 BA 03 00 00 03 54 01 53 01 53 01 1E 04 20 04 21 04 00 00,20,0x07,179.0,yes
hci_snoop_2025_11_26_15_14_35.cfa,2054,2025-11-26T15:16:28.009Z,07 BD 03 00 00 03,6,0x07,1,2056,2025-11-26T15:16:28.188Z,07 BD 03 00 00 03 53 01 53 01 52 01 23 04 24 04 25 04 00 00,20,0x07,179.0,yes
hci_snoop_2025_11_26_15_14_35.cfa,2058,2025-11-26T15:16:28.278Z,07 C0 03 00 00 03,6,0x07,1,2060,2025-11-26T15:16:28.459Z,07 C0 03 00 00 03 52 01 52 01 52 01 26 04 27 04 29 04 00 00,20,0x07,181.0,yes
hci_snoop_2025_11_26_15_14_35.cfa,2062,2025-11-26T15:16:28.549Z,07 C3 03 00 00 03,6,0x07,1,2064,2025-11-26T15:16:28.728Z,07 C3 03 00 00 03 51 01 51 01 51 01 2A 04 2A 04 2B 04 00 00,20,0x07,179.0,yes
hci_snoop_2025_11_26_15_14_35.cfa,2066,2025-11-26T15:16:28.818Z,07 C6 03 00 00 03,6,0x07,1,2068,2025-11-26T15:16:28.999Z,07 C6 03 00 00 03 51 01 51 01 50 01 2C 04 2D 04 2E 04 00 00,20,0x07,181.0,yes
hci_snoop_2025_11_26_15_14_35.cfa,2070,2025-11-26T15:16:29.089Z,07 C9 03 00 00 03,6,0x07,1,2072,2025-11-26T15:16:29.268Z,07 C9 03 00 00 03 50 01 50 01 50 01 2F 04 30 04 11 04 00 00,20,0x07,179.0,yes
hci_snoop_2025_11_26_15_14_35.cfa,2074,2025-11-26T15:16:29.359Z,07 CC 03 00 00 03,6,0x07,1,2076,2025-11-26T15:16:29.539Z,07 CC 03 00 00 03 50 01 4F 01 4F 01 14 04 11 04 F6 03 00 00,20,0x07,180.0,yes
hci_snoop_2025_11_26_15_14_35.cfa,2078,2025-11-26T15:16:29.629Z,07 CF 03 00 00 03,6,0x07,1,2080,2025-11-26T15:16:29.805Z,07 CF 03 00 00 03 51 01 53 01 56 01 F6 03 F7 03 F7 03 00 00,20,0x07,176.0,yes
hci_snoop_2025_11_26_15_14_35.cfa,2082,2025-11-26T15:16:29.904Z,07 D2 03 00 00 03,6,0x07,1,2084,2025-11-26T15:16:30.078Z,07 D2 03 00 00 03 59 01 5D 01 5F 01 F4 03 F0 03 ED 03 00 00,20,0x07,174.0,yes
hci_snoop_2025_11_26_15_14_35.cfa,2086,2025-11-26T15:16:30.164Z,07 D5 03 00 00 03,6,0x07,1,2088,2025-11-26T15:16:30.348Z,07 D5 03 00 00 03 61 01 62 01 64 01 EB 03 EA 03 E8 03 00 00,20,0x07,184.0,yes
hci_snoop_2025_11_26_15_14_35.cfa,2090,2025-11-26T15:16:30.437Z,07 D8 03 00 00 03,6,0x07,1,2092,2025-11-26T15:16:30.619Z,07 D8 03 00 00 03 66 01 68 01 69 01 E6 03 E4 03 E3 03 00 00,20,0x07,182.0,yes
hci_snoop_2025_11_26_15_14_35.cfa,2094,2025-11-26T15:16:30.710Z,07 DB 03 00 00 03,6,0x07,1,2096,2025-11-26T15:16:30.888Z,07 DB 03 00 00 03 6A 01 6A 01 6B 01 E2 03 E2 03 E1 03 00 00,20,0x07,178.0,yes
hci_snoop_2025_11_26_15_14_35.cfa,2098,2025-11-26T15:16:30.980Z,07 DE 03 00 00 03,6,0x07,1,2100,2025-11-26T15:16:31.155Z,07 DE 03 00 00 03 6B 01 6A 01 6A 01 E2 03 E2 03 E4 03 00 00,20,0x07,175.0,yes
hci_snoop_2025_11_26_15_14_35.cfa,2102,2025-11-26T15:16:31.254Z,07 E1 03 00 00 03,6,0x07,1,2104,2025-11-26T15:16:31.428Z,07 E1 03 00 00 03 6A 01 68 01 67 01 E7 03 EC 03 F1 03 00 00,20,0x07,174.0,yes
hci_snoop_2025_11_26_15_14_35.cfa,2106,2025-11-26T15:16:31.518Z,07 E4 03 00 00 03,6,0x07,1,2108,2025-11-26T15:16:31.695Z,07 E4 03 00 00 03 66 01 65 01 63 01 F5 03 F9 03 FC 03 00 00,20,0x07,177.0,yes
hci_snoop_2025_11_26_15_14_35.cfa,2110,2025-11-26T15:16:31.792Z,07 E7 03 00 00 03,6,0x07,1,2112,2025-11-26T15:16:31.967Z,07 E7 03 00 00 03 62 01 61 01 60 01 FF 03 02 04 05 04 00 00,20,0x07,175.0,yes
hci_snoop_2025_11_26_15_14_35.cfa,2114,2025-11-26T15:16:32.061Z,07 EA 03 00 00 03,6,0x07,1,2116,2025-11-26T15:16:32.238Z,07 EA 03 00 00 03 5F 01 5E 01 5D 01 08 04 0A 04 0B 04 00 00,20,0x07,177.0,yes
hci_snoop_2025_11_26_15_14_35.cfa,2118,2025-11-26T15:16:32.329Z,07 ED 03 00 00 03,6,0x07,1,2120,2025-11-26T15:16:32.506Z,07 ED 03 00 00 03 5C 01 5B 01 5B 01 0D 04 0E 04 10 04 00 00,20,0x07,177.0,yes
hci_snoop_2025_11_26_15_14_35.cfa,2122,2025-11-26T15:16:32.602Z,07 F0 03 00 00 03,6,0x07,1,2124,2025-11-26T15:16:32.775Z,07 F0 03 00 00 03 5A 01 59 01 58 01 11 04 12 04 14 04 00 00,20,0x07,173.0,yes
hci_snoop_2025_11_26_15_14_35.cfa,2126,2025-11-26T15:16:32.872Z,07 F3 03 00 00 03,6,0x07,1,2128,2025-11-26T15:16:33.044Z,07 F3 03 00 00 03 58 01 57 01 56 01 15 04 16 04 18 04 00 00,20,0x07,172.0,yes
hci_snoop_2025_11_26_15_14_35.cfa,2130,2025-11-26T15:16:33.141Z,07 F6 03 00 00 03,6,0x07,1,2132,2025-11-26T15:16:33.318Z,07 F6 03 00 00 03 56 01 55 01 54 01 19 04 1A 04 1B 04 00 00,20,0x07,177.0,yes
hci_snoop_2025_11_26_15_14_35.cfa,2134,2025-11-26T15:16:33.408Z,07 F9 03 00 00 03,6,0x07,1,2136,2025-11-26T15:16:33.589Z,07 F9 03 00 00 03 54 01 53 01 53 01 1C 04 1D 04 1E 04 00 00,20,0x07,181.0,yes
hci_snoop_2025_11_26_15_14_35.cfa,2138,2025-11-26T15:16:33.679Z,07 FC 03 00 00 03,6,0x07,1,2140,2025-11-26T15:16:33.855Z,07 FC 03 00 00 03 52 01 52 01 52 01 1F 04 20 04 21 04 00 00,20,0x07,176.0,yes
hci_snoop_2025_11_26_15_14_35.cfa,2142,2025-11-26T15:16:33.953Z,07 FF 03 00 00 03,6,0x07,1,2144,2025-11-26T15:16:34.128Z,07 FF 03 00 00 03 51 01 51 01 51 01 21 04 22 04 22 04 00 00,20,0x07,175.0,yes
hci_snoop_2025_11_26_15_14_35.cfa,2146,2025-11-26T15:16:34.221Z,07 02 04 00 00 03,6,0x07,1,2148,2025-11-26T15:16:34.399Z,07 02 04 00 00 03 50 01 50 01 50 01 23 04 23 04 24 04 00 00,20,0x07,178.0,yes
hci_snoop_2025_11_26_15_14_35.cfa,2150,2025-11-26T15:16:34.490Z,07 05 04 00 00 03,6,0x07,1,2152,2025-11-26T15:16:34.668Z,07 05 04 00 00 03 50 01 4F 01 4F 01 24 04 25 04 25 04 00 00,20,0x07,178.0,yes
hci_snoop_2025_11_26_15_14_35.cfa,2154,2025-11-26T15:16:34.763Z,07 08 04 00 00 03,6,0x07,1,2156,2025-11-26T15:16:34.938Z,07 08 04 00 00 03 4F 01 4F 01 4F 01 26 04 26 04 27 04 00 00,20,0x07,175.0,yes
hci_snoop_2025_11_26_15_14_35.cfa,2158,2025-11-26T15:16:35.028Z,07 0B 04 00 00 03,6,0x07,1,2160,2025-11-26T15:16:35.208Z,07 0B 04 00 00 03 4E 01 4E 01 4E 01 27 04 28 04 28 04 00 00,20,0x07,180.0,yes
hci_snoop_2025_11_26_15_14_35.cfa,2162,2025-11-26T15:16:35.298Z,07 0E 04 00 00 03,6,0x07,1,2164,2025-11-26T15:16:35.478Z,07 0E 04 00 00 03 4E 01 4D 01 4D 01 28 04 28 04 29 04 00 00,20,0x07,180.0,yes
hci_snoop_2025_11_26_15_14_35.cfa,2166,2025-11-26T15:16:35.572Z,07 11 04 00 00 03,6,0x07,1,2168,2025-11-26T15:16:35.745Z,07 11 04 00 00 03 4D 01 4D 01 4D 01 29 04 29 04 2A 04 00 00,20,0x07,173.0,yes
hci_snoop_2025_11_26_15_14_35.cfa,2170,2025-11-26T15:16:35.841Z,07 14 04 00 00 03,6,0x07,1,2172,2025-11-26T15:16:36.019Z,07 14 04 00 00 03 4C 01 4C 01 4C 01 2A 04 2A 04 2B 04 00 00,20,0x07,178.0,yes
hci_snoop_2025_11_26_15_14_35.cfa,2174,2025-11-26T15:16:36.111Z,07 17 04 00 00 03,6,0x07,1,2176,2025-11-26T15:16:36.288Z,07 17 04 00 00 03 4C 01 4C 01 4C 01 2B 04 2B 04 2B 04 00 00,20,0x07,177.0,yes
hci_snoop_2025_11_26_15_14_35.cfa,2178,2025-11-26T15:16:36.379Z,07 1A 04 00 00 03,6,0x07,1,2180,2025-11-26T15:16:36.558Z,07 1A 04 00 00 03 4C 01 4C 01 4C 01 2B 04 2A 04 2A 04 00 00,20,0x07,179.0,yes
hci_snoop_2025_11_26_15_14_35.cfa,2182,2025-11-26T15:16:36.651Z,07 1D 04 00 00 03,6,0x07,1,2184,2025-11-26T15:16:36.829Z,07 1D 04 00 00 03 4C 01 4C 01 4D 01 29 04 29 04 28 04 00 00,20,0x07,178.0,yes
hci_snoop_2025_11_26_15_14_35.cfa,2186,2025-11-26T15:16:36.918Z,07 20 04 00 00 03,6,0x07,1,2188,2025-11-26T15:16:37.098Z,07 20 04 00 00 03 4D 01 4D 01 4D 01 28 04 28 04 27 04 00 00,20,0x07,180.0,yes
hci_snoop_2025_11_26_15_14_35.cfa,2190,2025-11-26T15:16:37.191Z,07 23 04 00 00 03,6,0x07,1,2192,2025-11-26T15:16:37.455Z,07 23 04 00 00 03 4D 01 4D 01 4D 01 27 04 27 04 27 04 00 00,20,0x07,264.0,yes
hci_snoop_2025_11_26_15_14_35.cfa,2194,2025-11-26T15:16:37.552Z,07 26 04 00 00 03,6,0x07,1,2196,2025-11-26T15:16:37.724Z,07 26 04 00 00 03 4D 01 4D 01 4D 01 27 04 27 04 27 04 00 00,20,0x07,172.0,yes
hci_snoop_2025_11_26_15_14_35.cfa,2198,2025-11-26T15:16:37.820Z,07 29 04 00 00 03,6,0x07,1,2200,2025-11-26T15:16:38.087Z,07 29 04 00 00 03 4D 01 4C 01 4D 01 27 04 27 04 27 04 00 00,20,0x07,267.0,yes
hci_snoop_2025_11_26_15_14_35.cfa,2202,2025-11-26T15:16:38.178Z,07 2C 04 00 00 03,6,0x07,1,2204,2025-11-26T15:16:38.358Z,07 2C 04 00 00 03 4D 01 4D 01 4D 01 27 04 27 04 27 04 00 00,20,0x07,180.0,yes
hci_snoop_2025_11_26_15_14_35.cfa,2206,2025-11-26T15:16:38.449Z,07 2F 04 00 00 03,6,0x07,1,2208,2025-11-26T15:16:38.625Z,07 2F 04 00 00 03 4D 01 4D 01 4C 01 28 04 29 04 29 04 00 00,20,0x07,176.0,yes
hci_snoop_2025_11_26_15_14_35.cfa,2210,2025-11-26T15:16:38.722Z,07 32 04 00 00 03,6,0x07,1,2212,2025-11-26T15:16:38.896Z,07 32 04 00 00 03 4C 01 4C 01 4C 01 2A 04 2A 04 2A 04 00 00,20,0x07,174.0,yes
hci_snoop_2025_11_26_15_14_35.cfa,2214,2025-11-26T15:16:38.992Z,07 35 04 00 00 03,6,0x07,1,2216,2025-11-26T15:16:39.167Z,07 35 04 00 00 03 4C 01 4C 01 4B 01 2A 04 2B 04 2B 04 00 00,20,0x07,175.0,yes
hci_snoop_2025_11_26_15_14_35.cfa,2218,2025-11-26T15:16:39.259Z,07 38 04 00 00 03,6,0x07,1,2220,2025-11-26T15:16:39.438Z,07 38 04 00 00 03 4C 01 4C 01 4C 01 2B 04 2B 04 2B 04 00 00,20,0x07,179.0,yes
hci_snoop_2025_11_26_15_14_35.cfa,2222,2025-11-26T15:16:39.528Z,07 3B 04 00 00 03,6,0x07,1,2224,2025-11-26T15:16:39.708Z,07 3B 04 00 00 03 4C 01 4C 01 4D 01 2B 04 2B 04 2B 04 00 00,20,0x07,180.0,yes
hci_snoop_2025_11_26_15_14_35.cfa,2226,2025-11-26T15:16:39.799Z,07 3E 04 00 00 03,6,0x07,1,2228,2025-11-26T15:16:39.975Z,07 3E 04 00 00 03 4D 01 4E 01 4E 01 2A 04 2A 04 2A 04 00 00,20,0x07,176.0,yes
hci_snoop_2025_11_26_15_14_35.cfa,2230,2025-11-26T15:16:40.068Z,07 41 04 00 00 03,6,0x07,1,2232,2025-11-26T15:16:40.243Z,07 41 04 00 00 03 4E 01 4E 01 4E 01 2A 04 2A 04 2B 04 00 00,20,0x07,175.0,yes
hci_snoop_2025_11_26_15_14_35.cfa,2234,2025-11-26T15:16:40.343Z,07 44 04 00 00 03,6,0x07,1,2236,2025-11-26T15:16:40.518Z,07 44 04 00 00 03 4E 01 4E 01 4E 01 2B 04 2B 04 2B 04 00 00,20,0x07,175.0,yes
hci_snoop_2025_11_26_15_14_35.cfa,2238,2025-11-26T15:16:40.611Z,07 47 04 00 00 03,6,0x07,1,2240,2025-11-26T15:16:40.789Z,07 47 04 00 00 03 4E 01 4E 01 4E 01 2C 04 2C 04 2C 04 00 00,20,0x07,178.0,yes
hci_snoop_2025_11_26_15_14_35.cfa,2242,2025-11-26T15:16:40.878Z,07 4A 04 00 00 03,6,0x07,1,2244,2025-11-26T15:16:41.058Z,07 4A 04 00 00 03 4E 01 4E 01 4D 01 2D 04 2D 04 2D 04 00 00,20,0x07,180.0,yes
hci_snoop_2025_11_26_15_14_35.cfa,2246,2025-11-26T15:16:41.149Z,07 4D 04 00 00 03,6,0x07,1,2248,2025-11-26T15:16:41.328Z,07 4D 04 00 00 03 4D 01 4D 01 4D 01 2D 04 2E 04 2E 04 00 00,20,0x07,179.0,yes
hci_snoop_2025_11_26_15_14_35.cfa,2250,2025-11-26T15:16:41.417Z,07 50 04 00 00 03,6,0x07,1,2252,2025-11-26T15:16:41.598Z,07 50 04 00 00 03 4C 01 4C 01 4C 01 2F 04 2F 04 30 04 00 00,20,0x07,181.0,yes
hci_snoop_2025_11_26_15_14_35.cfa,2254,2025-11-26T15:16:41.691Z,07 53 04 00 00 03,6,0x07,1,2256,2025-11-26T15:16:41.865Z,07 53 04 00 00 03 4C 01 4C 01 4C 01 31 04 31 04 32 04 00 00,20,0x07,174.0,yes
hci_snoop_2025_11_26_15_14_35.cfa,2258,2025-11-26T15:16:41.961Z,07 56 04 00 00 03,6,0x07,1,2260,2025-11-26T15:16:42.140Z,07 56 04 00 00 03 4B 01 4B 01 4C 01 32 04 33 04 33 04 00 00,20,0x07,179.0,yes
hci_snoop_2025_11_26_15_14_35.cfa,2263,2025-11-26T15:16:42.228Z,07 59 04 00 00 03,6,0x07,1,2265,2025-11-26T15:16:42.405Z,07 59 04 00 00 03 4C 01 3F 01 40 01 35 04 31 03 A4 03 00 00,20,0x07,177.0,yes
hci_snoop_2025_11_26_15_14_35.cfa,2267,2025-11-26T15:16:42.503Z,07 5C 04 00 00 03,6,0x07,1,2269,2025-11-26T15:16:42.679Z,07 5C 04 00 00 03 43 01 45 01 47 01 B2 03 BB 03 C4 03 00 00,20,0x07,176.0,yes
hci_snoop_2025_11_26_15_14_35.cfa,2271,2025-11-26T15:16:42.771Z,07 5F 04 00 00 03,6,0x07,1,2273,2025-11-26T15:16:42.946Z,07 5F 04 00 00 03 48 01 4A 01 4B 01 CD 03 D4 03 D9 03 00 00,20,0x07,175.0,yes
hci_snoop_2025_11_26_15_14_35.cfa,2275,2025-11-26T15:16:43.042Z,07 62 04 00 00 03,6,0x07,1,2277,2025-11-26T15:16:43.218Z,07 62 04 00 00 03 4D 01 4F 01 4F 01 DC 03 DD 03 E0 03 00 00,20,0x07,176.0,yes
hci_snoop_2025_11_26_15_14_35.cfa,2279,2025-11-26T15:16:43.309Z,07 65 04 00 00 03,6,0x07,1,2281,2025-11-26T15:16:43.488Z,07 65 04 00 00 03 50 01 52 01 53 01 E4 03 E6 03 CC 03 00 00,20,0x07,179.0,yes
hci_snoop_2025_11_26_15_14_35.cfa,2283,2025-11-26T15:16:43.579Z,07 68 04 00 00 03,6,0x07,1,2285,2025-11-26T15:16:43.755Z,07 68 04 00 00 03 54 01 56 01 5A 01 B0 03 BA 03 C2 03 00 00,20,0x07,176.0,yes
hci_snoop_2025_11_26_15_14_35.cfa,2287,2025-11-26T15:16:43.849Z,07 6B 04 00 00 03,6,0x07,1,2289,2025-11-26T15:16:44.027Z,07 6B 04 00 00 03 5C 01 5E 01 60 01 C8 03 CC 03 D0 03 00 00,20,0x07,178.0,yes
hci_snoop_2025_11_26_15_14_35.cfa,2291,2025-11-26T15:16:44.121Z,07 6E 04 00 00 03,6,0x07,1,2293,2025-11-26T15:16:44.388Z,07 6E 04 00 00 03 62 01 64 01 65 01 D3 03 D6 03 D9 03 00 00,20,0x07,267.0,yes
hci_snoop_2025_11_26_15_14_35.cfa,2295,2025-11-26T15:16:44.400Z,07 71 04 00 00 03,6,0x07,1,2297,2025-11-26T15:16:44.568Z,07 71 04 00 00 03 66 01 68 01 69 01 DC 03 DE 03 E0 03 00 00,20,0x07,168.0,yes
hci_snoop_2025_11_26_15_14_35.cfa,2299,2025-11-26T15:16:44.660Z,07 74 04 00 00 03,6,0x07,1,2301,2025-11-26T15:16:44.924Z,07 74 04 00 00 03 6A 01 6B 01 6C 01 E2 03 E4 03 E6 03 00 00,20,0x07,264.0,yes
hci_snoop_2025_11_26_15_14_35.cfa,2303,2025-11-26T15:16:44.937Z,07 77 04 00 00 03,6,0x07,1,2305,2025-11-26T15:16:45.108Z,07 77 04 00 00 03 6D 01 6E 01 6C 01 E7 03 E6 03 DB 03 00 00,20,0x07,171.0,yes
hci_snoop_2025_11_26_15_14_35.cfa,2307,2025-11-26T15:16:45.295Z,07 7A 04 00 00 03,6,0x07,1,2309,2025-11-26T15:16:45.468Z,07 7A 04 00 00 03 69 01 67 01 65 01 DB 03 DD 03 DE 03 00 00,20,0x07,173.0,yes
hci_snoop_2025_11_26_15_14_35.cfa,2311,2025-11-26T15:16:45.559Z,07 7D 04 00 00 03,6,0x07,1,2313,2025-11-26T15:16:45.739Z,07 7D 04 00 00 03 64 01 63 01 62 01 E0 03 E2 03 E4 03 00 00,20,0x07,180.0,yes
hci_snoop_2025_11_26_15_14_35.cfa,2315,2025-11-26T15:16:45.830Z,07 80 04 00 00 03,6,0x07,1,2317,2025-11-26T15:16:46.009Z,07 80 04 00 00 03 61 01 60 01 5F 01 E5 03 E6 03 E8 03 00 00,20,0x07,179.0,yes
hci_snoop_2025_11_26_15_14_35.cfa,2319,2025-11-26T15:16:46.098Z,07 83 04 00 00 03,6,0x07,1,2321,2025-11-26T15:16:46.278Z,07 83 04 00 00 03 5E 01 5E 01 5D 01 E9 03 EA 03 EB 03 00 00,20,0x07,180.0,yes
hci_snoop_2025_11_26_15_14_35.cfa,2323,2025-11-26T15:16:46.368Z,07 86 04 00 00 03,6,0x07,1,2325,2025-11-26T15:16:46.548Z,07 86 04 00 00 03 5E 01 5E 01 5E 01 ED 03 F0 03 EF 03 00 00,20,0x07,180.0,yes
hci_snoop_2025_11_26_15_14_35.cfa,2327,2025-11-26T15:16:46.639Z,07 89 04 00 00 03,6,0x07,1,2329,2025-11-26T15:16:46.816Z,07 89 04 00 00 03 5C 01 5C 01 5D 01 E6 03 EA 03 F3 03 00 00,20,0x07,177.0,yes
hci_snoop_2025_11_26_15_14_35.cfa,2331,2025-11-26T15:16:46.910Z,07 8C 04 00 00 03,6,0x07,1,2333,2025-11-26T15:16:47.085Z,07 8C 04 00 00 03 5D 01 5D 01 5D 01 F9 03 FD 03 01 04 00 00,20,0x07,175.0,yes
hci_snoop_2025_11_26_15_14_35.cfa,2335,2025-11-26T15:16:47.179Z,07 8F 04 00 00 03,6,0x07,1,2337,2025-11-26T15:16:47.358Z,07 8F 04 00 00 03 5D 01 5C 01 5B 01 FF 03 FE 03 FE 03 00 00,20,0x07,179.0,yes
hci_snoop_2025_11_26_15_14_35.cfa,2339,2025-11-26T15:16:47.448Z,07 92 04 00 00 03,6,0x07,1,2341,2025-11-26T15:16:47.629Z,07 92 04 00 00 03 5A 01 59 01 59 01 FF 03 FF 03 00 04 00 00,20,0x07,181.0,yes
hci_snoop_2025_11_26_15_14_35.cfa,2343,2025-11-26T15:16:47.719Z,07 95 04 00 00 03,6,0x07,1,2345,2025-11-26T15:16:47.985Z,07 95 04 00 00 03 58 01 58 01 57 01 01 04 01 04 02 04 00 00,20,0x07,266.0,yes
hci_snoop_2025_11_26_15_14_35.cfa,2347,2025-11-26T15:16:48.077Z,07 98 04 00 00 03,6,0x07,1,2349,2025-11-26T15:16:48.257Z,07 98 04 00 00 03 56 01 56 01 56 01 02 04 03 04 03 04 00 00,20,0x07,180.0,yes
hci_snoop_2025_11_26_15_14_35.cfa,2351,2025-11-26T15:16:48.351Z,07 9B 04 00 00 03,6,0x07,1,2353,2025-11-26T15:16:48.528Z,07 9B 04 00 00 03 55 01 55 01 54 01 06 04 08 04 08 04 00 00,20,0x07,177.0,yes
hci_snoop_2025_11_26_15_14_35.cfa,2355,2025-11-26T15:16:48.620Z,07 9E 04 00 00 03,6,0x07,1,2357,2025-11-26T15:16:48.799Z,07 9E 04 00 00 03 54 01 54 01 53 01 0A 04 0B 04 0C 04 00 00,20,0x07,179.0,yes
hci_snoop_2025_11_26_15_14_35.cfa,2359,2025-11-26T15:16:48.890Z,07 A1 04 00 00 03,6,0x07,1,2361,2025-11-26T15:16:49.067Z,07 A1 04 00 00 03 53 01 52 01 52 01 0C 04 0D 04 0D 04 00 00,20,0x07,177.0,yes
hci_snoop_2025_11_26_15_14_35.cfa,2363,2025-11-26T15:16:49.159Z,07 A4 04 00 00 03,6,0x07,1,2365,2025-11-26T15:16:49.335Z,07 A4 04 00 00 03 52 01 51 01 51 01 0D 04 0D 04 0E 04 00 00,20,0x07,176.0,yes
hci_snoop_2025_11_26_15_14_35.cfa,2367,2025-11-26T15:16:49.428Z,07 A7 04 00 00 03,6,0x07,1,2369,2025-11-26T15:16:49.608Z,07 A7 04 00 00 03 50 01 50 01 50 01 0F 04 0F 04 10 04 00 00,20,0x07,180.0,yes
hci_snoop_2025_11_26_15_14_35.cfa,2371,2025-11-26T15:16:49.698Z,07 AA 04 00 00 03,6,0x07,1,2373,2025-11-26T15:16:49.875Z,07 AA 04 00 00 03 4F 01 4F 01 4F 01 11 04 12 04 13 04 00 00,20,0x07,177.0,yes
hci_snoop_2025_11_26_15_14_35.cfa,2375,2025-11-26T15:16:49.975Z,07 AD 04 00 00 03,6,0x07,1,2377,2025-11-26T15:16:50.148Z,07 AD 04 00 00 03 4F 01 4E 01 4E 01 14 04 15 04 17 04 00 00,20,0x07,173.0,yes
hci_snoop_2025_11_26_15_14_35.cfa,2379,2025-11-26T15:16:50.238Z,07 B0 04 00 00 03,6,0x07,1,2381,2025-11-26T15:16:50.417Z,07 B0 04 00 00 03 4E 01 4E 01 4D 01 19 04 1B 04 1D 04 00 00,20,0x07,179.0,yes
hci_snoop_2025_11_26_15_14_35.cfa,2383,2025-11-26T15:16:50.508Z,07 B3 04 00 00 03,6,0x07,1,2385,2025-11-26T15:16:50.688Z,07 B3 04 00 00 03 4D 01 4D 01 4D 01 1F 04 21 04 23 04 00 00,20,0x07,180.0,yes
hci_snoop_2025_11_26_15_14_35.cfa,2388,2025-11-26T15:16:50.877Z,07 B6 04 00 00 03,6,0x07,1,2390,2025-11-26T15:16:51.048Z,07 B6 04 00 00 03 4D 01 4D 01 4D 01 24 04 26 04 27 04 00 00,20,0x07,171.0,yes
hci_snoop_2025_11_26_15_14_35.cfa,2392,2025-11-26T15:16:51.141Z,07 B9 04 00 00 03,6,0x07,1,2394,2025-11-26T15:16:51.319Z,07 B9 04 00 00 03 4E 01 4E 01 4E 01 28 04 29 04 2A 04 00 00,20,0x07,178.0,yes
hci_snoop_2025_11_26_15_14_35.cfa,2396,2025-11-26T15:16:51.410Z,07 BC 04 00 00 03,6,0x07,1,2398,2025-11-26T15:16:51.589Z,07 BC 04 00 00 03 4E 01 4E 01 4F 01 2A 04 2B 04 2B 04 00 00,20,0x07,179.0,yes
hci_snoop_2025_11_26_15_14_35.cfa,2400,2025-11-26T15:16:51.680Z,07 BF 04 00 00 03,6,0x07,1,2402,2025-11-26T15:16:51.859Z,07 BF 04 00 00 03 4F 01 4F 01 50 01 2B 04 2B 04 2B 04 00 00,20,0x07,179.0,yes
hci_snoop_2025_11_26_15_14_35.cfa,2404,2025-11-26T15:16:51.950Z,07 C2 04 00 00 03,6,0x07,1,2406,2025-11-26T15:16:52.128Z,07 C2 04 00 00 03 50 01 50 01 50 01 2B 04 2B 04 2C 04 00 00,20,0x07,178.0,yes
hci_snoop_2025_11_26_15_14_35.cfa,2408,2025-11-26T15:16:52.218Z,07 C5 04 00 00 03,6,0x07,1,2410,2025-11-26T15:16:52.398Z,07 C5 04 00 00 03 50 01 50 01 50 01 2B 04 2B 04 2C 04 00 00,20,0x07,180.0,yes
hci_snoop_2025_11_26_15_14_35.cfa,2412,2025-11-26T15:16:52.490Z,07 C8 04 00 00 03,6,0x07,1,2414,2025-11-26T15:16:52.669Z,07 C8 04 00 00 03 50 01 50 01 4F 01 2D 04 2D 04 2D 04 00 00,20,0x07,179.0,yes
hci_snoop_2025_11_26_15_14_35.cfa,2416,2025-11-26T15:16:52.762Z,07 CB 04 00 00 03,6,0x07,1,2418,2025-11-26T15:16:52.939Z,07 CB 04 00 00 03 4F 01 4F 01 4F 01 2D 04 2E 04 2E 04 00 00,20,0x07,177.0,yes
hci_snoop_2025_11_26_15_14_35.cfa,2420,2025-11-26T15:16:53.028Z,07 CE 04 00 00 03,6,0x07,1,2422,2025-11-26T15:16:53.208Z,07 CE 04 00 00 03 4F 01 4F 01 4F 01 2F 04 2F 04 2F 04 00 00,20,0x07,180.0,yes
hci_snoop_2025_11_26_15_14_35.cfa,2424,2025-11-26T15:16:53.298Z,07 D1 04 00 00 03,6,0x07,1,2426,2025-11-26T15:16:53.478Z,07 D1 04 00 00 03 4F 01 4E 01 4E 01 30 04 31 04 31 04 00 00,20,0x07,180.0,yes
hci_snoop_2025_11_26_15_14_35.cfa,2428,2025-11-26T15:16:53.568Z,07 D4 04 00 00 03,6,0x07,1,2430,2025-11-26T15:16:53.748Z,07 D4 04 00 00 03 4E 01 4E 01 4E 01 31 04 32 04 32 04 00 00,20,0x07,180.0,yes
hci_snoop_2025_11_26_15_14_35.cfa,2432,2025-11-26T15:16:53.838Z,07 D7 04 00 00 03,6,0x07,1,2434,2025-11-26T15:16:54.018Z,07 D7 04 00 00 03 4E 01 4E 01 4E 01 32 04 32 04 33 04 00 00,20,0x07,180.0,yes
hci_snoop_2025_11_26_15_14_35.cfa,2436,2025-11-26T15:16:54.111Z,07 DA 04 00 00 03,6,0x07,1,2438,2025-11-26T15:16:54.288Z,07 DA 04 00 00 03 4E 01 4E 01 4E 01 33 04 34 04 34 04 00 00,20,0x07,177.0,yes
hci_snoop_2025_11_26_15_14_35.cfa,2440,2025-11-26T15:16:54.385Z,07 DD 04 00 00 03,6,0x07,1,2442,2025-11-26T15:16:54.558Z,07 DD 04 00 00 03 4E 01 4F 01 4F 01 34 04 34 04 33 04 00 00,20,0x07,173.0,yes
hci_snoop_2025_11_26_15_14_35.cfa,2444,2025-11-26T15:16:54.651Z,07 E0 04 00 00 03,6,0x07,1,2446,2025-11-26T15:16:54.829Z,07 E0 04 00 00 03 50 01 50 01 51 01 34 04 36 04 35 04 00 00,20,0x07,178.0,yes
hci_snoop_2025_11_26_15_14_35.cfa,2448,2025-11-26T15:16:54.919Z,07 E3 04 00 00 03,6,0x07,1,2450,2025-11-26T15:16:55.098Z,07 E3 04 00 00 03 52 01 53 01 53 01 36 04 35 04 35 04 00 00,20,0x07,179.0,yes
hci_snoop_2025_11_26_15_14_35.cfa,2452,2025-11-26T15:16:55.191Z,07 E6 04 00 00 03,6,0x07,1,2454,2025-11-26T15:16:55.368Z,07 E6 04 00 00 03 54 01 54 01 48 01 35 04 33 04 49 03 00 00,20,0x07,177.0,yes
hci_snoop_2025_11_26_15_14_35.cfa,2456,2025-11-26T15:16:55.460Z,07 E9 04 00 00 03,6,0x07,1,2458,2025-11-26T15:16:55.638Z,07 E9 04 00 00 03 38 01 3E 01 43 01 79 03 A7 03 B5 03 00 00,20,0x07,178.0,yes
hci_snoop_2025_11_26_15_14_35.cfa,2460,2025-11-26T15:16:55.728Z,07 EC 04 00 00 03,6,0x07,1,2462,2025-11-26T15:16:55.909Z,07 EC 04 00 00 03 47 01 4A 01 4C 01 C3 03 CE 03 D7 03 00 00,20,0x07,181.0,yes
hci_snoop_2025_11_26_15_14_35.cfa,2464,2025-11-26T15:16:55.998Z,07 EF 04 00 00 03,6,0x07,1,2466,2025-11-26T15:16:56.179Z,07 EF 04 00 00 03 4F 01 50 01 52 01 DE 03 E3 03 E7 03 00 00,20,0x07,181.0,yes
hci_snoop_2025_11_26_15_14_35.cfa,2468,2025-11-26T15:16:56.268Z,07 F2 04 00 00 03,6,0x07,1,2470,2025-11-26T15:16:56.447Z,07 F2 04 00 00 03 54 01 55 01 57 01 ED 03 F1 03 F4 03 00 00,20,0x07,179.0,yes
hci_snoop_2025_11_26_15_14_35.cfa,2472,2025-11-26T15:16:56.541Z,07 F5 04 00 00 03,6,0x07,1,2474,2025-11-26T15:16:56.718Z,07 F5 04 00 00 03 59 01 59 01 5A 01 F6 03 F6 03 F8 03 00 00,20,0x07,177.0,yes
hci_snoop_2025_11_26_15_14_35.cfa,2476,2025-11-26T15:16:56.810Z,07 F8 04 00 00 03,6,0x07,1,2478,2025-11-26T15:16:56.989Z,07 F8 04 00 00 03 5A 01 5B 01 5C 01 FD 03 02 04 04 04 00 00,20,0x07,179.0,yes
hci_snoop_2025_11_26_15_14_35.cfa,2480,2025-11-26T15:16:57.079Z,07 FB 04 00 00 03,6,0x07,1,2483,2025-11-26T15:16:57.258Z,07 FB 04 00 00 03 5D 01 5D 01 5E 01 07 04 0A 04 0B 04 00 00,20,0x07,179.0,yes
hci_snoop_2025_11_26_15_14_35.cfa,2485,2025-11-26T15:16:57.347Z,07 FE 04 00 00 03,6,0x07,1,2487,2025-11-26T15:16:57.525Z,07 FE 04 00 00 03 5E 01 5E 01 5D 01 0D 04 0D 04 0E 04 00 00,20,0x07,178.0,yes
hci_snoop_2025_11_26_15_14_35.cfa,2489,2025-11-26T15:16:57.620Z,07 01 05 00 00 03,6,0x07,1,2491,2025-11-26T15:16:57.799Z,07 01 05 00 00 03 5D 01 5C 01 5C 01 0F 04 11 04 13 04 00 00,20,0x07,179.0,yes
hci_snoop_2025_11_26_15_14_35.cfa,2493,2025-11-26T15:16:57.888Z,07 04 05 00 00 03,6,0x07,1,2495,2025-11-26T15:16:58.069Z,07 04 05 00 00 03 5C 01 5E 01 54 01 17 04 19 04 62 03 00 00,20,0x07,181.0,yes
hci_snoop_2025_11_26_15_14_35.cfa,2497,2025-11-26T15:16:58.159Z,07 07 05 00 00 03,6,0x07,1,2499,2025-11-26T15:16:58.335Z,07 07 05 00 00 03 42 01 48 01 4C 01 81 03 95 03 A4 03 00 00,20,0x07,176.0,yes
hci_snoop_2025_11_26_15_14_35.cfa,2501,2025-11-26T15:16:58.431Z,07 0A 05 00 00 03,6,0x07,1,2503,2025-11-26T15:16:58.608Z,07 0A 05 00 00 03 50 01 52 01 54 01 B1 03 BE 03 C9 03 00 00,20,0x07,177.0,yes
hci_snoop_2025_11_26_15_14_35.cfa,2505,2025-11-26T15:16:58.699Z,07 0D 05 00 00 03,6,0x07,1,2507,2025-11-26T15:16:58.878Z,07 0D 05 00 00 03 55 01 56 01 57 01 D2 03 DA 03 E1 03 00 00,20,0x07,179.0,yes
hci_snoop_2025_11_26_15_14_35.cfa,2509,2025-11-26T15:16:58.969Z,07 10 05 00 00 03,6,0x07,1,2511,2025-11-26T15:16:59.148Z,07 10 05 00 00 03 58 01 58 01 59 01 E6 03 EB 03 EF 03 00 00,20,0x07,179.0,yes
hci_snoop_2025_11_26_15_14_35.cfa,2513,2025-11-26T15:16:59.242Z,07 13 05 00 00 03,6,0x07,1,2515,2025-11-26T15:16:59.418Z,07 13 05 00 00 03 59 01 59 01 5A 01 F2 03 F6 03 F9 03 00 00,20,0x07,176.0,yes
hci_snoop_2025_11_26_15_14_35.cfa,2517,2025-11-26T15:16:59.508Z,07 16 05 00 00 03,6,0x07,1,2519,2025-11-26T15:16:59.688Z,07 16 05 00 00 03 5A 01 5A 01 59 01 FC 03 FB 03 FC 03 00 00,20,0x07,180.0,yes
hci_snoop_2025_11_26_15_14_35.cfa,2521,2025-11-26T15:16:59.779Z,07 19 05 00 00 03,6,0x07,1,2523,2025-11-26T15:16:59.954Z,07 19 05 00 00 03 59 01 58 01 57 01 FF 03 FC 03 F2 03 00 00,20,0x07,175.0,yes
hci_snoop_2025_11_26_15_14_35.cfa,2525,2025-11-26T15:17:00.048Z,07 1C 05 00 00 03,6,0x07,1,2527,2025-11-26T15:17:00.225Z,07 1C 05 00 00 03 56 01 56 01 55 01 F8 03 FB 03 FE 03 00 00,20,0x07,177.0,yes
hci_snoop_2025_11_26_15_14_35.cfa,2529,2025-11-26T15:17:00.317Z,07 1F 05 00 00 03,6,0x07,1,2531,2025-11-26T15:17:00.498Z,07 1F 05 00 00 03 55 01 54 01 54 01 00 04 03 04 06 04 00 00,20,0x07,181.0,yes
hci_snoop_2025_11_26_15_14_35.cfa,2533,2025-11-26T15:17:00.590Z,07 22 05 00 00 03,6,0x07,1,2535,2025-11-26T15:17:00.769Z,07 22 05 00 00 03 54 01 54 01 53 01 08 04 0A 04 0B 04 00 00,20,0x07,179.0,yes
hci_snoop_2025_11_26_15_14_35.cfa,2537,2025-11-26T15:17:00.857Z,07 25 05 00 00 03,6,0x07,1,2539,2025-11-26T15:17:01.038Z,07 25 05 00 00 03 53 01 53 01 53 01 0E 04 11 04 13 04 00 00,20,0x07,181.0,yes
hci_snoop_2025_11_26_15_14_35.cfa,2541,2025-11-26T15:17:01.130Z,07 28 05 00 00 03,6,0x07,1,2543,2025-11-26T15:17:01.308Z,07 28 05 00 00 03 54 01 55 01 56 01 15 04 16 04 16 04 00 00,20,0x07,178.0,yes
hci_snoop_2025_11_26_15_14_35.cfa,2545,2025-11-26T15:17:01.398Z,07 2B 05 00 00 03,6,0x07,1,2547,2025-11-26T15:17:01.578Z,07 2B 05 00 00 03 56 01 57 01 57 01 18 04 18 04 1A 04 00 00,20,0x07,180.0,yes
hci_snoop_2025_11_26_15_14_35.cfa,2549,2025-11-26T15:17:01.667Z,07 2E 05 00 00 03,6,0x07,1,2551,2025-11-26T15:17:01.848Z,07 2E 05 00 00 03 58 01 59 01 59 01 1B 04 1B 04 1C 04 00 00,20,0x07,181.0,yes
hci_snoop_2025_11_26_15_14_35.cfa,2553,2025-11-26T15:17:01.938Z,07 31 05 00 00 03,6,0x07,1,2555,2025-11-26T15:17:02.115Z,07 31 05 00 00 03 58 01 57 01 56 01 1B 04 1B 04 1B 04 00 00,20,0x07,177.0,yes
hci_snoop_2025_11_26_15_14_35.cfa,2557,2025-11-26T15:17:02.210Z,07 34 05 00 00 03,6,0x07,1,2559,2025-11-26T15:17:02.389Z,07 34 05 00 00 03 56 01 55 01 55 01 1C 04 1D 04 1F 04 00 00,20,0x07,179.0,yes
hci_snoop_2025_11_26_15_14_35.cfa,2561,2025-11-26T15:17:02.481Z,07 37 05 00 00 03,6,0x07,1,2563,2025-11-26T15:17:02.659Z,07 37 05 00 00 03 54 01 54 01 53 01 1F 04 21 04 21 04 00 00,20,0x07,178.0,yes
hci_snoop_2025_11_26_15_14_35.cfa,2565,2025-11-26T15:17:02.749Z,07 3A 05 00 00 03,6,0x07,1,2567,2025-11-26T15:17:02.929Z,07 3A 05 00 00 03 52 01 52 01 52 01 23 04 24 04 25 04 00 00,20,0x07,180.0,yes
hci_snoop_2025_11_26_15_14_35.cfa,2569,2025-11-26T15:17:03.020Z,07 3D 05 00 00 03,6,0x07,1,2571,2025-11-26T15:17:03.199Z,07 3D 05 00 00 03 51 01 51 01 50 01 26 04 27 04 28 04 00 00,20,0x07,179.0,yes
hci_snoop_2025_11_26_15_14_35.cfa,2573,2025-11-26T15:17:03.288Z,07 40 05 00 00 03,6,0x07,1,2575,2025-11-26T15:17:03.468Z,07 40 05 00 00 03 50 01 50 01 50 01 2A 04 2B 04 2D 04 00 00,20,0x07,180.0,yes
hci_snoop_2025_11_26_15_14_35.cfa,2577,2025-11-26T15:17:03.560Z,07 43 05 00 00 03,6,0x07,1,2579,2025-11-26T15:17:03.738Z,07 43 05 00 00 03 50 01 4F 01 4F 01 2E 04 31 04 32 04 00 00,20,0x07,178.0,yes
hci_snoop_2025_11_26_15_14_35.cfa,2581,2025-11-26T15:17:03.830Z,07 46 05 00 00 03,6,0x07,1,2583,2025-11-26T15:17:04.008Z,07 46 05 00 00 03 4F 01 4F 01 4E 01 34 04 36 04 38 04 00 00,20,0x07,178.0,yes
hci_snoop_2025_11_26_15_14_35.cfa,2585,2025-11-26T15:17:04.100Z,07 49 05 00 00 03,6,0x07,1,2587,2025-11-26T15:17:04.278Z,07 49 05 00 00 03 4E 01 4E 01 4E 01 3A 04 3C 04 3D 04 00 00,20,0x07,178.0,yes
hci_snoop_2025_11_26_15_14_35.cfa,2589,2025-11-26T15:17:04.369Z,07 4C 05 00 00 03,6,0x07,1,2591,2025-11-26T15:17:04.545Z,07 4C 05 00 00 03 4D 01 4E 01 4E 01 3E 04 40 04 40 04 00 00,20,0x07,176.0,yes
hci_snoop_2025_11_26_15_14_35.cfa,2593,2025-11-26T15:17:04.640Z,07 4F 05 00 00 03,6,0x07,1,2595,2025-11-26T15:17:04.819Z,07 4F 05 00 00 03 4E 01 4E 01 4D 01 43 04 43 04 44 04 00 00,20,0x07,179.0,yes
hci_snoop_2025_11_26_15_14_35.cfa,2597,2025-11-26T15:17:04.908Z,07 52 05 00 00 03,6,0x07,1,2599,2025-11-26T15:17:05.087Z,07 52 05 00 00 03 4E 01 4E 01 4E 01 45 04 46 04 47 04 00 00,20,0x07,179.0,yes
hci_snoop_2025_11_26_15_14_35.cfa,2601,2025-11-26T15:17:05.178Z,07 55 05 00 00 03,6,0x07,1,2603,2025-11-26T15:17:05.358Z,07 55 05 00 00 03 4E 01 4F 01 4F 01 47 04 48 04 48 04 00 00,20,0x07,180.0,yes
hci_snoop_2025_11_26_15_14_35.cfa,2605,2025-11-26T15:17:05.450Z,07 58 05 00 00 03,6,0x07,1,2607,2025-11-26T15:17:05.628Z,07 58 05 00 00 03 50 01 50 01 50 01 47 04 46 04 46 04 00 00,20,0x07,178.0,yes
hci_snoop_2025_11_26_15_14_35.cfa,2609,2025-11-26T15:17:05.720Z,07 5B 05 00 00 03,6,0x07,1,2611,2025-11-26T15:17:05.899Z,07 5B 05 00 00 03 50 01 50 01 50 01 46 04 46 04 46 04 00 00,20,0x07,179.0,yes
hci_snoop_2025_11_26_15_14_35.cfa,2613,2025-11-26T15:17:05.990Z,07 5E 05 00 00 03,6,0x07,1,2615,2025-11-26T15:17:06.168Z,07 5E 05 00 00 03 50 01 50 01 50 01 46 04 46 04 47 04 00 00,20,0x07,178.0,yes
hci_snoop_2025_11_26_15_14_35.cfa,2617,2025-11-26T15:17:06.258Z,07 61 05 00 00 03,6,0x07,1,2619,2025-11-26T15:17:06.439Z,07 61 05 00 00 03 50 01 50 01 50 01 46 04 48 04 48 04 00 00,20,0x07,181.0,yes
hci_snoop_2025_11_26_15_14_35.cfa,2621,2025-11-26T15:17:06.530Z,07 64 05 00 00 03,6,0x07,1,2623,2025-11-26T15:17:06.709Z,07 64 05 00 00 03 4F 01 4F 01 4F 01 48 04 48 04 49 04 00 00,20,0x07,179.0,yes
hci_snoop_2025_11_26_15_14_35.cfa,2625,2025-11-26T15:17:06.799Z,07 67 05 00 00 03,6,0x07,1,2627,2025-11-26T15:17:06.978Z,07 67 05 00 00 03 4F 01 4F 01 4F 01 49 04 4A 04 4C 04 00 00,20,0x07,179.0,yes
hci_snoop_2025_11_26_15_14_35.cfa,2629,2025-11-26T15:17:07.069Z,07 6A 05 00 00 03,6,0x07,1,2631,2025-11-26T15:17:07.249Z,07 6A 05 00 00 03 4F 01 4F 01 4F 01 4E 04 4E 04 4E 04 00 00,20,0x07,180.0,yes
hci_snoop_2025_11_26_15_14_35.cfa,2633,2025-11-26T15:17:07.339Z,07 6D 05 00 00 03,6,0x07,1,2635,2025-11-26T15:17:07.517Z,07 6D 05 00 00 03 4E 01 4E 01 4F 01 4E 04 4E 04 4D 04 00 00,20,0x07,178.0,yes
hci_snoop_2025_11_26_15_14_35.cfa,2637,2025-11-26T15:17:07.611Z,07 70 05 00 00 03,6,0x07,1,2639,2025-11-26T15:17:07.787Z,07 70 05 00 00 03 4F 01 4F 01 50 01 50 04 52 04 53 04 00 00,20,0x07,176.0,yes
hci_snoop_2025_11_26_15_14_35.cfa,2641,2025-11-26T15:17:07.879Z,07 73 05 00 00 03,6,0x07,1,2643,2025-11-26T15:17:08.058Z,07 73 05 00 00 03 50 01 51 01 52 01 50 04 52 04 53 04 00 00,20,0x07,179.0,yes
hci_snoop_2025_11_26_15_14_35.cfa,2645,2025-11-26T15:17:08.150Z,07 76 05 00 00 03,6,0x07,1,2647,2025-11-26T15:17:08.328Z,07 76 05 00 00 03 52 01 53 01 53 01 52 04 52 04 51 04 00 00,20,0x07,178.0,yes
hci_snoop_2025_11_26_15_14_35.cfa,2649,2025-11-26T15:17:08.419Z,07 79 05 00 00 03,6,0x07,1,2651,2025-11-26T15:17:08.599Z,07 79 05 00 00 03 4A 01 4B 01 4C 01 B4 03 F2 03 FB 03 00 00,20,0x07,180.0,yes
hci_snoop_2025_11_26_15_14_35.cfa,2653,2025-11-26T15:17:08.688Z,07 7C 05 00 00 03,6,0x07,1,2655,2025-11-26T15:17:08.868Z,07 7C 05 00 00 03 4E 01 4F 01 50 01 06 04 0E 04 12 04 00 00,20,0x07,180.0,yes
hci_snoop_2025_11_26_15_14_35.cfa,2657,2025-11-26T15:17:08.959Z,07 7F 05 00 00 03,6,0x07,1,2659,2025-11-26T15:17:09.139Z,07 7F 05 00 00 03 51 01 52 01 52 01 16 04 1A 04 1D 04 00 00,20,0x07,180.0,yes
hci_snoop_2025_11_26_15_14_35.cfa,2661,2025-11-26T15:17:09.230Z,07 82 05 00 00 03,6,0x07,1,2663,2025-11-26T15:17:09.405Z,07 82 05 00 00 03 53 01 54 01 55 01 23 04 26 04 28 04 00 00,20,0x07,175.0,yes
hci_snoop_2025_11_26_15_14_35.cfa,2665,2025-11-26T15:17:09.505Z,07 85 05 00 00 03,6,0x07,1,2667,2025-11-26T15:17:09.679Z,07 85 05 00 00 03 56 01 56 01 57 01 2A 04 2B 04 2B 04 00 00,20,0x07,174.0,yes
hci_snoop_2025_11_26_15_14_35.cfa,2669,2025-11-26T15:17:09.768Z,07 88 05 00 00 03,6,0x07,1,2671,2025-11-26T15:17:09.943Z,07 88 05 00 00 03 57 01 58 01 59 01 2B 04 2C 04 2D 04 00 00,20,0x07,175.0,yes
hci_snoop_2025_11_26_15_14_35.cfa,2673,2025-11-26T15:17:10.044Z,07 8B 05 00 00 03,6,0x07,1,2675,2025-11-26T15:17:10.218Z,07 8B 05 00 00 03 59 01 59 01 59 01 2A 04 28 04 29 04 00 00,20,0x07,174.0,yes
hci_snoop_2025_11_26_15_14_35.cfa,2678,2025-11-26T15:17:10.312Z,07 8E 05 00 00 03,6,0x07,1,2680,2025-11-26T15:17:10.485Z,07 8E 05 00 00 03 59 01 59 01 58 01 28 04 26 04 27 04 00 00,20,0x07,173.0,yes
hci_snoop_2025_11_26_15_14_35.cfa,2682,2025-11-26T15:17:10.579Z,07 91 05 00 00 03,6,0x07,1,2684,2025-11-26T15:17:10.758Z,07 91 05 00 00 03 57 01 57 01 56 01 28 04 29 04 29 04 00 00,20,0x07,179.0,yes
hci_snoop_2025_11_26_15_14_35.cfa,2686,2025-11-26T15:17:10.850Z,07 94 05 00 00 03,6,0x07,1,2688,2025-11-26T15:17:11.028Z,07 94 05 00 00 03 56 01 57 01 58 01 2D 04 30 04 33 04 00 00,20,0x07,178.0,yes
hci_snoop_2025_11_26_15_14_35.cfa,2690,2025-11-26T15:17:11.121Z,07 97 05 00 00 03,6,0x07,1,2692,2025-11-26T15:17:11.298Z,07 97 05 00 00 03 57 01 58 01 58 01 31 04 30 04 33 04 00 00,20,0x07,177.0,yes
hci_snoop_2025_11_26_15_14_35.cfa,2694,2025-11-26T15:17:11.388Z,07 9A 05 00 00 03,6,0x07,1,2696,2025-11-26T15:17:11.565Z,07 9A 05 00 00 03 59 01 59 01 5A 01 34 04 34 04 36 04 00 00,20,0x07,177.0,yes
hci_snoop_2025_11_26_15_14_35.cfa,2698,2025-11-26T15:17:11.662Z,07 9D 05 00 00 03,6,0x07,1,2700,2025-11-26T15:17:11.839Z,07 9D 05 00 00 03 5A 01 5B 01 5B 01 36 04 35 04 35 04 00 00,20,0x07,177.0,yes
hci_snoop_2025_11_26_15_14_35.cfa,2702,2025-11-26T15:17:11.928Z,07 A0 05 00 00 03,6,0x07,1,2704,2025-11-26T15:17:12.108Z,07 A0 05 00 00 03 4D 01 4F 01 50 01 6D 03 AD 03 BD 03 00 00,20,0x07,180.0,yes
hci_snoop_2025_11_26_15_14_35.cfa,2706,2025-11-26T15:17:12.199Z,07 A3 05 00 00 03,6,0x07,1,2708,2025-11-26T15:17:12.378Z,07 A3 05 00 00 03 52 01 52 01 52 01 CA 03 D0 03 D7 03 00 00,20,0x07,179.0,yes
hci_snoop_2025_11_26_15_14_35.cfa,2710,2025-11-26T15:17:12.467Z,07 A6 05 00 00 03,6,0x07,1,2712,2025-11-26T15:17:12.649Z,07 A6 05 00 00 03 52 01 52 01 52 01 DC 03 E1 03 E6 03 00 00,20,0x07,182.0,yes
hci_snoop_2025_11_26_15_14_35.cfa,2714,2025-11-26T15:17:12.738Z,07 A9 05 00 00 03,6,0x07,1,2716,2025-11-26T15:17:12.919Z,07 A9 05 00 00 03 52 01 51 01 51 01 E9 03 ED 03 F1 03 00 00,20,0x07,181.0,yes
hci_snoop_2025_11_26_15_14_35.cfa,2718,2025-11-26T15:17:13.007Z,07 AC 05 00 00 03,6,0x07,1,2720,2025-11-26T15:17:13.189Z,07 AC 05 00 00 03 51 01 51 01 50 01 F4 03 F9 03 FE 03 00 00,20,0x07,182.0,yes
hci_snoop_2025_11_26_15_14_35.cfa,2722,2025-11-26T15:17:13.278Z,07 AF 05 00 00 03,6,0x07,1,2724,2025-11-26T15:17:13.454Z,07 AF 05 00 00 03 50 01 50 01 50 01 02 04 05 04 08 04 00 00,20,0x07,176.0,yes
hci_snoop_2025_11_26_15_14_35.cfa,2726,2025-11-26T15:17:13.552Z,07 B2 05 00 00 03,6,0x07,1,2728,2025-11-26T15:17:13.726Z,07 B2 05 00 00 03 50 01 50 01 50 01 0B 04 0D 04 10 04 00 00,20,0x07,174.0,yes
hci_snoop_2025_11_26_15_14_35.cfa,2730,2025-11-26T15:17:13.821Z,07 B5 05 00 00 03,6,0x07,1,2732,2025-11-26T15:17:13.998Z,07 B5 05 00 00 03 4F 01 4F 01 4F 01 12 04 14 04 15 04 00 00,20,0x07,177.0,yes
hci_snoop_2025_11_26_15_14_35.cfa,2734,2025-11-26T15:17:14.089Z,07 B8 05 00 00 03,6,0x07,1,2736,2025-11-26T15:17:14.268Z,07 B8 05 00 00 03 4F 01 4F 01 4F 01 17 04 19 04 1B 04 00 00,20,0x07,179.0,yes
hci_snoop_2025_11_26_15_14_35.cfa,2738,2025-11-26T15:17:14.358Z,07 BB 05 00 00 03,6,0x07,1,2740,2025-11-26T15:17:14.538Z,07 BB 05 00 00 03 4F 01 4F 01 4F 01 1D 04 1E 04 1F 04 00 00,20,0x07,180.0,yes
hci_snoop_2025_11_26_15_14_35.cfa,2742,2025-11-26T15:17:14.628Z,07 BE 05 00 00 03,6,0x07,1,2744,2025-11-26T15:17:14.807Z,07 BE 05 00 00 03 4F 01 4F 01 4F 01 1F 04 1F 04 20 04 00 00,20,0x07,179.0,yes
hci_snoop_2025_11_26_15_14_35.cfa,2746,2025-11-26T15:17:14.901Z,07 C1 05 00 00 03,6,0x07,1,2748,2025-11-26T15:17:15.078Z,07 C1 05 00 00 03 4E 01 4E 01 4E 01 21 04 21 04 22 04 00 00,20,0x07,177.0,yes
hci_snoop_2025_11_26_15_14_35.cfa,2750,2025-11-26T15:17:15.167Z,07 C4 05 00 00 03,6,0x07,1,2752,2025-11-26T15:17:15.348Z,07 C4 05 00 00 03 4E 01 4E 01 4E 01 23 04 21 04 20 04 00 00,20,0x07,181.0,yes
hci_snoop_2025_11_26_15_14_35.cfa,2754,2025-11-26T15:17:15.440Z,07 C7 05 00 00 03,6,0x07,1,2756,2025-11-26T15:17:15.619Z,07 C7 05 00 00 03 4E 01 4E 01 4E 01 20 04 18 04 1B 04 00 00,20,0x07,179.0,yes
hci_snoop_2025_11_26_15_14_35.cfa,2758,2025-11-26T15:17:15.708Z,07 CA 05 00 00 03,6,0x07,1,2760,2025-11-26T15:17:15.888Z,07 CA 05 00 00 03 4E 01 4E 01 4F 01 21 04 28 04 2B 04 00 00,20,0x07,180.0,yes
hci_snoop_2025_11_26_15_14_35.cfa,2762,2025-11-26T15:17:15.980Z,07 CD 05 00 00 03,6,0x07,1,2764,2025-11-26T15:17:16.159Z,07 CD 05 00 00 03 4F 01 4F 01 4F 01 2E 04 31 04 32 04 00 00,20,0x07,179.0,yes
hci_snoop_2025_11_26_15_14_35.cfa,2766,2025-11-26T15:17:16.248Z,07 D0 05 00 00 03,6,0x07,1,2768,2025-11-26T15:17:16.429Z,07 D0 05 00 00 03 4F 01 4F 01 4F 01 35 04 36 04 39 04 00 00,20,0x07,181.0,yes
hci_snoop_2025_11_26_15_14_35.cfa,2770,2025-11-26T15:17:16.519Z,07 D3 05 00 00 03,6,0x07,1,2772,2025-11-26T15:17:16.695Z,07 D3 05 00 00 03 4F 01 4F 01 4F 01 3A 04 3C 04 3D 04 00 00,20,0x07,176.0,yes
hci_snoop_2025_11_26_15_14_35.cfa,2774,2025-11-26T15:17:16.792Z,07 D6 05 00 00 03,6,0x07,1,2776,2025-11-26T15:17:16.968Z,07 D6 05 00 00 03 4F 01 4F 01 4F 01 3E 04 3F 04 40 04 00 00,20,0x07,176.0,yes
hci_snoop_2025_11_26_15_14_35.cfa,2778,2025-11-26T15:17:17.057Z,07 D9 05 00 00 03,6,0x07,1,2780,2025-11-26T15:17:17.238Z,07 D9 05 00 00 03 4F 01 4F 01 4F 01 41 04 42 04 43 04 00 00,20,0x07,181.0,yes
hci_snoop_2025_11_26_15_14_35.cfa,2782,2025-11-26T15:17:17.330Z,07 DC 05 00 00 03,6,0x07,1,2784,2025-11-26T15:17:17.509Z,07 DC 05 00 00 03 4E 01 4E 01 4E 01 43 04 45 04 45 04 00 00,20,0x07,179.0,yes
hci_snoop_2025_11_26_15_14_35.cfa,2786,2025-11-26T15:17:17.600Z,07 DF 05 00 00 03,6,0x07,1,2788,2025-11-26T15:17:17.775Z,07 DF 05 00 00 03 4E 01 4E 01 4E 01 46 04 46 04 46 04 00 00,20,0x07,175.0,yes
hci_snoop_2025_11_26_15_14_35.cfa,2790,2025-11-26T15:17:17.869Z,07 E2 05 00 00 03,6,0x07,1,2792,2025-11-26T15:17:18.049Z,07 E2 05 00 00 03 4E 01 4E 01 4E 01 46 04 47 04 47 04 00 00,20,0x07,180.0,yes
hci_snoop_2025_11_26_15_14_35.cfa,2794,2025-11-26T15:17:18.137Z,07 E5 05 00 00 03,6,0x07,1,2796,2025-11-26T15:17:18.315Z,07 E5 05 00 00 03 4E 01 4E 01 4F 01 47 04 47 04 48 04 00 00,20,0x07,178.0,yes
hci_snoop_2025_11_26_15_14_35.cfa,2798,2025-11-26T15:17:18.404Z,07 E8 05 00 00 03,6,0x07,1,2852,2025-11-26T15:17:18.584Z,07 E8 05 00 00 03 4F 01 4F 01 4F 01 48 04 48 04 48 04 00 00,20,0x07,180.0,yes
hci_snoop_2025_11_26_15_14_35.cfa,2854,2025-11-26T15:17:18.685Z,07 EB 05 00 00 03,6,0x07,1,2856,2025-11-26T15:17:18.856Z,07 EB 05 00 00 03 4F 01 4F 01 4F 01 47 04 47 04 47 04 00 00,20,0x07,171.0,yes
hci_snoop_2025_11_26_15_14_35.cfa,2858,2025-11-26T15:17:18.951Z,07 EE 05 00 00 03,6,0x07,1,2860,2025-11-26T15:17:19.123Z,07 EE 05 00 00 03 4F 01 4F 01 4F 01 47 04 47 04 47 04 00 00,20,0x07,172.0,yes
hci_snoop_2025_11_26_15_14_35.cfa,2862,2025-11-26T15:17:19.217Z,07 F1 05 00 00 03,6,0x07,1,2864,2025-11-26T15:17:19.395Z,07 F1 05 00 00 03 4F 01 4F 01 4E 01 48 04 48 04 48 04 00 00,20,0x07,178.0,yes
hci_snoop_2025_11_26_15_14_35.cfa,2866,2025-11-26T15:17:19.511Z,07 F4 05 00 00 03,6,0x07,1,2869,2025-11-26T15:17:19.665Z,07 F4 05 00 00 03 4E 01 4F 01 4E 01 48 04 48 04 47 04 00 00,20,0x07,154.0,yes
hci_snoop_2025_11_26_15_14_35.cfa,2871,2025-11-26T15:17:19.780Z,07 F7 05 00 00 03,6,0x07,1,2873,2025-11-26T15:17:19.933Z,07 F7 05 00 00 03 4F 01 4F 01 4F 01 47 04 46 04 46 04 00 00,20,0x07,153.0,yes
hci_snoop_2025_11_26_15_14_35.cfa,2875,2025-11-26T15:17:20.046Z,07 FA 05 00 00 03,6,0x07,1,2877,2025-11-26T15:17:20.204Z,07 FA 05 00 00 03 4F 01 4F 01 4F 01 46 04 46 04 46 04 00 00,20,0x07,158.0,yes
hci_snoop_2025_11_26_15_14_35.cfa,2879,2025-11-26T15:17:20.328Z,07 FD 05 00 00 03,6,0x07,1,2881,2025-11-26T15:17:20.473Z,07 FD 05 00 00 03 4F 01 50 01 50 01 49 04 4A 04 49 04 00 00,20,0x07,145.0,yes
hci_snoop_2025_11_26_15_14_35.cfa,2883,2025-11-26T15:17:20.602Z,07 00 06 00 00 03,6,0x07,1,2885,2025-11-26T15:17:20.745Z,07 00 06 00 00 03 3F 01 40 01 42 01 49 03 9B 03 B6 03 00 00,20,0x07,143.0,yes
hci_snoop_2025_11_26_15_14_35.cfa,2887,2025-11-26T15:17:20.863Z,07 03 06 00 00 03,6,0x07,1,2889,2025-11-26T15:17:21.014Z,07 03 06 00 00 03 44 01 46 01 48 01 C4 03 CF 03 DA 03 00 00,20,0x07,151.0,yes
hci_snoop_2025_11_26_15_14_35.cfa,2891,2025-11-26T15:17:21.131Z,07 06 06 00 00 03,6,0x07,1,2893,2025-11-26T15:17:21.285Z,07 06 06 00 00 03 4A 01 4B 01 4C 01 E0 03 E6 03 ED 03 00 00,20,0x07,154.0,yes
hci_snoop_2025_11_26_15_14_35.cfa,2895,2025-11-26T15:17:21.396Z,07 09 06 00 00 03,6,0x07,1,2912,2025-11-26T15:17:21.553Z,07 09 06 00 00 03 4E 01 4F 01 50 01 F1 03 F5 03 F8 03 00 00,20,0x07,157.0,yes
hci_snoop_2025_11_26_15_14_35.cfa,2919,2025-11-26T15:17:21.680Z,07 0C 06 00 00 03,6,0x07,1,2921,2025-11-26T15:17:21.823Z,07 0C 06 00 00 03 51 01 52 01 53 01 FB 03 FD 03 00 04 00 00,20,0x07,143.0,yes
hci_snoop_2025_11_26_15_14_35.cfa,2923,2025-11-26T15:17:21.947Z,07 0F 06 00 00 03,6,0x07,1,2925,2025-11-26T15:17:22.095Z,07 0F 06 00 00 03 53 01 54 01 54 01 02 04 04 04 06 04 00 00,20,0x07,148.0,yes
hci_snoop_2025_11_26_15_14_35.cfa,2927,2025-11-26T15:17:22.214Z,07 12 06 00 00 03,6,0x07,1,2929,2025-11-26T15:17:22.365Z,07 12 06 00 00 03 55 01 55 01 56 01 08 04 0A 04 0A 04 00 00,20,0x07,151.0,yes
hci_snoop_2025_11_26_15_14_35.cfa,2931,2025-11-26T15:17:22.480Z,07 15 06 00 00 03,6,0x07,1,2933,2025-11-26T15:17:22.633Z,07 15 06 00 00 03 56 01 56 01 56 01 0B 04 0C 04 0C 04 00 00,20,0x07,153.0,yes
hci_snoop_2025_11_26_15_14_35.cfa,2935,2025-11-26T15:17:22.747Z,07 18 06 00 00 03,6,0x07,1,2937,2025-11-26T15:17:22.904Z,07 18 06 00 00 03 57 01 58 01 59 01 0A 04 08 04 05 04 00 00,20,0x07,157.0,yes
hci_snoop_2025_11_26_15_14_35.cfa,2939,2025-11-26T15:17:23.029Z,07 1B 06 00 00 03,6,0x07,1,2941,2025-11-26T15:17:23.173Z,07 1B 06 00 00 03 5A 01 5A 01 5B 01 03 04 02 04 01 04 00 00,20,0x07,144.0,yes
hci_snoop_2025_11_26_15_14_35.cfa,2943,2025-11-26T15:17:23.296Z,07 1E 06 00 00 03,6,0x07,1,2945,2025-11-26T15:17:23.445Z,07 1E 06 00 00 03 5B 01 5C 01 5B 01 FF 03 FF 03 FF 03 00 00,20,0x07,149.0,yes
hci_snoop_2025_11_26_15_14_35.cfa,2947,2025-11-26T15:17:23.562Z,07 21 06 00 00 03,6,0x07,1,2949,2025-11-26T15:17:23.714Z,07 21 06 00 00 03 5B 01 5A 01 5B 01 FF 03 01 04 05 04 00 00,20,0x07,152.0,yes
hci_snoop_2025_11_26_15_14_35.cfa,2951,2025-11-26T15:17:23.830Z,07 24 06 00 00 03,6,0x07,1,2953,2025-11-26T15:17:23.984Z,07 24 06 00 00 03 5C 01 5C 01 5C 01 04 04 06 04 06 04 00 00,20,0x07,154.0,yes
hci_snoop_2025_11_26_15_14_35.cfa,2955,2025-11-26T15:17:24.098Z,07 27 06 00 00 03,6,0x07,1,2957,2025-11-26T15:17:24.254Z,07 27 06 00 00 03 5B 01 5A 01 5A 01 08 04 0F 04 13 04 00 00,20,0x07,156.0,yes
hci_snoop_2025_11_26_15_14_35.cfa,2959,2025-11-26T15:17:24.380Z,07 2A 06 00 00 03,6,0x07,1,2961,2025-11-26T15:17:24.523Z,07 2A 06 00 00 03 5A 01 5A 01 5A 01 11 04 10 04 0E 04 00 00,20,0x07,143.0,yes
hci_snoop_2025_11_26_15_14_35.cfa,2963,2025-11-26T15:17:24.648Z,07 2D 06 00 00 03,6,0x07,1,2965,2025-11-26T15:17:24.794Z,07 2D 06 00 00 03 5A 01 5B 01 6E 01 0E 04 0F 04 F2 03 00 00,20,0x07,146.0,yes
hci_snoop_2025_11_26_15_14_35.cfa,2967,2025-11-26T15:17:24.915Z,07 30 06 00 00 01,6,0x07,1,2969,2025-11-26T15:17:25.063Z,07 30 06 00 00 01 6F 01 E8 03 6E 01 0E 04 0F 04 F2 03 00 00,20,0x07,148.0,yes
hci_snoop_2025_11_26_15_14_35.cfa,3164,2025-11-26T15:18:52.217Z,04 00 00 00 00,5,0x04,0,,,,,,,no
hci_snoop_2025_11_26_15_14_35.cfa,3260,2025-11-26T15:19:27.790Z,18 E7 03 5E,4,0x18,0,,,,,,,no
hci_snoop_2025_11_26_15_14_35.cfa,3426,2025-11-26T15:19:35.406Z,01,1,0x01,1,3428,2025-11-26T15:19:35.419Z,01 32 06 00 00 01 6F 01 E8 03 6E 01 0E 04 0F 04 F2 03 00 00,20,0x01,13.0,yes
hci_snoop_2025_11_26_15_14_35.cfa,3431,2025-11-26T15:19:35.457Z,07 31 06 00 00 01,6,0x07,1,3433,2025-11-26T15:19:35.518Z,07 31 06 00 00 01 78 01 E4 03 6E 01 0E 04 0F 04 F2 03 00 00,20,0x07,61.0,yes
hci_snoop_2025_11_26_15_14_35.cfa,3593,2025-11-26T15:19:48.924Z,18 00 00 70,4,0x18,0,,,,,,,no
old/hci_snoop_2018_01_01_12_06_26.cfa,573,2018-01-01T12:06:41.587Z,1A,1,0x1A,1,576,2018-01-01T12:06:41.619Z,1A 01 00 01 00 00 00 00 00 00 00 00 00 00 00 00 00 00 00 00,20,0x1A,32.0,yes
old/hci_snoop_2018_01_01_12_06_26.cfa,992,2018-01-01T12:07:34.966Z,01,1,0x01,1,994,2018-01-01T12:07:34.989Z,01 67 02 00 00 00 00 00 00 00 00 00 00 00 00 00 00 00 00 00,20,0x01,23.0,yes
old/hci_snoop_2018_01_01_12_06_26.cfa,997,2018-01-01T12:07:35.027Z,07 00 00 00 00 03,6,0x07,1,999,2018-01-01T12:07:35.080Z,07 00 00 00 00 03 81 01 7B 01 79 01 B4 03 BC 03 CB 03 00 00,20,0x07,53.0,yes
old/hci_snoop_2018_01_01_12_06_26.cfa,1001,2018-01-01T12:07:35.195Z,07 03 00 00 00 03,6,0x07,1,1003,2018-01-01T12:07:35.261Z,07 03 00 00 00 03 74 01 67 01 5A 01 C0 03 CE 03 EF 03 00 00,20,0x07,66.0,yes
old/hci_snoop_2018_01_01_12_06_26.cfa,1005,2018-01-01T12:07:35.380Z,07 06 00 00 00 03,6,0x07,1,1007,2018-01-01T12:07:35.439Z,07 06 00 00 00 03 53 01 77 01 5C 01 04 04 BD 03 F4 03 00 00,20,0x07,59.0,yes
old/hci_snoop_2018_01_01_12_06_26.cfa,1009,2018-01-01T12:07:35.562Z,07 09 00 00 00 03,6,0x07,1,1011,2018-01-01T12:07:35.620Z,07 09 00 00 00 03 62 01 65 01 69 01 F0 03 E9 03 E4 03 00 00,20,0x07,58.0,yes
old/hci_snoop_2018_01_01_12_06_26.cfa,1013,2018-01-01T12:07:35.745Z,07 0C 00 00 00 03,6,0x07,1,1015,2018-01-01T12:07:35.800Z,07 0C 00 00 00 03 6B 01 6E 01 6F 01 DE 03 D9 03 DC 03 00 00,20,0x07,55.0,yes
old/hci_snoop_2018_01_01_12_06_26.cfa,1017,2018-01-01T12:07:35.911Z,07 0F 00 00 00 03,6,0x07,1,1019,2018-01-01T12:07:35.980Z,07 0F 00 00 00 03 71 01 72 01 6C 01 D3 03 CF 03 D5 03 00 00,20,0x07,69.0,yes
old/hci_snoop_2018_01_01_12_06_26.cfa,1021,2018-01-01T12:07:36.095Z,07 12 00 00 00 03,6,0x07,1,1023,2018-01-01T12:07:36.162Z,07 12 00 00 00 03 67 01 63 01 60 01 E1 03 E9 03 F1 03 00 00,20,0x07,67.0,yes
old/hci_snoop_2018_01_01_12_06_26.cfa,1025,2018-01-01T12:07:36.280Z,07 15 00 00 00 03,6,0x07,1,1027,2018-01-01T12:07:36.340Z,07 15 00 00 00 03 5D 01 5A 01 58 01 F9 03 00 04 06 04 00 00,20,0x07,60.0,yes
old/hci_snoop_2018_01_01_12_06_26.cfa,1029,2018-01-01T12:07:36.462Z,07 18 00 00 00 03,6,0x07,1,1031,2018-01-01T12:07:36.519Z,07 18 00 00 00 03 56 01 54 01 53 01 0B 04 0E 04 11 04 00 00,20,0x07,57.0,yes
old/hci_snoop_2018_01_01_12_06_26.cfa,1033,2018-01-01T12:07:36.644Z,07 1B 00 00 00 03,6,0x07,1,1035,2018-01-01T12:07:36.700Z,07 1B 00 00 00 03 52 01 51 01 50 01 13 04 15 04 18 04 00 00,20,0x07,56.0,yes
old/hci_snoop_2018_01_01_12_06_26.cfa,1037,2018-01-01T12:07:36.827Z,07 1E 00 00 00 03,6,0x07,1,1039,2018-01-01T12:07:36.880Z,07 1E 00 00 00 03 4F 01 4F 01 4E 01 19 04 1B 04 1D 04 00 00,20,0x07,53.0,yes
old/hci_snoop_2018_01_01_12_06_26.cfa,1041,2018-01-01T12:07:36.996Z,07 21 00 00 00 03,6,0x07,1,1043,2018-01-01T12:07:37.061Z,07 21 00 00 00 03 4D 01 4C 01 4C 01 1F 04 20 04 21 04 00 00,20,0x07,65.0,yes
old/hci_snoop_2018_01_01_12_06_26.cfa,1045,2018-01-01T12:07:37.203Z,07 24 00 00 00 03,6,0x07,1,1047,2018-01-01T12:07:37.284Z,07 24 00 00 00 03 4B 01 4B 01 4B 01 22 04 24 04 25 04 00 00,20,0x07,81.0,yes
old/hci_snoop_2018_01_01_12_06_26.cfa,1049,2018-01-01T12:07:37.411Z,07 27 00 00 00 03,6,0x07,1,1051,2018-01-01T12:07:37.469Z,07 27 00 00 00 03 4A 01 49 01 49 01 26 04 27 04 28 04 00 00,20,0x07,58.0,yes
old/hci_snoop_2018_01_01_12_06_26.cfa,1053,2018-01-01T12:07:37.578Z,07 2A 00 00 00 03,6,0x07,1,1055,2018-01-01T12:07:37.646Z,07 2A 00 00 00 03 49 01 48 01 48 01 28 04 28 04 29 04 00 00,20,0x07,68.0,yes
old/hci_snoop_2018_01_01_12_06_26.cfa,1057,2018-01-01T12:07:37.761Z,07 2D 00 00 00 03,6,0x07,1,1059,2018-01-01T12:07:37.826Z,07 2D 00 00 00 03 47 01 47 01 47 01 29 04 29 04 2A 04 00 00,20,0x07,65.0,yes
old/hci_snoop_2018_01_01_12_06_26.cfa,1061,2018-01-01T12:07:37.944Z,07 30 00 00 00 03,6,0x07,1,1063,2018-01-01T12:07:38.005Z,07 30 00 00 00 03 46 01 46 01 46 01 2B 04 2B 04 2C 04 00 00,20,0x07,61.0,yes
old/hci_snoop_2018_01_01_12_06_26.cfa,1065,2018-01-01T12:07:38.126Z,07 33 00 00 00 03,6,0x07,1,1068,2018-01-01T12:07:38.184Z,07 33 00 00 00 03 46 01 46 01 45 01 2D 04 2D 04 2E 04 00 00,20,0x07,58.0,yes
old/hci_snoop_2018_01_01_12_06_26.cfa,1070,2018-01-01T12:07:38.311Z,07 36 00 00 00 03,6,0x07,1,1072,2018-01-01T12:07:38.365Z,07 36 00 00 00 03 45 01 45 01 45 01 30 04 31 04 32 04 00 00,20,0x07,54.0,yes
old/hci_snoop_2018_01_01_12_06_26.cfa,1074,2018-01-01T12:07:38.478Z,07 39 00 00 00 03,6,0x07,1,1076,2018-01-01T12:07:38.545Z,07 39 00 00 00 03 44 01 44 01 45 01 33 04 35 04 3D 04 00 00,20,0x07,67.0,yes
old/hci_snoop_2018_01_01_12_06_26.cfa,1078,2018-01-01T12:07:38.659Z,07 3C 00 00 00 03,6,0x07,1,1080,2018-01-01T12:07:38.770Z,07 3C 00 00 00 03 44 01 44 01 43 01 3F 04 40 04 41 04 00 00,20,0x07,111.0,yes
old/hci_snoop_2018_01_01_12_06_26.cfa,1082,2018-01-01T12:07:38.895Z,07 3F 00 00 00 03,6,0x07,1,1084,2018-01-01T12:07:38.949Z,07 3F 00 00 00 03 43 01 43 01 43 01 42 04 44 04 45 04 00 00,20,0x07,54.0,yes
old/hci_snoop_2018_01_01_12_06_26.cfa,1086,2018-01-01T12:07:39.077Z,07 42 00 00 00 03,6,0x07,1,1088,2018-01-01T12:07:39.130Z,07 42 00 00 00 03 43 01 43 01 43 01 47 04 48 04 4A 04 00 00,20,0x07,53.0,yes
old/hci_snoop_2018_01_01_12_06_26.cfa,1090,2018-01-01T12:07:39.242Z,07 45 00 00 00 03,6,0x07,1,1092,2018-01-01T12:07:39.309Z,07 45 00 00 00 03 42 01 42 01 42 01 4B 04 4C 04 4C 04 00 00,20,0x07,67.0,yes
old/hci_snoop_2018_01_01_12_06_26.cfa,1094,2018-01-01T12:07:39.426Z,07 48 00 00 00 03,6,0x07,1,1096,2018-01-01T12:07:39.489Z,07 48 00 00 00 03 42 01 42 01 42 01 4E 04 4F 04 50 04 00 00,20,0x07,63.0,yes
old/hci_snoop_2018_01_01_12_06_26.cfa,1098,2018-01-01T12:07:39.610Z,07 4B 00 00 00 03,6,0x07,1,1100,2018-01-01T12:07:39.715Z,07 4B 00 00 00 03 42 01 42 01 42 01 52 04 53 04 54 04 00 00,20,0x07,105.0,yes
old/hci_snoop_2018_01_01_12_06_26.cfa,1102,2018-01-01T12:07:39.792Z,07 4E 00 00 00 03,6,0x07,1,1104,2018-01-01T12:07:39.850Z,07 4E 00 00 00 03 42 01 42 01 41 01 54 04 55 04 56 04 00 00,20,0x07,58.0,yes
old/hci_snoop_2018_01_01_12_06_26.cfa,1106,2018-01-01T12:07:39.976Z,07 51 00 00 00 03,6,0x07,1,1108,2018-01-01T12:07:40.030Z,07 51 00 00 00 03 42 01 41 01 41 01 57 04 58 04 58 04 00 00,20,0x07,54.0,yes
old/hci_snoop_2018_01_01_12_06_26.cfa,1114,2018-01-01T12:07:40.141Z,07 54 00 00 00 03,6,0x07,1,1116,2018-01-01T12:07:40.210Z,07 54 00 00 00 03 41 01 41 01 41 01 5A 04 5A 04 5B 04 00 00,20,0x07,69.0,yes
old/hci_snoop_2018_01_01_12_06_26.cfa,1118,2018-01-01T12:07:40.327Z,07 57 00 00 00 03,6,0x07,1,1120,2018-01-01T12:07:40.391Z,07 57 00 00 00 03 41 01 41 01 41 01 5C 04 5D 04 5E 04 00 00,20,0x07,64.0,yes
old/hci_snoop_2018_01_01_12_06_26.cfa,1122,2018-01-01T12:07:40.509Z,07 5A 00 00 00 03,6,0x07,1,1124,2018-01-01T12:07:40.569Z,07 5A 00 00 00 03 41 01 41 01 41 01 5F 04 5F 04 5F 04 00 00,20,0x07,60.0,yes
old/hci_snoop_2018_01_01_12_06_26.cfa,1127,2018-01-01T12:07:40.692Z,07 5D 00 00 00 03,6,0x07,1,1129,2018-01-01T12:07:40.842Z,07 5D 00 00 00 03 41 01 41 01 41 01 60 04 61 04 61 04 00 00,20,0x07,150.0,yes
old/hci_snoop_2018_01_01_12_06_26.cfa,1131,2018-01-01T12:07:40.962Z,07 60 00 00 00 03,6,0x07,1,1134,2018-01-01T12:07:41.110Z,07 60 00 00 00 03 41 01 41 01 40 01 62 04 62 04 63 04 00 00,20,0x07,148.0,yes
old/hci_snoop_2018_01_01_12_06_26.cfa,1136,2018-01-01T12:07:41.226Z,07 63 00 00 00 03,6,0x07,1,1138,2018-01-01T12:07:41.382Z,07 63 00 00 00 03 40 01 41 01 40 01 63 04 64 04 65 04 00 00,20,0x07,156.0,yes
old/hci_snoop_2018_01_01_12_06_26.cfa,1140,2018-01-01T12:07:41.494Z,07 66 00 00 00 03,6,0x07,1,1142,2018-01-01T12:07:41.650Z,07 66 00 00 00 03 40 01 40 01 40 01 65 04 66 04 66 04 00 00,20,0x07,156.0,yes
old/hci_snoop_2018_01_01_12_06_26.cfa,1144,2018-01-01T12:07:41.775Z,07 69 00 00 00 03,6,0x07,1,1146,2018-01-01T12:07:41.920Z,07 69 00 00 00 03 40 01 40 01 40 01 67 04 67 04 68 04 00 00,20,0x07,145.0,yes
old/hci_snoop_2018_01_01_12_06_26.cfa,1148,2018-01-01T12:07:42.041Z,07 6C 00 00 00 03,6,0x07,1,1150,2018-01-01T12:07:42.191Z,07 6C 00 00 00 03 40 01 40 01 40 01 68 04 68 04 69 04 00 00,20,0x07,150.0,yes
old/hci_snoop_2018_01_01_12_06_26.cfa,1152,2018-01-01T12:07:42.308Z,07 6F 00 00 00 03,6,0x07,1,1154,2018-01-01T12:07:42.460Z,07 6F 00 00 00 03 40 01 40 01 40 01 6A 04 69 04 6A 04 00 00,20,0x07,152.0,yes
old/hci_snoop_2018_01_01_12_06_26.cfa,1281,2018-01-01T12:07:43.685Z,01,1,0x01,1,1283,2018-01-01T12:07:43.696Z,01 67 02 00 00 03 40 01 40 01 40 01 6A 04 69 04 6A 04 00 00,20,0x01,11.0,yes
old/hci_snoop_2018_01_01_12_06_26.cfa,1285,2018-01-01T12:07:43.701Z,01,1,0x01,1,1287,2018-01-01T12:07:43.712Z,01 67 02 00 00 03 40 01 40 01 40 01 6A 04 69 04 6A 04 00 00,20,0x01,11.0,yes
old/hci_snoop_2018_01_01_12_06_26.cfa,1289,2018-01-01T12:07:43.717Z,07 72 00 00 00 03,6,0x07,1,1292,2018-01-01T12:07:43.900Z,07 72 00 00 00 03 40 01 40 01 40 01 6B 04 6C 04 6C 04 00 00,20,0x07,183.0,yes
old/hci_snoop_2018_01_01_12_06_26.cfa,1296,2018-01-01T12:07:44.001Z,07 72 00 00 00 03,6,0x07,1,1300,2018-01-01T12:07:44.172Z,07 72 00 00 00 03 40 01 40 01 40 01 6B 04 6C 04 6C 04 00 00,20,0x07,171.0,yes
old/hci_snoop_2018_01_01_12_06_26.cfa,1303,2018-01-01T12:07:44.265Z,07 75 00 00 00 03,6,0x07,1,1307,2018-01-01T12:07:44.440Z,07 75 00 00 00 03 40 01 40 01 40 01 6E 04 6E 04 6F 04 00 00,20,0x07,175.0,yes
old/hci_snoop_2018_01_01_12_06_26.cfa,1309,2018-01-01T12:07:44.536Z,07 75 00 00 00 03,6,0x07,1,1311,2018-01-01T12:07:44.711Z,07 75 00 00 00 03 40 01 40 01 40 01 6E 04 6E 04 6F 04 00 00,20,0x07,175.0,yes
old/hci_snoop_2018_01_01_12_06_26.cfa,1313,2018-01-01T12:07:44.804Z,07 78 00 00 00 03,6,0x07,1,1319,2018-01-01T12:07:44.980Z,07 78 00 00 00 03 40 01 40 01 40 01 6E 04 6F 04 6F 04 00 00,20,0x07,176.0,yes
old/hci_snoop_2018_01_01_12_06_26.cfa,1321,2018-01-01T12:07:45.074Z,07 78 00 00 00 03,6,0x07,1,1325,2018-01-01T12:07:45.250Z,07 78 00 00 00 03 40 01 40 01 40 01 6E 04 6F 04 6F 04 00 00,20,0x07,176.0,yes
old/hci_snoop_2018_01_01_12_06_26.cfa,1327,2018-01-01T12:07:45.345Z,07 7B 00 00 00 03,6,0x07,1,1329,2018-01-01T12:07:45.520Z,07 7B 00 00 00 03 40 01 40 01 3B 01 6F 04 6F 04 F2 03 00 00,20,0x07,175.0,yes
old/hci_snoop_2018_01_01_12_06_26.cfa,1331,2018-01-01T12:07:45.615Z,07 7B 00 00 00 03,6,0x07,1,1338,2018-01-01T12:07:45.791Z,07 7B 00 00 00 03 40 01 40 01 3B 01 6F 04 6F 04 F2 03 00 00,20,0x07,176.0,yes
old/hci_snoop_2018_01_01_12_06_26.cfa,1340,2018-01-01T12:07:45.885Z,07 7E 00 00 00 03,6,0x07,1,1344,2018-01-01T12:07:46.059Z,07 7E 00 00 00 03 3A 01 3B 01 3C 01 0A 04 28 04 2E 04 00 00,20,0x07,174.0,yes
old/hci_snoop_2018_01_01_12_06_26.cfa,1346,2018-01-01T12:07:46.154Z,07 7E 00 00 00 03,6,0x07,1,1348,2018-01-01T12:07:46.329Z,07 7E 00 00 00 03 3A 01 3B 01 3C 01 0A 04 28 04 2E 04 00 00,20,0x07,175.0,yes
old/hci_snoop_2018_01_01_12_06_26.cfa,1350,2018-01-01T12:07:46.424Z,07 81 00 00 00 03,6,0x07,1,1356,2018-01-01T12:07:46.600Z,07 81 00 00 00 03 3C 01 3C 01 3D 01 35 04 3B 04 3F 04 00 00,20,0x07,176.0,yes
old/hci_snoop_2018_01_01_12_06_26.cfa,1358,2018-01-01T12:07:46.695Z,07 81 00 00 00 03,6,0x07,1,1360,2018-01-01T12:07:46.871Z,07 81 00 00 00 03 3C 01 3C 01 3D 01 35 04 3B 04 3F 04 00 00,20,0x07,176.0,yes
old/hci_snoop_2018_01_01_12_06_26.cfa,1364,2018-01-01T12:07:46.966Z,07 84 00 00 00 03,6,0x07,1,1366,2018-01-01T12:07:47.140Z,07 84 00 00 00 03 3F 01 3F 01 39 01 48 04 48 04 62 04 00 00,20,0x07,174.0,yes
old/hci_snoop_2018_01_01_12_06_26.cfa,1368,2018-01-01T12:07:47.235Z,07 84 00 00 00 03,6,0x07,1,1374,2018-01-01T12:07:47.409Z,07 84 00 00 00 03 3F 01 3F 01 39 01 48 04 48 04 62 04 00 00,20,0x07,174.0,yes
old/hci_snoop_2018_01_01_12_06_26.cfa,1376,2018-01-01T12:07:47.506Z,07 87 00 00 00 03,6,0x07,1,1378,2018-01-01T12:07:47.679Z,07 87 00 00 00 03 36 01 37 01 38 01 76 04 7C 04 80 04 00 00,20,0x07,173.0,yes
old/hci_snoop_2018_01_01_12_06_26.cfa,1382,2018-01-01T12:07:47.774Z,07 87 00 00 00 03,6,0x07,1,1387,2018-01-01T12:07:48.223Z,07 87 00 00 00 03 36 01 37 01 38 01 76 04 7C 04 80 04 00 00,20,0x07,449.0,yes
old/hci_snoop_2018_01_01_12_06_26.cfa,1389,2018-01-01T12:07:48.243Z,07 8A 00 00 00 03,6,0x07,1,1391,2018-01-01T12:07:48.400Z,07 8A 00 00 00 03 3A 01 3C 01 3F 01 81 04 85 04 81 04 00 00,20,0x07,157.0,yes
old/hci_snoop_2018_01_01_12_06_26.cfa,1393,2018-01-01T12:07:48.496Z,07 8A 00 00 00 03,6,0x07,1,1397,2018-01-01T12:07:48.675Z,07 8A 00 00 00 03 3A 01 3C 01 3F 01 81 04 85 04 81 04 00 00,20,0x07,179.0,yes
old/hci_snoop_2018_01_01_12_06_26.cfa,1399,2018-01-01T12:07:48.764Z,07 8D 00 00 00 03,6,0x07,1,1403,2018-01-01T12:07:48.940Z,07 8D 00 00 00 03 40 01 41 01 46 01 7F 04 83 04 7A 04 00 00,20,0x07,176.0,yes
old/hci_snoop_2018_01_01_12_06_26.cfa,1405,2018-01-01T12:07:49.035Z,07 8D 00 00 00 03,6,0x07,1,1411,2018-01-01T12:07:49.210Z,07 8D 00 00 00 03 40 01 41 01 46 01 7F 04 83 04 7A 04 00 00,20,0x07,175.0,yes
old/hci_snoop_2018_01_01_12_06_26.cfa,1413,2018-01-01T12:07:49.325Z,07 90 00 00 00 03,6,0x07,1,1417,2018-01-01T12:07:49.481Z,07 90 00 00 00 03 4B 01 4D 01 4D 01 72 04 65 04 5E 04 00 00,20,0x07,156.0,yes
old/hci_snoop_2018_01_01_12_06_26.cfa,1419,2018-01-01T12:07:49.579Z,07 90 00 00 00 03,6,0x07,1,1423,2018-01-01T12:07:49.751Z,07 90 00 00 00 03 4B 01 4D 01 4D 01 72 04 65 04 5E 04 00 00,20,0x07,172.0,yes
old/hci_snoop_2018_01_01_12_06_26.cfa,1425,2018-01-01T12:07:49.846Z,07 93 00 00 00 03,6,0x07,1,1431,2018-01-01T12:07:50.021Z,07 93 00 00 00 03 4D 01 4D 01 4C 01 59 04 58 04 58 04 00 00,20,0x07,175.0,yes
old/hci_snoop_2018_01_01_12_06_26.cfa,1433,2018-01-01T12:07:50.115Z,07 93 00 00 00 03,6,0x07,1,1437,2018-01-01T12:07:50.289Z,07 93 00 00 00 03 4D 01 4D 01 4C 01 59 04 58 04 58 04 00 00,20,0x07,174.0,yes
old/hci_snoop_2018_01_01_12_06_26.cfa,1439,2018-01-01T12:07:50.386Z,07 96 00 00 00 03,6,0x07,1,1441,2018-01-01T12:07:50.560Z,07 96 00 00 00 03 4C 01 4C 01 4B 01 57 04 56 04 57 04 00 00,20,0x07,174.0,yes
old/hci_snoop_2018_01_01_12_06_26.cfa,1443,2018-01-01T12:07:50.658Z,07 96 00 00 00 03,6,0x07,1,1449,2018-01-01T12:07:50.829Z,07 96 00 00 00 03 4C 01 4C 01 4B 01 57 04 56 04 57 04 00 00,20,0x07,171.0,yes
old/hci_snoop_2018_01_01_12_06_26.cfa,1451,2018-01-01T12:07:50.929Z,07 99 00 00 00 03,6,0x07,1,1453,2018-01-01T12:07:51.100Z,07 99 00 00 00 03 4A 01 4A 01 49 01 5A 04 5A 04 5B 04 00 00,20,0x07,171.0,yes
old/hci_snoop_2018_01_01_12_06_26.cfa,1457,2018-01-01T12:07:51.196Z,07 99 00 00 00 03,6,0x07,1,1459,2018-01-01T12:07:51.370Z,07 99 00 00 00 03 4A 01 4A 01 49 01 5A 04 5A 04 5B 04 00 00,20,0x07,174.0,yes
old/hci_snoop_2018_01_01_12_06_26.cfa,1461,2018-01-01T12:07:51.467Z,07 9C 00 00 00 03,6,0x07,1,1465,2018-01-01T12:07:51.642Z,07 9C 00 00 00 03 48 01 48 01 47 01 5C 04 5D 04 5C 04 00 00,20,0x07,175.0,yes
old/hci_snoop_2018_01_01_12_06_26.cfa,1467,2018-01-01T12:07:51.740Z,07 9C 00 00 00 03,6,0x07,1,1469,2018-01-01T12:07:51.910Z,07 9C 00 00 00 03 48 01 48 01 47 01 5C 04 5D 04 5C 04 00 00,20,0x07,170.0,yes
old/hci_snoop_2018_01_01_12_06_26.cfa,1473,2018-01-01T12:07:52.004Z,07 9F 00 00 00 03,6,0x07,1,1475,2018-01-01T12:07:52.180Z,07 9F 00 00 00 03 47 01 46 01 46 01 5C 04 5C 04 59 04 00 00,20,0x07,176.0,yes
old/hci_snoop_2018_01_01_12_06_26.cfa,1480,2018-01-01T12:07:52.282Z,07 9F 00 00 00 03,6,0x07,1,1482,2018-01-01T12:07:52.452Z,07 9F 00 00 00 03 47 01 46 01 46 01 5C 04 5C 04 59 04 00 00,20,0x07,170.0,yes
old/hci_snoop_2018_01_01_12_06_26.cfa,1488,2018-01-01T12:07:52.546Z,07 A2 00 00 00 03,6,0x07,1,1490,2018-01-01T12:07:52.721Z,07 A2 00 00 00 03 45 01 44 01 43 01 4D 04 3F 04 36 04 00 00,20,0x07,175.0,yes
old/hci_snoop_2018_01_01_12_06_26.cfa,1492,2018-01-01T12:07:52.812Z,07 A2 00 00 00 03,6,0x07,1,1494,2018-01-01T12:07:52.990Z,07 A2 00 00 00 03 45 01 44 01 43 01 4D 04 3F 04 36 04 00 00,20,0x07,178.0,yes
old/hci_snoop_2018_01_01_12_06_26.cfa,1496,2018-01-01T12:07:53.088Z,07 A5 00 00 00 03,6,0x07,1,1500,2018-01-01T12:07:53.260Z,07 A5 00 00 00 03 43 01 42 01 41 01 2A 04 29 04 23 04 00 00,20,0x07,172.0,yes
old/hci_snoop_2018_01_01_12_06_26.cfa,1504,2018-01-01T12:07:53.354Z,07 A5 00 00 00 03,6,0x07,1,1506,2018-01-01T12:07:53.530Z,07 A5 00 00 00 03 43 01 42 01 41 01 2A 04 29 04 23 04 00 00,20,0x07,176.0,yes
old/hci_snoop_2018_01_01_12_06_26.cfa,1508,2018-01-01T12:07:53.627Z,07 A8 00 00 00 03,6,0x07,1,1512,2018-01-01T12:07:53.800Z,07 A8 00 00 00 03 41 01 40 01 40 01 21 04 18 04 11 04 00 00,20,0x07,173.0,yes
old/hci_snoop_2018_01_01_12_06_26.cfa,1514,2018-01-01T12:07:53.893Z,07 A8 00 00 00 03,6,0x07,1,1516,2018-01-01T12:07:54.071Z,07 A8 00 00 00 03 41 01 40 01 40 01 21 04 18 04 11 04 00 00,20,0x07,178.0,yes
old/hci_snoop_2018_01_01_12_06_26.cfa,1520,2018-01-01T12:07:54.165Z,07 AB 00 00 00 03,6,0x07,1,1522,2018-01-01T12:07:54.340Z,07 AB 00 00 00 03 3F 01 3F 01 3E 01 0B 04 01 04 F9 03 00 00,20,0x07,175.0,yes
old/hci_snoop_2018_01_01_12_06_26.cfa,1524,2018-01-01T12:07:54.438Z,07 AB 00 00 00 03,6,0x07,1,1528,2018-01-01T12:07:54.610Z,07 AB 00 00 00 03 3F 01 3F 01 3E 01 0B 04 01 04 F9 03 00 00,20,0x07,172.0,yes
old/hci_snoop_2018_01_01_12_06_26.cfa,1530,2018-01-01T12:07:54.706Z,07 AE 00 00 00 03,6,0x07,1,1532,2018-01-01T12:07:54.880Z,07 AE 00 00 00 03 3D 01 3D 01 3C 01 F9 03 F0 03 F0 03 00 00,20,0x07,174.0,yes
old/hci_snoop_2018_01_01_12_06_26.cfa,1534,2018-01-01T12:07:54.977Z,07 AE 00 00 00 03,6,0x07,1,1540,2018-01-01T12:07:55.152Z,07 AE 00 00 00 03 3D 01 3D 01 3C 01 F9 03 F0 03 F0 03 00 00,20,0x07,175.0,yes
old/hci_snoop_2018_01_01_12_06_26.cfa,1542,2018-01-01T12:07:55.246Z,07 B1 00 00 00 03,6,0x07,1,1546,2018-01-01T12:07:55.420Z,07 B1 00 00 00 03 3C 01 3B 01 3B 01 E2 03 D6 03 CF 03 00 00,20,0x07,174.0,yes
old/hci_snoop_2018_01_01_12_06_26.cfa,1548,2018-01-01T12:07:55.515Z,07 B1 00 00 00 03,6,0x07,1,1550,2018-01-01T12:07:55.691Z,07 B1 00 00 00 03 3C 01 3B 01 3B 01 E2 03 D6 03 CF 03 00 00,20,0x07,176.0,yes
old/hci_snoop_2018_01_01_12_06_26.cfa,1554,2018-01-01T12:07:55.872Z,07 B4 00 00 00 03,6,0x07,1,1558,2018-01-01T12:07:56.052Z,07 B4 00 00 00 03 3A 01 3A 01 3A 01 E4 03 ED 03 F3 03 00 00,20,0x07,180.0,yes
old/hci_snoop_2018_01_01_12_06_26.cfa,1560,2018-01-01T12:07:56.146Z,07 B4 00 00 00 03,6,0x07,1,1564,2018-01-01T12:07:56.320Z,07 B4 00 00 00 03 3A 01 3A 01 3A 01 E4 03 ED 03 F3 03 00 00,20,0x07,174.0,yes
old/hci_snoop_2018_01_01_12_06_26.cfa,1566,2018-01-01T12:07:56.416Z,07 B7 00 00 00 03,6,0x07,1,1568,2018-01-01T12:07:56.592Z,07 B7 00 00 00 03 3A 01 3A 01 39 01 FA 03 01 04 07 04 00 00,20,0x07,176.0,yes
old/hci_snoop_2018_01_01_12_06_26.cfa,1570,2018-01-01T12:07:56.687Z,07 B7 00 00 00 03,6,0x07,1,1572,2018-01-01T12:07:56.860Z,07 B7 00 00 00 03 3A 01 3A 01 39 01 FA 03 01 04 07 04 00 00,20,0x07,173.0,yes
old/hci_snoop_2018_01_01_12_06_26.cfa,1574,2018-01-01T12:07:56.955Z,07 BA 00 00 00 03,6,0x07,1,1585,2018-01-01T12:07:57.129Z,07 BA 00 00 00 03 39 01 39 01 39 01 0D 04 11 04 13 04 00 00,20,0x07,174.0,yes
old/hci_snoop_2018_01_01_12_06_26.cfa,1610,2018-01-01T12:07:57.222Z,07 BA 00 00 00 03,6,0x07,1,1612,2018-01-01T12:07:57.399Z,07 BA 00 00 00 03 39 01 39 01 39 01 0D 04 11 04 13 04 00 00,20,0x07,177.0,yes
old/hci_snoop_2018_01_01_12_06_26.cfa,1614,2018-01-01T12:07:57.496Z,07 BD 00 00 00 03,6,0x07,1,1620,2018-01-01T12:07:57.670Z,07 BD 00 00 00 03 39 01 3A 01 39 01 17 04 1D 04 22 04 00 00,20,0x07,174.0,yes
old/hci_snoop_2018_01_01_12_06_26.cfa,1622,2018-01-01T12:07:57.764Z,07 BD 00 00 00 03,6,0x07,1,1626,2018-01-01T12:07:57.940Z,07 BD 00 00 00 03 39 01 3A 01 39 01 17 04 1D 04 22 04 00 00,20,0x07,176.0,yes
old/hci_snoop_2018_01_01_12_06_26.cfa,1628,2018-01-01T12:07:58.032Z,07 C0 00 00 00 03,6,0x07,1,1630,2018-01-01T12:07:58.210Z,07 C0 00 00 00 03 3A 01 39 01 3A 01 26 04 2A 04 2D 04 00 00,20,0x07,178.0,yes
old/hci_snoop_2018_01_01_12_06_26.cfa,1632,2018-01-01T12:07:58.308Z,07 C0 00 00 00 03,6,0x07,1,1638,2018-01-01T12:07:58.480Z,07 C0 00 00 00 03 3A 01 39 01 3A 01 26 04 2A 04 2D 04 00 00,20,0x07,172.0,yes
old/hci_snoop_2018_01_01_12_06_26.cfa,1640,2018-01-01T12:07:58.576Z,07 C3 00 00 00 03,6,0x07,1,1644,2018-01-01T12:07:58.751Z,07 C3 00 00 00 03 3A 01 3A 01 3A 01 31 04 34 04 37 04 00 00,20,0x07,175.0,yes
old/hci_snoop_2018_01_01_12_06_26.cfa,1646,2018-01-01T12:07:58.845Z,07 C3 00 00 00 03,6,0x07,1,1648,2018-01-01T12:07:59.020Z,07 C3 00 00 00 03 3A 01 3A 01 3A 01 31 04 34 04 37 04 00 00,20,0x07,175.0,yes
old/hci_snoop_2018_01_01_12_06_26.cfa,1650,2018-01-01T12:07:59.117Z,07 C6 00 00 00 03,6,0x07,1,1654,2018-01-01T12:07:59.289Z,07 C6 00 00 00 03 3A 01 3A 01 3A 01 3A 04 3D 04 3F 04 00 00,20,0x07,172.0,yes
old/hci_snoop_2018_01_01_12_06_26.cfa,1656,2018-01-01T12:07:59.383Z,07 C6 00 00 00 03,6,0x07,1,1658,2018-01-01T12:07:59.560Z,07 C6 00 00 00 03 3A 01 3A 01 3A 01 3A 04 3D 04 3F 04 00 00,20,0x07,177.0,yes
old/hci_snoop_2018_01_01_12_06_26.cfa,1662,2018-01-01T12:07:59.657Z,07 C9 00 00 00 03,6,0x07,1,1664,2018-01-01T12:07:59.830Z,07 C9 00 00 00 03 3A 01 3A 01 3A 01 42 04 44 04 47 04 00 00,20,0x07,173.0,yes
old/hci_snoop_2018_01_01_12_06_26.cfa,1666,2018-01-01T12:07:59.934Z,07 C9 00 00 00 03,6,0x07,1,1670,2018-01-01T12:08:00.099Z,07 C9 00 00 00 03 3A 01 3A 01 3A 01 42 04 44 04 47 04 00 00,20,0x07,165.0,yes
old/hci_snoop_2018_01_01_12_06_26.cfa,1672,2018-01-01T12:08:00.195Z,07 CC 00 00 00 03,6,0x07,1,1674,2018-01-01T12:08:00.370Z,07 CC 00 00 00 03 3A 01 3A 01 3A 01 49 04 4B 04 4D 04 00 00,20,0x07,175.0,yes
old/hci_snoop_2018_01_01_12_06_26.cfa,1678,2018-01-01T12:08:00.461Z,07 CC 00 00 00 03,6,0x07,1,1689,2018-01-01T12:08:00.638Z,07 CC 00 00 00 03 3A 01 3A 01 3A 01 49 04 4B 04 4D 04 00 00,20,0x07,177.0,yes
old/hci_snoop_2018_01_01_12_06_26.cfa,1694,2018-01-01T12:08:00.730Z,07 CF 00 00 00 03,6,0x07,1,1696,2018-01-01T12:08:00.909Z,07 CF 00 00 00 03 3A 01 3A 01 3A 01 4E 04 4F 04 51 04 00 00,20,0x07,179.0,yes
old/hci_snoop_2018_01_01_12_06_26.cfa,1698,2018-01-01T12:08:00.999Z,07 CF 00 00 00 03,6,0x07,1,1700,2018-01-01T12:08:01.179Z,07 CF 00 00 00 03 3A 01 3A 01 3A 01 4E 04 4F 04 51 04 00 00,20,0x07,180.0,yes
old/hci_snoop_2018_01_01_12_06_26.cfa,1702,2018-01-01T12:08:01.269Z,07 D2 00 00 00 03,6,0x07,1,1704,2018-01-01T12:08:01.448Z,07 D2 00 00 00 03 3B 01 3B 01 3B 01 53 04 55 04 56 04 00 00,20,0x07,179.0,yes
old/hci_snoop_2018_01_01_12_06_26.cfa,1706,2018-01-01T12:08:01.539Z,07 D2 00 00 00 03,6,0x07,1,1708,2018-01-01T12:08:01.719Z,07 D2 00 00 00 03 3B 01 3B 01 3B 01 53 04 55 04 56 04 00 00,20,0x07,180.0,yes
old/hci_snoop_2018_01_01_12_06_26.cfa,1710,2018-01-01T12:08:01.809Z,07 D5 00 00 00 03,6,0x07,1,1712,2018-01-01T12:08:01.989Z,07 D5 00 00 00 03 3B 01 3B 01 3B 01 57 04 58 04 59 04 00 00,20,0x07,180.0,yes
old/hci_snoop_2018_01_01_12_06_26.cfa,1714,2018-01-01T12:08:02.079Z,07 D5 00 00 00 03,6,0x07,1,1716,2018-01-01T12:08:02.259Z,07 D5 00 00 00 03 3B 01 3B 01 3B 01 57 04 58 04 59 04 00 00,20,0x07,180.0,yes
old/hci_snoop_2018_01_01_12_06_26.cfa,1718,2018-01-01T12:08:02.349Z,07 D8 00 00 00 03,6,0x07,1,1720,2018-01-01T12:08:02.528Z,07 D8 00 00 00 03 3B 01 3B 01 3B 01 5A 04 5B 04 5C 04 00 00,20,0x07,179.0,yes
old/hci_snoop_2018_01_01_12_06_26.cfa,1722,2018-01-01T12:08:02.619Z,07 D8 00 00 00 03,6,0x07,1,1724,2018-01-01T12:08:02.800Z,07 D8 00 00 00 03 3B 01 3B 01 3B 01 5A 04 5B 04 5C 04 00 00,20,0x07,181.0,yes
old/hci_snoop_2018_01_01_12_06_26.cfa,1726,2018-01-01T12:08:02.899Z,07 DB 00 00 00 03,6,0x07,1,1728,2018-01-01T12:08:03.073Z,07 DB 00 00 00 03 3B 01 3B 01 3B 01 5D 04 5E 04 5F 04 00 00,20,0x07,174.0,yes
old/hci_snoop_2018_01_01_12_06_26.cfa,1730,2018-01-01T12:08:03.178Z,07 DB 00 00 00 03,6,0x07,1,1750,2018-01-01T12:08:03.339Z,07 DB 00 00 00 03 3B 01 3B 01 3B 01 5D 04 5E 04 5F 04 00 00,20,0x07,161.0,yes
old/hci_snoop_2018_01_01_12_06_26.cfa,1752,2018-01-01T12:08:03.435Z,07 DE 00 00 00 03,6,0x07,1,1756,2018-01-01T12:08:03.609Z,07 DE 00 00 00 03 3B 01 3B 01 3B 01 60 04 61 04 61 04 00 00,20,0x07,174.0,yes
old/hci_snoop_2018_01_01_12_06_26.cfa,1758,2018-01-01T12:08:03.701Z,07 DE 00 00 00 03,6,0x07,1,1762,2018-01-01T12:08:03.883Z,07 DE 00 00 00 03 3B 01 3B 01 3B 01 60 04 61 04 61 04 00 00,20,0x07,182.0,yes
old/hci_snoop_2018_01_01_12_06_26.cfa,1764,2018-01-01T12:08:03.972Z,07 E1 00 00 00 03,6,0x07,1,1766,2018-01-01T12:08:04.152Z,07 E1 00 00 00 03 3B 01 3B 01 3B 01 63 04 63 04 64 04 00 00,20,0x07,180.0,yes
old/hci_snoop_2018_01_01_12_06_26.cfa,1768,2018-01-01T12:08:04.244Z,07 E1 00 00 00 03,6,0x07,1,1772,2018-01-01T12:08:04.420Z,07 E1 00 00 00 03 3B 01 3B 01 3B 01 63 04 63 04 64 04 00 00,20,0x07,176.0,yes
old/hci_snoop_2018_01_01_12_06_26.cfa,1774,2018-01-01T12:08:04.518Z,07 E4 00 00 00 03,6,0x07,1,1778,2018-01-01T12:08:04.689Z,07 E4 00 00 00 03 3B 01 3B 01 3B 01 65 04 66 04 66 04 00 00,20,0x07,171.0,yes
old/hci_snoop_2018_01_01_12_06_26.cfa,1780,2018-01-01T12:08:04.785Z,07 E4 00 00 00 03,6,0x07,1,1789,2018-01-01T12:08:04.959Z,07 E4 00 00 00 03 3B 01 3B 01 3B 01 65 04 66 04 66 04 00 00,20,0x07,174.0,yes
old/hci_snoop_2018_01_01_12_06_26.cfa,1814,2018-01-01T12:08:05.051Z,07 E7 00 00 00 03,6,0x07,1,1818,2018-01-01T12:08:05.231Z,07 E7 00 00 00 03 3B 01 3B 01 3A 01 67 04 68 04 69 04 00 00,20,0x07,180.0,yes
old/hci_snoop_2018_01_01_12_06_26.cfa,1821,2018-01-01T12:08:05.325Z,07 E7 00 00 00 03,6,0x07,1,1823,2018-01-01T12:08:05.501Z,07 E7 00 00 00 03 3B 01 3B 01 3A 01 67 04 68 04 69 04 00 00,20,0x07,176.0,yes
old/hci_snoop_2018_01_01_12_06_26.cfa,1827,2018-01-01T12:08:05.597Z,07 EA 00 00 00 03,6,0x07,1,1829,2018-01-01T12:08:05.769Z,07 EA 00 00 00 03 3A 01 3B 01 3A 01 6A 04 6B 04 6A 04 00 00,20,0x07,172.0,yes
old/hci_snoop_2018_01_01_12_06_26.cfa,1831,2018-01-01T12:08:05.866Z,07 EA 00 00 00 03,6,0x07,1,1837,2018-01-01T12:08:06.039Z,07 EA 00 00 00 03 3A 01 3B 01 3A 01 6A 04 6B 04 6A 04 00 00,20,0x07,173.0,yes
old/hci_snoop_2018_01_01_12_06_26.cfa,1839,2018-01-01T12:08:06.135Z,07 ED 00 00 00 03,6,0x07,1,1841,2018-01-01T12:08:06.310Z,07 ED 00 00 00 03 3A 01 3B 01 3C 01 6A 04 6C 04 6B 04 00 00,20,0x07,175.0,yes
old/hci_snoop_2018_01_01_12_06_26.cfa,1845,2018-01-01T12:08:06.402Z,07 ED 00 00 00 03,6,0x07,1,1847,2018-01-01T12:08:06.580Z,07 ED 00 00 00 03 3A 01 3B 01 3C 01 6A 04 6C 04 6B 04 00 00,20,0x07,178.0,yes
old/hci_snoop_2018_01_01_12_06_26.cfa,1849,2018-01-01T12:08:06.673Z,07 F0 00 00 00 03,6,0x07,1,1851,2018-01-01T12:08:06.852Z,07 F0 00 00 00 03 3E 01 40 01 41 01 68 04 64 04 5F 04 00 00,20,0x07,179.0,yes
old/hci_snoop_2018_01_01_12_06_26.cfa,1855,2018-01-01T12:08:06.947Z,07 F0 00 00 00 03,6,0x07,1,1857,2018-01-01T12:08:07.120Z,07 F0 00 00 00 03 3E 01 40 01 41 01 68 04 64 04 5F 04 00 00,20,0x07,173.0,yes
old/hci_snoop_2018_01_01_12_06_26.cfa,1859,2018-01-01T12:08:07.212Z,07 F3 00 00 00 03,6,0x07,1,1861,2018-01-01T12:08:07.390Z,07 F3 00 00 00 03 43 01 44 01 45 01 5C 04 58 04 56 04 00 00,20,0x07,178.0,yes
old/hci_snoop_2018_01_01_12_06_26.cfa,1863,2018-01-01T12:08:07.484Z,07 F3 00 00 00 03,6,0x07,1,1865,2018-01-01T12:08:07.660Z,07 F3 00 00 00 03 43 01 44 01 45 01 5C 04 58 04 56 04 00 00,20,0x07,176.0,yes
old/hci_snoop_2018_01_01_12_06_26.cfa,1869,2018-01-01T12:08:07.756Z,07 F6 00 00 00 03,6,0x07,1,1871,2018-01-01T12:08:07.929Z,07 F6 00 00 00 03 47 01 48 01 4A 01 56 04 53 04 4D 04 00 00,20,0x07,173.0,yes
old/hci_snoop_2018_01_01_12_06_26.cfa,1875,2018-01-01T12:08:08.115Z,07 F6 00 00 00 03,6,0x07,1,1877,2018-01-01T12:08:08.290Z,07 F6 00 00 00 03 47 01 48 01 4A 01 56 04 53 04 4D 04 00 00,20,0x07,175.0,yes
old/hci_snoop_2018_01_01_12_06_26.cfa,1879,2018-01-01T12:08:08.384Z,07 F9 00 00 00 03,6,0x07,1,1883,2018-01-01T12:08:08.561Z,07 F9 00 00 00 03 4C 01 51 01 4F 01 48 04 3D 04 41 04 00 00,20,0x07,177.0,yes
old/hci_snoop_2018_01_01_12_06_26.cfa,1887,2018-01-01T12:08:08.654Z,07 F9 00 00 00 03,6,0x07,1,1889,2018-01-01T12:08:08.830Z,07 F9 00 00 00 03 4C 01 51 01 4F 01 48 04 3D 04 41 04 00 00,20,0x07,176.0,yes
old/hci_snoop_2018_01_01_12_06_26.cfa,1893,2018-01-01T12:08:08.922Z,07 FC 00 00 00 03,6,0x07,1,1895,2018-01-01T12:08:09.100Z,07 FC 00 00 00 03 4F 01 4F 01 4F 01 41 04 3F 04 3F 04 00 00,20,0x07,178.0,yes
old/hci_snoop_2018_01_01_12_06_26.cfa,1897,2018-01-01T12:08:09.193Z,07 FC 00 00 00 03,6,0x07,1,1899,2018-01-01T12:08:09.370Z,07 FC 00 00 00 03 4F 01 4F 01 4F 01 41 04 3F 04 3F 04 00 00,20,0x07,177.0,yes
old/hci_snoop_2018_01_01_12_06_26.cfa,1905,2018-01-01T12:08:09.464Z,07 FF 00 00 00 03,6,0x07,1,1909,2018-01-01T12:08:09.913Z,07 FF 00 00 00 03 50 01 50 01 50 01 3F 04 3D 04 3C 04 00 00,20,0x07,449.0,yes
old/hci_snoop_2018_01_01_12_06_26.cfa,1911,2018-01-01T12:08:09.919Z,07 FF 00 00 00 03,6,0x07,1,1913,2018-01-01T12:08:10.090Z,07 FF 00 00 00 03 50 01 50 01 50 01 3F 04 3D 04 3C 04 00 00,20,0x07,171.0,yes
old/hci_snoop_2018_01_01_12_06_26.cfa,1915,2018-01-01T12:08:10.184Z,07 02 01 00 00 03,6,0x07,1,1919,2018-01-01T12:08:10.361Z,07 02 01 00 00 03 51 01 52 01 53 01 3C 04 3F 04 37 04 00 00,20,0x07,177.0,yes
old/hci_snoop_2018_01_01_12_06_26.cfa,1921,2018-01-01T12:08:10.454Z,07 02 01 00 00 03,6,0x07,1,1925,2018-01-01T12:08:10.629Z,07 02 01 00 00 03 51 01 52 01 53 01 3C 04 3F 04 37 04 00 00,20,0x07,175.0,yes
old/hci_snoop_2018_01_01_12_06_26.cfa,1927,2018-01-01T12:08:10.723Z,07 05 01 00 00 03,6,0x07,1,1929,2018-01-01T12:08:10.900Z,07 05 01 00 00 03 54 01 54 01 55 01 36 04 31 04 31 04 00 00,20,0x07,177.0,yes
old/hci_snoop_2018_01_01_12_06_26.cfa,1931,2018-01-01T12:08:11.038Z,07 05 01 00 00 03,6,0x07,1,1937,2018-01-01T12:08:11.170Z,07 05 01 00 00 03 54 01 54 01 55 01 36 04 31 04 31 04 00 00,20,0x07,132.0,yes
old/hci_snoop_2018_01_01_12_06_26.cfa,1939,2018-01-01T12:08:11.267Z,07 08 01 00 00 03,6,0x07,1,1941,2018-01-01T12:08:11.440Z,07 08 01 00 00 03 55 01 4A 01 4E 01 2F 04 65 03 A9 03 00 00,20,0x07,173.0,yes
old/hci_snoop_2018_01_01_12_06_26.cfa,1945,2018-01-01T12:08:11.534Z,07 08 01 00 00 03,6,0x07,1,1947,2018-01-01T12:08:11.712Z,07 08 01 00 00 03 55 01 4A 01 4E 01 2F 04 65 03 A9 03 00 00,20,0x07,178.0,yes
old/hci_snoop_2018_01_01_12_06_26.cfa,1949,2018-01-01T12:08:11.806Z,07 0B 01 00 00 03,6,0x07,1,1955,2018-01-01T12:08:11.979Z,07 0B 01 00 00 03 51 01 53 01 55 01 B9 03 C2 03 CF 03 00 00,20,0x07,173.0,yes
old/hci_snoop_2018_01_01_12_06_26.cfa,1957,2018-01-01T12:08:12.074Z,07 0B 01 00 00 03,6,0x07,1,1959,2018-01-01T12:08:12.250Z,07 0B 01 00 00 03 51 01 53 01 55 01 B9 03 C2 03 CF 03 00 00,20,0x07,176.0,yes
old/hci_snoop_2018_01_01_12_06_26.cfa,1963,2018-01-01T12:08:12.346Z,07 0E 01 00 00 03,6,0x07,1,1965,2018-01-01T12:08:12.520Z,07 0E 01 00 00 03 54 01 52 01 52 01 D3 03 D9 03 E3 03 00 00,20,0x07,174.0,yes
old/hci_snoop_2018_01_01_12_06_26.cfa,1967,2018-01-01T12:08:12.616Z,07 0E 01 00 00 03,6,0x07,1,1971,2018-01-01T12:08:12.789Z,07 0E 01 00 00 03 54 01 52 01 52 01 D3 03 D9 03 E3 03 00 00,20,0x07,173.0,yes
old/hci_snoop_2018_01_01_12_06_26.cfa,1973,2018-01-01T12:08:12.886Z,07 11 01 00 00 03,6,0x07,1,1975,2018-01-01T12:08:13.060Z,07 11 01 00 00 03 52 01 50 01 50 01 E6 03 EC 03 F0 03 00 00,20,0x07,174.0,yes
old/hci_snoop_2018_01_01_12_06_26.cfa,1979,2018-01-01T12:08:13.156Z,07 11 01 00 00 03,6,0x07,1,1981,2018-01-01T12:08:13.330Z,07 11 01 00 00 03 52 01 50 01 50 01 E6 03 EC 03 F0 03 00 00,20,0x07,174.0,yes
old/hci_snoop_2018_01_01_12_06_26.cfa,1983,2018-01-01T12:08:13.423Z,07 14 01 00 00 03,6,0x07,1,1985,2018-01-01T12:08:13.600Z,07 14 01 00 00 03 4F 01 51 01 53 01 F6 03 F5 03 F6 03 00 00,20,0x07,177.0,yes
old/hci_snoop_2018_01_01_12_06_26.cfa,1991,2018-01-01T12:08:13.695Z,07 14 01 00 00 03,6,0x07,1,1993,2018-01-01T12:08:13.871Z,07 14 01 00 00 03 4F 01 51 01 53 01 F6 03 F5 03 F6 03 00 00,20,0x07,176.0,yes
old/hci_snoop_2018_01_01_12_06_26.cfa,1995,2018-01-01T12:08:13.968Z,07 17 01 00 00 03,6,0x07,1,1999,2018-01-01T12:08:14.139Z,07 17 01 00 00 03 54 01 56 01 57 01 F3 03 ED 03 ED 03 00 00,20,0x07,171.0,yes
old/hci_snoop_2018_01_01_12_06_26.cfa,2001,2018-01-01T12:08:14.233Z,07 17 01 00 00 03,6,0x07,1,2003,2018-01-01T12:08:14.410Z,07 17 01 00 00 03 54 01 56 01 57 01 F3 03 ED 03 ED 03 00 00,20,0x07,177.0,yes
old/hci_snoop_2018_01_01_12_06_26.cfa,2007,2018-01-01T12:08:14.504Z,07 1A 01 00 00 03,6,0x07,1,2011,2018-01-01T12:08:14.685Z,07 1A 01 00 00 03 58 01 59 01 57 01 EB 03 E8 03 EE 03 00 00,20,0x07,181.0,yes
old/hci_snoop_2018_01_01_12_06_26.cfa,2013,2018-01-01T12:08:14.775Z,07 1A 01 00 00 03,6,0x07,1,2017,2018-01-01T12:08:14.950Z,07 1A 01 00 00 03 58 01 59 01 57 01 EB 03 E8 03 EE 03 00 00,20,0x07,175.0,yes
old/hci_snoop_2018_01_01_12_06_26.cfa,2019,2018-01-01T12:08:15.050Z,07 1D 01 00 00 03,6,0x07,1,2021,2018-01-01T12:08:15.220Z,07 1D 01 00 00 03 5A 01 5C 01 5C 01 E6 03 DC 03 D9 03 00 00,20,0x07,170.0,yes
old/hci_snoop_2018_01_01_12_06_26.cfa,2023,2018-01-01T12:08:15.313Z,07 1D 01 00 00 03,6,0x07,1,2027,2018-01-01T12:08:15.490Z,07 1D 01 00 00 03 5A 01 5C 01 5C 01 E6 03 DC 03 D9 03 00 00,20,0x07,177.0,yes
old/hci_snoop_2018_01_01_12_06_26.cfa,2029,2018-01-01T12:08:15.585Z,07 20 01 00 00 03,6,0x07,1,2031,2018-01-01T12:08:15.763Z,07 20 01 00 00 03 5C 01 5B 01 59 01 DC 03 DB 03 DF 03 00 00,20,0x07,178.0,yes
old/hci_snoop_2018_01_01_12_06_26.cfa,2033,2018-01-01T12:08:15.856Z,07 20 01 00 00 03,6,0x07,1,2035,2018-01-01T12:08:16.030Z,07 20 01 00 00 03 5C 01 5B 01 59 01 DC 03 DB 03 DF 03 00 00,20,0x07,174.0,yes
old/hci_snoop_2018_01_01_12_06_26.cfa,2037,2018-01-01T12:08:16.127Z,07 23 01 00 00 03,6,0x07,1,2041,2018-01-01T12:08:16.300Z,07 23 01 00 00 03 59 01 59 01 59 01 E1 03 E2 03 E0 03 00 00,20,0x07,173.0,yes
old/hci_snoop_2018_01_01_12_06_26.cfa,2043,2018-01-01T12:08:16.398Z,07 23 01 00 00 03,6,0x07,1,2047,2018-01-01T12:08:16.569Z,07 23 01 00 00 03 59 01 59 01 59 01 E1 03 E2 03 E0 03 00 00,20,0x07,171.0,yes
old/hci_snoop_2018_01_01_12_06_26.cfa,2049,2018-01-01T12:08:16.667Z,07 26 01 00 00 03,6,0x07,1,2051,2018-01-01T12:08:16.841Z,07 26 01 00 00 03 59 01 58 01 57 01 E0 03 E7 03 E8 03 00 00,20,0x07,174.0,yes
old/hci_snoop_2018_01_01_12_06_26.cfa,2053,2018-01-01T12:08:16.936Z,07 26 01 00 00 03,6,0x07,1,2057,2018-01-01T12:08:17.110Z,07 26 01 00 00 03 59 01 58 01 57 01 E0 03 E7 03 E8 03 00 00,20,0x07,174.0,yes
old/hci_snoop_2018_01_01_12_06_26.cfa,2059,2018-01-01T12:08:17.202Z,07 29 01 00 00 03,6,0x07,1,2063,2018-01-01T12:08:17.380Z,07 29 01 00 00 03 54 01 51 01 4E 01 EF 03 F7 03 FF 03 00 00,20,0x07,178.0,yes
old/hci_snoop_2018_01_01_12_06_26.cfa,2065,2018-01-01T12:08:17.473Z,07 29 01 00 00 03,6,0x07,1,2067,2018-01-01T12:08:17.652Z,07 29 01 00 00 03 54 01 51 01 4E 01 EF 03 F7 03 FF 03 00 00,20,0x07,179.0,yes
old/hci_snoop_2018_01_01_12_06_26.cfa,2069,2018-01-01T12:08:17.749Z,07 2C 01 00 00 03,6,0x07,1,2073,2018-01-01T12:08:18.190Z,07 2C 01 00 00 03 4C 01 4A 01 48 01 04 04 0A 04 0E 04 00 00,20,0x07,441.0,yes
old/hci_snoop_2018_01_01_12_06_26.cfa,2075,2018-01-01T12:08:18.199Z,07 2C 01 00 00 03,6,0x07,1,2080,2018-01-01T12:08:18.370Z,07 2C 01 00 00 03 4C 01 4A 01 48 01 04 04 0A 04 0E 04 00 00,20,0x07,171.0,yes
old/hci_snoop_2018_01_01_12_06_26.cfa,2082,2018-01-01T12:08:18.466Z,07 2F 01 00 00 03,6,0x07,1,2084,2018-01-01T12:08:18.641Z,07 2F 01 00 00 03 46 01 45 01 44 01 12 04 16 04 1A 04 00 00,20,0x07,175.0,yes
old/hci_snoop_2018_01_01_12_06_26.cfa,2086,2018-01-01T12:08:18.738Z,07 2F 01 00 00 03,6,0x07,1,2090,2018-01-01T12:08:18.911Z,07 2F 01 00 00 03 46 01 45 01 44 01 12 04 16 04 1A 04 00 00,20,0x07,173.0,yes
old/hci_snoop_2018_01_01_12_06_26.cfa,2092,2018-01-01T12:08:19.057Z,07 32 01 00 00 03,6,0x07,1,2096,2018-01-01T12:08:19.180Z,07 32 01 00 00 03 42 01 42 01 41 01 1D 04 20 04 21 04 00 00,20,0x07,123.0,yes
old/hci_snoop_2018_01_01_12_06_26.cfa,2098,2018-01-01T12:08:19.278Z,07 32 01 00 00 03,6,0x07,1,2100,2018-01-01T12:08:19.451Z,07 32 01 00 00 03 42 01 42 01 41 01 1D 04 20 04 21 04 00 00,20,0x07,173.0,yes
old/hci_snoop_2018_01_01_12_06_26.cfa,2102,2018-01-01T12:08:19.546Z,07 35 01 00 00 03,6,0x07,1,2106,2018-01-01T12:08:19.720Z,07 35 01 00 00 03 40 01 3F 01 3F 01 23 04 24 04 27 04 00 00,20,0x07,174.0,yes
old/hci_snoop_2018_01_01_12_06_26.cfa,2108,2018-01-01T12:08:19.817Z,07 35 01 00 00 03,6,0x07,1,2112,2018-01-01T12:08:19.993Z,07 35 01 00 00 03 40 01 3F 01 3F 01 23 04 24 04 27 04 00 00,20,0x07,176.0,yes
old/hci_snoop_2018_01_01_12_06_26.cfa,2114,2018-01-01T12:08:20.085Z,07 38 01 00 00 03,6,0x07,1,2116,2018-01-01T12:08:20.260Z,07 38 01 00 00 03 3E 01 3D 01 3D 01 2A 04 2B 04 2E 04 00 00,20,0x07,175.0,yes
old/hci_snoop_2018_01_01_12_06_26.cfa,2118,2018-01-01T12:08:20.355Z,07 38 01 00 00 03,6,0x07,1,2122,2018-01-01T12:08:20.532Z,07 38 01 00 00 03 3E 01 3D 01 3D 01 2A 04 2B 04 2E 04 00 00,20,0x07,177.0,yes
old/hci_snoop_2018_01_01_12_06_26.cfa,2124,2018-01-01T12:08:20.623Z,07 3B 01 00 00 03,6,0x07,1,2128,2018-01-01T12:08:20.799Z,07 3B 01 00 00 03 3D 01 42 01 46 01 31 04 2C 04 24 04 00 00,20,0x07,176.0,yes
old/hci_snoop_2018_01_01_12_06_26.cfa,2130,2018-01-01T12:08:20.893Z,07 3B 01 00 00 03,6,0x07,1,2132,2018-01-01T12:08:21.070Z,07 3B 01 00 00 03 3D 01 42 01 46 01 31 04 2C 04 24 04 00 00,20,0x07,177.0,yes
old/hci_snoop_2018_01_01_12_06_26.cfa,2134,2018-01-01T12:08:21.166Z,07 3E 01 00 00 03,6,0x07,1,2136,2018-01-01T12:08:21.342Z,07 3E 01 00 00 03 45 01 45 01 45 01 23 04 23 04 21 04 00 00,20,0x07,176.0,yes
old/hci_snoop_2018_01_01_12_06_26.cfa,2138,2018-01-01T12:08:21.436Z,07 3E 01 00 00 03,6,0x07,1,2140,2018-01-01T12:08:21.610Z,07 3E 01 00 00 03 45 01 45 01 45 01 23 04 23 04 21 04 00 00,20,0x07,174.0,yes
old/hci_snoop_2018_01_01_12_06_26.cfa,2142,2018-01-01T12:08:21.707Z,07 41 01 00 00 03,6,0x07,1,2144,2018-01-01T12:08:21.881Z,07 41 01 00 00 03 46 01 56 01 54 01 1E 04 02 04 00 04 00 00,20,0x07,174.0,yes
old/hci_snoop_2018_01_01_12_06_26.cfa,2146,2018-01-01T12:08:21.976Z,07 41 01 00 00 03,6,0x07,1,2150,2018-01-01T12:08:22.149Z,07 41 01 00 00 03 46 01 56 01 54 01 1E 04 02 04 00 04 00 00,20,0x07,173.0,yes
old/hci_snoop_2018_01_01_12_06_26.cfa,2152,2018-01-01T12:08:22.244Z,07 44 01 00 00 03,6,0x07,1,2154,2018-01-01T12:08:22.420Z,07 44 01 00 00 03 53 01 50 01 4C 01 01 04 03 04 0D 04 00 00,20,0x07,176.0,yes
old/hci_snoop_2018_01_01_12_06_26.cfa,2158,2018-01-01T12:08:22.514Z,07 44 01 00 00 03,6,0x07,1,2160,2018-01-01T12:08:22.691Z,07 44 01 00 00 03 53 01 50 01 4C 01 01 04 03 04 0D 04 00 00,20,0x07,177.0,yes
old/hci_snoop_2018_01_01_12_06_26.cfa,2162,2018-01-01T12:08:22.785Z,07 47 01 00 00 03,6,0x07,1,2166,2018-01-01T12:08:22.959Z,07 47 01 00 00 03 4A 01 48 01 46 01 12 04 16 04 19 04 00 00,20,0x07,174.0,yes
old/hci_snoop_2018_01_01_12_06_26.cfa,2168,2018-01-01T12:08:23.053Z,07 47 01 00 00 03,6,0x07,1,2170,2018-01-01T12:08:23.230Z,07 47 01 00 00 03 4A 01 48 01 46 01 12 04 16 04 19 04 00 00,20,0x07,177.0,yes
old/hci_snoop_2018_01_01_12_06_26.cfa,2174,2018-01-01T12:08:23.325Z,07 4A 01 00 00 03,6,0x07,1,2176,2018-01-01T12:08:23.500Z,07 4A 01 00 00 03 45 01 43 01 42 01 1D 04 20 04 23 04 00 00,20,0x07,175.0,yes
old/hci_snoop_2018_01_01_12_06_26.cfa,2178,2018-01-01T12:08:23.594Z,07 4A 01 00 00 03,6,0x07,1,2180,2018-01-01T12:08:23.769Z,07 4A 01 00 00 03 45 01 43 01 42 01 1D 04 20 04 23 04 00 00,20,0x07,175.0,yes
old/hci_snoop_2018_01_01_12_06_26.cfa,2184,2018-01-01T12:08:23.866Z,07 4D 01 00 00 03,6,0x07,1,2186,2018-01-01T12:08:24.129Z,07 4D 01 00 00 03 41 01 40 01 3F 01 26 04 29 04 2C 04 00 00,20,0x07,263.0,yes
old/hci_snoop_2018_01_01_12_06_26.cfa,2188,2018-01-01T12:08:24.134Z,07 4D 01 00 00 03,6,0x07,1,2192,2018-01-01T12:08:24.309Z,07 4D 01 00 00 03 41 01 40 01 3F 01 26 04 29 04 2C 04 00 00,20,0x07,175.0,yes
old/hci_snoop_2018_01_01_12_06_26.cfa,2194,2018-01-01T12:08:24.404Z,07 50 01 00 00 03,6,0x07,1,2196,2018-01-01T12:08:24.580Z,07 50 01 00 00 03 3D 01 3D 01 3C 01 2F 04 32 04 34 04 00 00,20,0x07,176.0,yes
old/hci_snoop_2018_01_01_12_06_26.cfa,2200,2018-01-01T12:08:24.766Z,07 50 01 00 00 03,6,0x07,1,2202,2018-01-01T12:08:24.941Z,07 50 01 00 00 03 3D 01 3D 01 3C 01 2F 04 32 04 34 04 00 00,20,0x07,175.0,yes
old/hci_snoop_2018_01_01_12_06_26.cfa,2206,2018-01-01T12:08:25.043Z,07 53 01 00 00 03,6,0x07,1,2208,2018-01-01T12:08:25.210Z,07 53 01 00 00 03 3C 01 3B 01 3A 01 37 04 3A 04 3D 04 00 00,20,0x07,167.0,yes
old/hci_snoop_2018_01_01_12_06_26.cfa,2210,2018-01-01T12:08:25.302Z,07 53 01 00 00 03,6,0x07,1,2212,2018-01-01T12:08:25.479Z,07 53 01 00 00 03 3C 01 3B 01 3A 01 37 04 3A 04 3D 04 00 00,20,0x07,177.0,yes
old/hci_snoop_2018_01_01_12_06_26.cfa,2218,2018-01-01T12:08:25.576Z,07 56 01 00 00 03,6,0x07,1,2220,2018-01-01T12:08:25.750Z,07 56 01 00 00 03 3A 01 39 01 39 01 40 04 42 04 44 04 00 00,20,0x07,174.0,yes
old/hci_snoop_2018_01_01_12_06_26.cfa,2223,2018-01-01T12:08:25.846Z,07 56 01 00 00 03,6,0x07,1,2226,2018-01-01T12:08:26.019Z,07 56 01 00 00 03 3A 01 39 01 39 01 40 04 42 04 44 04 00 00,20,0x07,173.0,yes
old/hci_snoop_2018_01_01_12_06_26.cfa,2228,2018-01-01T12:08:26.114Z,07 59 01 00 00 03,6,0x07,1,2230,2018-01-01T12:08:26.290Z,07 59 01 00 00 03 39 01 38 01 38 01 46 04 48 04 49 04 00 00,20,0x07,176.0,yes
old/hci_snoop_2018_01_01_12_06_26.cfa,2236,2018-01-01T12:08:26.382Z,07 59 01 00 00 03,6,0x07,1,2238,2018-01-01T12:08:26.560Z,07 59 01 00 00 03 39 01 38 01 38 01 46 04 48 04 49 04 00 00,20,0x07,178.0,yes
old/hci_snoop_2018_01_01_12_06_26.cfa,2241,2018-01-01T12:08:26.653Z,07 5C 01 00 00 03,6,0x07,1,2245,2018-01-01T12:08:26.830Z,07 5C 01 00 00 03 37 01 37 01 37 01 4A 04 4B 04 4B 04 00 00,20,0x07,177.0,yes
old/hci_snoop_2018_01_01_12_06_26.cfa,2247,2018-01-01T12:08:26.924Z,07 5C 01 00 00 03,6,0x07,1,2249,2018-01-01T12:08:27.100Z,07 5C 01 00 00 03 37 01 37 01 37 01 4A 04 4B 04 4B 04 00 00,20,0x07,176.0,yes
old/hci_snoop_2018_01_01_12_06_26.cfa,2253,2018-01-01T12:08:27.197Z,07 5F 01 00 00 03,6,0x07,1,2255,2018-01-01T12:08:27.371Z,07 5F 01 00 00 03 37 01 36 01 36 01 4C 04 4D 04 4E 04 00 00,20,0x07,174.0,yes
old/hci_snoop_2018_01_01_12_06_26.cfa,2257,2018-01-01T12:08:27.464Z,07 5F 01 00 00 03,6,0x07,1,2261,2018-01-01T12:08:27.640Z,07 5F 01 00 00 03 37 01 36 01 36 01 4C 04 4D 04 4E 04 00 00,20,0x07,176.0,yes
old/hci_snoop_2018_01_01_12_06_26.cfa,2263,2018-01-01T12:08:27.733Z,07 62 01 00 00 03,6,0x07,1,2265,2018-01-01T12:08:27.910Z,07 62 01 00 00 03 36 01 36 01 35 01 4F 04 50 04 51 04 00 00,20,0x07,177.0,yes
old/hci_snoop_2018_01_01_12_06_26.cfa,2267,2018-01-01T12:08:28.003Z,07 62 01 00 00 03,6,0x07,1,2271,2018-01-01T12:08:28.180Z,07 62 01 00 00 03 36 01 36 01 35 01 4F 04 50 04 51 04 00 00,20,0x07,177.0,yes
old/hci_snoop_2018_01_01_12_06_26.cfa,2273,2018-01-01T12:08:28.274Z,07 65 01 00 00 03,6,0x07,1,2277,2018-01-01T12:08:28.450Z,07 65 01 00 00 03 35 01 35 01 35 01 53 04 55 04 55 04 00 00,20,0x07,176.0,yes
old/hci_snoop_2018_01_01_12_06_26.cfa,2279,2018-01-01T12:08:28.544Z,07 65 01 00 00 03,6,0x07,1,2281,2018-01-01T12:08:28.720Z,07 65 01 00 00 03 35 01 35 01 35 01 53 04 55 04 55 04 00 00,20,0x07,176.0,yes
old/hci_snoop_2018_01_01_12_06_26.cfa,2284,2018-01-01T12:08:28.817Z,07 68 01 00 00 03,6,0x07,1,2290,2018-01-01T12:08:28.990Z,07 68 01 00 00 03 34 01 34 01 34 01 55 04 57 04 58 04 00 00,20,0x07,173.0,yes
old/hci_snoop_2018_01_01_12_06_26.cfa,2292,2018-01-01T12:08:29.082Z,07 68 01 00 00 03,6,0x07,1,2296,2018-01-01T12:08:29.259Z,07 68 01 00 00 03 34 01 34 01 34 01 55 04 57 04 58 04 00 00,20,0x07,177.0,yes
old/hci_snoop_2018_01_01_12_06_26.cfa,2298,2018-01-01T12:08:29.358Z,07 6B 01 00 00 03,6,0x07,1,2300,2018-01-01T12:08:29.530Z,07 6B 01 00 00 03 34 01 34 01 33 01 59 04 5A 04 5A 04 00 00,20,0x07,172.0,yes
old/hci_snoop_2018_01_01_12_06_26.cfa,2302,2018-01-01T12:08:29.625Z,07 6B 01 00 00 03,6,0x07,1,2306,2018-01-01T12:08:29.800Z,07 6B 01 00 00 03 34 01 34 01 33 01 59 04 5A 04 5A 04 00 00,20,0x07,175.0,yes
old/hci_snoop_2018_01_01_12_06_26.cfa,2308,2018-01-01T12:08:29.893Z,07 6E 01 00 00 03,6,0x07,1,2310,2018-01-01T12:08:30.071Z,07 6E 01 00 00 03 33 01 33 01 33 01 5A 04 5B 04 5B 04 00 00,20,0x07,178.0,yes
old/hci_snoop_2018_01_01_12_06_26.cfa,2312,2018-01-01T12:08:30.165Z,07 6E 01 00 00 03,6,0x07,1,2314,2018-01-01T12:08:30.341Z,07 6E 01 00 00 03 33 01 33 01 33 01 5A 04 5B 04 5B 04 00 00,20,0x07,176.0,yes
old/hci_snoop_2018_01_01_12_06_26.cfa,2316,2018-01-01T12:08:30.435Z,07 71 01 00 00 03,6,0x07,1,2318,2018-01-01T12:08:30.609Z,07 71 01 00 00 03 33 01 33 01 32 01 5C 04 5B 04 5C 04 00 00,20,0x07,174.0,yes
old/hci_snoop_2018_01_01_12_06_26.cfa,2320,2018-01-01T12:08:30.706Z,07 71 01 00 00 03,6,0x07,1,2322,2018-01-01T12:08:30.880Z,07 71 01 00 00 03 33 01 33 01 32 01 5C 04 5B 04 5C 04 00 00,20,0x07,174.0,yes
old/hci_snoop_2018_01_01_12_06_26.cfa,2326,2018-01-01T12:08:30.974Z,07 74 01 00 00 03,6,0x07,1,2328,2018-01-01T12:08:31.150Z,07 74 01 00 00 03 32 01 32 01 32 01 5C 04 5C 04 5C 04 00 00,20,0x07,176.0,yes
old/hci_snoop_2018_01_01_12_06_26.cfa,2330,2018-01-01T12:08:31.244Z,07 74 01 00 00 03,6,0x07,1,2332,2018-01-01T12:08:31.421Z,07 74 01 00 00 03 32 01 32 01 32 01 5C 04 5C 04 5C 04 00 00,20,0x07,177.0,yes
old/hci_snoop_2018_01_01_12_06_26.cfa,2336,2018-01-01T12:08:31.515Z,07 77 01 00 00 03,6,0x07,1,2338,2018-01-01T12:08:31.779Z,07 77 01 00 00 03 31 01 31 01 31 01 5D 04 5D 04 60 04 00 00,20,0x07,264.0,yes
old/hci_snoop_2018_01_01_12_06_26.cfa,2340,2018-01-01T12:08:31.785Z,07 77 01 00 00 03,6,0x07,1,2342,2018-01-01T12:08:31.960Z,07 77 01 00 00 03 31 01 31 01 31 01 5D 04 5D 04 60 04 00 00,20,0x07,175.0,yes
old/hci_snoop_2018_01_01_12_06_26.cfa,2344,2018-01-01T12:08:32.059Z,07 7A 01 00 00 03,6,0x07,1,2346,2018-01-01T12:08:32.230Z,07 7A 01 00 00 03 31 01 31 01 31 01 61 04 60 04 5F 04 00 00,20,0x07,171.0,yes
old/hci_snoop_2018_01_01_12_06_26.cfa,2350,2018-01-01T12:08:32.323Z,07 7A 01 00 00 03,6,0x07,1,2352,2018-01-01T12:08:32.499Z,07 7A 01 00 00 03 31 01 31 01 31 01 61 04 60 04 5F 04 00 00,20,0x07,176.0,yes
old/hci_snoop_2018_01_01_12_06_26.cfa,2354,2018-01-01T12:08:32.595Z,07 7D 01 00 00 03,6,0x07,1,2358,2018-01-01T12:08:32.769Z,07 7D 01 00 00 03 31 01 31 01 31 01 5F 04 5F 04 5F 04 00 00,20,0x07,174.0,yes
old/hci_snoop_2018_01_01_12_06_26.cfa,2360,2018-01-01T12:08:32.869Z,07 7D 01 00 00 03,6,0x07,1,2362,2018-01-01T12:08:33.040Z,07 7D 01 00 00 03 31 01 31 01 31 01 5F 04 5F 04 5F 04 00 00,20,0x07,171.0,yes
old/hci_snoop_2018_01_01_12_06_26.cfa,2364,2018-01-01T12:08:33.132Z,07 80 01 00 00 03,6,0x07,1,2368,2018-01-01T12:08:33.310Z,07 80 01 00 00 03 30 01 30 01 30 01 5F 04 5E 04 5E 04 00 00,20,0x07,178.0,yes
old/hci_snoop_2018_01_01_12_06_26.cfa,2370,2018-01-01T12:08:33.404Z,07 80 01 00 00 03,6,0x07,1,2374,2018-01-01T12:08:33.579Z,07 80 01 00 00 03 30 01 30 01 30 01 5F 04 5E 04 5E 04 00 00,20,0x07,175.0,yes
old/hci_snoop_2018_01_01_12_06_26.cfa,2376,2018-01-01T12:08:33.676Z,07 83 01 00 00 03,6,0x07,1,2378,2018-01-01T12:08:33.850Z,07 83 01 00 00 03 30 01 30 01 2F 01 5E 04 5D 04 5D 04 00 00,20,0x07,174.0,yes
old/hci_snoop_2018_01_01_12_06_26.cfa,2380,2018-01-01T12:08:33.946Z,07 83 01 00 00 03,6,0x07,1,2382,2018-01-01T12:08:34.120Z,07 83 01 00 00 03 30 01 30 01 2F 01 5E 04 5D 04 5D 04 00 00,20,0x07,174.0,yes
old/hci_snoop_2018_01_01_12_06_26.cfa,2384,2018-01-01T12:08:34.215Z,07 86 01 00 00 03,6,0x07,1,2388,2018-01-01T12:08:34.391Z,07 86 01 00 00 03 2F 01 2F 01 2F 01 5D 04 5C 04 5C 04 00 00,20,0x07,176.0,yes
old/hci_snoop_2018_01_01_12_06_26.cfa,2390,2018-01-01T12:08:34.485Z,07 86 01 00 00 03,6,0x07,1,2392,2018-01-01T12:08:34.660Z,07 86 01 00 00 03 2F 01 2F 01 2F 01 5D 04 5C 04 5C 04 00 00,20,0x07,175.0,yes
old/hci_snoop_2018_01_01_12_06_26.cfa,2394,2018-01-01T12:08:34.756Z,07 89 01 00 00 03,6,0x07,1,2398,2018-01-01T12:08:34.930Z,07 89 01 00 00 03 30 01 30 01 31 01 5B 04 59 04 57 04 00 00,20,0x07,174.0,yes
old/hci_snoop_2018_01_01_12_06_26.cfa,2400,2018-01-01T12:08:35.056Z,07 89 01 00 00 03,6,0x07,1,2404,2018-01-01T12:08:35.200Z,07 89 01 00 00 03 30 01 30 01 31 01 5B 04 59 04 57 04 00 00,20,0x07,144.0,yes
old/hci_snoop_2018_01_01_12_06_26.cfa,2406,2018-01-01T12:08:35.295Z,07 8C 01 00 00 03,6,0x07,1,2408,2018-01-01T12:08:35.473Z,07 8C 01 00 00 03 30 01 31 01 3B 01 57 04 57 04 45 04 00 00,20,0x07,178.0,yes
old/hci_snoop_2018_01_01_12_06_26.cfa,2410,2018-01-01T12:08:35.568Z,07 8C 01 00 00 03,6,0x07,1,2414,2018-01-01T12:08:35.741Z,07 8C 01 00 00 03 30 01 31 01 3B 01 57 04 57 04 45 04 00 00,20,0x07,173.0,yes
old/hci_snoop_2018_01_01_12_06_26.cfa,2416,2018-01-01T12:08:35.836Z,07 8F 01 00 00 03,6,0x07,1,2418,2018-01-01T12:08:36.010Z,07 8F 01 00 00 03 3D 01 3D 01 3A 01 3A 04 32 04 39 04 00 00,20,0x07,174.0,yes
old/hci_snoop_2018_01_01_12_06_26.cfa,2420,2018-01-01T12:08:36.104Z,07 8F 01 00 00 03,6,0x07,1,2422,2018-01-01T12:08:36.282Z,07 8F 01 00 00 03 3D 01 3D 01 3A 01 3A 04 32 04 39 04 00 00,20,0x07,178.0,yes
old/hci_snoop_2018_01_01_12_06_26.cfa,2424,2018-01-01T12:08:36.381Z,07 92 01 00 00 03,6,0x07,1,2430,2018-01-01T12:08:36.550Z,07 92 01 00 00 03 40 01 3F 01 3B 01 36 04 29 04 33 04 00 00,20,0x07,169.0,yes
old/hci_snoop_2018_01_01_12_06_26.cfa,2432,2018-01-01T12:08:36.650Z,07 92 01 00 00 03,6,0x07,1,2434,2018-01-01T12:08:36.824Z,07 92 01 00 00 03 40 01 3F 01 3B 01 36 04 29 04 33 04 00 00,20,0x07,174.0,yes
old/hci_snoop_2018_01_01_12_06_26.cfa,2436,2018-01-01T12:08:36.921Z,07 95 01 00 00 03,6,0x07,1,2438,2018-01-01T12:08:37.090Z,07 95 01 00 00 03 38 01 37 01 35 01 39 04 3C 04 3F 04 00 00,20,0x07,169.0,yes
old/hci_snoop_2018_01_01_12_06_26.cfa,2440,2018-01-01T12:08:37.187Z,07 95 01 00 00 03,6,0x07,1,2444,2018-01-01T12:08:37.360Z,07 95 01 00 00 03 38 01 37 01 35 01 39 04 3C 04 3F 04 00 00,20,0x07,173.0,yes
old/hci_snoop_2018_01_01_12_06_26.cfa,2446,2018-01-01T12:08:37.460Z,07 98 01 00 00 03,6,0x07,1,2448,2018-01-01T12:08:37.634Z,07 98 01 00 00 03 34 01 33 01 33 01 42 04 44 04 45 04 00 00,20,0x07,174.0,yes
old/hci_snoop_2018_01_01_12_06_26.cfa,2452,2018-01-01T12:08:37.728Z,07 98 01 00 00 03,6,0x07,1,2454,2018-01-01T12:08:37.904Z,07 98 01 00 00 03 34 01 33 01 33 01 42 04 44 04 45 04 00 00,20,0x07,176.0,yes
old/hci_snoop_2018_01_01_12_06_26.cfa,2456,2018-01-01T12:08:37.997Z,07 9B 01 00 00 03,6,0x07,1,2458,2018-01-01T12:08:38.172Z,07 9B 01 00 00 03 32 01 32 01 32 01 46 04 47 04 48 04 00 00,20,0x07,175.0,yes
old/hci_snoop_2018_01_01_12_06_26.cfa,2460,2018-01-01T12:08:38.273Z,07 9B 01 00 00 03,6,0x07,1,2464,2018-01-01T12:08:38.713Z,07 9B 01 00 00 03 32 01 32 01 32 01 46 04 47 04 48 04 00 00,20,0x07,440.0,yes
old/hci_snoop_2018_01_01_12_06_26.cfa,2466,2018-01-01T12:08:38.728Z,07 9E 01 00 00 03,6,0x07,1,2468,2018-01-01T12:08:38.893Z,07 9E 01 00 00 03 31 01 31 01 30 01 49 04 4A 04 4B 04 00 00,20,0x07,165.0,yes
old/hci_snoop_2018_01_01_12_06_26.cfa,2470,2018-01-01T12:08:38.992Z,07 9E 01 00 00 03,6,0x07,1,2474,2018-01-01T12:08:39.160Z,07 9E 01 00 00 03 31 01 31 01 30 01 49 04 4A 04 4B 04 00 00,20,0x07,168.0,yes
old/hci_snoop_2018_01_01_12_06_26.cfa,2476,2018-01-01T12:08:39.261Z,07 A1 01 00 00 03,6,0x07,1,2480,2018-01-01T12:08:39.430Z,07 A1 01 00 00 03 30 01 30 01 2F 01 4B 04 4C 04 4D 04 00 00,20,0x07,169.0,yes
old/hci_snoop_2018_01_01_12_06_26.cfa,2482,2018-01-01T12:08:39.530Z,07 A1 01 00 00 03,6,0x07,1,2484,2018-01-01T12:08:39.704Z,07 A1 01 00 00 03 30 01 30 01 2F 01 4B 04 4C 04 4D 04 00 00,20,0x07,174.0,yes
old/hci_snoop_2018_01_01_12_06_26.cfa,2486,2018-01-01T12:08:39.801Z,07 A4 01 00 00 03,6,0x07,1,2490,2018-01-01T12:08:39.974Z,07 A4 01 00 00 03 2F 01 2F 01 2F 01 4E 04 4E 04 4E 04 00 00,20,0x07,173.0,yes
old/hci_snoop_2018_01_01_12_06_26.cfa,2492,2018-01-01T12:08:40.076Z,07 A4 01 00 00 03,6,0x07,1,2494,2018-01-01T12:08:40.245Z,07 A4 01 00 00 03 2F 01 2F 01 2F 01 4E 04 4E 04 4E 04 00 00,20,0x07,169.0,yes
old/hci_snoop_2018_01_01_12_06_26.cfa,2498,2018-01-01T12:08:40.341Z,07 A7 01 00 00 03,6,0x07,1,2500,2018-01-01T12:08:40.509Z,07 A7 01 00 00 03 2F 01 2F 01 2E 01 4E 04 4E 04 4F 04 00 00,20,0x07,168.0,yes
old/hci_snoop_2018_01_01_12_06_26.cfa,2502,2018-01-01T12:08:40.609Z,07 A7 01 00 00 03,6,0x07,1,2504,2018-01-01T12:08:40.784Z,07 A7 01 00 00 03 2F 01 2F 01 2E 01 4E 04 4E 04 4F 04 00 00,20,0x07,175.0,yes
old/hci_snoop_2018_01_01_12_06_26.cfa,2506,2018-01-01T12:08:40.881Z,07 AA 01 00 00 03,6,0x07,1,2508,2018-01-01T12:08:41.054Z,07 AA 01 00 00 03 2E 01 2E 01 2E 01 4F 04 4F 04 50 04 00 00,20,0x07,173.0,yes
old/hci_snoop_2018_01_01_12_06_26.cfa,2512,2018-01-01T12:08:41.144Z,07 AA 01 00 00 03,6,0x07,1,2514,2018-01-01T12:08:41.324Z,07 AA 01 00 00 03 2E 01 2E 01 2E 01 4F 04 4F 04 50 04 00 00,20,0x07,180.0,yes
old/hci_snoop_2018_01_01_12_06_26.cfa,2516,2018-01-01T12:08:41.421Z,07 AD 01 00 00 03,6,0x07,1,2520,2018-01-01T12:08:41.589Z,07 AD 01 00 00 03 2D 01 2D 01 2D 01 50 04 51 04 52 04 00 00,20,0x07,168.0,yes
old/hci_snoop_2018_01_01_12_06_26.cfa,2524,2018-01-01T12:08:41.690Z,07 AD 01 00 00 03,6,0x07,1,2526,2018-01-01T12:08:41.863Z,07 AD 01 00 00 03 2D 01 2D 01 2D 01 50 04 51 04 52 04 00 00,20,0x07,173.0,yes
old/hci_snoop_2018_01_01_12_06_26.cfa,2530,2018-01-01T12:08:41.950Z,07 B0 01 00 00 03,6,0x07,1,2533,2018-01-01T12:08:42.130Z,07 B0 01 00 00 03 2D 01 2D 01 2C 01 52 04 52 04 52 04 00 00,20,0x07,180.0,yes
old/hci_snoop_2018_01_01_12_06_26.cfa,2535,2018-01-01T12:08:42.228Z,07 B0 01 00 00 03,6,0x07,1,2537,2018-01-01T12:08:42.401Z,07 B0 01 00 00 03 2D 01 2D 01 2C 01 52 04 52 04 52 04 00 00,20,0x07,173.0,yes
old/hci_snoop_2018_01_01_12_06_26.cfa,2543,2018-01-01T12:08:42.499Z,07 B3 01 00 00 03,6,0x07,1,2545,2018-01-01T12:08:42.674Z,07 B3 01 00 00 03 2C 01 2C 01 2C 01 52 04 52 04 52 04 00 00,20,0x07,175.0,yes
old/hci_snoop_2018_01_01_12_06_26.cfa,2547,2018-01-01T12:08:42.770Z,07 B3 01 00 00 03,6,0x07,1,2551,2018-01-01T12:08:42.942Z,07 B3 01 00 00 03 2C 01 2C 01 2C 01 52 04 52 04 52 04 00 00,20,0x07,172.0,yes
old/hci_snoop_2018_01_01_12_06_26.cfa,2553,2018-01-01T12:08:43.080Z,07 B6 01 00 00 03,6,0x07,1,2555,2018-01-01T12:08:43.212Z,07 B6 01 00 00 03 2C 01 2B 01 2B 01 53 04 53 04 53 04 00 00,20,0x07,132.0,yes
old/hci_snoop_2018_01_01_12_06_26.cfa,2559,2018-01-01T12:08:43.302Z,07 B6 01 00 00 03,6,0x07,1,2561,2018-01-01T12:08:43.484Z,07 B6 01 00 00 03 2C 01 2B 01 2B 01 53 04 53 04 53 04 00 00,20,0x07,182.0,yes
old/hci_snoop_2018_01_01_12_06_26.cfa,2563,2018-01-01T12:08:43.581Z,07 B9 01 00 00 03,6,0x07,1,2567,2018-01-01T12:08:43.754Z,07 B9 01 00 00 03 2B 01 2B 01 2C 01 54 04 54 04 53 04 00 00,20,0x07,173.0,yes
old/hci_snoop_2018_01_01_12_06_26.cfa,2569,2018-01-01T12:08:43.852Z,07 B9 01 00 00 03,6,0x07,1,2571,2018-01-01T12:08:44.024Z,07 B9 01 00 00 03 2B 01 2B 01 2C 01 54 04 54 04 53 04 00 00,20,0x07,172.0,yes
old/hci_snoop_2018_01_01_12_06_26.cfa,2573,2018-01-01T12:08:44.114Z,07 BC 01 00 00 03,6,0x07,1,2577,2018-01-01T12:08:44.294Z,07 BC 01 00 00 03 2B 01 2B 01 2B 01 55 04 55 04 55 04 00 00,20,0x07,180.0,yes
old/hci_snoop_2018_01_01_12_06_26.cfa,2579,2018-01-01T12:08:44.391Z,07 BC 01 00 00 03,6,0x07,1,2583,2018-01-01T12:08:44.564Z,07 BC 01 00 00 03 2B 01 2B 01 2B 01 55 04 55 04 55 04 00 00,20,0x07,173.0,yes
old/hci_snoop_2018_01_01_12_06_26.cfa,2585,2018-01-01T12:08:44.661Z,07 BF 01 00 00 03,6,0x07,1,2587,2018-01-01T12:08:44.834Z,07 BF 01 00 00 03 2B 01 2B 01 2B 01 55 04 55 04 55 04 00 00,20,0x07,173.0,yes
old/hci_snoop_2018_01_01_12_06_26.cfa,2589,2018-01-01T12:08:44.930Z,07 BF 01 00 00 03,6,0x07,1,2595,2018-01-01T12:08:45.100Z,07 BF 01 00 00 03 2B 01 2B 01 2B 01 55 04 55 04 55 04 00 00,20,0x07,170.0,yes
old/hci_snoop_2018_01_01_12_06_26.cfa,2597,2018-01-01T12:08:45.200Z,07 C2 01 00 00 03,6,0x07,1,2601,2018-01-01T12:08:45.373Z,07 C2 01 00 00 03 2B 01 2C 01 2B 01 55 04 55 04 21 04 00 00,20,0x07,173.0,yes
old/hci_snoop_2018_01_01_12_06_26.cfa,2603,2018-01-01T12:08:45.471Z,07 C2 01 00 00 03,6,0x07,1,2605,2018-01-01T12:08:45.644Z,07 C2 01 00 00 03 2B 01 2C 01 2B 01 55 04 55 04 21 04 00 00,20,0x07,173.0,yes
old/hci_snoop_2018_01_01_12_06_26.cfa,2607,2018-01-01T12:08:45.741Z,07 C5 01 00 00 03,6,0x07,1,2609,2018-01-01T12:08:45.913Z,07 C5 01 00 00 03 2C 01 2D 01 2E 01 2D 04 32 04 36 04 00 00,20,0x07,172.0,yes
old/hci_snoop_2018_01_01_12_06_26.cfa,2611,2018-01-01T12:08:46.011Z,07 C5 01 00 00 03,6,0x07,1,2615,2018-01-01T12:08:46.179Z,07 C5 01 00 00 03 2C 01 2D 01 2E 01 2D 04 32 04 36 04 00 00,20,0x07,168.0,yes
old/hci_snoop_2018_01_01_12_06_26.cfa,2617,2018-01-01T12:08:46.280Z,07 C8 01 00 00 03,6,0x07,1,2621,2018-01-01T12:08:46.720Z,07 C8 01 00 00 03 2F 01 30 01 31 01 39 04 3D 04 3A 04 00 00,20,0x07,440.0,yes
old/hci_snoop_2018_01_01_12_06_26.cfa,2623,2018-01-01T12:08:46.726Z,07 C8 01 00 00 03,6,0x07,1,2625,2018-01-01T12:08:46.901Z,07 C8 01 00 00 03 2F 01 30 01 31 01 39 04 3D 04 3A 04 00 00,20,0x07,175.0,yes
old/hci_snoop_2018_01_01_12_06_26.cfa,2627,2018-01-01T12:08:47.002Z,07 CB 01 00 00 03,6,0x07,1,2631,2018-01-01T12:08:47.170Z,07 CB 01 00 00 03 32 01 33 01 35 01 3B 04 3C 04 3C 04 00 00,20,0x07,168.0,yes
old/hci_snoop_2018_01_01_12_06_26.cfa,2633,2018-01-01T12:08:47.271Z,07 CB 01 00 00 03,6,0x07,1,2635,2018-01-01T12:08:47.444Z,07 CB 01 00 00 03 32 01 33 01 35 01 3B 04 3C 04 3C 04 00 00,20,0x07,173.0,yes
old/hci_snoop_2018_01_01_12_06_26.cfa,2637,2018-01-01T12:08:47.544Z,07 CE 01 00 00 03,6,0x07,1,2639,2018-01-01T12:08:47.709Z,07 CE 01 00 00 03 36 01 3F 01 43 01 3E 04 34 04 30 04 00 00,20,0x07,165.0,yes
old/hci_snoop_2018_01_01_12_06_26.cfa,2641,2018-01-01T12:08:47.805Z,07 CE 01 00 00 03,6,0x07,1,2645,2018-01-01T12:08:47.979Z,07 CE 01 00 00 03 36 01 3F 01 43 01 3E 04 34 04 30 04 00 00,20,0x07,174.0,yes
old/hci_snoop_2018_01_01_12_06_26.cfa,2647,2018-01-01T12:08:48.075Z,07 D1 01 00 00 03,6,0x07,1,2649,2018-01-01T12:08:48.250Z,07 D1 01 00 00 03 46 01 48 01 4B 01 2E 04 2A 04 28 04 00 00,20,0x07,175.0,yes
old/hci_snoop_2018_01_01_12_06_26.cfa,2651,2018-01-01T12:08:48.345Z,07 D1 01 00 00 03,6,0x07,1,2655,2018-01-01T12:08:48.520Z,07 D1 01 00 00 03 46 01 48 01 4B 01 2E 04 2A 04 28 04 00 00,20,0x07,175.0,yes
old/hci_snoop_2018_01_01_12_06_26.cfa,2657,2018-01-01T12:08:48.615Z,07 D4 01 00 00 03,6,0x07,1,2661,2018-01-01T12:08:48.790Z,07 D4 01 00 00 03 4D 01 4F 01 50 01 26 04 24 04 23 04 00 00,20,0x07,175.0,yes
old/hci_snoop_2018_01_01_12_06_26.cfa,2663,2018-01-01T12:08:48.885Z,07 D4 01 00 00 03,6,0x07,1,2665,2018-01-01T12:08:49.060Z,07 D4 01 00 00 03 4D 01 4F 01 50 01 26 04 24 04 23 04 00 00,20,0x07,175.0,yes
old/hci_snoop_2018_01_01_12_06_26.cfa,2667,2018-01-01T12:08:49.153Z,07 D7 01 00 00 03,6,0x07,1,2671,2018-01-01T12:08:49.330Z,07 D7 01 00 00 03 51 01 52 01 51 01 25 04 23 04 1D 04 00 00,20,0x07,177.0,yes
old/hci_snoop_2018_01_01_12_06_26.cfa,2673,2018-01-01T12:08:49.424Z,07 D7 01 00 00 03,6,0x07,1,2677,2018-01-01T12:08:49.599Z,07 D7 01 00 00 03 51 01 52 01 51 01 25 04 23 04 1D 04 00 00,20,0x07,175.0,yes
old/hci_snoop_2018_01_01_12_06_26.cfa,2679,2018-01-01T12:08:49.695Z,07 DA 01 00 00 03,6,0x07,1,2681,2018-01-01T12:08:49.870Z,07 DA 01 00 00 03 4E 01 4D 01 4B 01 23 04 25 04 27 04 00 00,20,0x07,175.0,yes
old/hci_snoop_2018_01_01_12_06_26.cfa,2683,2018-01-01T12:08:49.964Z,07 DA 01 00 00 03,6,0x07,1,2687,2018-01-01T12:08:50.140Z,07 DA 01 00 00 03 4E 01 4D 01 4B 01 23 04 25 04 27 04 00 00,20,0x07,176.0,yes
old/hci_snoop_2018_01_01_12_06_26.cfa,2689,2018-01-01T12:08:50.234Z,07 DD 01 00 00 03,6,0x07,1,2693,2018-01-01T12:08:50.409Z,07 DD 01 00 00 03 4B 01 4A 01 49 01 29 04 2A 04 2C 04 00 00,20,0x07,175.0,yes
old/hci_snoop_2018_01_01_12_06_26.cfa,2695,2018-01-01T12:08:50.504Z,07 DD 01 00 00 03,6,0x07,1,2697,2018-01-01T12:08:50.679Z,07 DD 01 00 00 03 4B 01 4A 01 49 01 29 04 2A 04 2C 04 00 00,20,0x07,175.0,yes
old/hci_snoop_2018_01_01_12_06_26.cfa,2699,2018-01-01T12:08:50.774Z,07 E0 01 00 00 03,6,0x07,1,2705,2018-01-01T12:08:50.949Z,07 E0 01 00 00 03 49 01 49 01 49 01 2D 04 2E 04 30 04 00 00,20,0x07,175.0,yes
old/hci_snoop_2018_01_01_12_06_26.cfa,2707,2018-01-01T12:08:51.044Z,07 E0 01 00 00 03,6,0x07,1,2709,2018-01-01T12:08:51.221Z,07 E0 01 00 00 03 49 01 49 01 49 01 2D 04 2E 04 30 04 00 00,20,0x07,177.0,yes
old/hci_snoop_2018_01_01_12_06_26.cfa,2713,2018-01-01T12:08:51.314Z,07 E3 01 00 00 03,6,0x07,1,2715,2018-01-01T12:08:51.489Z,07 E3 01 00 00 03 49 01 49 01 49 01 31 04 32 04 32 04 00 00,20,0x07,175.0,yes
old/hci_snoop_2018_01_01_12_06_26.cfa,2717,2018-01-01T12:08:51.584Z,07 E3 01 00 00 03,6,0x07,1,2721,2018-01-01T12:08:51.759Z,07 E3 01 00 00 03 49 01 49 01 49 01 31 04 32 04 32 04 00 00,20,0x07,175.0,yes
old/hci_snoop_2018_01_01_12_06_26.cfa,2725,2018-01-01T12:08:51.854Z,07 E6 01 00 00 03,6,0x07,1,2727,2018-01-01T12:08:52.029Z,07 E6 01 00 00 03 4A 01 4A 01 4A 01 33 04 33 04 33 04 00 00,20,0x07,175.0,yes
old/hci_snoop_2018_01_01_12_06_26.cfa,2731,2018-01-01T12:08:52.122Z,07 E6 01 00 00 03,6,0x07,1,2733,2018-01-01T12:08:52.299Z,07 E6 01 00 00 03 4A 01 4A 01 4A 01 33 04 33 04 33 04 00 00,20,0x07,177.0,yes
old/hci_snoop_2018_01_01_12_06_26.cfa,2735,2018-01-01T12:08:52.394Z,07 E9 01 00 00 03,6,0x07,1,2737,2018-01-01T12:08:52.569Z,07 E9 01 00 00 03 4B 01 4B 01 4B 01 33 04 33 04 33 04 00 00,20,0x07,175.0,yes
old/hci_snoop_2018_01_01_12_06_26.cfa,2743,2018-01-01T12:08:52.663Z,07 E9 01 00 00 03,6,0x07,1,2745,2018-01-01T12:08:52.839Z,07 E9 01 00 00 03 4B 01 4B 01 4B 01 33 04 33 04 33 04 00 00,20,0x07,176.0,yes
old/hci_snoop_2018_01_01_12_06_26.cfa,2749,2018-01-01T12:08:53.024Z,07 EC 01 00 00 03,6,0x07,1,2751,2018-01-01T12:08:53.201Z,07 EC 01 00 00 03 4B 01 4C 01 4C 01 32 04 32 04 32 04 00 00,20,0x07,177.0,yes
old/hci_snoop_2018_01_01_12_06_26.cfa,2753,2018-01-01T12:08:53.294Z,07 EC 01 00 00 03,6,0x07,1,2759,2018-01-01T12:08:53.469Z,07 EC 01 00 00 03 4B 01 4C 01 4C 01 32 04 32 04 32 04 00 00,20,0x07,175.0,yes
old/hci_snoop_2018_01_01_12_06_26.cfa,2761,2018-01-01T12:08:53.564Z,07 EF 01 00 00 03,6,0x07,1,2763,2018-01-01T12:08:53.742Z,07 EF 01 00 00 03 4C 01 4D 01 4D 01 31 04 31 04 31 04 00 00,20,0x07,178.0,yes
old/hci_snoop_2018_01_01_12_06_26.cfa,2767,2018-01-01T12:08:53.835Z,07 EF 01 00 00 03,6,0x07,1,2769,2018-01-01T12:08:54.010Z,07 EF 01 00 00 03 4C 01 4D 01 4D 01 31 04 31 04 31 04 00 00,20,0x07,175.0,yes
old/hci_snoop_2018_01_01_12_06_26.cfa,2771,2018-01-01T12:08:54.109Z,07 F2 01 00 00 03,6,0x07,1,2773,2018-01-01T12:08:54.284Z,07 F2 01 00 00 03 4E 01 4E 01 4E 01 30 04 2F 04 2F 04 00 00,20,0x07,175.0,yes
old/hci_snoop_2018_01_01_12_06_26.cfa,2779,2018-01-01T12:08:54.379Z,07 F2 01 00 00 03,6,0x07,1,2781,2018-01-01T12:08:54.554Z,07 F2 01 00 00 03 4E 01 4E 01 4E 01 30 04 2F 04 2F 04 00 00,20,0x07,175.0,yes
old/hci_snoop_2018_01_01_12_06_26.cfa,2785,2018-01-01T12:08:54.658Z,07 F5 01 00 00 03,6,0x07,1,2787,2018-01-01T12:08:54.824Z,07 F5 01 00 00 03 4E 01 4E 01 4E 01 2F 04 2E 04 2E 04 00 00,20,0x07,166.0,yes
old/hci_snoop_2018_01_01_12_06_26.cfa,2789,2018-01-01T12:08:54.921Z,07 F5 01 00 00 03,6,0x07,1,2791,2018-01-01T12:08:55.090Z,07 F5 01 00 00 03 4E 01 4E 01 4E 01 2F 04 2E 04 2E 04 00 00,20,0x07,169.0,yes
old/hci_snoop_2018_01_01_12_06_26.cfa,2797,2018-01-01T12:08:55.182Z,07 F8 01 00 00 03,6,0x07,1,2799,2018-01-01T12:08:55.364Z,07 F8 01 00 00 03 4E 01 4E 01 4E 01 2E 04 2F 04 2F 04 00 00,20,0x07,182.0,yes
old/hci_snoop_2018_01_01_12_06_26.cfa,2801,2018-01-01T12:08:55.460Z,07 F8 01 00 00 03,6,0x07,1,2805,2018-01-01T12:08:55.634Z,07 F8 01 00 00 03 4E 01 4E 01 4E 01 2E 04 2F 04 2F 04 00 00,20,0x07,174.0,yes
old/hci_snoop_2018_01_01_12_06_26.cfa,2807,2018-01-01T12:08:55.732Z,07 FB 01 00 00 03,6,0x07,1,2809,2018-01-01T12:08:55.904Z,07 FB 01 00 00 03 4E 01 4E 01 4D 01 2F 04 2F 04 2F 04 00 00,20,0x07,172.0,yes
old/hci_snoop_2018_01_01_12_06_26.cfa,2813,2018-01-01T12:08:55.999Z,07 FB 01 00 00 03,6,0x07,1,2818,2018-01-01T12:08:56.170Z,07 FB 01 00 00 03 4E 01 4E 01 4D 01 2F 04 2F 04 2F 04 00 00,20,0x07,171.0,yes
old/hci_snoop_2018_01_01_12_06_26.cfa,2820,2018-01-01T12:08:56.267Z,07 FE 01 00 00 03,6,0x07,1,2824,2018-01-01T12:08:56.442Z,07 FE 01 00 00 03 4D 01 4D 01 4C 01 2F 04 2F 04 2F 04 00 00,20,0x07,175.0,yes
old/hci_snoop_2018_01_01_12_06_26.cfa,2826,2018-01-01T12:08:56.537Z,07 FE 01 00 00 03,6,0x07,1,2828,2018-01-01T12:08:56.710Z,07 FE 01 00 00 03 4D 01 4D 01 4C 01 2F 04 2F 04 2F 04 00 00,20,0x07,173.0,yes
old/hci_snoop_2018_01_01_12_06_26.cfa,2830,2018-01-01T12:08:56.802Z,07 01 02 00 00 03,6,0x07,1,2836,2018-01-01T12:08:56.980Z,07 01 02 00 00 03 4C 01 4C 01 4C 01 30 04 30 04 30 04 00 00,20,0x07,178.0,yes
old/hci_snoop_2018_01_01_12_06_26.cfa,2838,2018-01-01T12:08:57.098Z,07 01 02 00 00 03,6,0x07,1,2842,2018-01-01T12:08:57.251Z,07 01 02 00 00 03 4C 01 4C 01 4C 01 30 04 30 04 30 04 00 00,20,0x07,153.0,yes
old/hci_snoop_2018_01_01_12_06_26.cfa,2844,2018-01-01T12:08:57.352Z,07 04 02 00 00 03,6,0x07,1,2846,2018-01-01T12:08:57.524Z,07 04 02 00 00 03 4C 01 4C 01 4C 01 30 04 30 04 30 04 00 00,20,0x07,172.0,yes
old/hci_snoop_2018_01_01_12_06_26.cfa,2848,2018-01-01T12:08:57.619Z,07 04 02 00 00 03,6,0x07,1,2854,2018-01-01T12:08:57.794Z,07 04 02 00 00 03 4C 01 4C 01 4C 01 30 04 30 04 30 04 00 00,20,0x07,175.0,yes
old/hci_snoop_2018_01_01_12_06_26.cfa,2856,2018-01-01T12:08:57.891Z,07 07 02 00 00 03,6,0x07,1,2860,2018-01-01T12:08:58.059Z,07 07 02 00 00 03 4C 01 4C 01 4C 01 30 04 30 04 30 04 00 00,20,0x07,168.0,yes
old/hci_snoop_2018_01_01_12_06_26.cfa,2862,2018-01-01T12:08:58.154Z,07 07 02 00 00 03,6,0x07,1,2864,2018-01-01T12:08:58.334Z,07 07 02 00 00 03 4C 01 4C 01 4C 01 30 04 30 04 30 04 00 00,20,0x07,180.0,yes
old/hci_snoop_2018_01_01_12_06_26.cfa,2866,2018-01-01T12:08:58.425Z,07 0A 02 00 00 03,6,0x07,1,2872,2018-01-01T12:08:58.602Z,07 0A 02 00 00 03 4B 01 4C 01 4B 01 30 04 31 04 31 04 00 00,20,0x07,177.0,yes
old/hci_snoop_2018_01_01_12_06_26.cfa,2874,2018-01-01T12:08:58.695Z,07 0A 02 00 00 03,6,0x07,1,2876,2018-01-01T12:08:58.871Z,07 0A 02 00 00 03 4B 01 4C 01 4B 01 30 04 31 04 31 04 00 00,20,0x07,176.0,yes
old/hci_snoop_2018_01_01_12_06_26.cfa,2880,2018-01-01T12:08:58.963Z,07 0D 02 00 00 03,6,0x07,1,2882,2018-01-01T12:08:59.139Z,07 0D 02 00 00 03 4C 01 4C 01 4C 01 31 04 31 04 31 04 00 00,20,0x07,176.0,yes
old/hci_snoop_2018_01_01_12_06_26.cfa,2884,2018-01-01T12:08:59.235Z,07 0D 02 00 00 03,6,0x07,1,2890,2018-01-01T12:08:59.411Z,07 0D 02 00 00 03 4C 01 4C 01 4C 01 31 04 31 04 31 04 00 00,20,0x07,176.0,yes
old/hci_snoop_2018_01_01_12_06_26.cfa,2892,2018-01-01T12:08:59.510Z,07 10 02 00 00 03,6,0x07,1,2894,2018-01-01T12:08:59.682Z,07 10 02 00 00 03 4C 01 4C 01 4C 01 31 04 30 04 2F 04 00 00,20,0x07,172.0,yes
old/hci_snoop_2018_01_01_12_06_26.cfa,2898,2018-01-01T12:08:59.774Z,07 10 02 00 00 03,6,0x07,1,2900,2018-01-01T12:08:59.949Z,07 10 02 00 00 03 4C 01 4C 01 4C 01 31 04 30 04 2F 04 00 00,20,0x07,175.0,yes
old/hci_snoop_2018_01_01_12_06_26.cfa,2902,2018-01-01T12:09:00.042Z,07 13 02 00 00 03,6,0x07,1,2904,2018-01-01T12:09:00.221Z,07 13 02 00 00 03 4C 01 4D 01 4F 01 2F 04 31 04 2A 04 00 00,20,0x07,179.0,yes
old/hci_snoop_2018_01_01_12_06_26.cfa,2908,2018-01-01T12:09:00.321Z,07 13 02 00 00 03,6,0x07,1,2910,2018-01-01T12:09:00.494Z,07 13 02 00 00 03 4C 01 4D 01 4F 01 2F 04 31 04 2A 04 00 00,20,0x07,173.0,yes
old/hci_snoop_2018_01_01_12_06_26.cfa,2914,2018-01-01T12:09:00.598Z,07 16 02 00 00 03,6,0x07,1,2916,2018-01-01T12:09:00.764Z,07 16 02 00 00 03 3A 01 42 01 46 01 5A 03 85 03 A0 03 00 00,20,0x07,166.0,yes
old/hci_snoop_2018_01_01_12_06_26.cfa,2918,2018-01-01T12:09:00.857Z,07 16 02 00 00 03,6,0x07,1,2920,2018-01-01T12:09:01.035Z,07 16 02 00 00 03 3A 01 42 01 46 01 5A 03 85 03 A0 03 00 00,20,0x07,178.0,yes
old/hci_snoop_2018_01_01_12_06_26.cfa,2924,2018-01-01T12:09:01.122Z,07 19 02 00 00 03,6,0x07,1,2926,2018-01-01T12:09:01.304Z,07 19 02 00 00 03 4A 01 4C 01 4D 01 AE 03 B7 03 BD 03 00 00,20,0x07,182.0,yes
old/hci_snoop_2018_01_01_12_06_26.cfa,2928,2018-01-01T12:09:01.400Z,07 19 02 00 00 03,6,0x07,1,2932,2018-01-01T12:09:01.574Z,07 19 02 00 00 03 4A 01 4C 01 4D 01 AE 03 B7 03 BD 03 00 00,20,0x07,174.0,yes
old/hci_snoop_2018_01_01_12_06_26.cfa,2934,2018-01-01T12:09:01.671Z,07 1C 02 00 00 03,6,0x07,1,2936,2018-01-01T12:09:01.843Z,07 1C 02 00 00 03 4E 01 50 01 54 01 C2 03 C5 03 C9 03 00 00,20,0x07,172.0,yes
old/hci_snoop_2018_01_01_12_06_26.cfa,2938,2018-01-01T12:09:01.935Z,07 1C 02 00 00 03,6,0x07,1,2940,2018-01-01T12:09:02.110Z,07 1C 02 00 00 03 4E 01 50 01 54 01 C2 03 C5 03 C9 03 00 00,20,0x07,175.0,yes
old/hci_snoop_2018_01_01_12_06_26.cfa,2942,2018-01-01T12:09:02.205Z,07 1F 02 00 00 03,6,0x07,1,2946,2018-01-01T12:09:02.384Z,07 1F 02 00 00 03 58 01 5A 01 5D 01 CF 03 D1 03 D2 03 00 00,20,0x07,179.0,yes
old/hci_snoop_2018_01_01_12_06_26.cfa,2948,2018-01-01T12:09:02.481Z,07 1F 02 00 00 03,6,0x07,1,2950,2018-01-01T12:09:02.651Z,07 1F 02 00 00 03 58 01 5A 01 5D 01 CF 03 D1 03 D2 03 00 00,20,0x07,170.0,yes
old/hci_snoop_2018_01_01_12_06_26.cfa,2952,2018-01-01T12:09:02.751Z,07 22 02 00 00 03,6,0x07,1,2956,2018-01-01T12:09:02.921Z,07 22 02 00 00 03 5C 01 5C 01 5D 01 C6 03 C6 03 C9 03 00 00,20,0x07,170.0,yes
old/hci_snoop_2018_01_01_12_06_26.cfa,2958,2018-01-01T12:09:03.015Z,07 22 02 00 00 03,6,0x07,1,2962,2018-01-01T12:09:03.190Z,07 22 02 00 00 03 5C 01 5C 01 5D 01 C6 03 C6 03 C9 03 00 00,20,0x07,175.0,yes
old/hci_snoop_2018_01_01_12_06_26.cfa,2964,2018-01-01T12:09:03.290Z,07 25 02 00 00 03,6,0x07,1,2966,2018-01-01T12:09:03.464Z,07 25 02 00 00 03 5C 01 5E 01 5E 01 CB 03 D3 03 D5 03 00 00,20,0x07,174.0,yes
old/hci_snoop_2018_01_01_12_06_26.cfa,2968,2018-01-01T12:09:03.559Z,07 25 02 00 00 03,6,0x07,1,2972,2018-01-01T12:09:03.734Z,07 25 02 00 00 03 5C 01 5E 01 5E 01 CB 03 D3 03 D5 03 00 00,20,0x07,175.0,yes
old/hci_snoop_2018_01_01_12_06_26.cfa,2974,2018-01-01T12:09:03.831Z,07 28 02 00 00 03,6,0x07,1,2976,2018-01-01T12:09:04.004Z,07 28 02 00 00 03 62 01 65 01 67 01 D7 03 CF 03 CD 03 00 00,20,0x07,173.0,yes
old/hci_snoop_2018_01_01_12_06_26.cfa,2978,2018-01-01T12:09:04.120Z,07 28 02 00 00 03,6,0x07,1,2980,2018-01-01T12:09:04.273Z,07 28 02 00 00 03 62 01 65 01 67 01 D7 03 CF 03 CD 03 00 00,20,0x07,153.0,yes
old/hci_snoop_2018_01_01_12_06_26.cfa,2982,2018-01-01T12:09:04.370Z,07 2B 02 00 00 03,6,0x07,1,2986,2018-01-01T12:09:04.544Z,07 2B 02 00 00 03 66 01 67 01 67 01 D1 03 D0 03 D2 03 00 00,20,0x07,174.0,yes
old/hci_snoop_2018_01_01_12_06_26.cfa,2988,2018-01-01T12:09:04.641Z,07 2B 02 00 00 03,6,0x07,1,2990,2018-01-01T12:09:04.812Z,07 2B 02 00 00 03 66 01 67 01 67 01 D1 03 D0 03 D2 03 00 00,20,0x07,171.0,yes
old/hci_snoop_2018_01_01_12_06_26.cfa,2992,2018-01-01T12:09:04.911Z,07 2E 02 00 00 03,6,0x07,1,2994,2018-01-01T12:09:05.082Z,07 2E 02 00 00 03 63 01 60 01 5E 01 DA 03 E3 03 EB 03 00 00,20,0x07,171.0,yes
old/hci_snoop_2018_01_01_12_06_26.cfa,2996,2018-01-01T12:09:05.175Z,07 2E 02 00 00 03,6,0x07,1,3000,2018-01-01T12:09:05.349Z,07 2E 02 00 00 03 63 01 60 01 5E 01 DA 03 E3 03 EB 03 00 00,20,0x07,174.0,yes
old/hci_snoop_2018_01_01_12_06_26.cfa,3002,2018-01-01T12:09:05.445Z,07 31 02 00 00 03,6,0x07,1,3004,2018-01-01T12:09:05.622Z,07 31 02 00 00 03 5D 01 5D 01 5E 01 F1 03 F5 03 FA 03 00 00,20,0x07,177.0,yes
old/hci_snoop_2018_01_01_12_06_26.cfa,3008,2018-01-01T12:09:05.719Z,07 31 02 00 00 03,6,0x07,1,3010,2018-01-01T12:09:05.894Z,07 31 02 00 00 03 5D 01 5D 01 5E 01 F1 03 F5 03 FA 03 00 00,20,0x07,175.0,yes
old/hci_snoop_2018_01_01_12_06_26.cfa,3012,2018-01-01T12:09:05.984Z,07 34 02 00 00 03,6,0x07,1,3016,2018-01-01T12:09:06.159Z,07 34 02 00 00 03 5D 01 5B 01 5C 01 F9 03 5B 03 90 03 00 00,20,0x07,175.0,yes
old/hci_snoop_2018_01_01_12_06_26.cfa,3020,2018-01-01T12:09:06.255Z,07 34 02 00 00 03,6,0x07,1,3022,2018-01-01T12:09:06.434Z,07 34 02 00 00 03 5D 01 5B 01 5C 01 F9 03 5B 03 90 03 00 00,20,0x07,179.0,yes
old/hci_snoop_2018_01_01_12_06_26.cfa,3026,2018-01-01T12:09:06.522Z,07 37 02 00 00 03,6,0x07,1,3028,2018-01-01T12:09:06.702Z,07 37 02 00 00 03 5E 01 5F 01 5F 01 A6 03 AD 03 BA 03 00 00,20,0x07,180.0,yes
old/hci_snoop_2018_01_01_12_06_26.cfa,3030,2018-01-01T12:09:06.802Z,07 37 02 00 00 03,6,0x07,1,3032,2018-01-01T12:09:06.974Z,07 37 02 00 00 03 5E 01 5F 01 5F 01 A6 03 AD 03 BA 03 00 00,20,0x07,172.0,yes
old/hci_snoop_2018_01_01_12_06_26.cfa,3038,2018-01-01T12:09:07.068Z,07 3A 02 00 00 03,6,0x07,1,3040,2018-01-01T12:09:07.244Z,07 3A 02 00 00 03 61 01 63 01 64 01 BC 03 BE 03 C1 03 00 00,20,0x07,176.0,yes
old/hci_snoop_2018_01_01_12_06_26.cfa,3042,2018-01-01T12:09:07.335Z,07 3A 02 00 00 03,6,0x07,1,3044,2018-01-01T12:09:07.514Z,07 3A 02 00 00 03 61 01 63 01 64 01 BC 03 BE 03 C1 03 00 00,20,0x07,179.0,yes
old/hci_snoop_2018_01_01_12_06_26.cfa,3046,2018-01-01T12:09:07.613Z,07 3D 02 00 00 03,6,0x07,1,3048,2018-01-01T12:09:07.784Z,07 3D 02 00 00 03 66 01 68 01 68 01 C1 03 C2 03 C3 03 00 00,20,0x07,171.0,yes
old/hci_snoop_2018_01_01_12_06_26.cfa,3052,2018-01-01T12:09:07.880Z,07 3D 02 00 00 03,6,0x07,1,3054,2018-01-01T12:09:08.053Z,07 3D 02 00 00 03 66 01 68 01 68 01 C1 03 C2 03 C3 03 00 00,20,0x07,173.0,yes
old/hci_snoop_2018_01_01_12_06_26.cfa,3056,2018-01-01T12:09:08.141Z,07 40 02 00 00 03,6,0x07,1,3060,2018-01-01T12:09:08.324Z,07 40 02 00 00 03 69 01 69 01 68 01 C6 03 C7 03 C6 03 00 00,20,0x07,183.0,yes
old/hci_snoop_2018_01_01_12_06_26.cfa,3062,2018-01-01T12:09:08.421Z,07 40 02 00 00 03,6,0x07,1,3064,2018-01-01T12:09:08.593Z,07 40 02 00 00 03 69 01 69 01 68 01 C6 03 C7 03 C6 03 00 00,20,0x07,172.0,yes
old/hci_snoop_2018_01_01_12_06_26.cfa,3068,2018-01-01T12:09:08.701Z,07 43 02 00 00 03,6,0x07,1,3072,2018-01-01T12:09:08.864Z,07 43 02 00 00 03 65 01 65 01 65 01 9D 03 B2 03 BC 03 00 00,20,0x07,163.0,yes
old/hci_snoop_2018_01_01_12_06_26.cfa,3074,2018-01-01T12:09:08.961Z,07 43 02 00 00 03,6,0x07,1,3076,2018-01-01T12:09:09.404Z,07 43 02 00 00 03 65 01 65 01 65 01 9D 03 B2 03 BC 03 00 00,20,0x07,443.0,yes
old/hci_snoop_2018_01_01_12_06_26.cfa,3078,2018-01-01T12:09:09.415Z,07 46 02 00 00 03,6,0x07,1,3084,2018-01-01T12:09:09.579Z,07 46 02 00 00 03 65 01 63 01 60 01 C1 03 C7 03 CF 03 00 00,20,0x07,164.0,yes
old/hci_snoop_2018_01_01_12_06_26.cfa,3087,2018-01-01T12:09:09.683Z,07 46 02 00 00 03,6,0x07,1,3089,2018-01-01T12:09:09.853Z,07 46 02 00 00 03 65 01 63 01 60 01 C1 03 C7 03 CF 03 00 00,20,0x07,170.0,yes
old/hci_snoop_2018_01_01_12_06_26.cfa,3091,2018-01-01T12:09:09.951Z,07 49 02 00 00 03,6,0x07,1,3093,2018-01-01T12:09:10.120Z,07 49 02 00 00 03 5E 01 5A 01 59 01 D7 03 D3 03 D7 03 00 00,20,0x07,169.0,yes
old/hci_snoop_2018_01_01_12_06_26.cfa,3095,2018-01-01T12:09:10.214Z,07 49 02 00 00 03,6,0x07,1,3099,2018-01-01T12:09:10.389Z,07 49 02 00 00 03 5E 01 5A 01 59 01 D7 03 D3 03 D7 03 00 00,20,0x07,175.0,yes
old/hci_snoop_2018_01_01_12_06_26.cfa,3103,2018-01-01T12:09:10.490Z,07 4C 02 00 00 03,6,0x07,1,3105,2018-01-01T12:09:10.663Z,07 4C 02 00 00 03 57 01 55 01 54 01 DD 03 E3 03 E9 03 00 00,20,0x07,173.0,yes
old/hci_snoop_2018_01_01_12_06_26.cfa,3109,2018-01-01T12:09:10.761Z,07 4C 02 00 00 03,6,0x07,1,3111,2018-01-01T12:09:10.934Z,07 4C 02 00 00 03 57 01 55 01 54 01 DD 03 E3 03 E9 03 00 00,20,0x07,173.0,yes
old/hci_snoop_2018_01_01_12_06_26.cfa,3113,2018-01-01T12:09:11.031Z,07 4F 02 00 00 03,6,0x07,1,3115,2018-01-01T12:09:11.200Z,07 4F 02 00 00 03 52 01 51 01 50 01 EF 03 F4 03 F8 03 00 00,20,0x07,169.0,yes
old/hci_snoop_2018_01_01_12_06_26.cfa,3119,2018-01-01T12:09:11.298Z,07 4F 02 00 00 03,6,0x07,1,3121,2018-01-01T12:09:11.473Z,07 4F 02 00 00 03 52 01 51 01 50 01 EF 03 F4 03 F8 03 00 00,20,0x07,175.0,yes
old/hci_snoop_2018_01_01_12_06_26.cfa,3123,2018-01-01T12:09:11.568Z,07 52 02 00 00 03,6,0x07,1,3125,2018-01-01T12:09:11.743Z,07 52 02 00 00 03 4F 01 4F 01 4E 01 FD 03 01 04 04 04 00 00,20,0x07,175.0,yes
old/hci_snoop_2018_01_01_12_06_26.cfa,3127,2018-01-01T12:09:11.923Z,07 52 02 00 00 03,6,0x07,1,3138,2018-01-01T12:09:12.099Z,07 52 02 00 00 03 4F 01 4F 01 4E 01 FD 03 01 04 04 04 00 00,20,0x07,176.0,yes
old/hci_snoop_2018_01_01_12_06_26.cfa,3142,2018-01-01T12:09:12.191Z,07 55 02 00 00 03,6,0x07,1,3144,2018-01-01T12:09:12.374Z,07 55 02 00 00 03 4E 01 4D 01 4D 01 07 04 0B 04 0E 04 00 00,20,0x07,183.0,yes
old/hci_snoop_2018_01_01_12_06_26.cfa,3148,2018-01-01T12:09:12.464Z,07 55 02 00 00 03,6,0x07,1,3150,2018-01-01T12:09:12.644Z,07 55 02 00 00 03 4E 01 4D 01 4D 01 07 04 0B 04 0E 04 00 00,20,0x07,180.0,yes
old/hci_snoop_2018_01_01_12_06_26.cfa,3152,2018-01-01T12:09:12.741Z,07 58 02 00 00 03,6,0x07,1,3154,2018-01-01T12:09:12.914Z,07 58 02 00 00 03 4C 01 4C 01 4C 01 11 04 15 04 18 04 00 00,20,0x07,173.0,yes
old/hci_snoop_2018_01_01_12_06_26.cfa,3160,2018-01-01T12:09:13.010Z,07 58 02 00 00 03,6,0x07,1,3162,2018-01-01T12:09:13.181Z,07 58 02 00 00 03 4C 01 4C 01 4C 01 11 04 15 04 18 04 00 00,20,0x07,171.0,yes
old/hci_snoop_2018_01_01_12_06_26.cfa,3166,2018-01-01T12:09:13.284Z,07 5B 02 00 00 03,6,0x07,1,3168,2018-01-01T12:09:13.451Z,07 5B 02 00 00 03 4C 01 4C 01 4D 01 1B 04 1E 04 23 04 00 00,20,0x07,167.0,yes
old/hci_snoop_2018_01_01_12_06_26.cfa,3170,2018-01-01T12:09:13.550Z,07 5B 02 00 00 03,6,0x07,1,3172,2018-01-01T12:09:13.724Z,07 5B 02 00 00 03 4C 01 4C 01 4D 01 1B 04 1E 04 23 04 00 00,20,0x07,174.0,yes
old/hci_snoop_2018_01_01_12_06_26.cfa,3178,2018-01-01T12:09:13.820Z,07 5E 02 00 00 03,6,0x07,1,3180,2018-01-01T12:09:13.994Z,07 5E 02 00 00 03 50 01 54 01 58 01 23 04 1D 04 1A 04 00 00,20,0x07,174.0,yes
old/hci_snoop_2018_01_01_12_06_26.cfa,3182,2018-01-01T12:09:14.085Z,07 5E 02 00 00 03,6,0x07,1,3187,2018-01-01T12:09:14.261Z,07 5E 02 00 00 03 50 01 54 01 58 01 23 04 1D 04 1A 04 00 00,20,0x07,176.0,yes
old/hci_snoop_2018_01_01_12_06_26.cfa,3189,2018-01-01T12:09:14.354Z,07 61 02 00 00 03,6,0x07,1,3191,2018-01-01T12:09:14.531Z,07 61 02 00 00 03 5D 01 61 01 67 01 13 04 0B 04 0B 04 00 00,20,0x07,177.0,yes
old/hci_snoop_2018_01_01_12_06_26.cfa,3195,2018-01-01T12:09:14.621Z,07 61 02 00 00 03,6,0x07,1,3199,2018-01-01T12:09:14.801Z,07 61 02 00 00 03 5D 01 61 01 67 01 13 04 0B 04 0B 04 00 00,20,0x07,180.0,yes
old/hci_snoop_2018_01_01_12_06_26.cfa,3201,2018-01-01T12:09:14.895Z,07 64 02 00 00 03,6,0x07,1,3205,2018-01-01T12:09:15.071Z,07 64 02 00 00 03 6B 01 6D 01 6F 01 FD 03 F6 03 F2 03 00 00,20,0x07,176.0,yes
old/hci_snoop_2018_01_01_12_06_26.cfa,3207,2018-01-01T12:09:15.161Z,07 64 02 00 00 03,6,0x07,1,3209,2018-01-01T12:09:15.341Z,07 64 02 00 00 03 6B 01 6D 01 6F 01 FD 03 F6 03 F2 03 00 00,20,0x07,180.0,yes
old/hci_snoop_2025_11_21_07_45_17.cfa,323,2025-11-21T07:45:25.332Z,18 01 00 10,4,0x18,0,,,,,,,no
old/hci_snoop_2025_11_21_07_45_17.cfa,326,2025-11-21T07:45:25.348Z,19 01 00 10,4,0x19,0,,,,,,,no
old/hci_snoop_2025_11_21_07_45_17.cfa,329,2025-11-21T07:45:25.365Z,05 FF FF FF FF FF FF FF FF,9,0x05,0,,,,,,,no
old/hci_snoop_2025_11_21_07_45_17.cfa,335,2025-11-21T07:45:25.596Z,0F 01,2,0x0F,0,,,,,,,no
old/hci_snoop_2025_11_21_07_45_17.cfa,418,2025-11-21T07:45:26.604Z,01,1,0x01,1,420,2025-11-21T07:45:26.619Z,01 34 03 00 00 03 6B 01 6D 01 6F 01 FD 03 F6 03 F2 03 00 00,20,0x01,15.0,yes
old/hci_snoop_2025_11_21_07_45_17.cfa,422,2025-11-21T07:45:26.656Z,07 00 00 00 00 03,6,0x07,1,426,2025-11-21T07:45:26.711Z,07 00 00 00 00 03 81 01 7B 01 79 01 B4 03 BC 03 CB 03 00 00,20,0x07,55.0,yes
old/hci_snoop_2025_11_21_07_45_17.cfa,428,2025-11-21T07:45:26.837Z,07 03 00 00 00 03,6,0x07,1,430,2025-11-21T07:45:26.890Z,07 03 00 00 00 03 74 01 67 01 5A 01 C0 03 CE 03 EF 03 00 00,20,0x07,53.0,yes
old/hci_snoop_2025_11_21_07_45_17.cfa,432,2025-11-21T07:45:27.019Z,07 06 00 00 00 03,6,0x07,1,434,2025-11-21T07:45:27.070Z,07 06 00 00 00 03 53 01 77 01 5C 01 04 04 BD 03 F4 03 00 00,20,0x07,51.0,yes
old/hci_snoop_2025_11_21_07_45_17.cfa,436,2025-11-21T07:45:27.188Z,07 09 00 00 00 03,6,0x07,1,438,2025-11-21T07:45:27.252Z,07 09 00 00 00 03 62 01 65 01 69 01 F0 03 E9 03 E4 03 00 00,20,0x07,64.0,yes
old/hci_snoop_2025_11_21_07_45_17.cfa,440,2025-11-21T07:45:27.371Z,07 0C 00 00 00 03,6,0x07,1,442,2025-11-21T07:45:27.431Z,07 0C 00 00 00 03 6B 01 6E 01 6F 01 DE 03 D9 03 DC 03 00 00,20,0x07,60.0,yes
old/hci_snoop_2025_11_21_07_45_17.cfa,444,2025-11-21T07:45:27.555Z,07 0F 00 00 00 03,6,0x07,1,446,2025-11-21T07:45:27.610Z,07 0F 00 00 00 03 71 01 72 01 6C 01 D3 03 CF 03 D5 03 00 00,20,0x07,55.0,yes
old/hci_snoop_2025_11_21_07_45_17.cfa,448,2025-11-21T07:45:27.738Z,07 12 00 00 00 03,6,0x07,1,450,2025-11-21T07:45:27.791Z,07 12 00 00 00 03 67 01 63 01 60 01 E1 03 E9 03 F1 03 00 00,20,0x07,53.0,yes
old/hci_snoop_2025_11_21_07_45_17.cfa,452,2025-11-21T07:45:27.905Z,07 15 00 00 00 03,6,0x07,1,454,2025-11-21T07:45:27.972Z,07 15 00 00 00 03 5D 01 5A 01 58 01 F9 03 00 04 06 04 00 00,20,0x07,67.0,yes
old/hci_snoop_2025_11_21_07_45_17.cfa,456,2025-11-21T07:45:28.090Z,07 18 00 00 00 03,6,0x07,1,458,2025-11-21T07:45:28.150Z,07 18 00 00 00 03 56 01 54 01 53 01 0B 04 0E 04 11 04 00 00,20,0x07,60.0,yes
old/hci_snoop_2025_11_21_07_45_17.cfa,460,2025-11-21T07:45:28.302Z,07 1B 00 00 00 03,6,0x07,1,462,2025-11-21T07:45:28.376Z,07 1B 00 00 00 03 52 01 51 01 50 01 13 04 15 04 18 04 00 00,20,0x07,74.0,yes
old/hci_snoop_2025_11_21_07_45_17.cfa,464,2025-11-21T07:45:28.489Z,07 1E 00 00 00 03,6,0x07,1,466,2025-11-21T07:45:28.555Z,07 1E 00 00 00 03 4F 01 4F 01 4E 01 19 04 1B 04 1D 04 00 00,20,0x07,66.0,yes
old/hci_snoop_2025_11_21_07_45_17.cfa,468,2025-11-21T07:45:28.671Z,07 21 00 00 00 03,6,0x07,1,470,2025-11-21T07:45:28.736Z,07 21 00 00 00 03 4D 01 4C 01 4C 01 1F 04 20 04 21 04 00 00,20,0x07,65.0,yes
old/hci_snoop_2025_11_21_07_45_17.cfa,472,2025-11-21T07:45:28.854Z,07 24 00 00 00 03,6,0x07,1,474,2025-11-21T07:45:28.915Z,07 24 00 00 00 03 4B 01 4B 01 4B 01 22 04 24 04 25 04 00 00,20,0x07,61.0,yes
old/hci_snoop_2025_11_21_07_45_17.cfa,476,2025-11-21T07:45:29.039Z,07 27 00 00 00 03,6,0x07,1,478,2025-11-21T07:45:29.095Z,07 27 00 00 00 03 4A 01 49 01 49 01 26 04 27 04 28 04 00 00,20,0x07,56.0,yes
old/hci_snoop_2025_11_21_07_45_17.cfa,480,2025-11-21T07:45:29.221Z,07 2A 00 00 00 03,6,0x07,1,482,2025-11-21T07:45:29.280Z,07 2A 00 00 00 03 49 01 48 01 48 01 28 04 28 04 29 04 00 00,20,0x07,59.0,yes
old/hci_snoop_2025_11_21_07_45_17.cfa,484,2025-11-21T07:45:29.387Z,07 2D 00 00 00 03,6,0x07,1,486,2025-11-21T07:45:29.455Z,07 2D 00 00 00 03 47 01 47 01 47 01 29 04 29 04 2A 04 00 00,20,0x07,68.0,yes
old/hci_snoop_2025_11_21_07_45_17.cfa,488,2025-11-21T07:45:29.572Z,07 30 00 00 00 03,6,0x07,1,490,2025-11-21T07:45:29.636Z,07 30 00 00 00 03 46 01 46 01 46 01 2B 04 2B 04 2C 04 00 00,20,0x07,64.0,yes
old/hci_snoop_2025_11_21_07_45_17.cfa,492,2025-11-21T07:45:29.755Z,07 33 00 00 00 03,6,0x07,1,494,2025-11-21T07:45:29.815Z,07 33 00 00 00 03 46 01 46 01 45 01 2D 04 2D 04 2E 04 00 00,20,0x07,60.0,yes
old/hci_snoop_2025_11_21_07_45_17.cfa,496,2025-11-21T07:45:29.940Z,07 36 00 00 00 03,6,0x07,1,498,2025-11-21T07:45:29.995Z,07 36 00 00 00 03 45 01 45 01 45 01 30 04 31 04 32 04 00 00,20,0x07,55.0,yes
old/hci_snoop_2025_11_21_07_45_17.cfa,500,2025-11-21T07:45:30.123Z,07 39 00 00 00 03,6,0x07,1,502,2025-11-21T07:45:30.175Z,07 39 00 00 00 03 44 01 44 01 45 01 33 04 35 04 3D 04 00 00,20,0x07,52.0,yes
old/hci_snoop_2025_11_21_07_45_17.cfa,504,2025-11-21T07:45:30.311Z,07 3C 00 00 00 03,6,0x07,1,506,2025-11-21T07:45:30.400Z,07 3C 00 00 00 03 44 01 44 01 43 01 3F 04 40 04 41 04 00 00,20,0x07,89.0,yes
old/hci_snoop_2025_11_21_07_45_17.cfa,512,2025-11-21T07:45:30.521Z,07 3F 00 00 00 03,6,0x07,1,514,2025-11-21T07:45:30.580Z,07 3F 00 00 00 03 43 01 43 01 43 01 42 04 44 04 45 04 00 00,20,0x07,59.0,yes
old/hci_snoop_2025_11_21_07_45_17.cfa,516,2025-11-21T07:45:30.704Z,07 42 00 00 00 03,6,0x07,1,518,2025-11-21T07:45:30.760Z,07 42 00 00 00 03 43 01 43 01 43 01 47 04 48 04 4A 04 00 00,20,0x07,56.0,yes
old/hci_snoop_2025_11_21_07_45_17.cfa,520,2025-11-21T07:45:30.873Z,07 45 00 00 00 03,6,0x07,1,522,2025-11-21T07:45:30.986Z,07 45 00 00 00 03 42 01 42 01 42 01 4B 04 4C 04 4C 04 00 00,20,0x07,113.0,yes
old/hci_snoop_2025_11_21_07_45_17.cfa,525,2025-11-21T07:45:31.105Z,07 48 00 00 00 03,6,0x07,1,527,2025-11-21T07:45:31.256Z,07 48 00 00 00 03 42 01 42 01 42 01 4E 04 4F 04 50 04 00 00,20,0x07,151.0,yes
old/hci_snoop_2025_11_21_07_45_17.cfa,529,2025-11-21T07:45:31.372Z,07 4B 00 00 00 03,6,0x07,1,531,2025-11-21T07:45:31.526Z,07 4B 00 00 00 03 42 01 42 01 42 01 52 04 53 04 54 04 00 00,20,0x07,154.0,yes
old/hci_snoop_2025_11_21_07_45_17.cfa,533,2025-11-21T07:45:31.641Z,07 4E 00 00 00 03,6,0x07,1,535,2025-11-21T07:45:31.795Z,07 4E 00 00 00 03 42 01 42 01 41 01 54 04 55 04 56 04 00 00,20,0x07,154.0,yes
old/hci_snoop_2025_11_21_07_45_17.cfa,537,2025-11-21T07:45:31.922Z,07 51 00 00 00 03,6,0x07,1,539,2025-11-21T07:45:32.065Z,07 51 00 00 00 03 42 01 41 01 41 01 57 04 58 04 58 04 00 00,20,0x07,143.0,yes
old/hci_snoop_2025_11_21_07_45_17.cfa,541,2025-11-21T07:45:32.191Z,07 54 00 00 00 03,6,0x07,1,543,2025-11-21T07:45:32.335Z,07 54 00 00 00 03 41 01 41 01 41 01 5A 04 5A 04 5B 04 00 00,20,0x07,144.0,yes
old/hci_snoop_2025_11_21_07_45_17.cfa,545,2025-11-21T07:45:32.456Z,07 57 00 00 00 03,6,0x07,1,547,2025-11-21T07:45:32.606Z,07 57 00 00 00 03 41 01 41 01 41 01 5C 04 5D 04 5E 04 00 00,20,0x07,150.0,yes
old/hci_snoop_2025_11_21_07_45_17.cfa,549,2025-11-21T07:45:32.722Z,07 5A 00 00 00 03,6,0x07,1,551,2025-11-21T07:45:32.876Z,07 5A 00 00 00 03 41 01 41 01 41 01 5F 04 5F 04 5F 04 00 00,20,0x07,154.0,yes
old/hci_snoop_2025_11_21_07_45_17.cfa,553,2025-11-21T07:45:32.989Z,07 5D 00 00 00 03,6,0x07,1,555,2025-11-21T07:45:33.146Z,07 5D 00 00 00 03 41 01 41 01 41 01 60 04 61 04 61 04 00 00,20,0x07,157.0,yes
old/hci_snoop_2025_11_21_07_45_17.cfa,557,2025-11-21T07:45:33.256Z,07 60 00 00 00 03,6,0x07,1,559,2025-11-21T07:45:33.416Z,07 60 00 00 00 03 41 01 41 01 40 01 62 04 62 04 63 04 00 00,20,0x07,160.0,yes
old/hci_snoop_2025_11_21_07_45_17.cfa,561,2025-11-21T07:45:33.540Z,07 63 00 00 00 03,6,0x07,1,563,2025-11-21T07:45:33.685Z,07 63 00 00 00 03 40 01 41 01 40 01 63 04 64 04 65 04 00 00,20,0x07,145.0,yes
old/hci_snoop_2025_11_21_07_45_17.cfa,565,2025-11-21T07:45:33.810Z,07 66 00 00 00 03,6,0x07,1,567,2025-11-21T07:45:34.046Z,07 66 00 00 00 03 40 01 40 01 40 01 65 04 66 04 66 04 00 00,20,0x07,236.0,yes
old/hci_snoop_2025_11_21_07_45_17.cfa,569,2025-11-21T07:45:34.174Z,07 69 00 00 00 03,6,0x07,1,571,2025-11-21T07:45:34.316Z,07 69 00 00 00 03 40 01 40 01 40 01 67 04 67 04 68 04 00 00,20,0x07,142.0,yes
old/hci_snoop_2025_11_21_07_45_17.cfa,573,2025-11-21T07:45:34.438Z,07 6C 00 00 00 03,6,0x07,1,575,2025-11-21T07:45:34.585Z,07 6C 00 00 00 03 40 01 40 01 40 01 68 04 68 04 69 04 00 00,20,0x07,147.0,yes
old/hci_snoop_2025_11_21_07_45_17.cfa,577,2025-11-21T07:45:34.710Z,07 6F 00 00 00 03,6,0x07,1,579,2025-11-21T07:45:34.855Z,07 6F 00 00 00 03 40 01 40 01 40 01 6A 04 69 04 6A 04 00 00,20,0x07,145.0,yes
old/hci_snoop_2025_11_21_07_45_17.cfa,581,2025-11-21T07:45:34.976Z,07 72 00 00 00 03,6,0x07,1,583,2025-11-21T07:45:35.125Z,07 72 00 00 00 03 40 01 40 01 40 01 6B 04 6C 04 6C 04 00 00,20,0x07,149.0,yes
old/hci_snoop_2025_11_21_07_45_17.cfa,585,2025-11-21T07:45:35.242Z,07 75 00 00 00 03,6,0x07,1,587,2025-11-21T07:45:35.395Z,07 75 00 00 00 03 40 01 40 01 40 01 6E 04 6E 04 6F 04 00 00,20,0x07,153.0,yes
old/hci_snoop_2025_11_21_07_45_17.cfa,589,2025-11-21T07:45:35.525Z,07 78 00 00 00 03,6,0x07,1,591,2025-11-21T07:45:35.665Z,07 78 00 00 00 03 40 01 40 01 40 01 6E 04 6F 04 6F 04 00 00,20,0x07,140.0,yes
old/hci_snoop_2025_11_21_07_45_17.cfa,593,2025-11-21T07:45:35.791Z,07 7B 00 00 00 03,6,0x07,1,595,2025-11-21T07:45:35.935Z,07 7B 00 00 00 03 40 01 40 01 3B 01 6F 04 6F 04 F2 03 00 00,20,0x07,144.0,yes
old/hci_snoop_2025_11_21_07_45_17.cfa,597,2025-11-21T07:45:36.059Z,07 7E 00 00 00 03,6,0x07,1,599,2025-11-21T07:45:36.206Z,07 7E 00 00 00 03 3A 01 3B 01 3C 01 0A 04 28 04 2E 04 00 00,20,0x07,147.0,yes
old/hci_snoop_2025_11_21_07_45_17.cfa,601,2025-11-21T07:45:36.325Z,07 81 00 00 00 03,6,0x07,1,603,2025-11-21T07:45:36.566Z,07 81 00 00 00 03 3C 01 3C 01 3D 01 35 04 3B 04 3F 04 00 00,20,0x07,241.0,yes
old/hci_snoop_2025_11_21_07_45_17.cfa,605,2025-11-21T07:45:36.606Z,07 84 00 00 00 03,6,0x07,1,607,2025-11-21T07:45:36.745Z,07 84 00 00 00 03 3F 01 3F 01 39 01 48 04 48 04 62 04 00 00,20,0x07,139.0,yes
old/hci_snoop_2025_11_21_07_45_17.cfa,609,2025-11-21T07:45:36.860Z,07 87 00 00 00 03,6,0x07,1,611,2025-11-21T07:45:37.016Z,07 87 00 00 00 03 36 01 37 01 38 01 76 04 7C 04 80 04 00 00,20,0x07,156.0,yes
old/hci_snoop_2025_11_21_07_45_17.cfa,613,2025-11-21T07:45:37.142Z,07 8A 00 00 00 03,6,0x07,1,615,2025-11-21T07:45:37.285Z,07 8A 00 00 00 03 3A 01 3C 01 3F 01 81 04 85 04 81 04 00 00,20,0x07,143.0,yes
old/hci_snoop_2025_11_21_07_45_17.cfa,617,2025-11-21T07:45:37.405Z,07 8D 00 00 00 03,6,0x07,1,619,2025-11-21T07:45:37.555Z,07 8D 00 00 00 03 40 01 41 01 46 01 7F 04 83 04 7A 04 00 00,20,0x07,150.0,yes
old/hci_snoop_2025_11_21_07_45_17.cfa,621,2025-11-21T07:45:37.675Z,07 90 00 00 00 03,6,0x07,1,623,2025-11-21T07:45:37.825Z,07 90 00 00 00 03 4B 01 4D 01 4D 01 72 04 65 04 5E 04 00 00,20,0x07,150.0,yes
old/hci_snoop_2025_11_21_07_45_17.cfa,625,2025-11-21T07:45:37.941Z,07 93 00 00 00 03,6,0x07,1,627,2025-11-21T07:45:38.096Z,07 93 00 00 00 03 4D 01 4D 01 4C 01 59 04 58 04 58 04 00 00,20,0x07,155.0,yes
old/hci_snoop_2025_11_21_07_45_17.cfa,629,2025-11-21T07:45:38.208Z,07 96 00 00 00 03,6,0x07,1,631,2025-11-21T07:45:38.365Z,07 96 00 00 00 03 4C 01 4C 01 4B 01 57 04 56 04 57 04 00 00,20,0x07,157.0,yes
old/hci_snoop_2025_11_21_07_45_17.cfa,633,2025-11-21T07:45:38.490Z,07 99 00 00 00 03,6,0x07,1,635,2025-11-21T07:45:38.636Z,07 99 00 00 00 03 4A 01 4A 01 49 01 5A 04 5A 04 5B 04 00 00,20,0x07,146.0,yes
old/hci_snoop_2025_11_21_07_45_17.cfa,637,2025-11-21T07:45:38.759Z,07 9C 00 00 00 03,6,0x07,1,639,2025-11-21T07:45:38.908Z,07 9C 00 00 00 03 48 01 48 01 47 01 5C 04 5D 04 5C 04 00 00,20,0x07,149.0,yes
old/hci_snoop_2025_11_21_07_45_17.cfa,641,2025-11-21T07:45:39.025Z,07 9F 00 00 00 03,6,0x07,1,643,2025-11-21T07:45:39.176Z,07 9F 00 00 00 03 47 01 46 01 46 01 5C 04 5C 04 59 04 00 00,20,0x07,151.0,yes
old/hci_snoop_2025_11_21_07_45_17.cfa,645,2025-11-21T07:45:39.290Z,07 A2 00 00 00 03,6,0x07,1,647,2025-11-21T07:45:39.536Z,07 A2 00 00 00 03 45 01 44 01 43 01 4D 04 3F 04 36 04 00 00,20,0x07,246.0,yes
old/hci_snoop_2025_11_21_07_45_17.cfa,649,2025-11-21T07:45:39.572Z,07 A5 00 00 00 03,6,0x07,1,651,2025-11-21T07:45:39.717Z,07 A5 00 00 00 03 43 01 42 01 41 01 2A 04 29 04 23 04 00 00,20,0x07,145.0,yes
old/hci_snoop_2025_11_21_07_45_17.cfa,653,2025-11-21T07:45:39.842Z,07 A8 00 00 00 03,6,0x07,1,655,2025-11-21T07:45:39.985Z,07 A8 00 00 00 03 41 01 40 01 40 01 21 04 18 04 11 04 00 00,20,0x07,143.0,yes
old/hci_snoop_2025_11_21_07_45_17.cfa,657,2025-11-21T07:45:40.110Z,07 AB 00 00 00 03,6,0x07,1,659,2025-11-21T07:45:40.257Z,07 AB 00 00 00 03 3F 01 3F 01 3E 01 0B 04 01 04 F9 03 00 00,20,0x07,147.0,yes
old/hci_snoop_2025_11_21_07_45_17.cfa,661,2025-11-21T07:45:40.374Z,07 AE 00 00 00 03,6,0x07,1,663,2025-11-21T07:45:40.526Z,07 AE 00 00 00 03 3D 01 3D 01 3C 01 F9 03 F0 03 F0 03 00 00,20,0x07,152.0,yes
old/hci_snoop_2025_11_21_07_45_17.cfa,665,2025-11-21T07:45:40.641Z,07 B1 00 00 00 03,6,0x07,1,667,2025-11-21T07:45:40.796Z,07 B1 00 00 00 03 3C 01 3B 01 3B 01 E2 03 D6 03 CF 03 00 00,20,0x07,155.0,yes
old/hci_snoop_2025_11_21_07_45_17.cfa,669,2025-11-21T07:45:40.908Z,07 B4 00 00 00 03,6,0x07,1,671,2025-11-21T07:45:41.066Z,07 B4 00 00 00 03 3A 01 3A 01 3A 01 E4 03 ED 03 F3 03 00 00,20,0x07,158.0,yes
old/hci_snoop_2025_11_21_07_45_17.cfa,673,2025-11-21T07:45:41.190Z,07 B7 00 00 00 03,6,0x07,1,675,2025-11-21T07:45:41.336Z,07 B7 00 00 00 03 3A 01 3A 01 39 01 FA 03 01 04 07 04 00 00,20,0x07,146.0,yes
old/hci_snoop_2025_11_21_07_45_17.cfa,677,2025-11-21T07:45:41.459Z,07 BA 00 00 00 03,6,0x07,1,679,2025-11-21T07:45:41.608Z,07 BA 00 00 00 03 39 01 39 01 39 01 0D 04 11 04 13 04 00 00,20,0x07,149.0,yes
old/hci_snoop_2025_11_21_07_45_17.cfa,681,2025-11-21T07:45:41.725Z,07 BD 00 00 00 03,6,0x07,1,683,2025-11-21T07:45:41.875Z,07 BD 00 00 00 03 39 01 3A 01 39 01 17 04 1D 04 22 04 00 00,20,0x07,150.0,yes
old/hci_snoop_2025_11_21_07_45_17.cfa,685,2025-11-21T07:45:41.991Z,07 C0 00 00 00 03,6,0x07,1,687,2025-11-21T07:45:42.148Z,07 C0 00 00 00 03 3A 01 39 01 3A 01 26 04 2A 04 2D 04 00 00,20,0x07,157.0,yes
old/hci_snoop_2025_11_21_07_45_17.cfa,689,2025-11-21T07:45:42.274Z,07 C3 00 00 00 03,6,0x07,1,691,2025-11-21T07:45:42.416Z,07 C3 00 00 00 03 3A 01 3A 01 3A 01 31 04 34 04 37 04 00 00,20,0x07,142.0,yes
old/hci_snoop_2025_11_21_07_45_17.cfa,693,2025-11-21T07:45:42.545Z,07 C6 00 00 00 03,6,0x07,1,695,2025-11-21T07:45:42.686Z,07 C6 00 00 00 03 3A 01 3A 01 3A 01 3A 04 3D 04 3F 04 00 00,20,0x07,141.0,yes
old/hci_snoop_2025_11_21_07_45_17.cfa,697,2025-11-21T07:45:42.808Z,07 C9 00 00 00 03,6,0x07,1,699,2025-11-21T07:45:42.957Z,07 C9 00 00 00 03 3A 01 3A 01 3A 01 42 04 44 04 47 04 00 00,20,0x07,149.0,yes
old/hci_snoop_2025_11_21_07_45_17.cfa,701,2025-11-21T07:45:43.078Z,07 CC 00 00 00 03,6,0x07,1,703,2025-11-21T07:45:43.226Z,07 CC 00 00 00 03 3A 01 3A 01 3A 01 49 04 4B 04 4D 04 00 00,20,0x07,148.0,yes
old/hci_snoop_2025_11_21_07_45_17.cfa,705,2025-11-21T07:45:43.342Z,07 CF 00 00 00 03,6,0x07,1,707,2025-11-21T07:45:43.496Z,07 CF 00 00 00 03 3A 01 3A 01 3A 01 4E 04 4F 04 51 04 00 00,20,0x07,154.0,yes
old/hci_snoop_2025_11_21_07_45_17.cfa,709,2025-11-21T07:45:43.608Z,07 D2 00 00 00 03,6,0x07,1,711,2025-11-21T07:45:43.768Z,07 D2 00 00 00 03 3B 01 3B 01 3B 01 53 04 55 04 56 04 00 00,20,0x07,160.0,yes
old/hci_snoop_2025_11_21_07_45_17.cfa,713,2025-11-21T07:45:43.894Z,07 D5 00 00 00 03,6,0x07,1,715,2025-11-21T07:45:44.036Z,07 D5 00 00 00 03 3B 01 3B 01 3B 01 57 04 58 04 59 04 00 00,20,0x07,142.0,yes
old/hci_snoop_2025_11_21_07_45_17.cfa,717,2025-11-21T07:45:44.160Z,07 D8 00 00 00 03,6,0x07,1,719,2025-11-21T07:45:44.308Z,07 D8 00 00 00 03 3B 01 3B 01 3B 01 5A 04 5B 04 5C 04 00 00,20,0x07,148.0,yes
old/hci_snoop_2025_11_21_07_45_17.cfa,722,2025-11-21T07:45:44.429Z,07 DB 00 00 00 03,6,0x07,1,724,2025-11-21T07:45:44.577Z,07 DB 00 00 00 03 3B 01 3B 01 3B 01 5D 04 5E 04 5F 04 00 00,20,0x07,148.0,yes
old/hci_snoop_2025_11_21_07_45_17.cfa,726,2025-11-21T07:45:44.694Z,07 DE 00 00 00 03,6,0x07,1,728,2025-11-21T07:45:44.846Z,07 DE 00 00 00 03 3B 01 3B 01 3B 01 60 04 61 04 61 04 00 00,20,0x07,152.0,yes
old/hci_snoop_2025_11_21_07_45_17.cfa,730,2025-11-21T07:45:44.959Z,07 E1 00 00 00 03,6,0x07,1,732,2025-11-21T07:45:45.116Z,07 E1 00 00 00 03 3B 01 3B 01 3B 01 63 04 63 04 64 04 00 00,20,0x07,157.0,yes
old/hci_snoop_2025_11_21_07_45_17.cfa,734,2025-11-21T07:45:45.242Z,07 E4 00 00 00 03,6,0x07,1,736,2025-11-21T07:45:45.386Z,07 E4 00 00 00 03 3B 01 3B 01 3B 01 65 04 66 04 66 04 00 00,20,0x07,144.0,yes
old/hci_snoop_2025_11_21_07_45_17.cfa,738,2025-11-21T07:45:45.511Z,07 E7 00 00 00 03,6,0x07,1,740,2025-11-21T07:45:45.655Z,07 E7 00 00 00 03 3B 01 3B 01 3A 01 67 04 68 04 69 04 00 00,20,0x07,144.0,yes
old/hci_snoop_2025_11_21_07_45_17.cfa,742,2025-11-21T07:45:45.776Z,07 EA 00 00 00 03,6,0x07,1,744,2025-11-21T07:45:45.925Z,07 EA 00 00 00 03 3A 01 3B 01 3A 01 6A 04 6B 04 6A 04 00 00,20,0x07,149.0,yes
old/hci_snoop_2025_11_21_07_45_17.cfa,746,2025-11-21T07:45:46.043Z,07 ED 00 00 00 03,6,0x07,1,748,2025-11-21T07:45:46.196Z,07 ED 00 00 00 03 3A 01 3B 01 3C 01 6A 04 6C 04 6B 04 00 00,20,0x07,153.0,yes
old/hci_snoop_2025_11_21_07_45_17.cfa,750,2025-11-21T07:45:46.310Z,07 F0 00 00 00 03,6,0x07,1,752,2025-11-21T07:45:46.465Z,07 F0 00 00 00 03 3E 01 40 01 41 01 68 04 64 04 5F 04 00 00,20,0x07,155.0,yes
old/hci_snoop_2025_11_21_07_45_17.cfa,754,2025-11-21T07:45:46.579Z,07 F3 00 00 00 03,6,0x07,1,756,2025-11-21T07:45:46.736Z,07 F3 00 00 00 03 43 01 44 01 45 01 5C 04 58 04 56 04 00 00,20,0x07,157.0,yes
old/hci_snoop_2025_11_21_07_45_17.cfa,758,2025-11-21T07:45:46.861Z,07 F6 00 00 00 03,6,0x07,1,760,2025-11-21T07:45:47.005Z,07 F6 00 00 00 03 47 01 48 01 4A 01 56 04 53 04 4D 04 00 00,20,0x07,144.0,yes
old/hci_snoop_2025_11_21_07_45_17.cfa,762,2025-11-21T07:45:47.128Z,07 F9 00 00 00 03,6,0x07,1,764,2025-11-21T07:45:47.277Z,07 F9 00 00 00 03 4C 01 51 01 4F 01 48 04 3D 04 41 04 00 00,20,0x07,149.0,yes
old/hci_snoop_2025_11_21_07_45_17.cfa,766,2025-11-21T07:45:47.394Z,07 FC 00 00 00 03,6,0x07,1,768,2025-11-21T07:45:47.552Z,07 FC 00 00 00 03 4F 01 4F 01 4F 01 41 04 3F 04 3F 04 00 00,20,0x07,158.0,yes
old/hci_snoop_2025_11_21_07_45_17.cfa,770,2025-11-21T07:45:47.662Z,07 FF 00 00 00 03,6,0x07,1,772,2025-11-21T07:45:47.815Z,07 FF 00 00 00 03 50 01 50 01 50 01 3F 04 3D 04 3C 04 00 00,20,0x07,153.0,yes
old/hci_snoop_2025_11_21_07_45_17.cfa,774,2025-11-21T07:45:47.929Z,07 02 01 00 00 03,6,0x07,1,776,2025-11-21T07:45:48.086Z,07 02 01 00 00 03 51 01 52 01 53 01 3C 04 3F 04 37 04 00 00,20,0x07,157.0,yes
old/hci_snoop_2025_11_21_07_45_17.cfa,778,2025-11-21T07:45:48.210Z,07 05 01 00 00 03,6,0x07,1,780,2025-11-21T07:45:48.356Z,07 05 01 00 00 03 54 01 54 01 55 01 36 04 31 04 31 04 00 00,20,0x07,146.0,yes
old/hci_snoop_2025_11_21_07_45_17.cfa,782,2025-11-21T07:45:48.476Z,07 08 01 00 00 03,6,0x07,1,784,2025-11-21T07:45:48.629Z,07 08 01 00 00 03 55 01 4A 01 4E 01 2F 04 65 03 A9 03 00 00,20,0x07,153.0,yes
old/hci_snoop_2025_11_21_07_45_17.cfa,786,2025-11-21T07:45:48.828Z,07 0B 01 00 00 03,6,0x07,1,788,2025-11-21T07:45:48.988Z,07 0B 01 00 00 03 51 01 53 01 55 01 B9 03 C2 03 CF 03 00 00,20,0x07,160.0,yes
old/hci_snoop_2025_11_21_07_45_17.cfa,790,2025-11-21T07:45:49.111Z,07 0E 01 00 00 03,6,0x07,1,792,2025-11-21T07:45:49.256Z,07 0E 01 00 00 03 54 01 52 01 52 01 D3 03 D9 03 E3 03 00 00,20,0x07,145.0,yes
old/hci_snoop_2025_11_21_07_45_17.cfa,794,2025-11-21T07:45:49.379Z,07 11 01 00 00 03,6,0x07,1,796,2025-11-21T07:45:49.526Z,07 11 01 00 00 03 52 01 50 01 50 01 E6 03 EC 03 F0 03 00 00,20,0x07,147.0,yes
old/hci_snoop_2025_11_21_07_45_17.cfa,798,2025-11-21T07:45:49.645Z,07 14 01 00 00 03,6,0x07,1,800,2025-11-21T07:45:49.796Z,07 14 01 00 00 03 4F 01 51 01 53 01 F6 03 F5 03 F6 03 00 00,20,0x07,151.0,yes
old/hci_snoop_2025_11_21_07_45_17.cfa,802,2025-11-21T07:45:49.911Z,07 17 01 00 00 03,6,0x07,1,804,2025-11-21T07:45:50.065Z,07 17 01 00 00 03 54 01 56 01 57 01 F3 03 ED 03 ED 03 00 00,20,0x07,154.0,yes
old/hci_snoop_2025_11_21_07_45_17.cfa,806,2025-11-21T07:45:50.180Z,07 1A 01 00 00 03,6,0x07,1,808,2025-11-21T07:45:50.336Z,07 1A 01 00 00 03 58 01 59 01 57 01 EB 03 E8 03 EE 03 00 00,20,0x07,156.0,yes
old/hci_snoop_2025_11_21_07_45_17.cfa,810,2025-11-21T07:45:50.461Z,07 1D 01 00 00 03,6,0x07,1,812,2025-11-21T07:45:50.605Z,07 1D 01 00 00 03 5A 01 5C 01 5C 01 E6 03 DC 03 D9 03 00 00,20,0x07,144.0,yes
old/hci_snoop_2025_11_21_07_45_17.cfa,814,2025-11-21T07:45:50.729Z,07 20 01 00 00 03,6,0x07,1,816,2025-11-21T07:45:50.876Z,07 20 01 00 00 03 5C 01 5B 01 59 01 DC 03 DB 03 DF 03 00 00,20,0x07,147.0,yes
old/hci_snoop_2025_11_21_07_45_17.cfa,818,2025-11-21T07:45:50.997Z,07 23 01 00 00 03,6,0x07,1,820,2025-11-21T07:45:51.145Z,07 23 01 00 00 03 59 01 59 01 59 01 E1 03 E2 03 E0 03 00 00,20,0x07,148.0,yes
old/hci_snoop_2025_11_21_07_45_17.cfa,822,2025-11-21T07:45:51.263Z,07 26 01 00 00 03,6,0x07,1,824,2025-11-21T07:45:51.415Z,07 26 01 00 00 03 59 01 58 01 57 01 E0 03 E7 03 E8 03 00 00,20,0x07,152.0,yes
old/hci_snoop_2025_11_21_07_45_17.cfa,826,2025-11-21T07:45:51.528Z,07 29 01 00 00 03,6,0x07,1,828,2025-11-21T07:45:51.686Z,07 29 01 00 00 03 54 01 51 01 4E 01 EF 03 F7 03 FF 03 00 00,20,0x07,158.0,yes
old/hci_snoop_2025_11_21_07_45_17.cfa,830,2025-11-21T07:45:51.811Z,07 2C 01 00 00 03,6,0x07,1,832,2025-11-21T07:45:51.955Z,07 2C 01 00 00 03 4C 01 4A 01 48 01 04 04 0A 04 0E 04 00 00,20,0x07,144.0,yes
old/hci_snoop_2025_11_21_07_45_17.cfa,834,2025-11-21T07:45:52.080Z,07 2F 01 00 00 03,6,0x07,1,836,2025-11-21T07:45:52.226Z,07 2F 01 00 00 03 46 01 45 01 44 01 12 04 16 04 1A 04 00 00,20,0x07,146.0,yes
old/hci_snoop_2025_11_21_07_45_17.cfa,838,2025-11-21T07:45:52.346Z,07 32 01 00 00 03,6,0x07,1,840,2025-11-21T07:45:52.495Z,07 32 01 00 00 03 42 01 42 01 41 01 1D 04 20 04 21 04 00 00,20,0x07,149.0,yes
old/hci_snoop_2025_11_21_07_45_17.cfa,842,2025-11-21T07:45:52.615Z,07 35 01 00 00 03,6,0x07,1,844,2025-11-21T07:45:52.765Z,07 35 01 00 00 03 40 01 3F 01 3F 01 23 04 24 04 27 04 00 00,20,0x07,150.0,yes
old/hci_snoop_2025_11_21_07_45_17.cfa,846,2025-11-21T07:45:52.880Z,07 38 01 00 00 03,6,0x07,1,848,2025-11-21T07:45:53.125Z,07 38 01 00 00 03 3E 01 3D 01 3D 01 2A 04 2B 04 2E 04 00 00,20,0x07,245.0,yes
old/hci_snoop_2025_11_21_07_45_17.cfa,850,2025-11-21T07:45:53.248Z,07 3B 01 00 00 03,6,0x07,1,852,2025-11-21T07:45:53.395Z,07 3B 01 00 00 03 3D 01 42 01 46 01 31 04 2C 04 24 04 00 00,20,0x07,147.0,yes
old/hci_snoop_2025_11_21_07_45_17.cfa,854,2025-11-21T07:45:53.513Z,07 3E 01 00 00 03,6,0x07,1,856,2025-11-21T07:45:53.666Z,07 3E 01 00 00 03 45 01 45 01 45 01 23 04 23 04 21 04 00 00,20,0x07,153.0,yes
old/hci_snoop_2025_11_21_07_45_17.cfa,858,2025-11-21T07:45:53.779Z,07 41 01 00 00 03,6,0x07,1,860,2025-11-21T07:45:53.935Z,07 41 01 00 00 03 46 01 56 01 54 01 1E 04 02 04 00 04 00 00,20,0x07,156.0,yes
old/hci_snoop_2025_11_21_07_45_17.cfa,862,2025-11-21T07:45:54.064Z,07 44 01 00 00 03,6,0x07,1,864,2025-11-21T07:45:54.205Z,07 44 01 00 00 03 53 01 50 01 4C 01 01 04 03 04 0D 04 00 00,20,0x07,141.0,yes
old/hci_snoop_2025_11_21_07_45_17.cfa,866,2025-11-21T07:45:54.330Z,07 47 01 00 00 03,6,0x07,1,868,2025-11-21T07:45:54.476Z,07 47 01 00 00 03 4A 01 48 01 46 01 12 04 16 04 19 04 00 00,20,0x07,146.0,yes
old/hci_snoop_2025_11_21_07_45_17.cfa,870,2025-11-21T07:45:54.599Z,07 4A 01 00 00 03,6,0x07,1,872,2025-11-21T07:45:54.747Z,07 4A 01 00 00 03 45 01 43 01 42 01 1D 04 20 04 23 04 00 00,20,0x07,148.0,yes
old/hci_snoop_2025_11_21_07_45_17.cfa,874,2025-11-21T07:45:54.963Z,07 4D 01 00 00 03,6,0x07,1,876,2025-11-21T07:45:55.105Z,07 4D 01 00 00 03 41 01 40 01 3F 01 26 04 29 04 2C 04 00 00,20,0x07,142.0,yes
old/hci_snoop_2025_11_21_07_45_17.cfa,878,2025-11-21T07:45:55.229Z,07 50 01 00 00 03,6,0x07,1,880,2025-11-21T07:45:55.375Z,07 50 01 00 00 03 3D 01 3D 01 3C 01 2F 04 32 04 34 04 00 00,20,0x07,146.0,yes
old/hci_snoop_2025_11_21_07_45_17.cfa,882,2025-11-21T07:45:55.498Z,07 53 01 00 00 03,6,0x07,1,884,2025-11-21T07:45:55.645Z,07 53 01 00 00 03 3C 01 3B 01 3A 01 37 04 3A 04 3D 04 00 00,20,0x07,147.0,yes
old/hci_snoop_2025_11_21_07_45_17.cfa,886,2025-11-21T07:45:55.766Z,07 56 01 00 00 03,6,0x07,1,888,2025-11-21T07:45:55.920Z,07 56 01 00 00 03 3A 01 39 01 39 01 40 04 42 04 44 04 00 00,20,0x07,154.0,yes
old/hci_snoop_2025_11_21_07_45_17.cfa,890,2025-11-21T07:45:56.029Z,07 59 01 00 00 03,6,0x07,1,892,2025-11-21T07:45:56.186Z,07 59 01 00 00 03 39 01 38 01 38 01 46 04 48 04 49 04 00 00,20,0x07,157.0,yes
old/hci_snoop_2025_11_21_07_45_17.cfa,894,2025-11-21T07:45:56.299Z,07 5C 01 00 00 03,6,0x07,1,896,2025-11-21T07:45:56.456Z,07 5C 01 00 00 03 37 01 37 01 37 01 4A 04 4B 04 4B 04 00 00,20,0x07,157.0,yes
old/hci_snoop_2025_11_21_07_45_17.cfa,898,2025-11-21T07:45:56.579Z,07 5F 01 00 00 03,6,0x07,1,900,2025-11-21T07:45:56.725Z,07 5F 01 00 00 03 37 01 36 01 36 01 4C 04 4D 04 4E 04 00 00,20,0x07,146.0,yes
old/hci_snoop_2025_11_21_07_45_17.cfa,902,2025-11-21T07:45:56.846Z,07 62 01 00 00 03,6,0x07,1,904,2025-11-21T07:45:56.995Z,07 62 01 00 00 03 36 01 36 01 35 01 4F 04 50 04 51 04 00 00,20,0x07,149.0,yes
old/hci_snoop_2025_11_21_07_45_17.cfa,906,2025-11-21T07:45:57.114Z,07 65 01 00 00 03,6,0x07,1,908,2025-11-21T07:45:57.265Z,07 65 01 00 00 03 35 01 35 01 35 01 53 04 55 04 55 04 00 00,20,0x07,151.0,yes
old/hci_snoop_2025_11_21_07_45_17.cfa,910,2025-11-21T07:45:57.382Z,07 68 01 00 00 03,6,0x07,1,912,2025-11-21T07:45:57.536Z,07 68 01 00 00 03 34 01 34 01 34 01 55 04 57 04 58 04 00 00,20,0x07,154.0,yes
old/hci_snoop_2025_11_21_07_45_17.cfa,914,2025-11-21T07:45:57.665Z,07 6B 01 00 00 03,6,0x07,1,916,2025-11-21T07:45:57.897Z,07 6B 01 00 00 03 34 01 34 01 33 01 59 04 5A 04 5A 04 00 00,20,0x07,232.0,yes
old/hci_snoop_2025_11_21_07_45_17.cfa,918,2025-11-21T07:45:58.015Z,07 6E 01 00 00 03,6,0x07,1,920,2025-11-21T07:45:58.165Z,07 6E 01 00 00 03 33 01 33 01 33 01 5A 04 5B 04 5B 04 00 00,20,0x07,150.0,yes
old/hci_snoop_2025_11_21_07_45_17.cfa,922,2025-11-21T07:45:58.282Z,07 71 01 00 00 03,6,0x07,1,924,2025-11-21T07:45:58.526Z,07 71 01 00 00 03 33 01 33 01 32 01 5C 04 5B 04 5C 04 00 00,20,0x07,244.0,yes
old/hci_snoop_2025_11_21_07_45_17.cfa,926,2025-11-21T07:45:58.647Z,07 74 01 00 00 03,6,0x07,1,928,2025-11-21T07:45:58.798Z,07 74 01 00 00 03 32 01 32 01 32 01 5C 04 5C 04 5C 04 00 00,20,0x07,151.0,yes
old/hci_snoop_2025_11_21_07_45_17.cfa,930,2025-11-21T07:45:58.913Z,07 77 01 00 00 03,6,0x07,1,932,2025-11-21T07:45:59.156Z,07 77 01 00 00 03 31 01 31 01 31 01 5D 04 5D 04 60 04 00 00,20,0x07,243.0,yes
old/hci_snoop_2025_11_21_07_45_17.cfa,934,2025-11-21T07:45:59.281Z,07 7A 01 00 00 03,6,0x07,1,936,2025-11-21T07:45:59.426Z,07 7A 01 00 00 03 31 01 31 01 31 01 61 04 60 04 5F 04 00 00,20,0x07,145.0,yes
old/hci_snoop_2025_11_21_07_45_17.cfa,938,2025-11-21T07:45:59.549Z,07 7D 01 00 00 03,6,0x07,1,940,2025-11-21T07:45:59.785Z,07 7D 01 00 00 03 31 01 31 01 31 01 5F 04 5F 04 5F 04 00 00,20,0x07,236.0,yes
old/hci_snoop_2025_11_21_07_45_17.cfa,942,2025-11-21T07:45:59.899Z,07 80 01 00 00 03,6,0x07,1,944,2025-11-21T07:46:00.055Z,07 80 01 00 00 03 30 01 30 01 30 01 5F 04 5E 04 5E 04 00 00,20,0x07,156.0,yes
old/hci_snoop_2025_11_21_07_45_17.cfa,946,2025-11-21T07:46:00.182Z,07 83 01 00 00 03,6,0x07,1,948,2025-11-21T07:46:00.325Z,07 83 01 00 00 03 30 01 30 01 2F 01 5E 04 5D 04 5D 04 00 00,20,0x07,143.0,yes
old/hci_snoop_2025_11_21_07_45_17.cfa,950,2025-11-21T07:46:00.449Z,07 86 01 00 00 03,6,0x07,1,952,2025-11-21T07:46:00.595Z,07 86 01 00 00 03 2F 01 2F 01 2F 01 5D 04 5C 04 5C 04 00 00,20,0x07,146.0,yes
old/hci_snoop_2025_11_21_07_45_17.cfa,954,2025-11-21T07:46:00.715Z,07 89 01 00 00 03,6,0x07,1,956,2025-11-21T07:46:00.866Z,07 89 01 00 00 03 30 01 30 01 31 01 5B 04 59 04 57 04 00 00,20,0x07,151.0,yes
old/hci_snoop_2025_11_21_07_45_17.cfa,958,2025-11-21T07:46:01.083Z,07 8C 01 00 00 03,6,0x07,1,960,2025-11-21T07:46:01.225Z,07 8C 01 00 00 03 30 01 31 01 3B 01 57 04 57 04 45 04 00 00,20,0x07,142.0,yes
old/hci_snoop_2025_11_21_07_45_17.cfa,962,2025-11-21T07:46:01.350Z,07 8F 01 00 00 03,6,0x07,1,964,2025-11-21T07:46:01.497Z,07 8F 01 00 00 03 3D 01 3D 01 3A 01 3A 04 32 04 39 04 00 00,20,0x07,147.0,yes
old/hci_snoop_2025_11_21_07_45_17.cfa,966,2025-11-21T07:46:01.617Z,07 92 01 00 00 03,6,0x07,1,968,2025-11-21T07:46:01.765Z,07 92 01 00 00 03 40 01 3F 01 3B 01 36 04 29 04 33 04 00 00,20,0x07,148.0,yes
old/hci_snoop_2025_11_21_07_45_17.cfa,970,2025-11-21T07:46:01.881Z,07 95 01 00 00 03,6,0x07,1,972,2025-11-21T07:46:02.035Z,07 95 01 00 00 03 38 01 37 01 35 01 39 04 3C 04 3F 04 00 00,20,0x07,154.0,yes
old/hci_snoop_2025_11_21_07_45_17.cfa,974,2025-11-21T07:46:02.149Z,07 98 01 00 00 03,6,0x07,1,976,2025-11-21T07:46:02.308Z,07 98 01 00 00 03 34 01 33 01 33 01 42 04 44 04 45 04 00 00,20,0x07,159.0,yes
old/hci_snoop_2025_11_21_07_45_17.cfa,978,2025-11-21T07:46:02.431Z,07 9B 01 00 00 03,6,0x07,1,980,2025-11-21T07:46:02.575Z,07 9B 01 00 00 03 32 01 32 01 32 01 46 04 47 04 48 04 00 00,20,0x07,144.0,yes
old/hci_snoop_2025_11_21_07_45_17.cfa,982,2025-11-21T07:46:02.699Z,07 9E 01 00 00 03,6,0x07,1,984,2025-11-21T07:46:02.845Z,07 9E 01 00 00 03 31 01 31 01 30 01 49 04 4A 04 4B 04 00 00,20,0x07,146.0,yes
old/hci_snoop_2025_11_21_07_45_17.cfa,986,2025-11-21T07:46:02.966Z,07 A1 01 00 00 03,6,0x07,1,988,2025-11-21T07:46:03.117Z,07 A1 01 00 00 03 30 01 30 01 2F 01 4B 04 4C 04 4D 04 00 00,20,0x07,151.0,yes
old/hci_snoop_2025_11_21_07_45_17.cfa,990,2025-11-21T07:46:03.232Z,07 A4 01 00 00 03,6,0x07,1,992,2025-11-21T07:46:03.389Z,07 A4 01 00 00 03 2F 01 2F 01 2F 01 4E 04 4E 04 4E 04 00 00,20,0x07,157.0,yes
old/hci_snoop_2025_11_21_07_45_17.cfa,994,2025-11-21T07:46:03.501Z,07 A7 01 00 00 03,6,0x07,1,996,2025-11-21T07:46:03.656Z,07 A7 01 00 00 03 2F 01 2F 01 2E 01 4E 04 4E 04 4F 04 00 00,20,0x07,155.0,yes
old/hci_snoop_2025_11_21_07_45_17.cfa,998,2025-11-21T07:46:03.782Z,07 AA 01 00 00 03,6,0x07,1,1000,2025-11-21T07:46:03.926Z,07 AA 01 00 00 03 2E 01 2E 01 2E 01 4F 04 4F 04 50 04 00 00,20,0x07,144.0,yes
old/hci_snoop_2025_11_21_07_45_17.cfa,1002,2025-11-21T07:46:04.049Z,07 AD 01 00 00 03,6,0x07,1,1004,2025-11-21T07:46:04.197Z,07 AD 01 00 00 03 2D 01 2D 01 2D 01 50 04 51 04 52 04 00 00,20,0x07,148.0,yes
old/hci_snoop_2025_11_21_07_45_17.cfa,1006,2025-11-21T07:46:04.317Z,07 B0 01 00 00 03,6,0x07,1,1008,2025-11-21T07:46:04.465Z,07 B0 01 00 00 03 2D 01 2D 01 2C 01 52 04 52 04 52 04 00 00,20,0x07,148.0,yes
old/hci_snoop_2025_11_21_07_45_17.cfa,1010,2025-11-21T07:46:04.583Z,07 B3 01 00 00 03,6,0x07,1,1012,2025-11-21T07:46:04.735Z,07 B3 01 00 00 03 2C 01 2C 01 2C 01 52 04 52 04 52 04 00 00,20,0x07,152.0,yes
old/hci_snoop_2025_11_21_07_45_17.cfa,1014,2025-11-21T07:46:04.851Z,07 B6 01 00 00 03,6,0x07,1,1016,2025-11-21T07:46:05.006Z,07 B6 01 00 00 03 2C 01 2B 01 2B 01 53 04 53 04 53 04 00 00,20,0x07,155.0,yes
old/hci_snoop_2025_11_21_07_45_17.cfa,1018,2025-11-21T07:46:05.132Z,07 B9 01 00 00 03,6,0x07,1,1020,2025-11-21T07:46:05.276Z,07 B9 01 00 00 03 2B 01 2B 01 2C 01 54 04 54 04 53 04 00 00,20,0x07,144.0,yes
old/hci_snoop_2025_11_21_07_45_17.cfa,1022,2025-11-21T07:46:05.400Z,07 BC 01 00 00 03,6,0x07,1,1024,2025-11-21T07:46:05.545Z,07 BC 01 00 00 03 2B 01 2B 01 2B 01 55 04 55 04 55 04 00 00,20,0x07,145.0,yes
old/hci_snoop_2025_11_21_07_45_17.cfa,1026,2025-11-21T07:46:05.667Z,07 BF 01 00 00 03,6,0x07,1,1028,2025-11-21T07:46:05.815Z,07 BF 01 00 00 03 2B 01 2B 01 2B 01 55 04 55 04 55 04 00 00,20,0x07,148.0,yes
old/hci_snoop_2025_11_21_07_45_17.cfa,1030,2025-11-21T07:46:05.935Z,07 C2 01 00 00 03,6,0x07,1,1032,2025-11-21T07:46:06.085Z,07 C2 01 00 00 03 2B 01 2C 01 2B 01 55 04 55 04 21 04 00 00,20,0x07,150.0,yes
old/hci_snoop_2025_11_21_07_45_17.cfa,1034,2025-11-21T07:46:06.198Z,07 C5 01 00 00 03,6,0x07,1,1036,2025-11-21T07:46:06.355Z,07 C5 01 00 00 03 2C 01 2D 01 2E 01 2D 04 32 04 36 04 00 00,20,0x07,157.0,yes
old/hci_snoop_2025_11_21_07_45_17.cfa,1038,2025-11-21T07:46:06.483Z,07 C8 01 00 00 03,6,0x07,1,1040,2025-11-21T07:46:06.625Z,07 C8 01 00 00 03 2F 01 30 01 31 01 39 04 3D 04 3A 04 00 00,20,0x07,142.0,yes
old/hci_snoop_2025_11_21_07_45_17.cfa,1042,2025-11-21T07:46:06.749Z,07 CB 01 00 00 03,6,0x07,1,1044,2025-11-21T07:46:06.895Z,07 CB 01 00 00 03 32 01 33 01 35 01 3B 04 3C 04 3C 04 00 00,20,0x07,146.0,yes
old/hci_snoop_2025_11_21_07_45_17.cfa,1046,2025-11-21T07:46:07.015Z,07 CE 01 00 00 03,6,0x07,1,1048,2025-11-21T07:46:07.165Z,07 CE 01 00 00 03 36 01 3F 01 43 01 3E 04 34 04 30 04 00 00,20,0x07,150.0,yes
old/hci_snoop_2025_11_21_07_45_17.cfa,1050,2025-11-21T07:46:07.283Z,07 D1 01 00 00 03,6,0x07,1,1059,2025-11-21T07:46:07.436Z,07 D1 01 00 00 03 46 01 48 01 4B 01 2E 04 2A 04 28 04 00 00,20,0x07,153.0,yes
old/hci_snoop_2025_11_21_07_45_17.cfa,1061,2025-11-21T07:46:07.549Z,07 D4 01 00 00 03,6,0x07,1,1063,2025-11-21T07:46:07.706Z,07 D4 01 00 00 03 4D 01 4F 01 50 01 26 04 24 04 23 04 00 00,20,0x07,157.0,yes
old/hci_snoop_2025_11_21_07_45_17.cfa,1065,2025-11-21T07:46:07.834Z,07 D7 01 00 00 03,6,0x07,1,1067,2025-11-21T07:46:07.975Z,07 D7 01 00 00 03 51 01 52 01 51 01 25 04 23 04 1D 04 00 00,20,0x07,141.0,yes
old/hci_snoop_2025_11_21_07_45_17.cfa,1069,2025-11-21T07:46:08.103Z,07 DA 01 00 00 03,6,0x07,1,1071,2025-11-21T07:46:08.245Z,07 DA 01 00 00 03 4E 01 4D 01 4B 01 23 04 25 04 27 04 00 00,20,0x07,142.0,yes
old/hci_snoop_2025_11_21_07_45_17.cfa,1073,2025-11-21T07:46:08.366Z,07 DD 01 00 00 03,6,0x07,1,1075,2025-11-21T07:46:08.515Z,07 DD 01 00 00 03 4B 01 4A 01 49 01 29 04 2A 04 2C 04 00 00,20,0x07,149.0,yes
old/hci_snoop_2025_11_21_07_45_17.cfa,1077,2025-11-21T07:46:08.632Z,07 E0 01 00 00 03,6,0x07,1,1079,2025-11-21T07:46:08.785Z,07 E0 01 00 00 03 49 01 49 01 49 01 2D 04 2E 04 30 04 00 00,20,0x07,153.0,yes
old/hci_snoop_2025_11_21_07_45_17.cfa,1081,2025-11-21T07:46:08.900Z,07 E3 01 00 00 03,6,0x07,1,1083,2025-11-21T07:46:09.056Z,07 E3 01 00 00 03 49 01 49 01 49 01 31 04 32 04 32 04 00 00,20,0x07,156.0,yes
old/hci_snoop_2025_11_21_07_45_17.cfa,1085,2025-11-21T07:46:09.168Z,07 E6 01 00 00 03,6,0x07,1,1087,2025-11-21T07:46:09.325Z,07 E6 01 00 00 03 4A 01 4A 01 4A 01 33 04 33 04 33 04 00 00,20,0x07,157.0,yes
old/hci_snoop_2025_11_21_07_45_17.cfa,1089,2025-11-21T07:46:09.449Z,07 E9 01 00 00 03,6,0x07,1,1091,2025-11-21T07:46:09.596Z,07 E9 01 00 00 03 4B 01 4B 01 4B 01 33 04 33 04 33 04 00 00,20,0x07,147.0,yes
old/hci_snoop_2025_11_21_07_45_17.cfa,1093,2025-11-21T07:46:09.716Z,07 EC 01 00 00 03,6,0x07,1,1095,2025-11-21T07:46:09.865Z,07 EC 01 00 00 03 4B 01 4C 01 4C 01 32 04 32 04 32 04 00 00,20,0x07,149.0,yes
old/hci_snoop_2025_11_21_07_45_17.cfa,1097,2025-11-21T07:46:09.985Z,07 EF 01 00 00 03,6,0x07,1,1099,2025-11-21T07:46:10.135Z,07 EF 01 00 00 03 4C 01 4D 01 4D 01 31 04 31 04 31 04 00 00,20,0x07,150.0,yes
old/hci_snoop_2025_11_21_07_45_17.cfa,1101,2025-11-21T07:46:10.253Z,07 F2 01 00 00 03,6,0x07,1,1103,2025-11-21T07:46:10.405Z,07 F2 01 00 00 03 4E 01 4E 01 4E 01 30 04 2F 04 2F 04 00 00,20,0x07,152.0,yes
old/hci_snoop_2025_11_21_07_45_17.cfa,1105,2025-11-21T07:46:10.515Z,07 F5 01 00 00 03,6,0x07,1,1107,2025-11-21T07:46:10.675Z,07 F5 01 00 00 03 4E 01 4E 01 4E 01 2F 04 2E 04 2E 04 00 00,20,0x07,160.0,yes
old/hci_snoop_2025_11_21_07_45_17.cfa,1109,2025-11-21T07:46:10.806Z,07 F8 01 00 00 03,6,0x07,1,1111,2025-11-21T07:46:10.946Z,07 F8 01 00 00 03 4E 01 4E 01 4E 01 2E 04 2F 04 2F 04 00 00,20,0x07,140.0,yes
old/hci_snoop_2025_11_21_07_45_17.cfa,1113,2025-11-21T07:46:11.068Z,07 FB 01 00 00 03,6,0x07,1,1115,2025-11-21T07:46:11.218Z,07 FB 01 00 00 03 4E 01 4E 01 4D 01 2F 04 2F 04 2F 04 00 00,20,0x07,150.0,yes
old/hci_snoop_2025_11_21_07_45_17.cfa,1117,2025-11-21T07:46:11.333Z,07 FE 01 00 00 03,6,0x07,1,1119,2025-11-21T07:46:11.486Z,07 FE 01 00 00 03 4D 01 4D 01 4C 01 2F 04 2F 04 2F 04 00 00,20,0x07,153.0,yes
old/hci_snoop_2025_11_21_07_45_17.cfa,1121,2025-11-21T07:46:11.601Z,07 01 02 00 00 03,6,0x07,1,1123,2025-11-21T07:46:11.755Z,07 01 02 00 00 03 4C 01 4C 01 4C 01 30 04 30 04 30 04 00 00,20,0x07,154.0,yes
old/hci_snoop_2025_11_21_07_45_17.cfa,1125,2025-11-21T07:46:11.868Z,07 04 02 00 00 03,6,0x07,1,1127,2025-11-21T07:46:12.025Z,07 04 02 00 00 03 4C 01 4C 01 4C 01 30 04 30 04 30 04 00 00,20,0x07,157.0,yes
old/hci_snoop_2025_11_21_07_45_17.cfa,1129,2025-11-21T07:46:12.151Z,07 07 02 00 00 03,6,0x07,1,1131,2025-11-21T07:46:12.297Z,07 07 02 00 00 03 4C 01 4C 01 4C 01 30 04 30 04 30 04 00 00,20,0x07,146.0,yes
old/hci_snoop_2025_11_21_07_45_17.cfa,1134,2025-11-21T07:46:12.418Z,07 0A 02 00 00 03,6,0x07,1,1136,2025-11-21T07:46:12.566Z,07 0A 02 00 00 03 4B 01 4C 01 4B 01 30 04 31 04 31 04 00 00,20,0x07,148.0,yes
old/hci_snoop_2025_11_21_07_45_17.cfa,1138,2025-11-21T07:46:12.685Z,07 0D 02 00 00 03,6,0x07,1,1140,2025-11-21T07:46:12.835Z,07 0D 02 00 00 03 4C 01 4C 01 4C 01 31 04 31 04 31 04 00 00,20,0x07,150.0,yes
old/hci_snoop_2025_11_21_07_45_17.cfa,1142,2025-11-21T07:46:12.951Z,07 10 02 00 00 03,6,0x07,1,1144,2025-11-21T07:46:13.105Z,07 10 02 00 00 03 4C 01 4C 01 4C 01 31 04 30 04 2F 04 00 00,20,0x07,154.0,yes
old/hci_snoop_2025_11_21_07_45_17.cfa,1146,2025-11-21T07:46:13.320Z,07 13 02 00 00 03,6,0x07,1,1148,2025-11-21T07:46:13.465Z,07 13 02 00 00 03 4C 01 4D 01 4F 01 2F 04 31 04 2A 04 00 00,20,0x07,145.0,yes
old/hci_snoop_2025_11_21_07_45_17.cfa,1150,2025-11-21T07:46:13.584Z,07 16 02 00 00 03,6,0x07,1,1152,2025-11-21T07:46:13.735Z,07 16 02 00 00 03 3A 01 42 01 46 01 5A 03 85 03 A0 03 00 00,20,0x07,151.0,yes
old/hci_snoop_2025_11_21_07_45_17.cfa,1154,2025-11-21T07:46:13.852Z,07 19 02 00 00 03,6,0x07,1,1156,2025-11-21T07:46:14.006Z,07 19 02 00 00 03 4A 01 4C 01 4D 01 AE 03 B7 03 BD 03 00 00,20,0x07,154.0,yes
old/hci_snoop_2025_11_21_07_45_17.cfa,1158,2025-11-21T07:46:14.119Z,07 1C 02 00 00 03,6,0x07,1,1160,2025-11-21T07:46:14.275Z,07 1C 02 00 00 03 4E 01 50 01 54 01 C2 03 C5 03 C9 03 00 00,20,0x07,156.0,yes
old/hci_snoop_2025_11_21_07_45_17.cfa,1162,2025-11-21T07:46:14.404Z,07 1F 02 00 00 03,6,0x07,1,1164,2025-11-21T07:46:14.545Z,07 1F 02 00 00 03 58 01 5A 01 5D 01 CF 03 D1 03 D2 03 00 00,20,0x07,141.0,yes
old/hci_snoop_2025_11_21_07_45_17.cfa,1166,2025-11-21T07:46:14.669Z,07 22 02 00 00 03,6,0x07,1,1168,2025-11-21T07:46:14.816Z,07 22 02 00 00 03 5C 01 5C 01 5D 01 C6 03 C6 03 C9 03 00 00,20,0x07,147.0,yes
old/hci_snoop_2025_11_21_07_45_17.cfa,1170,2025-11-21T07:46:14.937Z,07 25 02 00 00 03,6,0x07,1,1172,2025-11-21T07:46:15.085Z,07 25 02 00 00 03 5C 01 5E 01 5E 01 CB 03 D3 03 D5 03 00 00,20,0x07,148.0,yes
old/hci_snoop_2025_11_21_07_45_17.cfa,1174,2025-11-21T07:46:15.202Z,07 28 02 00 00 03,6,0x07,1,1176,2025-11-21T07:46:15.356Z,07 28 02 00 00 03 62 01 65 01 67 01 D7 03 CF 03 CD 03 00 00,20,0x07,154.0,yes
old/hci_snoop_2025_11_21_07_45_17.cfa,1178,2025-11-21T07:46:15.470Z,07 2B 02 00 00 03,6,0x07,1,1180,2025-11-21T07:46:15.629Z,07 2B 02 00 00 03 66 01 67 01 67 01 D1 03 D0 03 D2 03 00 00,20,0x07,159.0,yes
old/hci_snoop_2025_11_21_07_45_17.cfa,1182,2025-11-21T07:46:15.752Z,07 2E 02 00 00 03,6,0x07,1,1184,2025-11-21T07:46:15.896Z,07 2E 02 00 00 03 63 01 60 01 5E 01 DA 03 E3 03 EB 03 00 00,20,0x07,144.0,yes
old/hci_snoop_2025_11_21_07_45_17.cfa,1186,2025-11-21T07:46:16.017Z,07 31 02 00 00 03,6,0x07,1,1188,2025-11-21T07:46:16.165Z,07 31 02 00 00 03 5D 01 5D 01 5E 01 F1 03 F5 03 FA 03 00 00,20,0x07,148.0,yes
old/hci_snoop_2025_11_21_07_45_17.cfa,1190,2025-11-21T07:46:16.286Z,07 34 02 00 00 03,6,0x07,1,1192,2025-11-21T07:46:16.435Z,07 34 02 00 00 03 5D 01 5B 01 5C 01 F9 03 5B 03 90 03 00 00,20,0x07,149.0,yes
old/hci_snoop_2025_11_21_07_45_17.cfa,1194,2025-11-21T07:46:16.553Z,07 37 02 00 00 03,6,0x07,1,1196,2025-11-21T07:46:16.706Z,07 37 02 00 00 03 5E 01 5F 01 5F 01 A6 03 AD 03 BA 03 00 00,20,0x07,153.0,yes
old/hci_snoop_2025_11_21_07_45_17.cfa,1198,2025-11-21T07:46:16.820Z,07 3A 02 00 00 03,6,0x07,1,1201,2025-11-21T07:46:16.975Z,07 3A 02 00 00 03 61 01 63 01 64 01 BC 03 BE 03 C1 03 00 00,20,0x07,155.0,yes
old/hci_snoop_2025_11_21_07_45_17.cfa,1203,2025-11-21T07:46:17.088Z,07 3D 02 00 00 03,6,0x07,1,1205,2025-11-21T07:46:17.245Z,07 3D 02 00 00 03 66 01 68 01 68 01 C1 03 C2 03 C3 03 00 00,20,0x07,157.0,yes
old/hci_snoop_2025_11_21_07_45_17.cfa,1207,2025-11-21T07:46:17.371Z,07 40 02 00 00 03,6,0x07,1,1209,2025-11-21T07:46:17.516Z,07 40 02 00 00 03 69 01 69 01 68 01 C6 03 C7 03 C6 03 00 00,20,0x07,145.0,yes
old/hci_snoop_2025_11_21_07_45_17.cfa,1211,2025-11-21T07:46:17.636Z,07 43 02 00 00 03,6,0x07,1,1213,2025-11-21T07:46:17.786Z,07 43 02 00 00 03 65 01 65 01 65 01 9D 03 B2 03 BC 03 00 00,20,0x07,150.0,yes
old/hci_snoop_2025_11_21_07_45_17.cfa,1215,2025-11-21T07:46:17.902Z,07 46 02 00 00 03,6,0x07,1,1217,2025-11-21T07:46:18.056Z,07 46 02 00 00 03 65 01 63 01 60 01 C1 03 C7 03 CF 03 00 00,20,0x07,154.0,yes
old/hci_snoop_2025_11_21_07_45_17.cfa,1219,2025-11-21T07:46:18.169Z,07 49 02 00 00 03,6,0x07,1,1221,2025-11-21T07:46:18.326Z,07 49 02 00 00 03 5E 01 5A 01 59 01 D7 03 D3 03 D7 03 00 00,20,0x07,157.0,yes
old/hci_snoop_2025_11_21_07_45_17.cfa,1223,2025-11-21T07:46:18.451Z,07 4C 02 00 00 03,6,0x07,1,1225,2025-11-21T07:46:18.596Z,07 4C 02 00 00 03 57 01 55 01 54 01 DD 03 E3 03 E9 03 00 00,20,0x07,145.0,yes
old/hci_snoop_2025_11_21_07_45_17.cfa,1228,2025-11-21T07:46:18.720Z,07 4F 02 00 00 03,6,0x07,1,1230,2025-11-21T07:46:18.865Z,07 4F 02 00 00 03 52 01 51 01 50 01 EF 03 F4 03 F8 03 00 00,20,0x07,145.0,yes
old/hci_snoop_2025_11_21_07_45_17.cfa,1233,2025-11-21T07:46:18.987Z,07 52 02 00 00 03,6,0x07,1,1235,2025-11-21T07:46:19.137Z,07 52 02 00 00 03 4F 01 4F 01 4E 01 FD 03 01 04 04 04 00 00,20,0x07,150.0,yes
old/hci_snoop_2025_11_21_07_45_17.cfa,1237,2025-11-21T07:46:19.253Z,07 55 02 00 00 03,6,0x07,1,1239,2025-11-21T07:46:19.409Z,07 55 02 00 00 03 4E 01 4D 01 4D 01 07 04 0B 04 0E 04 00 00,20,0x07,156.0,yes
old/hci_snoop_2025_11_21_07_45_17.cfa,1241,2025-11-21T07:46:19.520Z,07 58 02 00 00 03,6,0x07,1,1243,2025-11-21T07:46:19.675Z,07 58 02 00 00 03 4C 01 4C 01 4C 01 11 04 15 04 18 04 00 00,20,0x07,155.0,yes
old/hci_snoop_2025_11_21_07_45_17.cfa,1245,2025-11-21T07:46:19.803Z,07 5B 02 00 00 03,6,0x07,1,1247,2025-11-21T07:46:19.946Z,07 5B 02 00 00 03 4C 01 4C 01 4D 01 1B 04 1E 04 23 04 00 00,20,0x07,143.0,yes
old/hci_snoop_2025_11_21_07_45_17.cfa,1249,2025-11-21T07:46:20.068Z,07 5E 02 00 00 03,6,0x07,1,1251,2025-11-21T07:46:20.215Z,07 5E 02 00 00 03 50 01 54 01 58 01 23 04 1D 04 1A 04 00 00,20,0x07,147.0,yes
old/hci_snoop_2025_11_21_07_45_17.cfa,1253,2025-11-21T07:46:20.336Z,07 61 02 00 00 03,6,0x07,1,1255,2025-11-21T07:46:20.486Z,07 61 02 00 00 03 5D 01 61 01 67 01 13 04 0B 04 0B 04 00 00,20,0x07,150.0,yes
old/hci_snoop_2025_11_21_07_45_17.cfa,1257,2025-11-21T07:46:20.603Z,07 64 02 00 00 03,6,0x07,1,1259,2025-11-21T07:46:20.757Z,07 64 02 00 00 03 6B 01 6D 01 6F 01 FD 03 F6 03 F2 03 00 00,20,0x07,154.0,yes
old/hci_snoop_2025_11_21_07_45_17.cfa,1261,2025-11-21T07:46:20.870Z,07 67 02 00 00 03,6,0x07,1,1263,2025-11-21T07:46:21.026Z,07 67 02 00 00 03 72 01 73 01 73 01 F3 03 ED 03 ED 03 00 00,20,0x07,156.0,yes
old/hci_snoop_2025_11_21_07_45_17.cfa,1265,2025-11-21T07:46:21.154Z,07 6A 02 00 00 03,6,0x07,1,1267,2025-11-21T07:46:21.476Z,07 6A 02 00 00 03 71 01 6D 01 69 01 EE 03 F0 03 F5 03 00 00,20,0x07,322.0,yes
old/hci_snoop_2025_11_21_07_45_17.cfa,1269,2025-11-21T07:46:21.520Z,07 6D 02 00 00 03,6,0x07,1,1271,2025-11-21T07:46:21.655Z,07 6D 02 00 00 03 67 01 64 01 62 01 FA 03 FF 03 04 04 00 00,20,0x07,135.0,yes
old/hci_snoop_2025_11_21_07_45_17.cfa,1273,2025-11-21T07:46:21.771Z,07 70 02 00 00 03,6,0x07,1,1275,2025-11-21T07:46:21.925Z,07 70 02 00 00 03 60 01 5E 01 5D 01 08 04 0C 04 10 04 00 00,20,0x07,154.0,yes
old/hci_snoop_2025_11_21_07_45_17.cfa,1277,2025-11-21T07:46:22.040Z,07 73 02 00 00 03,6,0x07,1,1279,2025-11-21T07:46:22.196Z,07 73 02 00 00 03 5B 01 5A 01 59 01 14 04 16 04 1A 04 00 00,20,0x07,156.0,yes
old/hci_snoop_2025_11_21_07_45_17.cfa,1281,2025-11-21T07:46:22.324Z,07 76 02 00 00 03,6,0x07,1,1283,2025-11-21T07:46:22.465Z,07 76 02 00 00 03 58 01 57 01 56 01 1D 04 1F 04 22 04 00 00,20,0x07,141.0,yes
old/hci_snoop_2025_11_21_07_45_17.cfa,1285,2025-11-21T07:46:22.589Z,07 79 02 00 00 03,6,0x07,1,1287,2025-11-21T07:46:22.736Z,07 79 02 00 00 03 55 01 54 01 54 01 24 04 26 04 29 04 00 00,20,0x07,147.0,yes
old/hci_snoop_2025_11_21_07_45_17.cfa,1289,2025-11-21T07:46:22.853Z,07 7C 02 00 00 03,6,0x07,1,1291,2025-11-21T07:46:23.007Z,07 7C 02 00 00 03 53 01 52 01 52 01 2B 04 2C 04 2F 04 00 00,20,0x07,154.0,yes
old/hci_snoop_2025_11_21_07_45_17.cfa,1293,2025-11-21T07:46:23.121Z,07 7F 02 00 00 03,6,0x07,1,1295,2025-11-21T07:46:23.276Z,07 7F 02 00 00 03 51 01 51 01 50 01 30 04 32 04 34 04 00 00,20,0x07,155.0,yes
old/hci_snoop_2025_11_21_07_45_17.cfa,1297,2025-11-21T07:46:23.388Z,07 82 02 00 00 03,6,0x07,1,1299,2025-11-21T07:46:23.546Z,07 82 02 00 00 03 50 01 50 01 4F 01 35 04 37 04 38 04 00 00,20,0x07,158.0,yes
old/hci_snoop_2025_11_21_07_45_17.cfa,1301,2025-11-21T07:46:23.671Z,07 85 02 00 00 03,6,0x07,1,1304,2025-11-21T07:46:23.816Z,07 85 02 00 00 03 4F 01 4F 01 4E 01 3A 04 3C 04 3C 04 00 00,20,0x07,145.0,yes
old/hci_snoop_2025_11_21_07_45_17.cfa,1306,2025-11-21T07:46:23.938Z,07 88 02 00 00 03,6,0x07,1,1308,2025-11-21T07:46:24.088Z,07 88 02 00 00 03 4E 01 4E 01 4E 01 3D 04 3F 04 3F 04 00 00,20,0x07,150.0,yes
old/hci_snoop_2025_11_21_07_45_17.cfa,1310,2025-11-21T07:46:24.204Z,07 8B 02 00 00 03,6,0x07,1,1312,2025-11-21T07:46:24.355Z,07 8B 02 00 00 03 4E 01 4E 01 4E 01 41 04 41 04 43 04 00 00,20,0x07,151.0,yes
old/hci_snoop_2025_11_21_07_45_17.cfa,1314,2025-11-21T07:46:24.472Z,07 8E 02 00 00 03,6,0x07,1,1316,2025-11-21T07:46:24.626Z,07 8E 02 00 00 03 4E 01 4E 01 4E 01 43 04 44 04 44 04 00 00,20,0x07,154.0,yes
old/hci_snoop_2025_11_21_07_45_17.cfa,1318,2025-11-21T07:46:24.740Z,07 91 02 00 00 03,6,0x07,1,1320,2025-11-21T07:46:24.896Z,07 91 02 00 00 03 4E 01 4E 01 4F 01 44 04 44 04 44 04 00 00,20,0x07,156.0,yes
old/hci_snoop_2025_11_21_07_45_17.cfa,1322,2025-11-21T07:46:25.022Z,07 94 02 00 00 03,6,0x07,1,1324,2025-11-21T07:46:25.166Z,07 94 02 00 00 03 4F 01 4F 01 50 01 44 04 44 04 44 04 00 00,20,0x07,144.0,yes
old/hci_snoop_2025_11_21_07_45_17.cfa,1326,2025-11-21T07:46:25.288Z,07 97 02 00 00 03,6,0x07,1,1328,2025-11-21T07:46:25.435Z,07 97 02 00 00 03 50 01 50 01 50 01 44 04 43 04 43 04 00 00,20,0x07,147.0,yes
old/hci_snoop_2025_11_21_07_45_17.cfa,1330,2025-11-21T07:46:25.553Z,07 9A 02 00 00 03,6,0x07,1,1332,2025-11-21T07:46:25.706Z,07 9A 02 00 00 03 51 01 51 01 51 01 43 04 43 04 43 04 00 00,20,0x07,153.0,yes
old/hci_snoop_2025_11_21_07_45_17.cfa,1334,2025-11-21T07:46:25.858Z,07 9D 02 00 00 03,6,0x07,1,1336,2025-11-21T07:46:25.975Z,07 9D 02 00 00 03 51 01 51 01 51 01 43 04 42 04 41 04 00 00,20,0x07,117.0,yes
old/hci_snoop_2025_11_21_07_45_17.cfa,1338,2025-11-21T07:46:26.088Z,07 A0 02 00 00 03,6,0x07,1,1346,2025-11-21T07:46:26.246Z,07 A0 02 00 00 03 51 01 51 01 51 01 41 04 41 04 40 04 00 00,20,0x07,158.0,yes
old/hci_snoop_2025_11_21_07_45_17.cfa,1348,2025-11-21T07:46:26.343Z,07 A3 02 00 00 03,6,0x07,1,1350,2025-11-21T07:46:26.520Z,07 A3 02 00 00 03 51 01 51 01 51 01 40 04 40 04 40 04 00 00,20,0x07,177.0,yes
old/hci_snoop_2025_11_21_07_45_17.cfa,1352,2025-11-21T07:46:26.611Z,07 A6 02 00 00 03,6,0x07,1,1354,2025-11-21T07:46:26.790Z,07 A6 02 00 00 03 50 01 50 01 50 01 40 04 40 04 40 04 00 00,20,0x07,179.0,yes
old/hci_snoop_2025_11_21_07_45_17.cfa,1356,2025-11-21T07:46:26.881Z,07 A9 02 00 00 03,6,0x07,1,1358,2025-11-21T07:46:27.060Z,07 A9 02 00 00 03 50 01 50 01 4F 01 41 04 41 04 41 04 00 00,20,0x07,179.0,yes
old/hci_snoop_2025_11_21_07_45_17.cfa,1360,2025-11-21T07:46:27.150Z,07 AC 02 00 00 03,6,0x07,1,1362,2025-11-21T07:46:27.420Z,07 AC 02 00 00 03 4F 01 4F 01 4F 01 41 04 41 04 41 04 00 00,20,0x07,270.0,yes
old/hci_snoop_2025_11_21_07_45_17.cfa,1364,2025-11-21T07:46:27.510Z,07 AF 02 00 00 03,6,0x07,1,1366,2025-11-21T07:46:27.690Z,07 AF 02 00 00 03 4F 01 4F 01 4F 01 41 04 41 04 41 04 00 00,20,0x07,180.0,yes
old/hci_snoop_2025_11_21_07_45_17.cfa,1368,2025-11-21T07:46:27.780Z,07 B2 02 00 00 03,6,0x07,1,1371,2025-11-21T07:46:27.960Z,07 B2 02 00 00 03 4E 01 4E 01 4E 01 41 04 40 04 40 04 00 00,20,0x07,180.0,yes
old/hci_snoop_2025_11_21_07_45_17.cfa,1373,2025-11-21T07:46:28.050Z,07 B5 02 00 00 03,6,0x07,1,1375,2025-11-21T07:46:28.231Z,07 B5 02 00 00 03 4E 01 4E 01 4E 01 40 04 3F 04 3F 04 00 00,20,0x07,181.0,yes
old/hci_snoop_2025_11_21_07_45_17.cfa,1377,2025-11-21T07:46:28.322Z,07 B8 02 00 00 03,6,0x07,1,1379,2025-11-21T07:46:28.500Z,07 B8 02 00 00 03 4F 01 4F 01 4F 01 3F 04 3E 04 3D 04 00 00,20,0x07,178.0,yes
old/hci_snoop_2025_11_21_07_45_17.cfa,1381,2025-11-21T07:46:28.589Z,07 BB 02 00 00 03,6,0x07,1,1383,2025-11-21T07:46:28.770Z,07 BB 02 00 00 03 4F 01 4F 01 50 01 3D 04 3D 04 3C 04 00 00,20,0x07,181.0,yes
old/hci_snoop_2025_11_21_07_45_17.cfa,1385,2025-11-21T07:46:28.860Z,07 BE 02 00 00 03,6,0x07,1,1387,2025-11-21T07:46:29.037Z,07 BE 02 00 00 03 4F 01 50 01 50 01 3C 04 3B 04 3B 04 00 00,20,0x07,177.0,yes
old/hci_snoop_2025_11_21_07_45_17.cfa,1389,2025-11-21T07:46:29.130Z,07 C1 02 00 00 03,6,0x07,1,1391,2025-11-21T07:46:29.308Z,07 C1 02 00 00 03 50 01 50 01 50 01 3A 04 3A 04 3A 04 00 00,20,0x07,178.0,yes
old/hci_snoop_2025_11_21_07_45_17.cfa,1393,2025-11-21T07:46:29.403Z,07 C4 02 00 00 03,6,0x07,1,1395,2025-11-21T07:46:29.580Z,07 C4 02 00 00 03 50 01 50 01 50 01 39 04 39 04 39 04 00 00,20,0x07,177.0,yes
old/hci_snoop_2025_11_21_07_45_17.cfa,1397,2025-11-21T07:46:29.671Z,07 C7 02 00 00 03,6,0x07,1,1399,2025-11-21T07:46:29.850Z,07 C7 02 00 00 03 50 01 50 01 50 01 38 04 38 04 38 04 00 00,20,0x07,179.0,yes
old/hci_snoop_2025_11_21_07_45_17.cfa,1401,2025-11-21T07:46:29.940Z,07 CA 02 00 00 03,6,0x07,1,1403,2025-11-21T07:46:30.120Z,07 CA 02 00 00 03 50 01 50 01 4F 01 38 04 38 04 38 04 00 00,20,0x07,180.0,yes
old/hci_snoop_2025_11_21_07_45_17.cfa,1405,2025-11-21T07:46:30.210Z,07 CD 02 00 00 03,6,0x07,1,1407,2025-11-21T07:46:30.390Z,07 CD 02 00 00 03 4F 01 4F 01 4F 01 39 04 39 04 39 04 00 00,20,0x07,180.0,yes
old/hci_snoop_2025_11_21_07_45_17.cfa,1409,2025-11-21T07:46:30.480Z,07 D0 02 00 00 03,6,0x07,1,1411,2025-11-21T07:46:30.660Z,07 D0 02 00 00 03 4F 01 4E 01 4E 01 3A 04 3A 04 3A 04 00 00,20,0x07,180.0,yes
old/hci_snoop_2025_11_21_07_45_17.cfa,1413,2025-11-21T07:46:30.752Z,07 D3 02 00 00 03,6,0x07,1,1415,2025-11-21T07:46:30.925Z,07 D3 02 00 00 03 4E 01 4D 01 4E 01 3A 04 3B 04 3B 04 00 00,20,0x07,173.0,yes
old/hci_snoop_2025_11_21_07_45_17.cfa,1417,2025-11-21T07:46:31.017Z,07 D6 02 00 00 03,6,0x07,1,1419,2025-11-21T07:46:31.198Z,07 D6 02 00 00 03 4D 01 4D 01 4D 01 3B 04 3C 04 3C 04 00 00,20,0x07,181.0,yes
old/hci_snoop_2025_11_21_07_45_17.cfa,1421,2025-11-21T07:46:31.293Z,07 D9 02 00 00 03,6,0x07,1,1423,2025-11-21T07:46:31.467Z,07 D9 02 00 00 03 4D 01 4D 01 4D 01 3C 04 3C 04 3C 04 00 00,20,0x07,174.0,yes
old/hci_snoop_2025_11_21_07_45_17.cfa,1425,2025-11-21T07:46:31.561Z,07 DC 02 00 00 03,6,0x07,1,1427,2025-11-21T07:46:31.740Z,07 DC 02 00 00 03 4D 01 4D 01 4D 01 3C 04 3C 04 3B 04 00 00,20,0x07,179.0,yes
old/hci_snoop_2025_11_21_07_45_17.cfa,1429,2025-11-21T07:46:31.832Z,07 DF 02 00 00 03,6,0x07,1,1431,2025-11-21T07:46:32.010Z,07 DF 02 00 00 03 4D 01 4D 01 4D 01 3B 04 3A 04 3A 04 00 00,20,0x07,178.0,yes
old/hci_snoop_2025_11_21_07_45_17.cfa,1433,2025-11-21T07:46:32.101Z,07 E2 02 00 00 03,6,0x07,1,1435,2025-11-21T07:46:32.281Z,07 E2 02 00 00 03 4D 01 4C 01 4C 01 3A 04 C7 03 F4 03 00 00,20,0x07,180.0,yes
old/hci_snoop_2025_11_21_07_45_17.cfa,1437,2025-11-21T07:46:32.370Z,07 E5 02 00 00 03,6,0x07,1,1439,2025-11-21T07:46:32.547Z,07 E5 02 00 00 03 4C 01 4B 01 4C 01 FE 03 D0 03 DF 03 00 00,20,0x07,177.0,yes
old/hci_snoop_2025_11_21_07_45_17.cfa,1441,2025-11-21T07:46:32.639Z,07 E8 02 00 00 03,6,0x07,1,1443,2025-11-21T07:46:32.820Z,07 E8 02 00 00 03 4C 01 4D 01 4D 01 EA 03 F4 03 FD 03 00 00,20,0x07,181.0,yes
old/hci_snoop_2025_11_21_07_45_17.cfa,1445,2025-11-21T07:46:32.910Z,07 EB 02 00 00 03,6,0x07,1,1447,2025-11-21T07:46:33.087Z,07 EB 02 00 00 03 4E 01 4F 01 4F 01 0B 04 16 04 1D 04 00 00,20,0x07,177.0,yes
old/hci_snoop_2025_11_21_07_45_17.cfa,1449,2025-11-21T07:46:33.182Z,07 EE 02 00 00 03,6,0x07,1,1451,2025-11-21T07:46:33.360Z,07 EE 02 00 00 03 50 01 51 01 52 01 1F 04 23 04 25 04 00 00,20,0x07,178.0,yes
old/hci_snoop_2025_11_21_07_45_17.cfa,1453,2025-11-21T07:46:33.450Z,07 F1 02 00 00 03,6,0x07,1,1455,2025-11-21T07:46:33.627Z,07 F1 02 00 00 03 52 01 52 01 53 01 26 04 26 04 26 04 00 00,20,0x07,177.0,yes
old/hci_snoop_2025_11_21_07_45_17.cfa,1457,2025-11-21T07:46:33.722Z,07 F4 02 00 00 03,6,0x07,1,1459,2025-11-21T07:46:33.900Z,07 F4 02 00 00 03 53 01 53 01 54 01 28 04 2A 04 2B 04 00 00,20,0x07,178.0,yes
old/hci_snoop_2025_11_21_07_45_17.cfa,1461,2025-11-21T07:46:33.992Z,07 F7 02 00 00 03,6,0x07,1,1463,2025-11-21T07:46:34.168Z,07 F7 02 00 00 03 54 01 54 01 54 01 2C 04 2E 04 2F 04 00 00,20,0x07,176.0,yes
old/hci_snoop_2025_11_21_07_45_17.cfa,1465,2025-11-21T07:46:34.260Z,07 FA 02 00 00 03,6,0x07,1,1467,2025-11-21T07:46:34.440Z,07 FA 02 00 00 03 54 01 54 01 54 01 30 04 31 04 33 04 00 00,20,0x07,180.0,yes
old/hci_snoop_2025_11_21_07_45_17.cfa,1469,2025-11-21T07:46:34.529Z,07 FD 02 00 00 03,6,0x07,1,1472,2025-11-21T07:46:34.710Z,07 FD 02 00 00 03 54 01 54 01 54 01 34 04 36 04 36 04 00 00,20,0x07,181.0,yes
old/hci_snoop_2025_11_21_07_45_17.cfa,1474,2025-11-21T07:46:34.804Z,07 00 03 00 00 03,6,0x07,1,1476,2025-11-21T07:46:35.070Z,07 00 03 00 00 03 54 01 54 01 54 01 38 04 38 04 3A 04 00 00,20,0x07,266.0,yes
old/hci_snoop_2025_11_21_07_45_17.cfa,1478,2025-11-21T07:46:35.159Z,07 03 03 00 00 03,6,0x07,1,1480,2025-11-21T07:46:35.341Z,07 03 03 00 00 03 54 01 54 01 54 01 3A 04 3B 04 3B 04 00 00,20,0x07,182.0,yes
old/hci_snoop_2025_11_21_07_45_17.cfa,1482,2025-11-21T07:46:35.431Z,07 06 03 00 00 03,6,0x07,1,1484,2025-11-21T07:46:35.610Z,07 06 03 00 00 03 54 01 54 01 53 01 3C 04 3D 04 3F 04 00 00,20,0x07,179.0,yes
old/hci_snoop_2025_11_21_07_45_17.cfa,1486,2025-11-21T07:46:35.700Z,07 09 03 00 00 03,6,0x07,1,1488,2025-11-21T07:46:35.880Z,07 09 03 00 00 03 53 01 53 01 53 01 42 04 44 04 46 04 00 00,20,0x07,180.0,yes
old/hci_snoop_2025_11_21_07_45_17.cfa,1490,2025-11-21T07:46:35.970Z,07 0C 03 00 00 03,6,0x07,1,1492,2025-11-21T07:46:36.150Z,07 0C 03 00 00 03 53 01 53 01 53 01 49 04 4B 04 4D 04 00 00,20,0x07,180.0,yes
old/hci_snoop_2025_11_21_07_45_17.cfa,1494,2025-11-21T07:46:36.242Z,07 0F 03 00 00 03,6,0x07,1,1496,2025-11-21T07:46:36.417Z,07 0F 03 00 00 03 53 01 53 01 52 01 50 04 53 04 56 04 00 00,20,0x07,175.0,yes
old/hci_snoop_2025_11_21_07_45_17.cfa,1498,2025-11-21T07:46:36.513Z,07 12 03 00 00 03,6,0x07,1,1500,2025-11-21T07:46:36.690Z,07 12 03 00 00 03 52 01 52 01 52 01 58 04 5A 04 5D 04 00 00,20,0x07,177.0,yes
old/hci_snoop_2025_11_21_07_45_17.cfa,1502,2025-11-21T07:46:36.781Z,07 15 03 00 00 03,6,0x07,1,1504,2025-11-21T07:46:36.961Z,07 15 03 00 00 03 52 01 52 01 52 01 5F 04 61 04 62 04 00 00,20,0x07,180.0,yes
old/hci_snoop_2025_11_21_07_45_17.cfa,1506,2025-11-21T07:46:37.052Z,07 18 03 00 00 03,6,0x07,1,1508,2025-11-21T07:46:37.226Z,07 18 03 00 00 03 52 01 52 01 51 01 65 04 66 04 69 04 00 00,20,0x07,174.0,yes
old/hci_snoop_2025_11_21_07_45_17.cfa,1510,2025-11-21T07:46:37.321Z,07 1B 03 00 00 03,6,0x07,1,1512,2025-11-21T07:46:37.500Z,07 1B 03 00 00 03 51 01 51 01 51 01 6B 04 6C 04 6E 04 00 00,20,0x07,179.0,yes
old/hci_snoop_2025_11_21_07_45_17.cfa,1514,2025-11-21T07:46:37.592Z,07 1E 03 00 00 03,6,0x07,1,1516,2025-11-21T07:46:37.860Z,07 1E 03 00 00 03 51 01 50 01 50 01 70 04 71 04 72 04 00 00,20,0x07,268.0,yes
old/hci_snoop_2025_11_21_07_45_17.cfa,1518,2025-11-21T07:46:37.951Z,07 21 03 00 00 03,6,0x07,1,1520,2025-11-21T07:46:38.129Z,07 21 03 00 00 03 50 01 50 01 50 01 73 04 74 04 75 04 00 00,20,0x07,178.0,yes
old/hci_snoop_2025_11_21_07_45_17.cfa,1522,2025-11-21T07:46:38.223Z,07 24 03 00 00 03,6,0x07,1,1524,2025-11-21T07:46:38.400Z,07 24 03 00 00 03 50 01 50 01 4F 01 76 04 78 04 79 04 00 00,20,0x07,177.0,yes
old/hci_snoop_2025_11_21_07_45_17.cfa,1526,2025-11-21T07:46:38.490Z,07 27 03 00 00 03,6,0x07,1,1528,2025-11-21T07:46:38.670Z,07 27 03 00 00 03 4F 01 4F 01 4F 01 7A 04 7C 04 7C 04 00 00,20,0x07,180.0,yes
old/hci_snoop_2025_11_21_07_45_17.cfa,1530,2025-11-21T07:46:38.760Z,07 2A 03 00 00 03,6,0x07,1,1532,2025-11-21T07:46:38.936Z,07 2A 03 00 00 03 4F 01 4E 01 4E 01 7A 04 7A 04 7A 04 00 00,20,0x07,176.0,yes
old/hci_snoop_2025_11_21_07_45_17.cfa,1534,2025-11-21T07:46:39.032Z,07 2D 03 00 00 03,6,0x07,1,1536,2025-11-21T07:46:39.210Z,07 2D 03 00 00 03 4E 01 4E 01 4E 01 7A 04 7A 04 7B 04 00 00,20,0x07,178.0,yes
old/hci_snoop_2025_11_21_07_45_17.cfa,1538,2025-11-21T07:46:39.301Z,07 30 03 00 00 03,6,0x07,1,1540,2025-11-21T07:46:39.480Z,07 30 03 00 00 03 4F 01 51 01 52 01 7D 04 78 04 76 04 00 00,20,0x07,179.0,yes
old/hci_snoop_2025_11_21_07_45_17.cfa,1542,2025-11-21T07:46:39.569Z,07 33 03 00 00 01,6,0x07,1,1544,2025-11-21T07:46:39.748Z,07 33 03 00 00 01 3A 01 3A 03 52 01 7D 04 78 04 76 04 00 00,20,0x07,179.0,yes
old/hci_snoop_2025_11_21_07_45_17.cfa,1755,2025-11-21T07:50:13.217Z,1A,1,0x1A,1,1757,2025-11-21T07:50:13.231Z,1A 01 00 01 00 00 00 00 00 00 00 00 00 00 00 00 00 00 00 00,20,0x1A,14.0,yes
