file,count,first_byte,len,value_hex
hci_snoop_2025_11_26_14_52_44.cfa,1,0x01,1,01
hci_snoop_2025_11_26_14_52_44.cfa,1,0x07,6,07 00 00 00 00 03
hci_snoop_2025_11_26_14_52_44.cfa,1,0x07,6,07 02 01 00 00 03
hci_snoop_2025_11_26_14_52_44.cfa,1,0x07,6,07 03 00 00 00 03
hci_snoop_2025_11_26_14_52_44.cfa,1,0x07,6,07 05 01 00 00 03
hci_snoop_2025_11_26_14_52_44.cfa,1,0x07,6,07 06 00 00 00 03
hci_snoop_2025_11_26_14_52_44.cfa,1,0x07,6,07 08 01 00 00 03
hci_snoop_2025_11_26_14_52_44.cfa,1,0x07,6,07 09 00 00 00 03
hci_snoop_2025_11_26_14_52_44.cfa,1,0x07,6,07 0B 01 00 00 03
hci_snoop_2025_11_26_14_52_44.cfa,1,0x07,6,07 0C 00 00 00 03
hci_snoop_2025_11_26_14_52_44.cfa,1,0x07,6,07 0E 01 00 00 03
hci_snoop_2025_11_26_14_52_44.cfa,1,0x07,6,07 0F 00 00 00 03
hci_snoop_2025_11_26_14_52_44.cfa,1,0x07,6,07 11 01 00 00 03
hci_snoop_2025_11_26_14_52_44.cfa,1,0x07,6,07 12 00 00 00 03
hci_snoop_2025_11_26_14_52_44.cfa,1,0x07,6,07 14 01 00 00 03
hci_snoop_2025_11_26_14_52_44.cfa,1,0x07,6,07 15 00 00 00 03
hci_snoop_2025_11_26_14_52_44.cfa,1,0x07,6,07 17 01 00 00 03
hci_snoop_2025_11_26_14_52_44.cfa,1,0x07,6,07 18 00 00 00 03
hci_snoop_2025_11_26_14_52_44.cfa,1,0x07,6,07 1A 01 00 00 03
hci_snoop_2025_11_26_14_52_44.cfa,1,0x07,6,07 1B 00 00 00 03
hci_snoop_2025_11_26_14_52_44.cfa,1,0x07,6,07 1D 01 00 00 03
hci_snoop_2025_11_26_14_52_44.cfa,1,0x07,6,07 1E 00 00 00 03
hci_snoop_2025_11_26_14_52_44.cfa,1,0x07,6,07 21 00 00 00 03
hci_snoop_2025_11_26_14_52_44.cfa,1,0x07,6,07 24 00 00 00 03
hci_snoop_2025_11_26_14_52_44.cfa,1,0x07,6,07 27 00 00 00 03
hci_snoop_2025_11_26_14_52_44.cfa,1,0x07,6,07 2A 00 00 00 03
hci_snoop_2025_11_26_14_52_44.cfa,1,0x07,6,07 2D 00 00 00 03
hci_snoop_2025_11_26_14_52_44.cfa,1,0x07,6,07 30 00 00 00 03
hci_snoop_2025_11_26_14_52_44.cfa,1,0x07,6,07 33 00 00 00 03
hci_snoop_2025_11_26_14_52_44.cfa,1,0x07,6,07 36 00 00 00 03
hci_snoop_2025_11_26_14_52_44.cfa,1,0x07,6,07 39 00 00 00 03
hci_snoop_2025_11_26_14_52_44.cfa,1,0x07,6,07 3C 00 00 00 03
hci_snoop_2025_11_26_14_52_44.cfa,1,0x07,6,07 3F 00 00 00 03
hci_snoop_2025_11_26_14_52_44.cfa,1,0x07,6,07 42 00 00 00 03
hci_snoop_2025_11_26_14_52_44.cfa,1,0x07,6,07 45 00 00 00 03
hci_snoop_2025_11_26_14_52_44.cfa,1,0x07,6,07 48 00 00 00 03
hci_snoop_2025_11_26_14_52_44.cfa,1,0x07,6,07 4B 00 00 00 03
hci_snoop_2025_11_26_14_52_44.cfa,1,0x07,6,07 4E 00 00 00 03
hci_snoop_2025_11_26_14_52_44.cfa,1,0x07,6,07 51 00 00 00 03
hci_snoop_2025_11_26_14_52_44.cfa,1,0x07,6,07 54 00 00 00 03
hci_snoop_2025_11_26_14_52_44.cfa,1,0x07,6,07 57 00 00 00 03
hci_snoop_2025_11_26_14_52_44.cfa,1,0x07,6,07 5A 00 00 00 03
hci_snoop_2025_11_26_14_52_44.cfa,1,0x07,6,07 5D 00 00 00 03
hci_snoop_2025_11_26_14_52_44.cfa,1,0x07,6,07 60 00 00 00 03
hci_snoop_2025_11_26_14_52_44.cfa,1,0x07,6,07 63 00 00 00 03
hci_snoop_2025_11_26_14_52_44.cfa,1,0x07,6,07 66 00 00 00 03
hci_snoop_2025_11_26_14_52_44.cfa,1,0x07,6,07 69 00 00 00 03
hci_snoop_2025_11_26_14_52_44.cfa,1,0x07,6,07 6C 00 00 00 03
hci_snoop_2025_11_26_14_52_44.cfa,1,0x07,6,07 6F 00 00 00 03
hci_snoop_2025_11_26_14_52_44.cfa,1,0x07,6,07 72 00 00 00 03
hci_snoop_2025_11_26_14_52_44.cfa,1,0x07,6,07 75 00 00 00 03
hci_snoop_2025_11_26_14_52_44.cfa,1,0x07,6,07 78 00 00 00 03
hci_snoop_2025_11_26_14_52_44.cfa,1,0x07,6,07 7B 00 00 00 03
hci_snoop_2025_11_26_14_52_44.cfa,1,0x07,6,07 7E 00 00 00 03
hci_snoop_2025_11_26_14_52_44.cfa,1,0x07,6,07 81 00 00 00 03
hci_snoop_2025_11_26_14_52_44.cfa,1,0x07,6,07 84 00 00 00 03
hci_snoop_2025_11_26_14_52_44.cfa,1,0x07,6,07 87 00 00 00 03
hci_snoop_2025_11_26_14_52_44.cfa,1,0x07,6,07 8A 00 00 00 03
hci_snoop_2025_11_26_14_52_44.cfa,1,0x07,6,07 8D 00 00 00 03
hci_snoop_2025_11_26_14_52_44.cfa,1,0x07,6,07 90 00 00 00 03
hci_snoop_2025_11_26_14_52_44.cfa,1,0x07,6,07 93 00 00 00 03
hci_snoop_2025_11_26_14_52_44.cfa,1,0x07,6,07 96 00 00 00 03
hci_snoop_2025_11_26_14_52_44.cfa,1,0x07,6,07 99 00 00 00 03
hci_snoop_2025_11_26_14_52_44.cfa,1,0x07,6,07 9C 00 00 00 03
hci_snoop_2025_11_26_14_52_44.cfa,1,0x07,6,07 9F 00 00 00 03
hci_snoop_2025_11_26_14_52_44.cfa,1,0x07,6,07 A2 00 00 00 03
hci_snoop_2025_11_26_14_52_44.cfa,1,0x07,6,07 A5 00 00 00 03
hci_snoop_2025_11_26_14_52_44.cfa,1,0x07,6,07 A8 00 00 00 03
hci_snoop_2025_11_26_14_52_44.cfa,1,0x07,6,07 AB 00 00 00 03
hci_snoop_2025_11_26_14_52_44.cfa,1,0x07,6,07 AE 00 00 00 03
hci_snoop_2025_11_26_14_52_44.cfa,1,0x07,6,07 B1 00 00 00 03
hci_snoop_2025_11_26_14_52_44.cfa,1,0x07,6,07 B4 00 00 00 03
hci_snoop_2025_11_26_14_52_44.cfa,1,0x07,6,07 B7 00 00 00 03
hci_snoop_2025_11_26_14_52_44.cfa,1,0x07,6,07 BA 00 00 00 03
hci_snoop_2025_11_26_14_52_44.cfa,1,0x07,6,07 BD 00 00 00 03
hci_snoop_2025_11_26_14_52_44.cfa,1,0x07,6,07 C0 00 00 00 03
hci_snoop_2025_11_26_14_52_44.cfa,1,0x07,6,07 C3 00 00 00 03
hci_snoop_2025_11_26_14_52_44.cfa,1,0x07,6,07 C6 00 00 00 03
hci_snoop_2025_11_26_14_52_44.cfa,1,0x07,6,07 C9 00 00 00 03
hci_snoop_2025_11_26_14_52_44.cfa,1,0x07,6,07 CC 00 00 00 03
hci_snoop_2025_11_26_14_52_44.cfa,1,0x07,6,07 CF 00 00 00 03
hci_snoop_2025_11_26_14_52_44.cfa,1,0x07,6,07 D2 00 00 00 03
hci_snoop_2025_11_26_14_52_44.cfa,1,0x07,6,07 D5 00 00 00 03
hci_snoop_2025_11_26_14_52_44.cfa,1,0x07,6,07 D8 00 00 00 03
hci_snoop_2025_11_26_14_52_44.cfa,1,0x07,6,07 DB 00 00 00 03
hci_snoop_2025_11_26_14_52_44.cfa,1,0x07,6,07 DE 00 00 00 03
hci_snoop_2025_11_26_14_52_44.cfa,1,0x07,6,07 E1 00 00 00 03
hci_snoop_2025_11_26_14_52_44.cfa,1,0x07,6,07 E4 00 00 00 03
hci_snoop_2025_11_26_14_52_44.cfa,1,0x07,6,07 E7 00 00 00 03
hci_snoop_2025_11_26_14_52_44.cfa,1,0x07,6,07 EA 00 00 00 03
hci_snoop_2025_11_26_14_52_44.cfa,1,0x07,6,07 ED 00 00 00 03
hci_snoop_2025_11_26_14_52_44.cfa,1,0x07,6,07 F0 00 00 00 03
hci_snoop_2025_11_26_14_52_44.cfa,1,0x07,6,07 F3 00 00 00 03
hci_snoop_2025_11_26_14_52_44.cfa,1,0x07,6,07 F6 00 00 00 03
hci_snoop_2025_11_26_14_52_44.cfa,1,0x07,6,07 F9 00 00 00 03
hci_snoop_2025_11_26_14_52_44.cfa,1,0x07,6,07 FC 00 00 00 03
hci_snoop_2025_11_26_14_52_44.cfa,1,0x07,6,07 FF 00 00 00 03
hci_snoop_2025_11_26_14_52_44.cfa,1,0x1A,1,1A
hci_snoop_2025_11_26_15_00_04.cfa,1,0x01,1,01
hci_snoop_2025_11_26_15_00_04.cfa,1,0x07,6,07 00 00 00 00 03
hci_snoop_2025_11_26_15_00_04.cfa,1,0x07,6,07 00 03 00 00 03
hci_snoop_2025_11_26_15_00_04.cfa,1,0x07,6,07 00 06 00 00 03
hci_snoop_2025_11_26_15_00_04.cfa,1,0x07,6,07 01 02 00 00 03
hci_snoop_2025_11_26_15_00_04.cfa,1,0x07,6,07 01 05 00 00 03
hci_snoop_2025_11_26_15_00_04.cfa,1,0x07,6,07 02 01 00 00 03
hci_snoop_2025_11_26_15_00_04.cfa,1,0x07,6,07 02 04 00 00 03
hci_snoop_2025_11_26_15_00_04.cfa,1,0x07,6,07 03 00 00 00 03
hci_snoop_2025_11_26_15_00_04.cfa,1,0x07,6,07 03 03 00 00 03
hci_snoop_2025_11_26_15_00_04.cfa,1,0x07,6,07 03 06 00 00 03
hci_snoop_2025_11_26_15_00_04.cfa,1,0x07,6,07 04 02 00 00 03
hci_snoop_2025_11_26_15_00_04.cfa,1,0x07,6,07 04 05 00 00 03
hci_snoop_2025_11_26_15_00_04.cfa,1,0x07,6,07 05 01 00 00 03
hci_snoop_2025_11_26_15_00_04.cfa,1,0x07,6,07 05 04 00 00 03
hci_snoop_2025_11_26_15_00_04.cfa,1,0x07,6,07 06 00 00 00 03
hci_snoop_2025_11_26_15_00_04.cfa,1,0x07,6,07 06 03 00 00 03
hci_snoop_2025_11_26_15_00_04.cfa,1,0x07,6,07 06 06 00 00 03
hci_snoop_2025_11_26_15_00_04.cfa,1,0x07,6,07 07 02 00 00 03
hci_snoop_2025_11_26_15_00_04.cfa,1,0x07,6,07 07 05 00 00 03
hci_snoop_2025_11_26_15_00_04.cfa,1,0x07,6,07 08 01 00 00 03
hci_snoop_2025_11_26_15_00_04.cfa,1,0x07,6,07 08 04 00 00 03
hci_snoop_2025_11_26_15_00_04.cfa,1,0x07,6,07 09 00 00 00 03
hci_snoop_2025_11_26_15_00_04.cfa,1,0x07,6,07 09 03 00 00 03
hci_snoop_2025_11_26_15_00_04.cfa,1,0x07,6,07 09 06 00 00 03
hci_snoop_2025_11_26_15_00_04.cfa,1,0x07,6,07 0A 02 00 00 03
hci_snoop_2025_11_26_15_00_04.cfa,1,0x07,6,07 0A 05 00 00 03
hci_snoop_2025_11_26_15_00_04.cfa,1,0x07,6,07 0B 01 00 00 03
hci_snoop_2025_11_26_15_00_04.cfa,1,0x07,6,07 0B 04 00 00 03
hci_snoop_2025_11_26_15_00_04.cfa,1,0x07,6,07 0C 00 00 00 03
hci_snoop_2025_11_26_15_00_04.cfa,1,0x07,6,07 0C 03 00 00 03
hci_snoop_2025_11_26_15_00_04.cfa,1,0x07,6,07 0C 06 00 00 03
hci_snoop_2025_11_26_15_00_04.cfa,1,0x07,6,07 0D 02 00 00 03
hci_snoop_2025_11_26_15_00_04.cfa,1,0x07,6,07 0D 05 00 00 03
hci_snoop_2025_11_26_15_00_04.cfa,1,0x07,6,07 0E 01 00 00 03
hci_snoop_2025_11_26_15_00_04.cfa,1,0x07,6,07 0E 04 00 00 03
hci_snoop_2025_11_26_15_00_04.cfa,1,0x07,6,07 0F 00 00 00 03
hci_snoop_2025_11_26_15_00_04.cfa,1,0x07,6,07 0F 03 00 00 03
hci_snoop_2025_11_26_15_00_04.cfa,1,0x07,6,07 0F 06 00 00 03
hci_snoop_2025_11_26_15_00_04.cfa,1,0x07,6,07 10 02 00 00 03
hci_snoop_2025_11_26_15_00_04.cfa,1,0x07,6,07 10 05 00 00 03
hci_snoop_2025_11_26_15_00_04.cfa,1,0x07,6,07 11 01 00 00 03
hci_snoop_2025_11_26_15_00_04.cfa,1,0x07,6,07 11 04 00 00 03
hci_snoop_2025_11_26_15_00_04.cfa,1,0x07,6,07 12 00 00 00 03
hci_snoop_2025_11_26_15_00_04.cfa,1,0x07,6,07 12 03 00 00 03
hci_snoop_2025_11_26_15_00_04.cfa,1,0x07,6,07 12 06 00 00 03
hci_snoop_2025_11_26_15_00_04.cfa,1,0x07,6,07 13 02 00 00 03
hci_snoop_2025_11_26_15_00_04.cfa,1,0x07,6,07 13 05 00 00 03
hci_snoop_2025_11_26_15_00_04.cfa,1,0x07,6,07 14 01 00 00 03
hci_snoop_2025_11_26_15_00_04.cfa,1,0x07,6,07 14 04 00 00 03
hci_snoop_2025_11_26_15_00_04.cfa,1,0x07,6,07 15 00 00 00 03
hci_snoop_2025_11_26_15_00_04.cfa,1,0x07,6,07 15 03 00 00 03
hci_snoop_2025_11_26_15_00_04.cfa,1,0x07,6,07 15 06 00 00 03
hci_snoop_2025_11_26_15_00_04.cfa,1,0x07,6,07 16 02 00 00 03
hci_snoop_2025_11_26_15_00_04.cfa,1,0x07,6,07 16 05 00 00 03
hci_snoop_2025_11_26_15_00_04.cfa,1,0x07,6,07 17 01 00 00 03
hci_snoop_2025_11_26_15_00_04.cfa,1,0x07,6,07 17 04 00 00 03
hci_snoop_2025_11_26_15_00_04.cfa,1,0x07,6,07 18 00 00 00 03
hci_snoop_2025_11_26_15_00_04.cfa,1,0x07,6,07 18 03 00 00 03
hci_snoop_2025_11_26_15_00_04.cfa,1,0x07,6,07 18 06 00 00 03
hci_snoop_2025_11_26_15_00_04.cfa,1,0x07,6,07 19 02 00 00 03
hci_snoop_2025_11_26_15_00_04.cfa,1,0x07,6,07 19 05 00 00 03
hci_snoop_2025_11_26_15_00_04.cfa,1,0x07,6,07 1A 01 00 00 03
hci_snoop_2025_11_26_15_00_04.cfa,1,0x07,6,07 1A 04 00 00 03
hci_snoop_2025_11_26_15_00_04.cfa,1,0x07,6,07 1B 00 00 00 03
hci_snoop_2025_11_26_15_00_04.cfa,1,0x07,6,07 1B 03 00 00 03
hci_snoop_2025_11_26_15_00_04.cfa,1,0x07,6,07 1B 06 00 00 03
hci_snoop_2025_11_26_15_00_04.cfa,1,0x07,6,07 1C 02 00 00 03
hci_snoop_2025_11_26_15_00_04.cfa,1,0x07,6,07 1C 05 00 00 03
hci_snoop_2025_11_26_15_00_04.cfa,1,0x07,6,07 1D 01 00 00 03
hci_snoop_2025_11_26_15_00_04.cfa,1,0x07,6,07 1D 04 00 00 03
hci_snoop_2025_11_26_15_00_04.cfa,1,0x07,6,07 1E 00 00 00 03
hci_snoop_2025_11_26_15_00_04.cfa,1,0x07,6,07 1E 03 00 00 03
hci_snoop_2025_11_26_15_00_04.cfa,1,0x07,6,07 1E 06 00 00 03
hci_snoop_2025_11_26_15_00_04.cfa,1,0x07,6,07 1F 02 00 00 03
hci_snoop_2025_11_26_15_00_04.cfa,1,0x07,6,07 1F 05 00 00 03
hci_snoop_2025_11_26_15_00_04.cfa,1,0x07,6,07 20 01 00 00 03
hci_snoop_2025_11_26_15_00_04.cfa,1,0x07,6,07 20 04 00 00 03
hci_snoop_2025_11_26_15_00_04.cfa,1,0x07,6,07 21 00 00 00 03
hci_snoop_2025_11_26_15_00_04.cfa,1,0x07,6,07 21 03 00 00 03
hci_snoop_2025_11_26_15_00_04.cfa,1,0x07,6,07 21 06 00 00 03
hci_snoop_2025_11_26_15_00_04.cfa,1,0x07,6,07 22 02 00 00 03
hci_snoop_2025_11_26_15_00_04.cfa,1,0x07,6,07 22 05 00 00 03
hci_snoop_2025_11_26_15_00_04.cfa,1,0x07,6,07 23 01 00 00 03
hci_snoop_2025_11_26_15_00_04.cfa,1,0x07,6,07 23 04 00 00 03
hci_snoop_2025_11_26_15_00_04.cfa,1,0x07,6,07 24 00 00 00 03
hci_snoop_2025_11_26_15_00_04.cfa,1,0x07,6,07 24 03 00 00 03
hci_snoop_2025_11_26_15_00_04.cfa,1,0x07,6,07 24 06 00 00 03
hci_snoop_2025_11_26_15_00_04.cfa,1,0x07,6,07 25 02 00 00 03
hci_snoop_2025_11_26_15_00_04.cfa,1,0x07,6,07 25 05 00 00 03
hci_snoop_2025_11_26_15_00_04.cfa,1,0x07,6,07 26 01 00 00 03
hci_snoop_2025_11_26_15_00_04.cfa,1,0x07,6,07 26 04 00 00 03
hci_snoop_2025_11_26_15_00_04.cfa,1,0x07,6,07 27 00 00 00 03
hci_snoop_2025_11_26_15_00_04.cfa,1,0x07,6,07 27 03 00 00 03
hci_snoop_2025_11_26_15_00_04.cfa,1,0x07,6,07 27 06 00 00 03
hci_snoop_2025_11_26_15_00_04.cfa,1,0x07,6,07 28 02 00 00 03
hci_snoop_2025_11_26_15_00_04.cfa,1,0x07,6,07 28 05 00 00 03
hci_snoop_2025_11_26_15_00_04.cfa,1,0x07,6,07 29 01 00 00 03
hci_snoop_2025_11_26_15_00_04.cfa,1,0x07,6,07 29 04 00 00 03
hci_snoop_2025_11_26_15_00_04.cfa,1,0x07,6,07 2A 00 00 00 03
hci_snoop_2025_11_26_15_00_04.cfa,1,0x07,6,07 2A 03 00 00 03
hci_snoop_2025_11_26_15_00_04.cfa,1,0x07,6,07 2A 06 00 00 03
hci_snoop_2025_11_26_15_00_04.cfa,1,0x07,6,07 2B 02 00 00 03
hci_snoop_2025_11_26_15_00_04.cfa,1,0x07,6,07 2B 05 00 00 03
hci_snoop_2025_11_26_15_00_04.cfa,1,0x07,6,07 2C 01 00 00 03
hci_snoop_2025_11_26_15_00_04.cfa,1,0x07,6,07 2C 04 00 00 03
hci_snoop_2025_11_26_15_00_04.cfa,1,0x07,6,07 2D 00 00 00 03
hci_snoop_2025_11_26_15_00_04.cfa,1,0x07,6,07 2D 03 00 00 03
hci_snoop_2025_11_26_15_00_04.cfa,1,0x07,6,07 2D 06 00 00 03
hci_snoop_2025_11_26_15_00_04.cfa,1,0x07,6,07 2E 02 00 00 03
hci_snoop_2025_11_26_15_00_04.cfa,1,0x07,6,07 2E 05 00 00 03
hci_snoop_2025_11_26_15_00_04.cfa,1,0x07,6,07 2F 01 00 00 03
hci_snoop_2025_11_26_15_00_04.cfa,1,0x07,6,07 2F 04 00 00 03
hci_snoop_2025_11_26_15_00_04.cfa,1,0x07,6,07 30 00 00 00 03
hci_snoop_2025_11_26_15_00_04.cfa,1,0x07,6,07 30 03 00 00 03
hci_snoop_2025_11_26_15_00_04.cfa,1,0x07,6,07 31 02 00 00 03
hci_snoop_2025_11_26_15_00_04.cfa,1,0x07,6,07 31 05 00 00 03
hci_snoop_2025_11_26_15_00_04.cfa,1,0x07,6,07 32 01 00 00 03
hci_snoop_2025_11_26_15_00_04.cfa,1,0x07,6,07 32 04 00 00 03
hci_snoop_2025_11_26_15_00_04.cfa,1,0x07,6,07 33 00 00 00 03
hci_snoop_2025_11_26_15_00_04.cfa,1,0x07,6,07 33 03 00 00 03
hci_snoop_2025_11_26_15_00_04.cfa,1,0x07,6,07 34 02 00 00 03
hci_snoop_2025_11_26_15_00_04.cfa,1,0x07,6,07 34 05 00 00 03
hci_snoop_2025_11_26_15_00_04.cfa,1,0x07,6,07 35 01 00 00 03
hci_snoop_2025_11_26_15_00_04.cfa,1,0x07,6,07 35 04 00 00 03
hci_snoop_2025_11_26_15_00_04.cfa,1,0x07,6,07 36 00 00 00 03
hci_snoop_2025_11_26_15_00_04.cfa,1,0x07,6,07 36 03 00 00 03
hci_snoop_2025_11_26_15_00_04.cfa,1,0x07,6,07 37 02 00 00 03
hci_snoop_2025_11_26_15_00_04.cfa,1,0x07,6,07 37 05 00 00 03
hci_snoop_2025_11_26_15_00_04.cfa,1,0x07,6,07 38 01 00 00 03
hci_snoop_2025_11_26_15_00_04.cfa,1,0x07,6,07 38 04 00 00 03
hci_snoop_2025_11_26_15_00_04.cfa,1,0x07,6,07 39 00 00 00 03
hci_snoop_2025_11_26_15_00_04.cfa,1,0x07,6,07 39 03 00 00 03
hci_snoop_2025_11_26_15_00_04.cfa,1,0x07,6,07 3A 02 00 00 03
hci_snoop_2025_11_26_15_00_04.cfa,1,0x07,6,07 3A 05 00 00 03
hci_snoop_2025_11_26_15_00_04.cfa,1,0x07,6,07 3B 01 00 00 03
hci_snoop_2025_11_26_15_00_04.cfa,1,0x07,6,07 3B 04 00 00 03
hci_snoop_2025_11_26_15_00_04.cfa,1,0x07,6,07 3C 00 00 00 03
hci_snoop_2025_11_26_15_00_04.cfa,1,0x07,6,07 3C 03 00 00 03
hci_snoop_2025_11_26_15_00_04.cfa,1,0x07,6,07 3D 02 00 00 03
hci_snoop_2025_11_26_15_00_04.cfa,1,0x07,6,07 3D 05 00 00 03
hci_snoop_2025_11_26_15_00_04.cfa,1,0x07,6,07 3E 01 00 00 03
hci_snoop_2025_11_26_15_00_04.cfa,1,0x07,6,07 3E 04 00 00 03
hci_snoop_2025_11_26_15_00_04.cfa,1,0x07,6,07 3F 00 00 00 03
hci_snoop_2025_11_26_15_00_04.cfa,1,0x07,6,07 3F 03 00 00 03
hci_snoop_2025_11_26_15_00_04.cfa,1,0x07,6,07 40 02 00 00 03
hci_snoop_2025_11_26_15_00_04.cfa,1,0x07,6,07 40 05 00 00 03
hci_snoop_2025_11_26_15_00_04.cfa,1,0x07,6,07 41 01 00 00 03
hci_snoop_2025_11_26_15_00_04.cfa,1,0x07,6,07 41 04 00 00 03
hci_snoop_2025_11_26_15_00_04.cfa,1,0x07,6,07 42 00 00 00 03
hci_snoop_2025_11_26_15_00_04.cfa,1,0x07,6,07 42 03 00 00 03
hci_snoop_2025_11_26_15_00_04.cfa,1,0x07,6,07 43 02 00 00 03
hci_snoop_2025_11_26_15_00_04.cfa,1,0x07,6,07 43 05 00 00 03
hci_snoop_2025_11_26_15_00_04.cfa,1,0x07,6,07 44 01 00 00 03
hci_snoop_2025_11_26_15_00_04.cfa,1,0x07,6,07 44 04 00 00 03
hci_snoop_2025_11_26_15_00_04.cfa,1,0x07,6,07 45 00 00 00 03
hci_snoop_2025_11_26_15_00_04.cfa,1,0x07,6,07 45 03 00 00 03
hci_snoop_2025_11_26_15_00_04.cfa,1,0x07,6,07 46 02 00 00 03
hci_snoop_2025_11_26_15_00_04.cfa,1,0x07,6,07 46 05 00 00 03
hci_snoop_2025_11_26_15_00_04.cfa,1,0x07,6,07 47 01 00 00 03
hci_snoop_2025_11_26_15_00_04.cfa,1,0x07,6,07 47 04 00 00 03
hci_snoop_2025_11_26_15_00_04.cfa,1,0x07,6,07 48 00 00 00 03
hci_snoop_2025_11_26_15_00_04.cfa,1,0x07,6,07 48 03 00 00 03
hci_snoop_2025_11_26_15_00_04.cfa,1,0x07,6,07 49 02 00 00 03
hci_snoop_2025_11_26_15_00_04.cfa,1,0x07,6,07 49 05 00 00 03
hci_snoop_2025_11_26_15_00_04.cfa,1,0x07,6,07 4A 01 00 00 03
hci_snoop_2025_11_26_15_00_04.cfa,1,0x07,6,07 4A 04 00 00 03
hci_snoop_2025_11_26_15_00_04.cfa,1,0x07,6,07 4B 00 00 00 03
hci_snoop_2025_11_26_15_00_04.cfa,1,0x07,6,07 4B 03 00 00 03
hci_snoop_2025_11_26_15_00_04.cfa,1,0x07,6,07 4C 02 00 00 03
hci_snoop_2025_11_26_15_00_04.cfa,1,0x07,6,07 4C 05 00 00 03
hci_snoop_2025_11_26_15_00_04.cfa,1,0x07,6,07 4D 01 00 00 03
hci_snoop_2025_11_26_15_00_04.cfa,1,0x07,6,07 4D 04 00 00 03
hci_snoop_2025_11_26_15_00_04.cfa,1,0x07,6,07 4E 00 00 00 03
hci_snoop_2025_11_26_15_00_04.cfa,1,0x07,6,07 4E 03 00 00 03
hci_snoop_2025_11_26_15_00_04.cfa,1,0x07,6,07 4F 02 00 00 03
hci_snoop_2025_11_26_15_00_04.cfa,1,0x07,6,07 4F 05 00 00 03
hci_snoop_2025_11_26_15_00_04.cfa,1,0x07,6,07 50 01 00 00 03
hci_snoop_2025_11_26_15_00_04.cfa,1,0x07,6,07 50 04 00 00 03
hci_snoop_2025_11_26_15_00_04.cfa,1,0x07,6,07 51 00 00 00 03
hci_snoop_2025_11_26_15_00_04.cfa,1,0x07,6,07 51 03 00 00 03
hci_snoop_2025_11_26_15_00_04.cfa,1,0x07,6,07 52 02 00 00 03
hci_snoop_2025_11_26_15_00_04.cfa,1,0x07,6,07 52 05 00 00 03
hci_snoop_2025_11_26_15_00_04.cfa,1,0x07,6,07 53 01 00 00 03
hci_snoop_2025_11_26_15_00_04.cfa,1,0x07,6,07 53 04 00 00 03
hci_snoop_2025_11_26_15_00_04.cfa,1,0x07,6,07 54 00 00 00 03
hci_snoop_2025_11_26_15_00_04.cfa,1,0x07,6,07 54 03 00 00 03
hci_snoop_2025_11_26_15_00_04.cfa,1,0x07,6,07 55 02 00 00 03
hci_snoop_2025_11_26_15_00_04.cfa,1,0x07,6,07 55 05 00 00 03
hci_snoop_2025_11_26_15_00_04.cfa,1,0x07,6,07 56 01 00 00 03
hci_snoop_2025_11_26_15_00_04.cfa,1,0x07,6,07 56 04 00 00 03
hci_snoop_2025_11_26_15_00_04.cfa,1,0x07,6,07 57 00 00 00 03
hci_snoop_2025_11_26_15_00_04.cfa,1,0x07,6,07 57 03 00 00 03
hci_snoop_2025_11_26_15_00_04.cfa,1,0x07,6,07 58 02 00 00 03
hci_snoop_2025_11_26_15_00_04.cfa,1,0x07,6,07 58 05 00 00 03
hci_snoop_2025_11_26_15_00_04.cfa,1,0x07,6,07 59 01 00 00 03
hci_snoop_2025_11_26_15_00_04.cfa,1,0x07,6,07 59 04 00 00 03
hci_snoop_2025_11_26_15_00_04.cfa,1,0x07,6,07 5A 00 00 00 03
hci_snoop_2025_11_26_15_00_04.cfa,1,0x07,6,07 5A 03 00 00 03
hci_snoop_2025_11_26_15_00_04.cfa,1,0x07,6,07 5B 02 00 00 03
hci_snoop_2025_11_26_15_00_04.cfa,1,0x07,6,07 5B 05 00 00 03
hci_snoop_2025_11_26_15_00_04.cfa,1,0x07,6,07 5C 01 00 00 03
hci_snoop_2025_11_26_15_00_04.cfa,1,0x07,6,07 5C 04 00 00 03
hci_snoop_2025_11_26_15_00_04.cfa,1,0x07,6,07 5D 00 00 00 03
hci_snoop_2025_11_26_15_00_04.cfa,1,0x07,6,07 5D 03 00 00 03
hci_snoop_2025_11_26_15_00_04.cfa,1,0x07,6,07 5E 02 00 00 03
hci_snoop_2025_11_26_15_00_04.cfa,1,0x07,6,07 5E 05 00 00 03
hci_snoop_2025_11_26_15_00_04.cfa,1,0x07,6,07 5F 01 00 00 03
hci_snoop_2025_11_26_15_00_04.cfa,1,0x07,6,07 5F 04 00 00 03
hci_snoop_2025_11_26_15_00_04.cfa,1,0x07,6,07 60 00 00 00 03
hci_snoop_2025_11_26_15_00_04.cfa,1,0x07,6,07 60 03 00 00 03
hci_snoop_2025_11_26_15_00_04.cfa,1,0x07,6,07 61 02 00 00 03
hci_snoop_2025_11_26_15_00_04.cfa,1,0x07,6,07 61 05 00 00 03
hci_snoop_2025_11_26_15_00_04.cfa,1,0x07,6,07 62 01 00 00 03
hci_snoop_2025_11_26_15_00_04.cfa,1,0x07,6,07 62 04 00 00 03
hci_snoop_2025_11_26_15_00_04.cfa,1,0x07,6,07 63 00 00 00 03
hci_snoop_2025_11_26_15_00_04.cfa,1,0x07,6,07 63 03 00 00 03
hci_snoop_2025_11_26_15_00_04.cfa,1,0x07,6,07 64 02 00 00 03
hci_snoop_2025_11_26_15_00_04.cfa,1,0x07,6,07 64 05 00 00 03
hci_snoop_2025_11_26_15_00_04.cfa,1,0x07,6,07 65 01 00 00 03
hci_snoop_2025_11_26_15_00_04.cfa,1,0x07,6,07 65 04 00 00 03
hci_snoop_2025_11_26_15_00_04.cfa,1,0x07,6,07 66 00 00 00 03
hci_snoop_2025_11_26_15_00_04.cfa,1,0x07,6,07 66 03 00 00 03
hci_snoop_2025_11_26_15_00_04.cfa,1,0x07,6,07 67 02 00 00 03
hci_snoop_2025_11_26_15_00_04.cfa,1,0x07,6,07 67 05 00 00 03
hci_snoop_2025_11_26_15_00_04.cfa,1,0x07,6,07 68 01 00 00 03
hci_snoop_2025_11_26_15_00_04.cfa,1,0x07,6,07 68 04 00 00 03
hci_snoop_2025_11_26_15_00_04.cfa,1,0x07,6,07 69 00 00 00 03
hci_snoop_2025_11_26_15_00_04.cfa,1,0x07,6,07 69 03 00 00 03
hci_snoop_2025_11_26_15_00_04.cfa,1,0x07,6,07 6A 02 00 00 03
hci_snoop_2025_11_26_15_00_04.cfa,1,0x07,6,07 6A 05 00 00 03
hci_snoop_2025_11_26_15_00_04.cfa,1,0x07,6,07 6B 01 00 00 03
hci_snoop_2025_11_26_15_00_04.cfa,1,0x07,6,07 6B 04 00 00 03
hci_snoop_2025_11_26_15_00_04.cfa,1,0x07,6,07 6C 00 00 00 03
hci_snoop_2025_11_26_15_00_04.cfa,1,0x07,6,07 6C 03 00 00 03
hci_snoop_2025_11_26_15_00_04.cfa,1,0x07,6,07 6D 02 00 00 03
hci_snoop_2025_11_26_15_00_04.cfa,1,0x07,6,07 6D 05 00 00 03
hci_snoop_2025_11_26_15_00_04.cfa,1,0x07,6,07 6E 01 00 00 03
hci_snoop_2025_11_26_15_00_04.cfa,1,0x07,6,07 6E 04 00 00 03
hci_snoop_2025_11_26_15_00_04.cfa,1,0x07,6,07 6F 00 00 00 03
hci_snoop_2025_11_26_15_00_04.cfa,1,0x07,6,07 6F 03 00 00 03
hci_snoop_2025_11_26_15_00_04.cfa,1,0x07,6,07 70 02 00 00 03
hci_snoop_2025_11_26_15_00_04.cfa,1,0x07,6,07 70 05 00 00 03
hci_snoop_2025_11_26_15_00_04.cfa,1,0x07,6,07 71 01 00 00 03
hci_snoop_2025_11_26_15_00_04.cfa,1,0x07,6,07 71 04 00 00 03
hci_snoop_2025_11_26_15_00_04.cfa,1,0x07,6,07 72 00 00 00 03
hci_snoop_2025_11_26_15_00_04.cfa,1,0x07,6,07 72 03 00 00 03
hci_snoop_2025_11_26_15_00_04.cfa,1,0x07,6,07 73 02 00 00 03
hci_snoop_2025_11_26_15_00_04.cfa,1,0x07,6,07 73 05 00 00 03
hci_snoop_2025_11_26_15_00_04.cfa,1,0x07,6,07 74 01 00 00 03
hci_snoop_2025_11_26_15_00_04.cfa,1,0x07,6,07 74 04 00 00 03
hci_snoop_2025_11_26_15_00_04.cfa,1,0x07,6,07 75 00 00 00 03
hci_snoop_2025_11_26_15_00_04.cfa,1,0x07,6,07 75 03 00 00 03
hci_snoop_2025_11_26_15_00_04.cfa,1,0x07,6,07 76 02 00 00 03
hci_snoop_2025_11_26_15_00_04.cfa,1,0x07,6,07 76 05 00 00 03
hci_snoop_2025_11_26_15_00_04.cfa,1,0x07,6,07 77 01 00 00 03
hci_snoop_2025_11_26_15_00_04.cfa,1,0x07,6,07 77 04 00 00 03
hci_snoop_2025_11_26_15_00_04.cfa,1,0x07,6,07 78 00 00 00 03
hci_snoop_2025_11_26_15_00_04.cfa,1,0x07,6,07 78 03 00 00 03
hci_snoop_2025_11_26_15_00_04.cfa,1,0x07,6,07 79 02 00 00 03
hci_snoop_2025_11_26_15_00_04.cfa,1,0x07,6,07 79 05 00 00 03
hci_snoop_2025_11_26_15_00_04.cfa,1,0x07,6,07 7A 01 00 00 03
hci_snoop_2025_11_26_15_00_04.cfa,1,0x07,6,07 7A 04 00 00 03
hci_snoop_2025_11_26_15_00_04.cfa,1,0x07,6,07 7B 00 00 00 03
hci_snoop_2025_11_26_15_00_04.cfa,1,0x07,6,07 7B 03 00 00 03
hci_snoop_2025_11_26_15_00_04.cfa,1,0x07,6,07 7C 02 00 00 03
hci_snoop_2025_11_26_15_00_04.cfa,1,0x07,6,07 7C 05 00 00 03
hci_snoop_2025_11_26_15_00_04.cfa,1,0x07,6,07 7D 01 00 00 03
hci_snoop_2025_11_26_15_00_04.cfa,1,0x07,6,07 7D 04 00 00 03
hci_snoop_2025_11_26_15_00_04.cfa,1,0x07,6,07 7E 00 00 00 03
hci_snoop_2025_11_26_15_00_04.cfa,1,0x07,6,07 7E 03 00 00 03
hci_snoop_2025_11_26_15_00_04.cfa,1,0x07,6,07 7F 02 00 00 03
hci_snoop_2025_11_26_15_00_04.cfa,1,0x07,6,07 7F 05 00 00 03
hci_snoop_2025_11_26_15_00_04.cfa,1,0x07,6,07 80 01 00 00 03
hci_snoop_2025_11_26_15_00_04.cfa,1,0x07,6,07 80 04 00 00 03
hci_snoop_2025_11_26_15_00_04.cfa,1,0x07,6,07 81 00 00 00 03
hci_snoop_2025_11_26_15_00_04.cfa,1,0x07,6,07 81 03 00 00 03
hci_snoop_2025_11_26_15_00_04.cfa,1,0x07,6,07 82 02 00 00 03
hci_snoop_2025_11_26_15_00_04.cfa,1,0x07,6,07 82 05 00 00 03
hci_snoop_2025_11_26_15_00_04.cfa,1,0x07,6,07 83 01 00 00 03
hci_snoop_2025_11_26_15_00_04.cfa,1,0x07,6,07 83 04 00 00 03
hci_snoop_2025_11_26_15_00_04.cfa,1,0x07,6,07 84 00 00 00 03
hci_snoop_2025_11_26_15_00_04.cfa,1,0x07,6,07 84 03 00 00 03
hci_snoop_2025_11_26_15_00_04.cfa,1,0x07,6,07 85 02 00 00 03
hci_snoop_2025_11_26_15_00_04.cfa,1,0x07,6,07 85 05 00 00 03
hci_snoop_2025_11_26_15_00_04.cfa,1,0x07,6,07 86 01 00 00 03
hci_snoop_2025_11_26_15_00_04.cfa,1,0x07,6,07 86 04 00 00 03
hci_snoop_2025_11_26_15_00_04.cfa,1,0x07,6,07 87 00 00 00 03
hci_snoop_2025_11_26_15_00_04.cfa,1,0x07,6,07 87 03 00 00 03
hci_snoop_2025_11_26_15_00_04.cfa,1,0x07,6,07 88 02 00 00 03
hci_snoop_2025_11_26_15_00_04.cfa,1,0x07,6,07 88 05 00 00 03
hci_snoop_2025_11_26_15_00_04.cfa,1,0x07,6,07 89 01 00 00 03
hci_snoop_2025_11_26_15_00_04.cfa,1,0x07,6,07 89 04 00 00 03
hci_snoop_2025_11_26_15_00_04.cfa,1,0x07,6,07 8A 00 00 00 03
hci_snoop_2025_11_26_15_00_04.cfa,1,0x07,6,07 8A 03 00 00 03
hci_snoop_2025_11_26_15_00_04.cfa,1,0x07,6,07 8B 02 00 00 03
hci_snoop_2025_11_26_15_00_04.cfa,1,0x07,6,07 8B 05 00 00 03
hci_snoop_2025_11_26_15_00_04.cfa,1,0x07,6,07 8C 01 00 00 03
hci_snoop_2025_11_26_15_00_04.cfa,1,0x07,6,07 8C 04 00 00 03
hci_snoop_2025_11_26_15_00_04.cfa,1,0x07,6,07 8D 00 00 00 03
hci_snoop_2025_11_26_15_00_04.cfa,1,0x07,6,07 8D 03 00 00 03
hci_snoop_2025_11_26_15_00_04.cfa,1,0x07,6,07 8E 02 00 00 03
hci_snoop_2025_11_26_15_00_04.cfa,1,0x07,6,07 8E 05 00 00 03
hci_snoop_2025_11_26_15_00_04.cfa,1,0x07,6,07 8F 01 00 00 03
hci_snoop_2025_11_26_15_00_04.cfa,1,0x07,6,07 8F 04 00 00 03
hci_snoop_2025_11_26_15_00_04.cfa,1,0x07,6,07 90 00 00 00 03
hci_snoop_2025_11_26_15_00_04.cfa,1,0x07,6,07 90 03 00 00 03
hci_snoop_2025_11_26_15_00_04.cfa,1,0x07,6,07 91 02 00 00 03
hci_snoop_2025_11_26_15_00_04.cfa,1,0x07,6,07 91 05 00 00 03
hci_snoop_2025_11_26_15_00_04.cfa,1,0x07,6,07 92 01 00 00 03
hci_snoop_2025_11_26_15_00_04.cfa,1,0x07,6,07 92 04 00 00 03
hci_snoop_2025_11_26_15_00_04.cfa,1,0x07,6,07 93 00 00 00 03
hci_snoop_2025_11_26_15_00_04.cfa,1,0x07,6,07 93 03 00 00 03
hci_snoop_2025_11_26_15_00_04.cfa,1,0x07,6,07 94 02 00 00 03
hci_snoop_2025_11_26_15_00_04.cfa,1,0x07,6,07 94 05 00 00 03
hci_snoop_2025_11_26_15_00_04.cfa,1,0x07,6,07 95 01 00 00 03
hci_snoop_2025_11_26_15_00_04.cfa,1,0x07,6,07 95 04 00 00 03
hci_snoop_2025_11_26_15_00_04.cfa,1,0x07,6,07 96 00 00 00 03
hci_snoop_2025_11_26_15_00_04.cfa,1,0x07,6,07 96 03 00 00 03
hci_snoop_2025_11_26_15_00_04.cfa,1,0x07,6,07 97 02 00 00 03
hci_snoop_2025_11_26_15_00_04.cfa,1,0x07,6,07 97 05 00 00 03
hci_snoop_2025_11_26_15_00_04.cfa,1,0x07,6,07 98 01 00 00 03
hci_snoop_2025_11_26_15_00_04.cfa,1,0x07,6,07 98 04 00 00 03
hci_snoop_2025_11_26_15_00_04.cfa,1,0x07,6,07 99 00 00 00 03
hci_snoop_2025_11_26_15_00_04.cfa,1,0x07,6,07 99 03 00 00 03
hci_snoop_2025_11_26_15_00_04.cfa,1,0x07,6,07 9A 02 00 00 03
hci_snoop_2025_11_26_15_00_04.cfa,1,0x07,6,07 9A 05 00 00 03
hci_snoop_2025_11_26_15_00_04.cfa,1,0x07,6,07 9B 01 00 00 03
hci_snoop_2025_11_26_15_00_04.cfa,1,0x07,6,07 9B 04 00 00 03
hci_snoop_2025_11_26_15_00_04.cfa,1,0x07,6,07 9C 00 00 00 03
hci_snoop_2025_11_26_15_00_04.cfa,1,0x07,6,07 9C 03 00 00 03
hci_snoop_2025_11_26_15_00_04.cfa,1,0x07,6,07 9D 02 00 00 03
hci_snoop_2025_11_26_15_00_04.cfa,1,0x07,6,07 9D 05 00 00 03
hci_snoop_2025_11_26_15_00_04.cfa,1,0x07,6,07 9E 01 00 00 03
hci_snoop_2025_11_26_15_00_04.cfa,1,0x07,6,07 9E 04 00 00 03
hci_snoop_2025_11_26_15_00_04.cfa,1,0x07,6,07 9F 00 00 00 03
hci_snoop_2025_11_26_15_00_04.cfa,1,0x07,6,07 9F 03 00 00 03
hci_snoop_2025_11_26_15_00_04.cfa,1,0x07,6,07 A0 02 00 00 03
hci_snoop_2025_11_26_15_00_04.cfa,1,0x07,6,07 A0 05 00 00 03
hci_snoop_2025_11_26_15_00_04.cfa,1,0x07,6,07 A1 01 00 00 03
hci_snoop_2025_11_26_15_00_04.cfa,1,0x07,6,07 A1 04 00 00 03
hci_snoop_2025_11_26_15_00_04.cfa,1,0x07,6,07 A2 00 00 00 03
hci_snoop_2025_11_26_15_00_04.cfa,1,0x07,6,07 A2 03 00 00 03
hci_snoop_2025_11_26_15_00_04.cfa,1,0x07,6,07 A3 02 00 00 03
hci_snoop_2025_11_26_15_00_04.cfa,1,0x07,6,07 A3 05 00 00 03
hci_snoop_2025_11_26_15_00_04.cfa,1,0x07,6,07 A4 01 00 00 03
hci_snoop_2025_11_26_15_00_04.cfa,1,0x07,6,07 A4 04 00 00 03
hci_snoop_2025_11_26_15_00_04.cfa,1,0x07,6,07 A5 00 00 00 03
hci_snoop_2025_11_26_15_00_04.cfa,1,0x07,6,07 A5 03 00 00 03
hci_snoop_2025_11_26_15_00_04.cfa,1,0x07,6,07 A6 02 00 00 03
hci_snoop_2025_11_26_15_00_04.cfa,1,0x07,6,07 A6 05 00 00 03
hci_snoop_2025_11_26_15_00_04.cfa,1,0x07,6,07 A7 01 00 00 03
hci_snoop_2025_11_26_15_00_04.cfa,1,0x07,6,07 A7 04 00 00 03
hci_snoop_2025_11_26_15_00_04.cfa,1,0x07,6,07 A8 00 00 00 03
hci_snoop_2025_11_26_15_00_04.cfa,1,0x07,6,07 A8 03 00 00 03
hci_snoop_2025_11_26_15_00_04.cfa,1,0x07,6,07 A9 02 00 00 03
hci_snoop_2025_11_26_15_00_04.cfa,1,0x07,6,07 A9 05 00 00 03
hci_snoop_2025_11_26_15_00_04.cfa,1,0x07,6,07 AA 01 00 00 03
hci_snoop_2025_11_26_15_00_04.cfa,1,0x07,6,07 AA 04 00 00 03
hci_snoop_2025_11_26_15_00_04.cfa,1,0x07,6,07 AB 00 00 00 03
hci_snoop_2025_11_26_15_00_04.cfa,1,0x07,6,07 AB 03 00 00 03
hci_snoop_2025_11_26_15_00_04.cfa,1,0x07,6,07 AC 02 00 00 03
hci_snoop_2025_11_26_15_00_04.cfa,1,0x07,6,07 AC 05 00 00 03
hci_snoop_2025_11_26_15_00_04.cfa,1,0x07,6,07 AD 01 00 00 03
hci_snoop_2025_11_26_15_00_04.cfa,1,0x07,6,07 AD 04 00 00 03
hci_snoop_2025_11_26_15_00_04.cfa,1,0x07,6,07 AE 00 00 00 03
hci_snoop_2025_11_26_15_00_04.cfa,1,0x07,6,07 AE 03 00 00 03
hci_snoop_2025_11_26_15_00_04.cfa,1,0x07,6,07 AF 02 00 00 03
hci_snoop_2025_11_26_15_00_04.cfa,1,0x07,6,07 AF 05 00 00 03
hci_snoop_2025_11_26_15_00_04.cfa,1,0x07,6,07 B0 01 00 00 03
hci_snoop_2025_11_26_15_00_04.cfa,1,0x07,6,07 B0 04 00 00 03
hci_snoop_2025_11_26_15_00_04.cfa,1,0x07,6,07 B1 00 00 00 03
hci_snoop_2025_11_26_15_00_04.cfa,1,0x07,6,07 B1 03 00 00 03
hci_snoop_2025_11_26_15_00_04.cfa,1,0x07,6,07 B2 02 00 00 03
hci_snoop_2025_11_26_15_00_04.cfa,1,0x07,6,07 B2 05 00 00 03
hci_snoop_2025_11_26_15_00_04.cfa,1,0x07,6,07 B3 01 00 00 03
hci_snoop_2025_11_26_15_00_04.cfa,1,0x07,6,07 B3 04 00 00 03
hci_snoop_2025_11_26_15_00_04.cfa,1,0x07,6,07 B4 00 00 00 03
hci_snoop_2025_11_26_15_00_04.cfa,1,0x07,6,07 B4 03 00 00 03
hci_snoop_2025_11_26_15_00_04.cfa,1,0x07,6,07 B5 02 00 00 03
hci_snoop_2025_11_26_15_00_04.cfa,1,0x07,6,07 B5 05 00 00 03
hci_snoop_2025_11_26_15_00_04.cfa,1,0x07,6,07 B6 01 00 00 03
hci_snoop_2025_11_26_15_00_04.cfa,1,0x07,6,07 B6 04 00 00 03
hci_snoop_2025_11_26_15_00_04.cfa,1,0x07,6,07 B7 00 00 00 03
hci_snoop_2025_11_26_15_00_04.cfa,1,0x07,6,07 B7 03 00 00 03
hci_snoop_2025_11_26_15_00_04.cfa,1,0x07,6,07 B8 02 00 00 03
hci_snoop_2025_11_26_15_00_04.cfa,1,0x07,6,07 B8 05 00 00 03
hci_snoop_2025_11_26_15_00_04.cfa,1,0x07,6,07 B9 01 00 00 03
hci_snoop_2025_11_26_15_00_04.cfa,1,0x07,6,07 B9 04 00 00 03
hci_snoop_2025_11_26_15_00_04.cfa,1,0x07,6,07 BA 00 00 00 03
hci_snoop_2025_11_26_15_00_04.cfa,1,0x07,6,07 BA 03 00 00 03
hci_snoop_2025_11_26_15_00_04.cfa,1,0x07,6,07 BB 02 00 00 03
hci_snoop_2025_11_26_15_00_04.cfa,1,0x07,6,07 BB 05 00 00 03
hci_snoop_2025_11_26_15_00_04.cfa,1,0x07,6,07 BC 01 00 00 03
hci_snoop_2025_11_26_15_00_04.cfa,1,0x07,6,07 BC 04 00 00 03
hci_snoop_2025_11_26_15_00_04.cfa,1,0x07,6,07 BD 00 00 00 03
hci_snoop_2025_11_26_15_00_04.cfa,1,0x07,6,07 BD 03 00 00 03
hci_snoop_2025_11_26_15_00_04.cfa,1,0x07,6,07 BE 02 00 00 03
hci_snoop_2025_11_26_15_00_04.cfa,1,0x07,6,07 BE 05 00 00 03
hci_snoop_2025_11_26_15_00_04.cfa,1,0x07,6,07 BF 01 00 00 03
hci_snoop_2025_11_26_15_00_04.cfa,1,0x07,6,07 BF 04 00 00 03
hci_snoop_2025_11_26_15_00_04.cfa,1,0x07,6,07 C0 00 00 00 03
hci_snoop_2025_11_26_15_00_04.cfa,1,0x07,6,07 C0 03 00 00 03
hci_snoop_2025_11_26_15_00_04.cfa,1,0x07,6,07 C1 02 00 00 03
hci_snoop_2025_11_26_15_00_04.cfa,1,0x07,6,07 C1 05 00 00 03
hci_snoop_2025_11_26_15_00_04.cfa,1,0x07,6,07 C2 01 00 00 03
hci_snoop_2025_11_26_15_00_04.cfa,1,0x07,6,07 C2 04 00 00 03
hci_snoop_2025_11_26_15_00_04.cfa,1,0x07,6,07 C3 00 00 00 03
hci_snoop_2025_11_26_15_00_04.cfa,1,0x07,6,07 C3 03 00 00 03
hci_snoop_2025_11_26_15_00_04.cfa,1,0x07,6,07 C4 02 00 00 03
hci_snoop_2025_11_26_15_00_04.cfa,1,0x07,6,07 C4 05 00 00 03
hci_snoop_2025_11_26_15_00_04.cfa,1,0x07,6,07 C5 01 00 00 03
hci_snoop_2025_11_26_15_00_04.cfa,1,0x07,6,07 C5 04 00 00 03
hci_snoop_2025_11_26_15_00_04.cfa,1,0x07,6,07 C6 00 00 00 03
hci_snoop_2025_11_26_15_00_04.cfa,1,0x07,6,07 C6 03 00 00 03
hci_snoop_2025_11_26_15_00_04.cfa,1,0x07,6,07 C7 02 00 00 03
hci_snoop_2025_11_26_15_00_04.cfa,1,0x07,6,07 C7 05 00 00 03
hci_snoop_2025_11_26_15_00_04.cfa,1,0x07,6,07 C8 01 00 00 03
hci_snoop_2025_11_26_15_00_04.cfa,1,0x07,6,07 C8 04 00 00 03
hci_snoop_2025_11_26_15_00_04.cfa,1,0x07,6,07 C9 00 00 00 03
hci_snoop_2025_11_26_15_00_04.cfa,1,0x07,6,07 C9 03 00 00 03
hci_snoop_2025_11_26_15_00_04.cfa,1,0x07,6,07 CA 02 00 00 03
hci_snoop_2025_11_26_15_00_04.cfa,1,0x07,6,07 CA 05 00 00 03
hci_snoop_2025_11_26_15_00_04.cfa,1,0x07,6,07 CB 01 00 00 03
hci_snoop_2025_11_26_15_00_04.cfa,1,0x07,6,07 CB 04 00 00 03
hci_snoop_2025_11_26_15_00_04.cfa,1,0x07,6,07 CC 00 00 00 03
hci_snoop_2025_11_26_15_00_04.cfa,1,0x07,6,07 CC 03 00 00 03
hci_snoop_2025_11_26_15_00_04.cfa,1,0x07,6,07 CD 02 00 00 03
hci_snoop_2025_11_26_15_00_04.cfa,1,0x07,6,07 CD 05 00 00 03
hci_snoop_2025_11_26_15_00_04.cfa,1,0x07,6,07 CE 01 00 00 03
hci_snoop_2025_11_26_15_00_04.cfa,1,0x07,6,07 CE 04 00 00 03
hci_snoop_2025_11_26_15_00_04.cfa,1,0x07,6,07 CF 00 00 00 03
hci_snoop_2025_11_26_15_00_04.cfa,1,0x07,6,07 CF 03 00 00 03
hci_snoop_2025_11_26_15_00_04.cfa,1,0x07,6,07 D0 02 00 00 03
hci_snoop_2025_11_26_15_00_04.cfa,1,0x07,6,07 D0 05 00 00 03
hci_snoop_2025_11_26_15_00_04.cfa,1,0x07,6,07 D1 01 00 00 03
hci_snoop_2025_11_26_15_00_04.cfa,1,0x07,6,07 D1 04 00 00 03
hci_snoop_2025_11_26_15_00_04.cfa,1,0x07,6,07 D2 00 00 00 03
hci_snoop_2025_11_26_15_00_04.cfa,1,0x07,6,07 D2 03 00 00 03
hci_snoop_2025_11_26_15_00_04.cfa,1,0x07,6,07 D3 02 00 00 03
hci_snoop_2025_11_26_15_00_04.cfa,1,0x07,6,07 D3 05 00 00 03
hci_snoop_2025_11_26_15_00_04.cfa,1,0x07,6,07 D4 01 00 00 03
hci_snoop_2025_11_26_15_00_04.cfa,1,0x07,6,07 D4 04 00 00 03
hci_snoop_2025_11_26_15_00_04.cfa,1,0x07,6,07 D5 00 00 00 03
hci_snoop_2025_11_26_15_00_04.cfa,1,0x07,6,07 D5 03 00 00 03
hci_snoop_2025_11_26_15_00_04.cfa,1,0x07,6,07 D6 02 00 00 03
hci_snoop_2025_11_26_15_00_04.cfa,1,0x07,6,07 D6 05 00 00 03
hci_snoop_2025_11_26_15_00_04.cfa,1,0x07,6,07 D7 01 00 00 03
hci_snoop_2025_11_26_15_00_04.cfa,1,0x07,6,07 D7 04 00 00 03
hci_snoop_2025_11_26_15_00_04.cfa,1,0x07,6,07 D8 00 00 00 03
hci_snoop_2025_11_26_15_00_04.cfa,1,0x07,6,07 D8 03 00 00 03
hci_snoop_2025_11_26_15_00_04.cfa,1,0x07,6,07 D9 02 00 00 03
hci_snoop_2025_11_26_15_00_04.cfa,1,0x07,6,07 D9 05 00 00 03
hci_snoop_2025_11_26_15_00_04.cfa,1,0x07,6,07 DA 01 00 00 03
hci_snoop_2025_11_26_15_00_04.cfa,1,0x07,6,07 DA 04 00 00 03
hci_snoop_2025_11_26_15_00_04.cfa,1,0x07,6,07 DB 00 00 00 03
hci_snoop_2025_11_26_15_00_04.cfa,1,0x07,6,07 DB 03 00 00 03
hci_snoop_2025_11_26_15_00_04.cfa,1,0x07,6,07 DC 02 00 00 03
hci_snoop_2025_11_26_15_00_04.cfa,1,0x07,6,07 DC 05 00 00 03
hci_snoop_2025_11_26_15_00_04.cfa,1,0x07,6,07 DD 01 00 00 03
hci_snoop_2025_11_26_15_00_04.cfa,1,0x07,6,07 DD 04 00 00 03
hci_snoop_2025_11_26_15_00_04.cfa,1,0x07,6,07 DE 00 00 00 03
hci_snoop_2025_11_26_15_00_04.cfa,1,0x07,6,07 DE 03 00 00 03
hci_snoop_2025_11_26_15_00_04.cfa,1,0x07,6,07 DF 02 00 00 03
hci_snoop_2025_11_26_15_00_04.cfa,1,0x07,6,07 DF 05 00 00 03
hci_snoop_2025_11_26_15_00_04.cfa,1,0x07,6,07 E0 01 00 00 03
hci_snoop_2025_11_26_15_00_04.cfa,1,0x07,6,07 E0 04 00 00 03
hci_snoop_2025_11_26_15_00_04.cfa,1,0x07,6,07 E1 00 00 00 03
hci_snoop_2025_11_26_15_00_04.cfa,1,0x07,6,07 E1 03 00 00 03
hci_snoop_2025_11_26_15_00_04.cfa,1,0x07,6,07 E2 02 00 00 03
hci_snoop_2025_11_26_15_00_04.cfa,1,0x07,6,07 E2 05 00 00 03
hci_snoop_2025_11_26_15_00_04.cfa,1,0x07,6,07 E3 01 00 00 03
hci_snoop_2025_11_26_15_00_04.cfa,1,0x07,6,07 E3 04 00 00 03
hci_snoop_2025_11_26_15_00_04.cfa,1,0x07,6,07 E4 00 00 00 03
hci_snoop_2025_11_26_15_00_04.cfa,1,0x07,6,07 E4 03 00 00 03
hci_snoop_2025_11_26_15_00_04.cfa,1,0x07,6,07 E5 02 00 00 03
hci_snoop_2025_11_26_15_00_04.cfa,1,0x07,6,07 E5 05 00 00 03
hci_snoop_2025_11_26_15_00_04.cfa,1,0x07,6,07 E6 01 00 00 03
hci_snoop_2025_11_26_15_00_04.cfa,1,0x07,6,07 E6 04 00 00 03
hci_snoop_2025_11_26_15_00_04.cfa,1,0x07,6,07 E7 00 00 00 03
hci_snoop_2025_11_26_15_00_04.cfa,1,0x07,6,07 E7 03 00 00 03
hci_snoop_2025_11_26_15_00_04.cfa,1,0x07,6,07 E8 02 00 00 03
hci_snoop_2025_11_26_15_00_04.cfa,1,0x07,6,07 E8 05 00 00 03
hci_snoop_2025_11_26_15_00_04.cfa,1,0x07,6,07 E9 01 00 00 03
hci_snoop_2025_11_26_15_00_04.cfa,1,0x07,6,07 E9 04 00 00 03
hci_snoop_2025_11_26_15_00_04.cfa,1,0x07,6,07 EA 00 00 00 03
hci_snoop_2025_11_26_15_00_04.cfa,1,0x07,6,07 EA 03 00 00 03
hci_snoop_2025_11_26_15_00_04.cfa,1,0x07,6,07 EB 02 00 00 03
hci_snoop_2025_11_26_15_00_04.cfa,1,0x07,6,07 EB 05 00 00 03
hci_snoop_2025_11_26_15_00_04.cfa,1,0x07,6,07 EC 01 00 00 03
hci_snoop_2025_11_26_15_00_04.cfa,1,0x07,6,07 EC 04 00 00 03
hci_snoop_2025_11_26_15_00_04.cfa,1,0x07,6,07 ED 00 00 00 03
hci_snoop_2025_11_26_15_00_04.cfa,1,0x07,6,07 ED 03 00 00 03
hci_snoop_2025_11_26_15_00_04.cfa,1,0x07,6,07 EE 02 00 00 03
hci_snoop_2025_11_26_15_00_04.cfa,1,0x07,6,07 EE 05 00 00 03
hci_snoop_2025_11_26_15_00_04.cfa,1,0x07,6,07 EF 01 00 00 03
hci_snoop_2025_11_26_15_00_04.cfa,1,0x07,6,07 EF 04 00 00 03
hci_snoop_2025_11_26_15_00_04.cfa,1,0x07,6,07 F0 00 00 00 03
hci_snoop_2025_11_26_15_00_04.cfa,1,0x07,6,07 F0 03 00 00 03
hci_snoop_2025_11_26_15_00_04.cfa,1,0x07,6,07 F1 02 00 00 03
hci_snoop_2025_11_26_15_00_04.cfa,1,0x07,6,07 F1 05 00 00 03
hci_snoop_2025_11_26_15_00_04.cfa,1,0x07,6,07 F2 01 00 00 03
hci_snoop_2025_11_26_15_00_04.cfa,1,0x07,6,07 F2 04 00 00 03
hci_snoop_2025_11_26_15_00_04.cfa,1,0x07,6,07 F3 00 00 00 03
hci_snoop_2025_11_26_15_00_04.cfa,1,0x07,6,07 F3 03 00 00 03
hci_snoop_2025_11_26_15_00_04.cfa,1,0x07,6,07 F4 02 00 00 03
hci_snoop_2025_11_26_15_00_04.cfa,1,0x07,6,07 F4 05 00 00 03
hci_snoop_2025_11_26_15_00_04.cfa,1,0x07,6,07 F5 01 00 00 03
hci_snoop_2025_11_26_15_00_04.cfa,1,0x07,6,07 F5 04 00 00 03
hci_snoop_2025_11_26_15_00_04.cfa,1,0x07,6,07 F6 00 00 00 03
hci_snoop_2025_11_26_15_00_04.cfa,1,0x07,6,07 F6 03 00 00 03
hci_snoop_2025_11_26_15_00_04.cfa,1,0x07,6,07 F7 02 00 00 03
hci_snoop_2025_11_26_15_00_04.cfa,1,0x07,6,07 F7 05 00 00 03
hci_snoop_2025_11_26_15_00_04.cfa,1,0x07,6,07 F8 01 00 00 03
hci_snoop_2025_11_26_15_00_04.cfa,1,0x07,6,07 F8 04 00 00 03
hci_snoop_2025_11_26_15_00_04.cfa,1,0x07,6,07 F9 00 00 00 03
hci_snoop_2025_11_26_15_00_04.cfa,1,0x07,6,07 F9 03 00 00 03
hci_snoop_2025_11_26_15_00_04.cfa,1,0x07,6,07 FA 02 00 00 03
hci_snoop_2025_11_26_15_00_04.cfa,1,0x07,6,07 FA 05 00 00 03
hci_snoop_2025_11_26_15_00_04.cfa,1,0x07,6,07 FB 01 00 00 03
hci_snoop_2025_11_26_15_00_04.cfa,1,0x07,6,07 FB 04 00 00 03
hci_snoop_2025_11_26_15_00_04.cfa,1,0x07,6,07 FC 00 00 00 03
hci_snoop_2025_11_26_15_00_04.cfa,1,0x07,6,07 FC 03 00 00 03
hci_snoop_2025_11_26_15_00_04.cfa,1,0x07,6,07 FD 02 00 00 03
hci_snoop_2025_11_26_15_00_04.cfa,1,0x07,6,07 FD 05 00 00 03
hci_snoop_2025_11_26_15_00_04.cfa,1,0x07,6,07 FE 01 00 00 03
hci_snoop_2025_11_26_15_00_04.cfa,1,0x07,6,07 FE 04 00 00 03
hci_snoop_2025_11_26_15_00_04.cfa,1,0x07,6,07 FF 00 00 00 03
hci_snoop_2025_11_26_15_00_04.cfa,1,0x07,6,07 FF 03 00 00 03
hci_snoop_2025_11_26_15_00_04.cfa,1,0x1A,1,1A
hci_snoop_2025_11_26_15_14_35.cfa,2,0x01,1,01
hci_snoop_2025_11_26_15_14_35.cfa,1,0x04,5,04 00 00 00 00
hci_snoop_2025_11_26_15_14_35.cfa,1,0x07,6,07 00 00 00 00 03
hci_snoop_2025_11_26_15_14_35.cfa,1,0x07,6,07 00 03 00 00 03
hci_snoop_2025_11_26_15_14_35.cfa,1,0x07,6,07 00 06 00 00 03
hci_snoop_2025_11_26_15_14_35.cfa,1,0x07,6,07 01 02 00 00 03
hci_snoop_2025_11_26_15_14_35.cfa,1,0x07,6,07 01 05 00 00 03
hci_snoop_2025_11_26_15_14_35.cfa,1,0x07,6,07 02 01 00 00 03
hci_snoop_2025_11_26_15_14_35.cfa,1,0x07,6,07 02 04 00 00 03
hci_snoop_2025_11_26_15_14_35.cfa,1,0x07,6,07 03 00 00 00 03
hci_snoop_2025_11_26_15_14_35.cfa,1,0x07,6,07 03 03 00 00 03
hci_snoop_2025_11_26_15_14_35.cfa,1,0x07,6,07 03 06 00 00 03
hci_snoop_2025_11_26_15_14_35.cfa,1,0x07,6,07 04 02 00 00 03
hci_snoop_2025_11_26_15_14_35.cfa,1,0x07,6,07 04 05 00 00 03
hci_snoop_2025_11_26_15_14_35.cfa,1,0x07,6,07 05 01 00 00 03
hci_snoop_2025_11_26_15_14_35.cfa,1,0x07,6,07 05 04 00 00 03
hci_snoop_2025_11_26_15_14_35.cfa,1,0x07,6,07 06 00 00 00 03
hci_snoop_2025_11_26_15_14_35.cfa,1,0x07,6,07 06 03 00 00 03
hci_snoop_2025_11_26_15_14_35.cfa,1,0x07,6,07 06 06 00 00 03
hci_snoop_2025_11_26_15_14_35.cfa,1,0x07,6,07 07 02 00 00 03
hci_snoop_2025_11_26_15_14_35.cfa,1,0x07,6,07 07 05 00 00 03
hci_snoop_2025_11_26_15_14_35.cfa,1,0x07,6,07 08 01 00 00 03
hci_snoop_2025_11_26_15_14_35.cfa,1,0x07,6,07 08 04 00 00 03
hci_snoop_2025_11_26_15_14_35.cfa,1,0x07,6,07 09 00 00 00 03
hci_snoop_2025_11_26_15_14_35.cfa,1,0x07,6,07 09 03 00 00 03
hci_snoop_2025_11_26_15_14_35.cfa,1,0x07,6,07 09 06 00 00 03
hci_snoop_2025_11_26_15_14_35.cfa,1,0x07,6,07 0A 02 00 00 03
hci_snoop_2025_11_26_15_14_35.cfa,1,0x07,6,07 0A 05 00 00 03
hci_snoop_2025_11_26_15_14_35.cfa,1,0x07,6,07 0B 01 00 00 03
hci_snoop_2025_11_26_15_14_35.cfa,1,0x07,6,07 0B 04 00 00 03
hci_snoop_2025_11_26_15_14_35.cfa,1,0x07,6,07 0C 00 00 00 03
hci_snoop_2025_11_26_15_14_35.cfa,1,0x07,6,07 0C 03 00 00 03
hci_snoop_2025_11_26_15_14_35.cfa,1,0x07,6,07 0C 06 00 00 03
hci_snoop_2025_11_26_15_14_35.cfa,1,0x07,6,07 0D 02 00 00 03
hci_snoop_2025_11_26_15_14_35.cfa,1,0x07,6,07 0D 05 00 00 03
hci_snoop_2025_11_26_15_14_35.cfa,1,0x07,6,07 0E 01 00 00 03
hci_snoop_2025_11_26_15_14_35.cfa,1,0x07,6,07 0E 04 00 00 03
hci_snoop_2025_11_26_15_14_35.cfa,1,0x07,6,07 0F 00 00 00 03
hci_snoop_2025_11_26_15_14_35.cfa,1,0x07,6,07 0F 03 00 00 03
hci_snoop_2025_11_26_15_14_35.cfa,1,0x07,6,07 0F 06 00 00 03
hci_snoop_2025_11_26_15_14_35.cfa,1,0x07,6,07 10 02 00 00 03
hci_snoop_2025_11_26_15_14_35.cfa,1,0x07,6,07 10 05 00 00 03
hci_snoop_2025_11_26_15_14_35.cfa,1,0x07,6,07 11 01 00 00 03
hci_snoop_2025_11_26_15_14_35.cfa,1,0x07,6,07 11 04 00 00 03
hci_snoop_2025_11_26_15_14_35.cfa,1,0x07,6,07 12 00 00 00 03
hci_snoop_2025_11_26_15_14_35.cfa,1,0x07,6,07 12 03 00 00 03
hci_snoop_2025_11_26_15_14_35.cfa,1,0x07,6,07 12 06 00 00 03
hci_snoop_2025_11_26_15_14_35.cfa,1,0x07,6,07 13 02 00 00 03
hci_snoop_2025_11_26_15_14_35.cfa,1,0x07,6,07 13 05 00 00 03
hci_snoop_2025_11_26_15_14_35.cfa,1,0x07,6,07 14 01 00 00 03
hci_snoop_2025_11_26_15_14_35.cfa,1,0x07,6,07 14 04 00 00 03
hci_snoop_2025_11_26_15_14_35.cfa,1,0x07,6,07 15 00 00 00 03
hci_snoop_2025_11_26_15_14_35.cfa,1,0x07,6,07 15 03 00 00 03
hci_snoop_2025_11_26_15_14_35.cfa,1,0x07,6,07 15 06 00 00 03
hci_snoop_2025_11_26_15_14_35.cfa,1,0x07,6,07 16 02 00 00 03
hci_snoop_2025_11_26_15_14_35.cfa,1,0x07,6,07 16 05 00 00 03
hci_snoop_2025_11_26_15_14_35.cfa,1,0x07,6,07 17 01 00 00 03
hci_snoop_2025_11_26_15_14_35.cfa,1,0x07,6,07 17 04 00 00 03
hci_snoop_2025_11_26_15_14_35.cfa,1,0x07,6,07 18 00 00 00 03
hci_snoop_2025_11_26_15_14_35.cfa,1,0x07,6,07 18 03 00 00 03
hci_snoop_2025_11_26_15_14_35.cfa,1,0x07,6,07 18 06 00 00 03
hci_snoop_2025_11_26_15_14_35.cfa,1,0x07,6,07 19 02 00 00 03
hci_snoop_2025_11_26_15_14_35.cfa,1,0x07,6,07 19 05 00 00 03
hci_snoop_2025_11_26_15_14_35.cfa,1,0x07,6,07 1A 01 00 00 03
hci_snoop_2025_11_26_15_14_35.cfa,1,0x07,6,07 1A 04 00 00 03
hci_snoop_2025_11_26_15_14_35.cfa,1,0x07,6,07 1B 00 00 00 03
hci_snoop_2025_11_26_15_14_35.cfa,1,0x07,6,07 1B 03 00 00 03
hci_snoop_2025_11_26_15_14_35.cfa,1,0x07,6,07 1B 06 00 00 03
hci_snoop_2025_11_26_15_14_35.cfa,1,0x07,6,07 1C 02 00 00 03
hci_snoop_2025_11_26_15_14_35.cfa,1,0x07,6,07 1C 05 00 00 03
hci_snoop_2025_11_26_15_14_35.cfa,1,0x07,6,07 1D 01 00 00 03
hci_snoop_2025_11_26_15_14_35.cfa,1,0x07,6,07 1D 04 00 00 03
hci_snoop_2025_11_26_15_14_35.cfa,1,0x07,6,07 1E 00 00 00 03
hci_snoop_2025_11_26_15_14_35.cfa,1,0x07,6,07 1E 03 00 00 03
hci_snoop_2025_11_26_15_14_35.cfa,1,0x07,6,07 1E 06 00 00 03
hci_snoop_2025_11_26_15_14_35.cfa,1,0x07,6,07 1F 02 00 00 03
hci_snoop_2025_11_26_15_14_35.cfa,1,0x07,6,07 1F 05 00 00 03
hci_snoop_2025_11_26_15_14_35.cfa,1,0x07,6,07 20 01 00 00 03
hci_snoop_2025_11_26_15_14_35.cfa,1,0x07,6,07 20 04 00 00 03
hci_snoop_2025_11_26_15_14_35.cfa,1,0x07,6,07 21 00 00 00 03
hci_snoop_2025_11_26_15_14_35.cfa,1,0x07,6,07 21 03 00 00 03
hci_snoop_2025_11_26_15_14_35.cfa,1,0x07,6,07 21 06 00 00 03
hci_snoop_2025_11_26_15_14_35.cfa,1,0x07,6,07 22 02 00 00 03
hci_snoop_2025_11_26_15_14_35.cfa,1,0x07,6,07 22 05 00 00 03
hci_snoop_2025_11_26_15_14_35.cfa,1,0x07,6,07 23 01 00 00 03
hci_snoop_2025_11_26_15_14_35.cfa,1,0x07,6,07 23 04 00 00 03
hci_snoop_2025_11_26_15_14_35.cfa,1,0x07,6,07 24 00 00 00 03
hci_snoop_2025_11_26_15_14_35.cfa,1,0x07,6,07 24 03 00 00 03
hci_snoop_2025_11_26_15_14_35.cfa,1,0x07,6,07 24 06 00 00 03
hci_snoop_2025_11_26_15_14_35.cfa,1,0x07,6,07 25 02 00 00 03
hci_snoop_2025_11_26_15_14_35.cfa,1,0x07,6,07 25 05 00 00 03
hci_snoop_2025_11_26_15_14_35.cfa,1,0x07,6,07 26 01 00 00 03
hci_snoop_2025_11_26_15_14_35.cfa,1,0x07,6,07 26 04 00 00 03
hci_snoop_2025_11_26_15_14_35.cfa,1,0x07,6,07 27 00 00 00 03
hci_snoop_2025_11_26_15_14_35.cfa,1,0x07,6,07 27 03 00 00 03
hci_snoop_2025_11_26_15_14_35.cfa,1,0x07,6,07 27 06 00 00 03
hci_snoop_2025_11_26_15_14_35.cfa,1,0x07,6,07 28 02 00 00 03
hci_snoop_2025_11_26_15_14_35.cfa,1,0x07,6,07 28 05 00 00 03
hci_snoop_2025_11_26_15_14_35.cfa,1,0x07,6,07 29 01 00 00 03
hci_snoop_2025_11_26_15_14_35.cfa,1,0x07,6,07 29 04 00 00 03
hci_snoop_2025_11_26_15_14_35.cfa,1,0x07,6,07 2A 00 00 00 03
hci_snoop_2025_11_26_15_14_35.cfa,1,0x07,6,07 2A 03 00 00 03
hci_snoop_2025_11_26_15_14_35.cfa,1,0x07,6,07 2A 06 00 00 03
hci_snoop_2025_11_26_15_14_35.cfa,1,0x07,6,07 2B 02 00 00 03
hci_snoop_2025_11_26_15_14_35.cfa,1,0x07,6,07 2B 05 00 00 03
hci_snoop_2025_11_26_15_14_35.cfa,1,0x07,6,07 2C 01 00 00 03
hci_snoop_2025_11_26_15_14_35.cfa,1,0x07,6,07 2C 04 00 00 03
hci_snoop_2025_11_26_15_14_35.cfa,1,0x07,6,07 2D 00 00 00 03
hci_snoop_2025_11_26_15_14_35.cfa,1,0x07,6,07 2D 03 00 00 03
hci_snoop_2025_11_26_15_14_35.cfa,1,0x07,6,07 2D 06 00 00 03
hci_snoop_2025_11_26_15_14_35.cfa,1,0x07,6,07 2E 02 00 00 03
hci_snoop_2025_11_26_15_14_35.cfa,1,0x07,6,07 2E 05 00 00 03
hci_snoop_2025_11_26_15_14_35.cfa,1,0x07,6,07 2F 01 00 00 03
hci_snoop_2025_11_26_15_14_35.cfa,1,0x07,6,07 2F 04 00 00 03
hci_snoop_2025_11_26_15_14_35.cfa,1,0x07,6,07 30 00 00 00 03
hci_snoop_2025_11_26_15_14_35.cfa,1,0x07,6,07 30 03 00 00 03
hci_snoop_2025_11_26_15_14_35.cfa,1,0x07,6,07 30 06 00 00 01
hci_snoop_2025_11_26_15_14_35.cfa,1,0x07,6,07 31 02 00 00 03
hci_snoop_2025_11_26_15_14_35.cfa,1,0x07,6,07 31 05 00 00 03
hci_snoop_2025_11_26_15_14_35.cfa,1,0x07,6,07 31 06 00 00 01
hci_snoop_2025_11_26_15_14_35.cfa,1,0x07,6,07 32 01 00 00 03
hci_snoop_2025_11_26_15_14_35.cfa,1,0x07,6,07 32 04 00 00 03
hci_snoop_2025_11_26_15_14_35.cfa,1,0x07,6,07 33 00 00 00 03
hci_snoop_2025_11_26_15_14_35.cfa,1,0x07,6,07 33 03 00 00 03
hci_snoop_2025_11_26_15_14_35.cfa,1,0x07,6,07 34 02 00 00 03
hci_snoop_2025_11_26_15_14_35.cfa,1,0x07,6,07 34 05 00 00 03
hci_snoop_2025_11_26_15_14_35.cfa,1,0x07,6,07 35 01 00 00 03
hci_snoop_2025_11_26_15_14_35.cfa,1,0x07,6,07 35 04 00 00 03
hci_snoop_2025_11_26_15_14_35.cfa,1,0x07,6,07 36 00 00 00 03
hci_snoop_2025_11_26_15_14_35.cfa,1,0x07,6,07 36 03 00 00 03
hci_snoop_2025_11_26_15_14_35.cfa,1,0x07,6,07 37 02 00 00 03
hci_snoop_2025_11_26_15_14_35.cfa,1,0x07,6,07 37 05 00 00 03
hci_snoop_2025_11_26_15_14_35.cfa,1,0x07,6,07 38 01 00 00 03
hci_snoop_2025_11_26_15_14_35.cfa,1,0x07,6,07 38 04 00 00 03
hci_snoop_2025_11_26_15_14_35.cfa,1,0x07,6,07 39 00 00 00 03
hci_snoop_2025_11_26_15_14_35.cfa,1,0x07,6,07 39 03 00 00 03
hci_snoop_2025_11_26_15_14_35.cfa,1,0x07,6,07 3A 02 00 00 03
hci_snoop_2025_11_26_15_14_35.cfa,1,0x07,6,07 3A 05 00 00 03
hci_snoop_2025_11_26_15_14_35.cfa,1,0x07,6,07 3B 01 00 00 03
hci_snoop_2025_11_26_15_14_35.cfa,1,0x07,6,07 3B 04 00 00 03
hci_snoop_2025_11_26_15_14_35.cfa,1,0x07,6,07 3C 00 00 00 03
hci_snoop_2025_11_26_15_14_35.cfa,1,0x07,6,07 3C 03 00 00 03
hci_snoop_2025_11_26_15_14_35.cfa,1,0x07,6,07 3D 02 00 00 03
hci_snoop_2025_11_26_15_14_35.cfa,1,0x07,6,07 3D 05 00 00 03
hci_snoop_2025_11_26_15_14_35.cfa,1,0x07,6,07 3E 01 00 00 03
hci_snoop_2025_11_26_15_14_35.cfa,1,0x07,6,07 3E 04 00 00 03
hci_snoop_2025_11_26_15_14_35.cfa,1,0x07,6,07 3F 00 00 00 03
hci_snoop_2025_11_26_15_14_35.cfa,1,0x07,6,07 3F 03 00 00 03
hci_snoop_2025_11_26_15_14_35.cfa,1,0x07,6,07 40 02 00 00 03
hci_snoop_2025_11_26_15_14_35.cfa,1,0x07,6,07 40 05 00 00 03
hci_snoop_2025_11_26_15_14_35.cfa,1,0x07,6,07 41 01 00 00 03
hci_snoop_2025_11_26_15_14_35.cfa,1,0x07,6,07 41 04 00 00 03
hci_snoop_2025_11_26_15_14_35.cfa,1,0x07,6,07 42 00 00 00 03
hci_snoop_2025_11_26_15_14_35.cfa,1,0x07,6,07 42 03 00 00 03
hci_snoop_2025_11_26_15_14_35.cfa,1,0x07,6,07 43 02 00 00 03
hci_snoop_2025_11_26_15_14_35.cfa,1,0x07,6,07 43 05 00 00 03
hci_snoop_2025_11_26_15_14_35.cfa,1,0x07,6,07 44 01 00 00 03
hci_snoop_2025_11_26_15_14_35.cfa,1,0x07,6,07 44 04 00 00 03
hci_snoop_2025_11_26_15_14_35.cfa,1,0x07,6,07 45 00 00 00 03
hci_snoop_2025_11_26_15_14_35.cfa,1,0x07,6,07 45 03 00 00 03
hci_snoop_2025_11_26_15_14_35.cfa,1,0x07,6,07 46 02 00 00 03
hci_snoop_2025_11_26_15_14_35.cfa,1,0x07,6,07 46 05 00 00 03
hci_snoop_2025_11_26_15_14_35.cfa,1,0x07,6,07 47 01 00 00 03
hci_snoop_2025_11_26_15_14_35.cfa,1,0x07,6,07 47 04 00 00 03
hci_snoop_2025_11_26_15_14_35.cfa,1,0x07,6,07 48 00 00 00 03
hci_snoop_2025_11_26_15_14_35.cfa,1,0x07,6,07 48 03 00 00 03
hci_snoop_2025_11_26_15_14_35.cfa,1,0x07,6,07 49 02 00 00 03
hci_snoop_2025_11_26_15_14_35.cfa,1,0x07,6,07 49 05 00 00 03
hci_snoop_2025_11_26_15_14_35.cfa,1,0x07,6,07 4A 01 00 00 03
hci_snoop_2025_11_26_15_14_35.cfa,1,0x07,6,07 4A 04 00 00 03
hci_snoop_2025_11_26_15_14_35.cfa,1,0x07,6,07 4B 00 00 00 03
hci_snoop_2025_11_26_15_14_35.cfa,1,0x07,6,07 4B 03 00 00 03
hci_snoop_2025_11_26_15_14_35.cfa,1,0x07,6,07 4C 02 00 00 03
hci_snoop_2025_11_26_15_14_35.cfa,1,0x07,6,07 4C 05 00 00 03
hci_snoop_2025_11_26_15_14_35.cfa,1,0x07,6,07 4D 01 00 00 03
hci_snoop_2025_11_26_15_14_35.cfa,1,0x07,6,07 4D 04 00 00 03
hci_snoop_2025_11_26_15_14_35.cfa,1,0x07,6,07 4E 00 00 00 03
hci_snoop_2025_11_26_15_14_35.cfa,1,0x07,6,07 4E 03 00 00 03
hci_snoop_2025_11_26_15_14_35.cfa,1,0x07,6,07 4F 02 00 00 03
hci_snoop_2025_11_26_15_14_35.cfa,1,0x07,6,07 4F 05 00 00 03
hci_snoop_2025_11_26_15_14_35.cfa,1,0x07,6,07 50 01 00 00 03
hci_snoop_2025_11_26_15_14_35.cfa,1,0x07,6,07 50 04 00 00 03
hci_snoop_2025_11_26_15_14_35.cfa,1,0x07,6,07 51 00 00 00 03
hci_snoop_2025_11_26_15_14_35.cfa,1,0x07,6,07 51 03 00 00 03
hci_snoop_2025_11_26_15_14_35.cfa,1,0x07,6,07 52 02 00 00 03
hci_snoop_2025_11_26_15_14_35.cfa,1,0x07,6,07 52 05 00 00 03
hci_snoop_2025_11_26_15_14_35.cfa,1,0x07,6,07 53 01 00 00 03
hci_snoop_2025_11_26_15_14_35.cfa,1,0x07,6,07 53 04 00 00 03
hci_snoop_2025_11_26_15_14_35.cfa,1,0x07,6,07 54 00 00 00 03
hci_snoop_2025_11_26_15_14_35.cfa,1,0x07,6,07 54 03 00 00 03
hci_snoop_2025_11_26_15_14_35.cfa,1,0x07,6,07 55 02 00 00 03
hci_snoop_2025_11_26_15_14_35.cfa,1,0x07,6,07 55 05 00 00 03
hci_snoop_2025_11_26_15_14_35.cfa,1,0x07,6,07 56 01 00 00 03
hci_snoop_2025_11_26_15_14_35.cfa,1,0x07,6,07 56 04 00 00 03
hci_snoop_2025_11_26_15_14_35.cfa,1,0x07,6,07 57 00 00 00 03
hci_snoop_2025_11_26_15_14_35.cfa,1,0x07,6,07 57 03 00 00 03
hci_snoop_2025_11_26_15_14_35.cfa,1,0x07,6,07 58 02 00 00 03
hci_snoop_2025_11_26_15_14_35.cfa,1,0x07,6,07 58 05 00 00 03
hci_snoop_2025_11_26_15_14_35.cfa,1,0x07,6,07 59 01 00 00 03
hci_snoop_2025_11_26_15_14_35.cfa,1,0x07,6,07 59 04 00 00 03
hci_snoop_2025_11_26_15_14_35.cfa,1,0x07,6,07 5A 00 00 00 03
hci_snoop_2025_11_26_15_14_35.cfa,1,0x07,6,07 5A 03 00 00 03
hci_snoop_2025_11_26_15_14_35.cfa,1,0x07,6,07 5B 02 00 00 03
hci_snoop_2025_11_26_15_14_35.cfa,1,0x07,6,07 5B 05 00 00 03
hci_snoop_2025_11_26_15_14_35.cfa,1,0x07,6,07 5C 01 00 00 03
hci_snoop_2025_11_26_15_14_35.cfa,1,0x07,6,07 5C 04 00 00 03
hci_snoop_2025_11_26_15_14_35.cfa,1,0x07,6,07 5D 00 00 00 03
hci_snoop_2025_11_26_15_14_35.cfa,1,0x07,6,07 5D 03 00 00 03
hci_snoop_2025_11_26_15_14_35.cfa,1,0x07,6,07 5E 02 00 00 03
hci_snoop_2025_11_26_15_14_35.cfa,1,0x07,6,07 5E 05 00 00 03
hci_snoop_2025_11_26_15_14_35.cfa,1,0x07,6,07 5F 01 00 00 03
hci_snoop_2025_11_26_15_14_35.cfa,1,0x07,6,07 5F 04 00 00 03
hci_snoop_2025_11_26_15_14_35.cfa,1,0x07,6,07 60 00 00 00 03
hci_snoop_2025_11_26_15_14_35.cfa,1,0x07,6,07 60 03 00 00 03
hci_snoop_2025_11_26_15_14_35.cfa,1,0x07,6,07 61 02 00 00 03
hci_snoop_2025_11_26_15_14_35.cfa,1,0x07,6,07 61 05 00 00 03
hci_snoop_2025_11_26_15_14_35.cfa,1,0x07,6,07 62 01 00 00 03
hci_snoop_2025_11_26_15_14_35.cfa,1,0x07,6,07 62 04 00 00 03
hci_snoop_2025_11_26_15_14_35.cfa,1,0x07,6,07 63 00 00 00 03
hci_snoop_2025_11_26_15_14_35.cfa,1,0x07,6,07 63 03 00 00 03
hci_snoop_2025_11_26_15_14_35.cfa,1,0x07,6,07 64 02 00 00 03
hci_snoop_2025_11_26_15_14_35.cfa,1,0x07,6,07 64 05 00 00 03
hci_snoop_2025_11_26_15_14_35.cfa,1,0x07,6,07 65 01 00 00 03
hci_snoop_2025_11_26_15_14_35.cfa,1,0x07,6,07 65 04 00 00 03
hci_snoop_2025_11_26_15_14_35.cfa,1,0x07,6,07 66 00 00 00 03
hci_snoop_2025_11_26_15_14_35.cfa,1,0x07,6,07 66 03 00 00 03
hci_snoop_2025_11_26_15_14_35.cfa,1,0x07,6,07 67 02 00 00 03
hci_snoop_2025_11_26_15_14_35.cfa,1,0x07,6,07 67 05 00 00 03
hci_snoop_2025_11_26_15_14_35.cfa,1,0x07,6,07 68 01 00 00 03
hci_snoop_2025_11_26_15_14_35.cfa,1,0x07,6,07 68 04 00 00 03
hci_snoop_2025_11_26_15_14_35.cfa,1,0x07,6,07 69 00 00 00 03
hci_snoop_2025_11_26_15_14_35.cfa,1,0x07,6,07 69 03 00 00 03
hci_snoop_2025_11_26_15_14_35.cfa,1,0x07,6,07 6A 02 00 00 03
hci_snoop_2025_11_26_15_14_35.cfa,1,0x07,6,07 6A 05 00 00 03
hci_snoop_2025_11_26_15_14_35.cfa,1,0x07,6,07 6B 01 00 00 03
hci_snoop_2025_11_26_15_14_35.cfa,1,0x07,6,07 6B 04 00 00 03
hci_snoop_2025_11_26_15_14_35.cfa,1,0x07,6,07 6C 00 00 00 03
hci_snoop_2025_11_26_15_14_35.cfa,1,0x07,6,07 6C 03 00 00 03
hci_snoop_2025_11_26_15_14_35.cfa,1,0x07,6,07 6D 02 00 00 03
hci_snoop_2025_11_26_15_14_35.cfa,1,0x07,6,07 6D 05 00 00 03
hci_snoop_2025_11_26_15_14_35.cfa,1,0x07,6,07 6E 01 00 00 03
hci_snoop_2025_11_26_15_14_35.cfa,1,0x07,6,07 6E 04 00 00 03
hci_snoop_2025_11_26_15_14_35.cfa,1,0x07,6,07 6F 00 00 00 03
hci_snoop_2025_11_26_15_14_35.cfa,1,0x07,6,07 6F 03 00 00 03
hci_snoop_2025_11_26_15_14_35.cfa,1,0x07,6,07 70 02 00 00 03
hci_snoop_2025_11_26_15_14_35.cfa,1,0x07,6,07 70 05 00 00 03
hci_snoop_2025_11_26_15_14_35.cfa,1,0x07,6,07 71 01 00 00 03
hci_snoop_2025_11_26_15_14_35.cfa,1,0x07,6,07 71 04 00 00 03
hci_snoop_2025_11_26_15_14_35.cfa,1,0x07,6,07 72 00 00 00 03
hci_snoop_2025_11_26_15_14_35.cfa,1,0x07,6,07 72 03 00 00 03
hci_snoop_2025_11_26_15_14_35.cfa,1,0x07,6,07 73 02 00 00 03
hci_snoop_2025_11_26_15_14_35.cfa,1,0x07,6,07 73 05 00 00 03
hci_snoop_2025_11_26_15_14_35.cfa,1,0x07,6,07 74 01 00 00 03
hci_snoop_2025_11_26_15_14_35.cfa,1,0x07,6,07 74 04 00 00 03
hci_snoop_2025_11_26_15_14_35.cfa,1,0x07,6,07 75 00 00 00 03
hci_snoop_2025_11_26_15_14_35.cfa,1,0x07,6,07 75 03 00 00 03
hci_snoop_2025_11_26_15_14_35.cfa,1,0x07,6,07 76 02 00 00 03
hci_snoop_2025_11_26_15_14_35.cfa,1,0x07,6,07 76 05 00 00 03
hci_snoop_2025_11_26_15_14_35.cfa,1,0x07,6,07 77 01 00 00 03
hci_snoop_2025_11_26_15_14_35.cfa,1,0x07,6,07 77 04 00 00 03
hci_snoop_2025_11_26_15_14_35.cfa,1,0x07,6,07 78 00 00 00 03
hci_snoop_2025_11_26_15_14_35.cfa,1,0x07,6,07 78 03 00 00 03
hci_snoop_2025_11_26_15_14_35.cfa,1,0x07,6,07 79 02 00 00 03
hci_snoop_2025_11_26_15_14_35.cfa,1,0x07,6,07 79 05 00 00 03
hci_snoop_2025_11_26_15_14_35.cfa,1,0x07,6,07 7A 01 00 00 03
hci_snoop_2025_11_26_15_14_35.cfa,1,0x07,6,07 7A 04 00 00 03
hci_snoop_2025_11_26_15_14_35.cfa,1,0x07,6,07 7B 00 00 00 03
hci_snoop_2025_11_26_15_14_35.cfa,1,0x07,6,07 7B 03 00 00 03
hci_snoop_2025_11_26_15_14_35.cfa,1,0x07,6,07 7C 02 00 00 03
hci_snoop_2025_11_26_15_14_35.cfa,1,0x07,6,07 7C 05 00 00 03
hci_snoop_2025_11_26_15_14_35.cfa,1,0x07,6,07 7D 01 00 00 03
hci_snoop_2025_11_26_15_14_35.cfa,1,0x07,6,07 7D 04 00 00 03
hci_snoop_2025_11_26_15_14_35.cfa,1,0x07,6,07 7E 00 00 00 03
hci_snoop_2025_11_26_15_14_35.cfa,1,0x07,6,07 7E 03 00 00 03
hci_snoop_2025_11_26_15_14_35.cfa,1,0x07,6,07 7F 02 00 00 03
hci_snoop_2025_11_26_15_14_35.cfa,1,0x07,6,07 7F 05 00 00 03
hci_snoop_2025_11_26_15_14_35.cfa,1,0x07,6,07 80 01 00 00 03
hci_snoop_2025_11_26_15_14_35.cfa,1,0x07,6,07 80 04 00 00 03
hci_snoop_2025_11_26_15_14_35.cfa,1,0x07,6,07 81 00 00 00 03
hci_snoop_2025_11_26_15_14_35.cfa,1,0x07,6,07 81 03 00 00 03
hci_snoop_2025_11_26_15_14_35.cfa,1,0x07,6,07 82 02 00 00 03
hci_snoop_2025_11_26_15_14_35.cfa,1,0x07,6,07 82 05 00 00 03
hci_snoop_2025_11_26_15_14_35.cfa,1,0x07,6,07 83 01 00 00 03
hci_snoop_2025_11_26_15_14_35.cfa,1,0x07,6,07 83 04 00 00 03
hci_snoop_2025_11_26_15_14_35.cfa,1,0x07,6,07 84 00 00 00 03
hci_snoop_2025_11_26_15_14_35.cfa,1,0x07,6,07 84 03 00 00 03
hci_snoop_2025_11_26_15_14_35.cfa,1,0x07,6,07 85 02 00 00 03
hci_snoop_2025_11_26_15_14_35.cfa,1,0x07,6,07 85 05 00 00 03
hci_snoop_2025_11_26_15_14_35.cfa,1,0x07,6,07 86 01 00 00 03
hci_snoop_2025_11_26_15_14_35.cfa,1,0x07,6,07 86 04 00 00 03
hci_snoop_2025_11_26_15_14_35.cfa,1,0x07,6,07 87 00 00 00 03
hci_snoop_2025_11_26_15_14_35.cfa,1,0x07,6,07 87 03 00 00 03
hci_snoop_2025_11_26_15_14_35.cfa,1,0x07,6,07 88 02 00 00 03
hci_snoop_2025_11_26_15_14_35.cfa,1,0x07,6,07 88 05 00 00 03
hci_snoop_2025_11_26_15_14_35.cfa,1,0x07,6,07 89 01 00 00 03
hci_snoop_2025_11_26_15_14_35.cfa,1,0x07,6,07 89 04 00 00 03
hci_snoop_2025_11_26_15_14_35.cfa,1,0x07,6,07 8A 00 00 00 03
hci_snoop_2025_11_26_15_14_35.cfa,1,0x07,6,07 8A 03 00 00 03
hci_snoop_2025_11_26_15_14_35.cfa,1,0x07,6,07 8B 02 00 00 03
hci_snoop_2025_11_26_15_14_35.cfa,1,0x07,6,07 8B 05 00 00 03
hci_snoop_2025_11_26_15_14_35.cfa,1,0x07,6,07 8C 01 00 00 03
hci_snoop_2025_11_26_15_14_35.cfa,1,0x07,6,07 8C 04 00 00 03
hci_snoop_2025_11_26_15_14_35.cfa,1,0x07,6,07 8D 00 00 00 03
hci_snoop_2025_11_26_15_14_35.cfa,1,0x07,6,07 8D 03 00 00 03
hci_snoop_2025_11_26_15_14_35.cfa,1,0x07,6,07 8E 02 00 00 03
hci_snoop_2025_11_26_15_14_35.cfa,1,0x07,6,07 8E 05 00 00 03
hci_snoop_2025_11_26_15_14_35.cfa,1,0x07,6,07 8F 01 00 00 03
hci_snoop_2025_11_26_15_14_35.cfa,1,0x07,6,07 8F 04 00 00 03
hci_snoop_2025_11_26_15_14_35.cfa,1,0x07,6,07 90 00 00 00 03
hci_snoop_2025_11_26_15_14_35.cfa,1,0x07,6,07 90 03 00 00 03
hci_snoop_2025_11_26_15_14_35.cfa,1,0x07,6,07 91 02 00 00 03
hci_snoop_2025_11_26_15_14_35.cfa,1,0x07,6,07 91 05 00 00 03
hci_snoop_2025_11_26_15_14_35.cfa,1,0x07,6,07 92 01 00 00 03
hci_snoop_2025_11_26_15_14_35.cfa,1,0x07,6,07 92 04 00 00 03
hci_snoop_2025_11_26_15_14_35.cfa,1,0x07,6,07 93 00 00 00 03
hci_snoop_2025_11_26_15_14_35.cfa,1,0x07,6,07 93 03 00 00 03
hci_snoop_2025_11_26_15_14_35.cfa,1,0x07,6,07 94 02 00 00 03
hci_snoop_2025_11_26_15_14_35.cfa,1,0x07,6,07 94 05 00 00 03
hci_snoop_2025_11_26_15_14_35.cfa,1,0x07,6,07 95 01 00 00 03
hci_snoop_2025_11_26_15_14_35.cfa,1,0x07,6,07 95 04 00 00 03
hci_snoop_2025_11_26_15_14_35.cfa,1,0x07,6,07 96 00 00 00 03
hci_snoop_2025_11_26_15_14_35.cfa,1,0x07,6,07 96 03 00 00 03
hci_snoop_2025_11_26_15_14_35.cfa,1,0x07,6,07 97 02 00 00 03
hci_snoop_2025_11_26_15_14_35.cfa,1,0x07,6,07 97 05 00 00 03
hci_snoop_2025_11_26_15_14_35.cfa,1,0x07,6,07 98 01 00 00 03
hci_snoop_2025_11_26_15_14_35.cfa,1,0x07,6,07 98 04 00 00 03
hci_snoop_2025_11_26_15_14_35.cfa,1,0x07,6,07 99 00 00 00 03
hci_snoop_2025_11_26_15_14_35.cfa,1,0x07,6,07 99 03 00 00 03
hci_snoop_2025_11_26_15_14_35.cfa,1,0x07,6,07 9A 02 00 00 03
hci_snoop_2025_11_26_15_14_35.cfa,1,0x07,6,07 9A 05 00 00 03
hci_snoop_2025_11_26_15_14_35.cfa,1,0x07,6,07 9B 01 00 00 03
hci_snoop_2025_11_26_15_14_35.cfa,1,0x07,6,07 9B 04 00 00 03
hci_snoop_2025_11_26_15_14_35.cfa,1,0x07,6,07 9C 00 00 00 03
hci_snoop_2025_11_26_15_14_35.cfa,1,0x07,6,07 9C 03 00 00 03
hci_snoop_2025_11_26_15_14_35.cfa,1,0x07,6,07 9D 02 00 00 03
hci_snoop_2025_11_26_15_14_35.cfa,1,0x07,6,07 9D 05 00 00 03
hci_snoop_2025_11_26_15_14_35.cfa,1,0x07,6,07 9E 01 00 00 03
hci_snoop_2025_11_26_15_14_35.cfa,1,0x07,6,07 9E 04 00 00 03
hci_snoop_2025_11_26_15_14_35.cfa,1,0x07,6,07 9F 00 00 00 03
hci_snoop_2025_11_26_15_14_35.cfa,1,0x07,6,07 9F 03 00 00 03
hci_snoop_2025_11_26_15_14_35.cfa,1,0x07,6,07 A0 02 00 00 03
hci_snoop_2025_11_26_15_14_35.cfa,1,0x07,6,07 A0 05 00 00 03
hci_snoop_2025_11_26_15_14_35.cfa,1,0x07,6,07 A1 01 00 00 03
hci_snoop_2025_11_26_15_14_35.cfa,1,0x07,6,07 A1 04 00 00 03
hci_snoop_2025_11_26_15_14_35.cfa,1,0x07,6,07 A2 00 00 00 03
hci_snoop_2025_11_26_15_14_35.cfa,1,0x07,6,07 A2 03 00 00 03
hci_snoop_2025_11_26_15_14_35.cfa,1,0x07,6,07 A3 02 00 00 03
hci_snoop_2025_11_26_15_14_35.cfa,1,0x07,6,07 A3 05 00 00 03
hci_snoop_2025_11_26_15_14_35.cfa,1,0x07,6,07 A4 01 00 00 03
hci_snoop_2025_11_26_15_14_35.cfa,1,0x07,6,07 A4 04 00 00 03
hci_snoop_2025_11_26_15_14_35.cfa,1,0x07,6,07 A5 00 00 00 03
hci_snoop_2025_11_26_15_14_35.cfa,1,0x07,6,07 A5 03 00 00 03
hci_snoop_2025_11_26_15_14_35.cfa,1,0x07,6,07 A6 02 00 00 03
hci_snoop_2025_11_26_15_14_35.cfa,1,0x07,6,07 A6 05 00 00 03
hci_snoop_2025_11_26_15_14_35.cfa,1,0x07,6,07 A7 01 00 00 03
hci_snoop_2025_11_26_15_14_35.cfa,1,0x07,6,07 A7 04 00 00 03
hci_snoop_2025_11_26_15_14_35.cfa,1,0x07,6,07 A8 00 00 00 03
hci_snoop_2025_11_26_15_14_35.cfa,1,0x07,6,07 A8 03 00 00 03
hci_snoop_2025_11_26_15_14_35.cfa,1,0x07,6,07 A9 02 00 00 03
hci_snoop_2025_11_26_15_14_35.cfa,1,0x07,6,07 A9 05 00 00 03
hci_snoop_2025_11_26_15_14_35.cfa,1,0x07,6,07 AA 01 00 00 03
hci_snoop_2025_11_26_15_14_35.cfa,1,0x07,6,07 AA 04 00 00 03
hci_snoop_2025_11_26_15_14_35.cfa,1,0x07,6,07 AB 00 00 00 03
hci_snoop_2025_11_26_15_14_35.cfa,1,0x07,6,07 AB 03 00 00 03
hci_snoop_2025_11_26_15_14_35.cfa,1,0x07,6,07 AC 02 00 00 03
hci_snoop_2025_11_26_15_14_35.cfa,1,0x07,6,07 AC 05 00 00 03
hci_snoop_2025_11_26_15_14_35.cfa,1,0x07,6,07 AD 01 00 00 03
hci_snoop_2025_11_26_15_14_35.cfa,1,0x07,6,07 AD 04 00 00 03
hci_snoop_2025_11_26_15_14_35.cfa,1,0x07,6,07 AE 00 00 00 03
hci_snoop_2025_11_26_15_14_35.cfa,1,0x07,6,07 AE 03 00 00 03
hci_snoop_2025_11_26_15_14_35.cfa,1,0x07,6,07 AF 02 00 00 03
hci_snoop_2025_11_26_15_14_35.cfa,1,0x07,6,07 AF 05 00 00 03
hci_snoop_2025_11_26_15_14_35.cfa,1,0x07,6,07 B0 01 00 00 03
hci_snoop_2025_11_26_15_14_35.cfa,1,0x07,6,07 B0 04 00 00 03
hci_snoop_2025_11_26_15_14_35.cfa,1,0x07,6,07 B1 00 00 00 03
hci_snoop_2025_11_26_15_14_35.cfa,1,0x07,6,07 B1 03 00 00 03
hci_snoop_2025_11_26_15_14_35.cfa,1,0x07,6,07 B2 02 00 00 03
hci_snoop_2025_11_26_15_14_35.cfa,1,0x07,6,07 B2 05 00 00 03
hci_snoop_2025_11_26_15_14_35.cfa,1,0x07,6,07 B3 01 00 00 03
hci_snoop_2025_11_26_15_14_35.cfa,1,0x07,6,07 B3 04 00 00 03
hci_snoop_2025_11_26_15_14_35.cfa,1,0x07,6,07 B4 00 00 00 03
hci_snoop_2025_11_26_15_14_35.cfa,1,0x07,6,07 B4 03 00 00 03
hci_snoop_2025_11_26_15_14_35.cfa,1,0x07,6,07 B5 02 00 00 03
hci_snoop_2025_11_26_15_14_35.cfa,1,0x07,6,07 B5 05 00 00 03
hci_snoop_2025_11_26_15_14_35.cfa,1,0x07,6,07 B6 01 00 00 03
hci_snoop_2025_11_26_15_14_35.cfa,1,0x07,6,07 B6 04 00 00 03
hci_snoop_2025_11_26_15_14_35.cfa,1,0x07,6,07 B7 00 00 00 03
hci_snoop_2025_11_26_15_14_35.cfa,1,0x07,6,07 B7 03 00 00 03
hci_snoop_2025_11_26_15_14_35.cfa,1,0x07,6,07 B8 02 00 00 03
hci_snoop_2025_11_26_15_14_35.cfa,1,0x07,6,07 B8 05 00 00 03
hci_snoop_2025_11_26_15_14_35.cfa,1,0x07,6,07 B9 01 00 00 03
hci_snoop_2025_11_26_15_14_35.cfa,1,0x07,6,07 B9 04 00 00 03
hci_snoop_2025_11_26_15_14_35.cfa,1,0x07,6,07 BA 00 00 00 03
hci_snoop_2025_11_26_15_14_35.cfa,1,0x07,6,07 BA 03 00 00 03
hci_snoop_2025_11_26_15_14_35.cfa,1,0x07,6,07 BB 02 00 00 03
hci_snoop_2025_11_26_15_14_35.cfa,1,0x07,6,07 BB 05 00 00 03
hci_snoop_2025_11_26_15_14_35.cfa,1,0x07,6,07 BC 01 00 00 03
hci_snoop_2025_11_26_15_14_35.cfa,1,0x07,6,07 BC 04 00 00 03
hci_snoop_2025_11_26_15_14_35.cfa,1,0x07,6,07 BD 00 00 00 03
hci_snoop_2025_11_26_15_14_35.cfa,1,0x07,6,07 BD 03 00 00 03
hci_snoop_2025_11_26_15_14_35.cfa,1,0x07,6,07 BE 02 00 00 03
hci_snoop_2025_11_26_15_14_35.cfa,1,0x07,6,07 BE 05 00 00 03
hci_snoop_2025_11_26_15_14_35.cfa,1,0x07,6,07 BF 01 00 00 03
hci_snoop_2025_11_26_15_14_35.cfa,1,0x07,6,07 BF 04 00 00 03
hci_snoop_2025_11_26_15_14_35.cfa,1,0x07,6,07 C0 00 00 00 03
hci_snoop_2025_11_26_15_14_35.cfa,1,0x07,6,07 C0 03 00 00 03
hci_snoop_2025_11_26_15_14_35.cfa,1,0x07,6,07 C1 02 00 00 03
hci_snoop_2025_11_26_15_14_35.cfa,1,0x07,6,07 C1 05 00 00 03
hci_snoop_2025_11_26_15_14_35.cfa,1,0x07,6,07 C2 01 00 00 03
hci_snoop_2025_11_26_15_14_35.cfa,1,0x07,6,07 C2 04 00 00 03
hci_snoop_2025_11_26_15_14_35.cfa,1,0x07,6,07 C3 00 00 00 03
hci_snoop_2025_11_26_15_14_35.cfa,1,0x07,6,07 C3 03 00 00 03
hci_snoop_2025_11_26_15_14_35.cfa,1,0x07,6,07 C4 02 00 00 03
hci_snoop_2025_11_26_15_14_35.cfa,1,0x07,6,07 C4 05 00 00 03
hci_snoop_2025_11_26_15_14_35.cfa,1,0x07,6,07 C5 01 00 00 03
hci_snoop_2025_11_26_15_14_35.cfa,1,0x07,6,07 C5 04 00 00 03
hci_snoop_2025_11_26_15_14_35.cfa,1,0x07,6,07 C6 00 00 00 03
hci_snoop_2025_11_26_15_14_35.cfa,1,0x07,6,07 C6 03 00 00 03
hci_snoop_2025_11_26_15_14_35.cfa,1,0x07,6,07 C7 02 00 00 03
hci_snoop_2025_11_26_15_14_35.cfa,1,0x07,6,07 C7 05 00 00 03
hci_snoop_2025_11_26_15_14_35.cfa,1,0x07,6,07 C8 01 00 00 03
hci_snoop_2025_11_26_15_14_35.cfa,1,0x07,6,07 C8 04 00 00 03
hci_snoop_2025_11_26_15_14_35.cfa,1,0x07,6,07 C9 00 00 00 03
hci_snoop_2025_11_26_15_14_35.cfa,1,0x07,6,07 C9 03 00 00 03
hci_snoop_2025_11_26_15_14_35.cfa,1,0x07,6,07 CA 02 00 00 03
hci_snoop_2025_11_26_15_14_35.cfa,1,0x07,6,07 CA 05 00 00 03
hci_snoop_2025_11_26_15_14_35.cfa,1,0x07,6,07 CB 01 00 00 03
hci_snoop_2025_11_26_15_14_35.cfa,1,0x07,6,07 CB 04 00 00 03
hci_snoop_2025_11_26_15_14_35.cfa,1,0x07,6,07 CC 00 00 00 03
hci_snoop_2025_11_26_15_14_35.cfa,1,0x07,6,07 CC 03 00 00 03
hci_snoop_2025_11_26_15_14_35.cfa,1,0x07,6,07 CD 02 00 00 03
hci_snoop_2025_11_26_15_14_35.cfa,1,0x07,6,07 CD 05 00 00 03
hci_snoop_2025_11_26_15_14_35.cfa,1,0x07,6,07 CE 01 00 00 03
hci_snoop_2025_11_26_15_14_35.cfa,1,0x07,6,07 CE 04 00 00 03
hci_snoop_2025_11_26_15_14_35.cfa,1,0x07,6,07 CF 00 00 00 03
hci_snoop_2025_11_26_15_14_35.cfa,1,0x07,6,07 CF 03 00 00 03
hci_snoop_2025_11_26_15_14_35.cfa,1,0x07,6,07 D0 02 00 00 03
hci_snoop_2025_11_26_15_14_35.cfa,1,0x07,6,07 D0 05 00 00 03
hci_snoop_2025_11_26_15_14_35.cfa,1,0x07,6,07 D1 01 00 00 03
hci_snoop_2025_11_26_15_14_35.cfa,1,0x07,6,07 D1 04 00 00 03
hci_snoop_2025_11_26_15_14_35.cfa,1,0x07,6,07 D2 00 00 00 03
hci_snoop_2025_11_26_15_14_35.cfa,1,0x07,6,07 D2 03 00 00 03
hci_snoop_2025_11_26_15_14_35.cfa,1,0x07,6,07 D3 02 00 00 03
hci_snoop_2025_11_26_15_14_35.cfa,1,0x07,6,07 D3 05 00 00 03
hci_snoop_2025_11_26_15_14_35.cfa,1,0x07,6,07 D4 01 00 00 03
hci_snoop_2025_11_26_15_14_35.cfa,1,0x07,6,07 D4 04 00 00 03
hci_snoop_2025_11_26_15_14_35.cfa,1,0x07,6,07 D5 00 00 00 03
hci_snoop_2025_11_26_15_14_35.cfa,1,0x07,6,07 D5 03 00 00 03
hci_snoop_2025_11_26_15_14_35.cfa,1,0x07,6,07 D6 02 00 00 03
hci_snoop_2025_11_26_15_14_35.cfa,1,0x07,6,07 D6 05 00 00 03
hci_snoop_2025_11_26_15_14_35.cfa,1,0x07,6,07 D7 01 00 00 03
hci_snoop_2025_11_26_15_14_35.cfa,1,0x07,6,07 D7 04 00 00 03
hci_snoop_2025_11_26_15_14_35.cfa,1,0x07,6,07 D8 00 00 00 03
hci_snoop_2025_11_26_15_14_35.cfa,1,0x07,6,07 D8 03 00 00 03
hci_snoop_2025_11_26_15_14_35.cfa,1,0x07,6,07 D9 02 00 00 03
hci_snoop_2025_11_26_15_14_35.cfa,1,0x07,6,07 D9 05 00 00 03
hci_snoop_2025_11_26_15_14_35.cfa,1,0x07,6,07 DA 01 00 00 03
hci_snoop_2025_11_26_15_14_35.cfa,1,0x07,6,07 DA 04 00 00 03
hci_snoop_2025_11_26_15_14_35.cfa,1,0x07,6,07 DB 00 00 00 03
hci_snoop_2025_11_26_15_14_35.cfa,1,0x07,6,07 DB 03 00 00 03
hci_snoop_2025_11_26_15_14_35.cfa,1,0x07,6,07 DC 02 00 00 03
hci_snoop_2025_11_26_15_14_35.cfa,1,0x07,6,07 DC 05 00 00 03
hci_snoop_2025_11_26_15_14_35.cfa,1,0x07,6,07 DD 01 00 00 03
hci_snoop_2025_11_26_15_14_35.cfa,1,0x07,6,07 DD 04 00 00 03
hci_snoop_2025_11_26_15_14_35.cfa,1,0x07,6,07 DE 00 00 00 03
hci_snoop_2025_11_26_15_14_35.cfa,1,0x07,6,07 DE 03 00 00 03
hci_snoop_2025_11_26_15_14_35.cfa,1,0x07,6,07 DF 02 00 00 03
hci_snoop_2025_11_26_15_14_35.cfa,1,0x07,6,07 DF 05 00 00 03
hci_snoop_2025_11_26_15_14_35.cfa,1,0x07,6,07 E0 01 00 00 03
hci_snoop_2025_11_26_15_14_35.cfa,1,0x07,6,07 E0 04 00 00 03
hci_snoop_2025_11_26_15_14_35.cfa,1,0x07,6,07 E1 00 00 00 03
hci_snoop_2025_11_26_15_14_35.cfa,1,0x07,6,07 E1 03 00 00 03
hci_snoop_2025_11_26_15_14_35.cfa,1,0x07,6,07 E2 02 00 00 03
hci_snoop_2025_11_26_15_14_35.cfa,1,0x07,6,07 E2 05 00 00 03
hci_snoop_2025_11_26_15_14_35.cfa,1,0x07,6,07 E3 01 00 00 03
hci_snoop_2025_11_26_15_14_35.cfa,1,0x07,6,07 E3 04 00 00 03
hci_snoop_2025_11_26_15_14_35.cfa,1,0x07,6,07 E4 00 00 00 03
hci_snoop_2025_11_26_15_14_35.cfa,1,0x07,6,07 E4 03 00 00 03
hci_snoop_2025_11_26_15_14_35.cfa,1,0x07,6,07 E5 02 00 00 03
hci_snoop_2025_11_26_15_14_35.cfa,1,0x07,6,07 E5 05 00 00 03
hci_snoop_2025_11_26_15_14_35.cfa,1,0x07,6,07 E6 01 00 00 03
hci_snoop_2025_11_26_15_14_35.cfa,1,0x07,6,07 E6 04 00 00 03
hci_snoop_2025_11_26_15_14_35.cfa,1,0x07,6,07 E7 00 00 00 03
hci_snoop_2025_11_26_15_14_35.cfa,1,0x07,6,07 E7 03 00 00 03
hci_snoop_2025_11_26_15_14_35.cfa,1,0x07,6,07 E8 02 00 00 03
hci_snoop_2025_11_26_15_14_35.cfa,1,0x07,6,07 E8 05 00 00 03
hci_snoop_2025_11_26_15_14_35.cfa,1,0x07,6,07 E9 01 00 00 03
hci_snoop_2025_11_26_15_14_35.cfa,1,0x07,6,07 E9 04 00 00 03
hci_snoop_2025_11_26_15_14_35.cfa,1,0x07,6,07 EA 00 00 00 03
hci_snoop_2025_11_26_15_14_35.cfa,1,0x07,6,07 EA 03 00 00 03
hci_snoop_2025_11_26_15_14_35.cfa,1,0x07,6,07 EB 02 00 00 03
hci_snoop_2025_11_26_15_14_35.cfa,1,0x07,6,07 EB 05 00 00 03
hci_snoop_2025_11_26_15_14_35.cfa,1,0x07,6,07 EC 01 00 00 03
hci_snoop_2025_11_26_15_14_35.cfa,1,0x07,6,07 EC 04 00 00 03
hci_snoop_2025_11_26_15_14_35.cfa,1,0x07,6,07 ED 00 00 00 03
hci_snoop_2025_11_26_15_14_35.cfa,1,0x07,6,07 ED 03 00 00 03
hci_snoop_2025_11_26_15_14_35.cfa,1,0x07,6,07 EE 02 00 00 03
hci_snoop_2025_11_26_15_14_35.cfa,1,0x07,6,07 EE 05 00 00 03
hci_snoop_2025_11_26_15_14_35.cfa,1,0x07,6,07 EF 01 00 00 03
hci_snoop_2025_11_26_15_14_35.cfa,1,0x07,6,07 EF 04 00 00 03
hci_snoop_2025_11_26_15_14_35.cfa,1,0x07,6,07 F0 00 00 00 03
hci_snoop_2025_11_26_15_14_35.cfa,1,0x07,6,07 F0 03 00 00 03
hci_snoop_2025_11_26_15_14_35.cfa,1,0x07,6,07 F1 02 00 00 03
hci_snoop_2025_11_26_15_14_35.cfa,1,0x07,6,07 F1 05 00 00 03
hci_snoop_2025_11_26_15_14_35.cfa,1,0x07,6,07 F2 01 00 00 03
hci_snoop_2025_11_26_15_14_35.cfa,1,0x07,6,07 F2 04 00 00 03
hci_snoop_2025_11_26_15_14_35.cfa,1,0x07,6,07 F3 00 00 00 03
hci_snoop_2025_11_26_15_14_35.cfa,1,0x07,6,07 F3 03 00 00 03
hci_snoop_2025_11_26_15_14_35.cfa,1,0x07,6,07 F4 02 00 00 03
hci_snoop_2025_11_26_15_14_35.cfa,1,0x07,6,07 F4 05 00 00 03
hci_snoop_2025_11_26_15_14_35.cfa,1,0x07,6,07 F5 01 00 00 03
hci_snoop_2025_11_26_15_14_35.cfa,1,0x07,6,07 F5 04 00 00 03
hci_snoop_2025_11_26_15_14_35.cfa,1,0x07,6,07 F6 00 00 00 03
hci_snoop_2025_11_26_15_14_35.cfa,1,0x07,6,07 F6 03 00 00 03
hci_snoop_2025_11_26_15_14_35.cfa,1,0x07,6,07 F7 02 00 00 03
hci_snoop_2025_11_26_15_14_35.cfa,1,0x07,6,07 F7 05 00 00 03
hci_snoop_2025_11_26_15_14_35.cfa,1,0x07,6,07 F8 01 00 00 03
hci_snoop_2025_11_26_15_14_35.cfa,1,0x07,6,07 F8 04 00 00 03
hci_snoop_2025_11_26_15_14_35.cfa,1,0x07,6,07 F9 00 00 00 03
hci_snoop_2025_11_26_15_14_35.cfa,1,0x07,6,07 F9 03 00 00 03
hci_snoop_2025_11_26_15_14_35.cfa,1,0x07,6,07 FA 02 00 00 03
hci_snoop_2025_11_26_15_14_35.cfa,1,0x07,6,07 FA 05 00 00 03
hci_snoop_2025_11_26_15_14_35.cfa,1,0x07,6,07 FB 01 00 00 03
hci_snoop_2025_11_26_15_14_35.cfa,1,0x07,6,07 FB 04 00 00 03
hci_snoop_2025_11_26_15_14_35.cfa,1,0x07,6,07 FC 00 00 00 03
hci_snoop_2025_11_26_15_14_35.cfa,1,0x07,6,07 FC 03 00 00 03
hci_snoop_2025_11_26_15_14_35.cfa,1,0x07,6,07 FD 02 00 00 03
hci_snoop_2025_11_26_15_14_35.cfa,1,0x07,6,07 FD 05 00 00 03
hci_snoop_2025_11_26_15_14_35.cfa,1,0x07,6,07 FE 01 00 00 03
hci_snoop_2025_11_26_15_14_35.cfa,1,0x07,6,07 FE 04 00 00 03
hci_snoop_2025_11_26_15_14_35.cfa,1,0x07,6,07 FF 00 00 00 03
hci_snoop_2025_11_26_15_14_35.cfa,1,0x07,6,07 FF 03 00 00 03
hci_snoop_2025_11_26_15_14_35.cfa,1,0x18,4,18 00 00 70
hci_snoop_2025_11_26_15_14_35.cfa,1,0x18,4,18 E7 03 5E
hci_snoop_2025_11_26_15_14_35.cfa,1,0x1A,1,1A
old/hci_snoop_2018_01_01_12_06_26.cfa,3,0x01,1,01
old/hci_snoop_2018_01_01_12_06_26.cfa,2,0x07,6,07 01 02 00 00 03
old/hci_snoop_2018_01_01_12_06_26.cfa,2,0x07,6,07 02 01 00 00 03
old/hci_snoop_2018_01_01_12_06_26.cfa,2,0x07,6,07 04 02 00 00 03
old/hci_snoop_2018_01_01_12_06_26.cfa,2,0x07,6,07 05 01 00 00 03
old/hci_snoop_2018_01_01_12_06_26.cfa,2,0x07,6,07 07 02 00 00 03
old/hci_snoop_2018_01_01_12_06_26.cfa,2,0x07,6,07 08 01 00 00 03
old/hci_snoop_2018_01_01_12_06_26.cfa,2,0x07,6,07 0A 02 00 00 03
old/hci_snoop_2018_01_01_12_06_26.cfa,2,0x07,6,07 0B 01 00 00 03
old/hci_snoop_2018_01_01_12_06_26.cfa,2,0x07,6,07 0D 02 00 00 03
old/hci_snoop_2018_01_01_12_06_26.cfa,2,0x07,6,07 0E 01 00 00 03
old/hci_snoop_2018_01_01_12_06_26.cfa,2,0x07,6,07 10 02 00 00 03
old/hci_snoop_2018_01_01_12_06_26.cfa,2,0x07,6,07 11 01 00 00 03
old/hci_snoop_2018_01_01_12_06_26.cfa,2,0x07,6,07 13 02 00 00 03
old/hci_snoop_2018_01_01_12_06_26.cfa,2,0x07,6,07 14 01 00 00 03
old/hci_snoop_2018_01_01_12_06_26.cfa,2,0x07,6,07 16 02 00 00 03
old/hci_snoop_2018_01_01_12_06_26.cfa,2,0x07,6,07 17 01 00 00 03
old/hci_snoop_2018_01_01_12_06_26.cfa,2,0x07,6,07 19 02 00 00 03
old/hci_snoop_2018_01_01_12_06_26.cfa,2,0x07,6,07 1A 01 00 00 03
old/hci_snoop_2018_01_01_12_06_26.cfa,2,0x07,6,07 1C 02 00 00 03
old/hci_snoop_2018_01_01_12_06_26.cfa,2,0x07,6,07 1D 01 00 00 03
old/hci_snoop_2018_01_01_12_06_26.cfa,2,0x07,6,07 1F 02 00 00 03
old/hci_snoop_2018_01_01_12_06_26.cfa,2,0x07,6,07 20 01 00 00 03
old/hci_snoop_2018_01_01_12_06_26.cfa,2,0x07,6,07 22 02 00 00 03
old/hci_snoop_2018_01_01_12_06_26.cfa,2,0x07,6,07 23 01 00 00 03
old/hci_snoop_2018_01_01_12_06_26.cfa,2,0x07,6,07 25 02 00 00 03
old/hci_snoop_2018_01_01_12_06_26.cfa,2,0x07,6,07 26 01 00 00 03
old/hci_snoop_2018_01_01_12_06_26.cfa,2,0x07,6,07 28 02 00 00 03
old/hci_snoop_2018_01_01_12_06_26.cfa,2,0x07,6,07 29 01 00 00 03
old/hci_snoop_2018_01_01_12_06_26.cfa,2,0x07,6,07 2B 02 00 00 03
old/hci_snoop_2018_01_01_12_06_26.cfa,2,0x07,6,07 2C 01 00 00 03
old/hci_snoop_2018_01_01_12_06_26.cfa,2,0x07,6,07 2E 02 00 00 03
old/hci_snoop_2018_01_01_12_06_26.cfa,2,0x07,6,07 2F 01 00 00 03
old/hci_snoop_2018_01_01_12_06_26.cfa,2,0x07,6,07 31 02 00 00 03
old/hci_snoop_2018_01_01_12_06_26.cfa,2,0x07,6,07 32 01 00 00 03
old/hci_snoop_2018_01_01_12_06_26.cfa,2,0x07,6,07 34 02 00 00 03
old/hci_snoop_2018_01_01_12_06_26.cfa,2,0x07,6,07 35 01 00 00 03
old/hci_snoop_2018_01_01_12_06_26.cfa,2,0x07,6,07 37 02 00 00 03
old/hci_snoop_2018_01_01_12_06_26.cfa,2,0x07,6,07 38 01 00 00 03
old/hci_snoop_2018_01_01_12_06_26.cfa,2,0x07,6,07 3A 02 00 00 03
old/hci_snoop_2018_01_01_12_06_26.cfa,2,0x07,6,07 3B 01 00 00 03
old/hci_snoop_2018_01_01_12_06_26.cfa,2,0x07,6,07 3D 02 00 00 03
old/hci_snoop_2018_01_01_12_06_26.cfa,2,0x07,6,07 3E 01 00 00 03
old/hci_snoop_2018_01_01_12_06_26.cfa,2,0x07,6,07 40 02 00 00 03
old/hci_snoop_2018_01_01_12_06_26.cfa,2,0x07,6,07 41 01 00 00 03
old/hci_snoop_2018_01_01_12_06_26.cfa,2,0x07,6,07 43 02 00 00 03
old/hci_snoop_2018_01_01_12_06_26.cfa,2,0x07,6,07 44 01 00 00 03
old/hci_snoop_2018_01_01_12_06_26.cfa,2,0x07,6,07 46 02 00 00 03
old/hci_snoop_2018_01_01_12_06_26.cfa,2,0x07,6,07 47 01 00 00 03
old/hci_snoop_2018_01_01_12_06_26.cfa,2,0x07,6,07 49 02 00 00 03
old/hci_snoop_2018_01_01_12_06_26.cfa,2,0x07,6,07 4A 01 00 00 03
old/hci_snoop_2018_01_01_12_06_26.cfa,2,0x07,6,07 4C 02 00 00 03
old/hci_snoop_2018_01_01_12_06_26.cfa,2,0x07,6,07 4D 01 00 00 03
old/hci_snoop_2018_01_01_12_06_26.cfa,2,0x07,6,07 4F 02 00 00 03
old/hci_snoop_2018_01_01_12_06_26.cfa,2,0x07,6,07 50 01 00 00 03
old/hci_snoop_2018_01_01_12_06_26.cfa,2,0x07,6,07 52 02 00 00 03
old/hci_snoop_2018_01_01_12_06_26.cfa,2,0x07,6,07 53 01 00 00 03
old/hci_snoop_2018_01_01_12_06_26.cfa,2,0x07,6,07 55 02 00 00 03
old/hci_snoop_2018_01_01_12_06_26.cfa,2,0x07,6,07 56 01 00 00 03
old/hci_snoop_2018_01_01_12_06_26.cfa,2,0x07,6,07 58 02 00 00 03
old/hci_snoop_2018_01_01_12_06_26.cfa,2,0x07,6,07 59 01 00 00 03
old/hci_snoop_2018_01_01_12_06_26.cfa,2,0x07,6,07 5B 02 00 00 03
old/hci_snoop_2018_01_01_12_06_26.cfa,2,0x07,6,07 5C 01 00 00 03
old/hci_snoop_2018_01_01_12_06_26.cfa,2,0x07,6,07 5E 02 00 00 03
old/hci_snoop_2018_01_01_12_06_26.cfa,2,0x07,6,07 5F 01 00 00 03
old/hci_snoop_2018_01_01_12_06_26.cfa,2,0x07,6,07 61 02 00 00 03
old/hci_snoop_2018_01_01_12_06_26.cfa,2,0x07,6,07 62 01 00 00 03
old/hci_snoop_2018_01_01_12_06_26.cfa,2,0x07,6,07 64 02 00 00 03
old/hci_snoop_2018_01_01_12_06_26.cfa,2,0x07,6,07 65 01 00 00 03
old/hci_snoop_2018_01_01_12_06_26.cfa,2,0x07,6,07 68 01 00 00 03
old/hci_snoop_2018_01_01_12_06_26.cfa,2,0x07,6,07 6B 01 00 00 03
old/hci_snoop_2018_01_01_12_06_26.cfa,2,0x07,6,07 6E 01 00 00 03
old/hci_snoop_2018_01_01_12_06_26.cfa,2,0x07,6,07 71 01 00 00 03
old/hci_snoop_2018_01_01_12_06_26.cfa,2,0x07,6,07 72 00 00 00 03
old/hci_snoop_2018_01_01_12_06_26.cfa,2,0x07,6,07 74 01 00 00 03
old/hci_snoop_2018_01_01_12_06_26.cfa,2,0x07,6,07 75 00 00 00 03
old/hci_snoop_2018_01_01_12_06_26.cfa,2,0x07,6,07 77 01 00 00 03
old/hci_snoop_2018_01_01_12_06_26.cfa,2,0x07,6,07 78 00 00 00 03
old/hci_snoop_2018_01_01_12_06_26.cfa,2,0x07,6,07 7A 01 00 00 03
old/hci_snoop_2018_01_01_12_06_26.cfa,2,0x07,6,07 7B 00 00 00 03
old/hci_snoop_2018_01_01_12_06_26.cfa,2,0x07,6,07 7D 01 00 00 03
old/hci_snoop_2018_01_01_12_06_26.cfa,2,0x07,6,07 7E 00 00 00 03
old/hci_snoop_2018_01_01_12_06_26.cfa,2,0x07,6,07 80 01 00 00 03
old/hci_snoop_2018_01_01_12_06_26.cfa,2,0x07,6,07 81 00 00 00 03
old/hci_snoop_2018_01_01_12_06_26.cfa,2,0x07,6,07 83 01 00 00 03
old/hci_snoop_2018_01_01_12_06_26.cfa,2,0x07,6,07 84 00 00 00 03
old/hci_snoop_2018_01_01_12_06_26.cfa,2,0x07,6,07 86 01 00 00 03
old/hci_snoop_2018_01_01_12_06_26.cfa,2,0x07,6,07 87 00 00 00 03
old/hci_snoop_2018_01_01_12_06_26.cfa,2,0x07,6,07 89 01 00 00 03
old/hci_snoop_2018_01_01_12_06_26.cfa,2,0x07,6,07 8A 00 00 00 03
old/hci_snoop_2018_01_01_12_06_26.cfa,2,0x07,6,07 8C 01 00 00 03
old/hci_snoop_2018_01_01_12_06_26.cfa,2,0x07,6,07 8D 00 00 00 03
old/hci_snoop_2018_01_01_12_06_26.cfa,2,0x07,6,07 8F 01 00 00 03
old/hci_snoop_2018_01_01_12_06_26.cfa,2,0x07,6,07 90 00 00 00 03
old/hci_snoop_2018_01_01_12_06_26.cfa,2,0x07,6,07 92 01 00 00 03
old/hci_snoop_2018_01_01_12_06_26.cfa,2,0x07,6,07 93 00 00 00 03
old/hci_snoop_2018_01_01_12_06_26.cfa,2,0x07,6,07 95 01 00 00 03
old/hci_snoop_2018_01_01_12_06_26.cfa,2,0x07,6,07 96 00 00 00 03
old/hci_snoop_2018_01_01_12_06_26.cfa,2,0x07,6,07 98 01 00 00 03
old/hci_snoop_2018_01_01_12_06_26.cfa,2,0x07,6,07 99 00 00 00 03
old/hci_snoop_2018_01_01_12_06_26.cfa,2,0x07,6,07 9B 01 00 00 03
old/hci_snoop_2018_01_01_12_06_26.cfa,2,0x07,6,07 9C 00 00 00 03
old/hci_snoop_2018_01_01_12_06_26.cfa,2,0x07,6,07 9E 01 00 00 03
old/hci_snoop_2018_01_01_12_06_26.cfa,2,0x07,6,07 9F 00 00 00 03
old/hci_snoop_2018_01_01_12_06_26.cfa,2,0x07,6,07 A1 01 00 00 03
old/hci_snoop_2018_01_01_12_06_26.cfa,2,0x07,6,07 A2 00 00 00 03
old/hci_snoop_2018_01_01_12_06_26.cfa,2,0x07,6,07 A4 01 00 00 03
old/hci_snoop_2018_01_01_12_06_26.cfa,2,0x07,6,07 A5 00 00 00 03
old/hci_snoop_2018_01_01_12_06_26.cfa,2,0x07,6,07 A7 01 00 00 03
old/hci_snoop_2018_01_01_12_06_26.cfa,2,0x07,6,07 A8 00 00 00 03
old/hci_snoop_2018_01_01_12_06_26.cfa,2,0x07,6,07 AA 01 00 00 03
old/hci_snoop_2018_01_01_12_06_26.cfa,2,0x07,6,07 AB 00 00 00 03
old/hci_snoop_2018_01_01_12_06_26.cfa,2,0x07,6,07 AD 01 00 00 03
old/hci_snoop_2018_01_01_12_06_26.cfa,2,0x07,6,07 AE 00 00 00 03
old/hci_snoop_2018_01_01_12_06_26.cfa,2,0x07,6,07 B0 01 00 00 03
old/hci_snoop_2018_01_01_12_06_26.cfa,2,0x07,6,07 B1 00 00 00 03
old/hci_snoop_2018_01_01_12_06_26.cfa,2,0x07,6,07 B3 01 00 00 03
old/hci_snoop_2018_01_01_12_06_26.cfa,2,0x07,6,07 B4 00 00 00 03
old/hci_snoop_2018_01_01_12_06_26.cfa,2,0x07,6,07 B6 01 00 00 03
old/hci_snoop_2018_01_01_12_06_26.cfa,2,0x07,6,07 B7 00 00 00 03
old/hci_snoop_2018_01_01_12_06_26.cfa,2,0x07,6,07 B9 01 00 00 03
old/hci_snoop_2018_01_01_12_06_26.cfa,2,0x07,6,07 BA 00 00 00 03
old/hci_snoop_2018_01_01_12_06_26.cfa,2,0x07,6,07 BC 01 00 00 03
old/hci_snoop_2018_01_01_12_06_26.cfa,2,0x07,6,07 BD 00 00 00 03
old/hci_snoop_2018_01_01_12_06_26.cfa,2,0x07,6,07 BF 01 00 00 03
old/hci_snoop_2018_01_01_12_06_26.cfa,2,0x07,6,07 C0 00 00 00 03
old/hci_snoop_2018_01_01_12_06_26.cfa,2,0x07,6,07 C2 01 00 00 03
old/hci_snoop_2018_01_01_12_06_26.cfa,2,0x07,6,07 C3 00 00 00 03
old/hci_snoop_2018_01_01_12_06_26.cfa,2,0x07,6,07 C5 01 00 00 03
old/hci_snoop_2018_01_01_12_06_26.cfa,2,0x07,6,07 C6 00 00 00 03
old/hci_snoop_2018_01_01_12_06_26.cfa,2,0x07,6,07 C8 01 00 00 03
old/hci_snoop_2018_01_01_12_06_26.cfa,2,0x07,6,07 C9 00 00 00 03
old/hci_snoop_2018_01_01_12_06_26.cfa,2,0x07,6,07 CB 01 00 00 03
old/hci_snoop_2018_01_01_12_06_26.cfa,2,0x07,6,07 CC 00 00 00 03
old/hci_snoop_2018_01_01_12_06_26.cfa,2,0x07,6,07 CE 01 00 00 03
old/hci_snoop_2018_01_01_12_06_26.cfa,2,0x07,6,07 CF 00 00 00 03
old/hci_snoop_2018_01_01_12_06_26.cfa,2,0x07,6,07 D1 01 00 00 03
old/hci_snoop_2018_01_01_12_06_26.cfa,2,0x07,6,07 D2 00 00 00 03
old/hci_snoop_2018_01_01_12_06_26.cfa,2,0x07,6,07 D4 01 00 00 03
old/hci_snoop_2018_01_01_12_06_26.cfa,2,0x07,6,07 D5 00 00 00 03
old/hci_snoop_2018_01_01_12_06_26.cfa,2,0x07,6,07 D7 01 00 00 03
old/hci_snoop_2018_01_01_12_06_26.cfa,2,0x07,6,07 D8 00 00 00 03
old/hci_snoop_2018_01_01_12_06_26.cfa,2,0x07,6,07 DA 01 00 00 03
old/hci_snoop_2018_01_01_12_06_26.cfa,2,0x07,6,07 DB 00 00 00 03
old/hci_snoop_2018_01_01_12_06_26.cfa,2,0x07,6,07 DD 01 00 00 03
old/hci_snoop_2018_01_01_12_06_26.cfa,2,0x07,6,07 DE 00 00 00 03
old/hci_snoop_2018_01_01_12_06_26.cfa,2,0x07,6,07 E0 01 00 00 03
old/hci_snoop_2018_01_01_12_06_26.cfa,2,0x07,6,07 E1 00 00 00 03
old/hci_snoop_2018_01_01_12_06_26.cfa,2,0x07,6,07 E3 01 00 00 03
old/hci_snoop_2018_01_01_12_06_26.cfa,2,0x07,6,07 E4 00 00 00 03
old/hci_snoop_2018_01_01_12_06_26.cfa,2,0x07,6,07 E6 01 00 00 03
old/hci_snoop_2018_01_01_12_06_26.cfa,2,0x07,6,07 E7 00 00 00 03
old/hci_snoop_2018_01_01_12_06_26.cfa,2,0x07,6,07 E9 01 00 00 03
old/hci_snoop_2018_01_01_12_06_26.cfa,2,0x07,6,07 EA 00 00 00 03
old/hci_snoop_2018_01_01_12_06_26.cfa,2,0x07,6,07 EC 01 00 00 03
old/hci_snoop_2018_01_01_12_06_26.cfa,2,0x07,6,07 ED 00 00 00 03
old/hci_snoop_2018_01_01_12_06_26.cfa,2,0x07,6,07 EF 01 00 00 03
old/hci_snoop_2018_01_01_12_06_26.cfa,2,0x07,6,07 F0 00 00 00 03
old/hci_snoop_2018_01_01_12_06_26.cfa,2,0x07,6,07 F2 01 00 00 03
old/hci_snoop_2018_01_01_12_06_26.cfa,2,0x07,6,07 F3 00 00 00 03
old/hci_snoop_2018_01_01_12_06_26.cfa,2,0x07,6,07 F5 01 00 00 03
old/hci_snoop_2018_01_01_12_06_26.cfa,2,0x07,6,07 F6 00 00 00 03
old/hci_snoop_2018_01_01_12_06_26.cfa,2,0x07,6,07 F8 01 00 00 03
old/hci_snoop_2018_01_01_12_06_26.cfa,2,0x07,6,07 F9 00 00 00 03
old/hci_snoop_2018_01_01_12_06_26.cfa,2,0x07,6,07 FB 01 00 00 03
old/hci_snoop_2018_01_01_12_06_26.cfa,2,0x07,6,07 FC 00 00 00 03
old/hci_snoop_2018_01_01_12_06_26.cfa,2,0x07,6,07 FE 01 00 00 03
old/hci_snoop_2018_01_01_12_06_26.cfa,2,0x07,6,07 FF 00 00 00 03
old/hci_snoop_2018_01_01_12_06_26.cfa,1,0x07,6,07 00 00 00 00 03
old/hci_snoop_2018_01_01_12_06_26.cfa,1,0x07,6,07 03 00 00 00 03
old/hci_snoop_2018_01_01_12_06_26.cfa,1,0x07,6,07 06 00 00 00 03
old/hci_snoop_2018_01_01_12_06_26.cfa,1,0x07,6,07 09 00 00 00 03
old/hci_snoop_2018_01_01_12_06_26.cfa,1,0x07,6,07 0C 00 00 00 03
old/hci_snoop_2018_01_01_12_06_26.cfa,1,0x07,6,07 0F 00 00 00 03
old/hci_snoop_2018_01_01_12_06_26.cfa,1,0x07,6,07 12 00 00 00 03
old/hci_snoop_2018_01_01_12_06_26.cfa,1,0x07,6,07 15 00 00 00 03
old/hci_snoop_2018_01_01_12_06_26.cfa,1,0x07,6,07 18 00 00 00 03
old/hci_snoop_2018_01_01_12_06_26.cfa,1,0x07,6,07 1B 00 00 00 03
old/hci_snoop_2018_01_01_12_06_26.cfa,1,0x07,6,07 1E 00 00 00 03
old/hci_snoop_2018_01_01_12_06_26.cfa,1,0x07,6,07 21 00 00 00 03
old/hci_snoop_2018_01_01_12_06_26.cfa,1,0x07,6,07 24 00 00 00 03
old/hci_snoop_2018_01_01_12_06_26.cfa,1,0x07,6,07 27 00 00 00 03
old/hci_snoop_2018_01_01_12_06_26.cfa,1,0x07,6,07 2A 00 00 00 03
old/hci_snoop_2018_01_01_12_06_26.cfa,1,0x07,6,07 2D 00 00 00 03
old/hci_snoop_2018_01_01_12_06_26.cfa,1,0x07,6,07 30 00 00 00 03
old/hci_snoop_2018_01_01_12_06_26.cfa,1,0x07,6,07 33 00 00 00 03
old/hci_snoop_2018_01_01_12_06_26.cfa,1,0x07,6,07 36 00 00 00 03
old/hci_snoop_2018_01_01_12_06_26.cfa,1,0x07,6,07 39 00 00 00 03
old/hci_snoop_2018_01_01_12_06_26.cfa,1,0x07,6,07 3C 00 00 00 03
old/hci_snoop_2018_01_01_12_06_26.cfa,1,0x07,6,07 3F 00 00 00 03
old/hci_snoop_2018_01_01_12_06_26.cfa,1,0x07,6,07 42 00 00 00 03
old/hci_snoop_2018_01_01_12_06_26.cfa,1,0x07,6,07 45 00 00 00 03
old/hci_snoop_2018_01_01_12_06_26.cfa,1,0x07,6,07 48 00 00 00 03
old/hci_snoop_2018_01_01_12_06_26.cfa,1,0x07,6,07 4B 00 00 00 03
old/hci_snoop_2018_01_01_12_06_26.cfa,1,0x07,6,07 4E 00 00 00 03
old/hci_snoop_2018_01_01_12_06_26.cfa,1,0x07,6,07 51 00 00 00 03
old/hci_snoop_2018_01_01_12_06_26.cfa,1,0x07,6,07 54 00 00 00 03
old/hci_snoop_2018_01_01_12_06_26.cfa,1,0x07,6,07 57 00 00 00 03
old/hci_snoop_2018_01_01_12_06_26.cfa,1,0x07,6,07 5A 00 00 00 03
old/hci_snoop_2018_01_01_12_06_26.cfa,1,0x07,6,07 5D 00 00 00 03
old/hci_snoop_2018_01_01_12_06_26.cfa,1,0x07,6,07 60 00 00 00 03
old/hci_snoop_2018_01_01_12_06_26.cfa,1,0x07,6,07 63 00 00 00 03
old/hci_snoop_2018_01_01_12_06_26.cfa,1,0x07,6,07 66 00 00 00 03
old/hci_snoop_2018_01_01_12_06_26.cfa,1,0x07,6,07 69 00 00 00 03
old/hci_snoop_2018_01_01_12_06_26.cfa,1,0x07,6,07 6C 00 00 00 03
old/hci_snoop_2018_01_01_12_06_26.cfa,1,0x07,6,07 6F 00 00 00 03
old/hci_snoop_2018_01_01_12_06_26.cfa,1,0x1A,1,1A
old/hci_snoop_2025_11_21_07_45_17.cfa,1,0x01,1,01
old/hci_snoop_2025_11_21_07_45_17.cfa,1,0x05,9,05 FF FF FF FF FF FF FF FF
old/hci_snoop_2025_11_21_07_45_17.cfa,1,0x07,6,07 00 00 00 00 03
old/hci_snoop_2025_11_21_07_45_17.cfa,1,0x07,6,07 00 03 00 00 03
old/hci_snoop_2025_11_21_07_45_17.cfa,1,0x07,6,07 01 02 00 00 03
old/hci_snoop_2025_11_21_07_45_17.cfa,1,0x07,6,07 02 01 00 00 03
old/hci_snoop_2025_11_21_07_45_17.cfa,1,0x07,6,07 03 00 00 00 03
old/hci_snoop_2025_11_21_07_45_17.cfa,1,0x07,6,07 03 03 00 00 03
old/hci_snoop_2025_11_21_07_45_17.cfa,1,0x07,6,07 04 02 00 00 03
old/hci_snoop_2025_11_21_07_45_17.cfa,1,0x07,6,07 05 01 00 00 03
old/hci_snoop_2025_11_21_07_45_17.cfa,1,0x07,6,07 06 00 00 00 03
old/hci_snoop_2025_11_21_07_45_17.cfa,1,0x07,6,07 06 03 00 00 03
old/hci_snoop_2025_11_21_07_45_17.cfa,1,0x07,6,07 07 02 00 00 03
old/hci_snoop_2025_11_21_07_45_17.cfa,1,0x07,6,07 08 01 00 00 03
old/hci_snoop_2025_11_21_07_45_17.cfa,1,0x07,6,07 09 00 00 00 03
old/hci_snoop_2025_11_21_07_45_17.cfa,1,0x07,6,07 09 03 00 00 03
old/hci_snoop_2025_11_21_07_45_17.cfa,1,0x07,6,07 0A 02 00 00 03
old/hci_snoop_2025_11_21_07_45_17.cfa,1,0x07,6,07 0B 01 00 00 03
old/hci_snoop_2025_11_21_07_45_17.cfa,1,0x07,6,07 0C 00 00 00 03
old/hci_snoop_2025_11_21_07_45_17.cfa,1,0x07,6,07 0C 03 00 00 03
old/hci_snoop_2025_11_21_07_45_17.cfa,1,0x07,6,07 0D 02 00 00 03
old/hci_snoop_2025_11_21_07_45_17.cfa,1,0x07,6,07 0E 01 00 00 03
old/hci_snoop_2025_11_21_07_45_17.cfa,1,0x07,6,07 0F 00 00 00 03
old/hci_snoop_2025_11_21_07_45_17.cfa,1,0x07,6,07 0F 03 00 00 03
old/hci_snoop_2025_11_21_07_45_17.cfa,1,0x07,6,07 10 02 00 00 03
old/hci_snoop_2025_11_21_07_45_17.cfa,1,0x07,6,07 11 01 00 00 03
old/hci_snoop_2025_11_21_07_45_17.cfa,1,0x07,6,07 12 00 00 00 03
old/hci_snoop_2025_11_21_07_45_17.cfa,1,0x07,6,07 12 03 00 00 03
old/hci_snoop_2025_11_21_07_45_17.cfa,1,0x07,6,07 13 02 00 00 03
old/hci_snoop_2025_11_21_07_45_17.cfa,1,0x07,6,07 14 01 00 00 03
old/hci_snoop_2025_11_21_07_45_17.cfa,1,0x07,6,07 15 00 00 00 03
old/hci_snoop_2025_11_21_07_45_17.cfa,1,0x07,6,07 15 03 00 00 03
old/hci_snoop_2025_11_21_07_45_17.cfa,1,0x07,6,07 16 02 00 00 03
old/hci_snoop_2025_11_21_07_45_17.cfa,1,0x07,6,07 17 01 00 00 03
old/hci_snoop_2025_11_21_07_45_17.cfa,1,0x07,6,07 18 00 00 00 03
old/hci_snoop_2025_11_21_07_45_17.cfa,1,0x07,6,07 18 03 00 00 03
old/hci_snoop_2025_11_21_07_45_17.cfa,1,0x07,6,07 19 02 00 00 03
old/hci_snoop_2025_11_21_07_45_17.cfa,1,0x07,6,07 1A 01 00 00 03
old/hci_snoop_2025_11_21_07_45_17.cfa,1,0x07,6,07 1B 00 00 00 03
old/hci_snoop_2025_11_21_07_45_17.cfa,1,0x07,6,07 1B 03 00 00 03
old/hci_snoop_2025_11_21_07_45_17.cfa,1,0x07,6,07 1C 02 00 00 03
old/hci_snoop_2025_11_21_07_45_17.cfa,1,0x07,6,07 1D 01 00 00 03
old/hci_snoop_2025_11_21_07_45_17.cfa,1,0x07,6,07 1E 00 00 00 03
old/hci_snoop_2025_11_21_07_45_17.cfa,1,0x07,6,07 1E 03 00 00 03
old/hci_snoop_2025_11_21_07_45_17.cfa,1,0x07,6,07 1F 02 00 00 03
old/hci_snoop_2025_11_21_07_45_17.cfa,1,0x07,6,07 20 01 00 00 03
old/hci_snoop_2025_11_21_07_45_17.cfa,1,0x07,6,07 21 00 00 00 03
old/hci_snoop_2025_11_21_07_45_17.cfa,1,0x07,6,07 21 03 00 00 03
old/hci_snoop_2025_11_21_07_45_17.cfa,1,0x07,6,07 22 02 00 00 03
old/hci_snoop_2025_11_21_07_45_17.cfa,1,0x07,6,07 23 01 00 00 03
old/hci_snoop_2025_11_21_07_45_17.cfa,1,0x07,6,07 24 00 00 00 03
old/hci_snoop_2025_11_21_07_45_17.cfa,1,0x07,6,07 24 03 00 00 03
old/hci_snoop_2025_11_21_07_45_17.cfa,1,0x07,6,07 25 02 00 00 03
old/hci_snoop_2025_11_21_07_45_17.cfa,1,0x07,6,07 26 01 00 00 03
old/hci_snoop_2025_11_21_07_45_17.cfa,1,0x07,6,07 27 00 00 00 03
old/hci_snoop_2025_11_21_07_45_17.cfa,1,0x07,6,07 27 03 00 00 03
old/hci_snoop_2025_11_21_07_45_17.cfa,1,0x07,6,07 28 02 00 00 03
old/hci_snoop_2025_11_21_07_45_17.cfa,1,0x07,6,07 29 01 00 00 03
old/hci_snoop_2025_11_21_07_45_17.cfa,1,0x07,6,07 2A 00 00 00 03
old/hci_snoop_2025_11_21_07_45_17.cfa,1,0x07,6,07 2A 03 00 00 03
old/hci_snoop_2025_11_21_07_45_17.cfa,1,0x07,6,07 2B 02 00 00 03
old/hci_snoop_2025_11_21_07_45_17.cfa,1,0x07,6,07 2C 01 00 00 03
old/hci_snoop_2025_11_21_07_45_17.cfa,1,0x07,6,07 2D 00 00 00 03
old/hci_snoop_2025_11_21_07_45_17.cfa,1,0x07,6,07 2D 03 00 00 03
old/hci_snoop_2025_11_21_07_45_17.cfa,1,0x07,6,07 2E 02 00 00 03
old/hci_snoop_2025_11_21_07_45_17.cfa,1,0x07,6,07 2F 01 00 00 03
old/hci_snoop_2025_11_21_07_45_17.cfa,1,0x07,6,07 30 00 00 00 03
old/hci_snoop_2025_11_21_07_45_17.cfa,1,0x07,6,07 30 03 00 00 03
old/hci_snoop_2025_11_21_07_45_17.cfa,1,0x07,6,07 31 02 00 00 03
old/hci_snoop_2025_11_21_07_45_17.cfa,1,0x07,6,07 32 01 00 00 03
old/hci_snoop_2025_11_21_07_45_17.cfa,1,0x07,6,07 33 00 00 00 03
old/hci_snoop_2025_11_21_07_45_17.cfa,1,0x07,6,07 33 03 00 00 01
old/hci_snoop_2025_11_21_07_45_17.cfa,1,0x07,6,07 34 02 00 00 03
old/hci_snoop_2025_11_21_07_45_17.cfa,1,0x07,6,07 35 01 00 00 03
old/hci_snoop_2025_11_21_07_45_17.cfa,1,0x07,6,07 36 00 00 00 03
old/hci_snoop_2025_11_21_07_45_17.cfa,1,0x07,6,07 37 02 00 00 03
old/hci_snoop_2025_11_21_07_45_17.cfa,1,0x07,6,07 38 01 00 00 03
old/hci_snoop_2025_11_21_07_45_17.cfa,1,0x07,6,07 39 00 00 00 03
old/hci_snoop_2025_11_21_07_45_17.cfa,1,0x07,6,07 3A 02 00 00 03
old/hci_snoop_2025_11_21_07_45_17.cfa,1,0x07,6,07 3B 01 00 00 03
old/hci_snoop_2025_11_21_07_45_17.cfa,1,0x07,6,07 3C 00 00 00 03
old/hci_snoop_2025_11_21_07_45_17.cfa,1,0x07,6,07 3D 02 00 00 03
old/hci_snoop_2025_11_21_07_45_17.cfa,1,0x07,6,07 3E 01 00 00 03
old/hci_snoop_2025_11_21_07_45_17.cfa,1,0x07,6,07 3F 00 00 00 03
old/hci_snoop_2025_11_21_07_45_17.cfa,1,0x07,6,07 40 02 00 00 03
old/hci_snoop_2025_11_21_07_45_17.cfa,1,0x07,6,07 41 01 00 00 03
old/hci_snoop_2025_11_21_07_45_17.cfa,1,0x07,6,07 42 00 00 00 03
old/hci_snoop_2025_11_21_07_45_17.cfa,1,0x07,6,07 43 02 00 00 03
old/hci_snoop_2025_11_21_07_45_17.cfa,1,0x07,6,07 44 01 00 00 03
old/hci_snoop_2025_11_21_07_45_17.cfa,1,0x07,6,07 45 00 00 00 03
old/hci_snoop_2025_11_21_07_45_17.cfa,1,0x07,6,07 46 02 00 00 03
old/hci_snoop_2025_11_21_07_45_17.cfa,1,0x07,6,07 47 01 00 00 03
old/hci_snoop_2025_11_21_07_45_17.cfa,1,0x07,6,07 48 00 00 00 03
old/hci_snoop_2025_11_21_07_45_17.cfa,1,0x07,6,07 49 02 00 00 03
old/hci_snoop_2025_11_21_07_45_17.cfa,1,0x07,6,07 4A 01 00 00 03
old/hci_snoop_2025_11_21_07_45_17.cfa,1,0x07,6,07 4B 00 00 00 03
old/hci_snoop_2025_11_21_07_45_17.cfa,1,0x07,6,07 4C 02 00 00 03
old/hci_snoop_2025_11_21_07_45_17.cfa,1,0x07,6,07 4D 01 00 00 03
old/hci_snoop_2025_11_21_07_45_17.cfa,1,0x07,6,07 4E 00 00 00 03
old/hci_snoop_2025_11_21_07_45_17.cfa,1,0x07,6,07 4F 02 00 00 03
old/hci_snoop_2025_11_21_07_45_17.cfa,1,0x07,6,07 50 01 00 00 03
old/hci_snoop_2025_11_21_07_45_17.cfa,1,0x07,6,07 51 00 00 00 03
old/hci_snoop_2025_11_21_07_45_17.cfa,1,0x07,6,07 52 02 00 00 03
old/hci_snoop_2025_11_21_07_45_17.cfa,1,0x07,6,07 53 01 00 00 03
old/hci_snoop_2025_11_21_07_45_17.cfa,1,0x07,6,07 54 00 00 00 03
old/hci_snoop_2025_11_21_07_45_17.cfa,1,0x07,6,07 55 02 00 00 03
old/hci_snoop_2025_11_21_07_45_17.cfa,1,0x07,6,07 56 01 00 00 03
old/hci_snoop_2025_11_21_07_45_17.cfa,1,0x07,6,07 57 00 00 00 03
old/hci_snoop_2025_11_21_07_45_17.cfa,1,0x07,6,07 58 02 00 00 03
old/hci_snoop_2025_11_21_07_45_17.cfa,1,0x07,6,07 59 01 00 00 03
old/hci_snoop_2025_11_21_07_45_17.cfa,1,0x07,6,07 5A 00 00 00 03
old/hci_snoop_2025_11_21_07_45_17.cfa,1,0x07,6,07 5B 02 00 00 03
old/hci_snoop_2025_11_21_07_45_17.cfa,1,0x07,6,07 5C 01 00 00 03
old/hci_snoop_2025_11_21_07_45_17.cfa,1,0x07,6,07 5D 00 00 00 03
old/hci_snoop_2025_11_21_07_45_17.cfa,1,0x07,6,07 5E 02 00 00 03
old/hci_snoop_2025_11_21_07_45_17.cfa,1,0x07,6,07 5F 01 00 00 03
old/hci_snoop_2025_11_21_07_45_17.cfa,1,0x07,6,07 60 00 00 00 03
old/hci_snoop_2025_11_21_07_45_17.cfa,1,0x07,6,07 61 02 00 00 03
old/hci_snoop_2025_11_21_07_45_17.cfa,1,0x07,6,07 62 01 00 00 03
old/hci_snoop_2025_11_21_07_45_17.cfa,1,0x07,6,07 63 00 00 00 03
old/hci_snoop_2025_11_21_07_45_17.cfa,1,0x07,6,07 64 02 00 00 03
old/hci_snoop_2025_11_21_07_45_17.cfa,1,0x07,6,07 65 01 00 00 03
old/hci_snoop_2025_11_21_07_45_17.cfa,1,0x07,6,07 66 00 00 00 03
old/hci_snoop_2025_11_21_07_45_17.cfa,1,0x07,6,07 67 02 00 00 03
old/hci_snoop_2025_11_21_07_45_17.cfa,1,0x07,6,07 68 01 00 00 03
old/hci_snoop_2025_11_21_07_45_17.cfa,1,0x07,6,07 69 00 00 00 03
old/hci_snoop_2025_11_21_07_45_17.cfa,1,0x07,6,07 6A 02 00 00 03
old/hci_snoop_2025_11_21_07_45_17.cfa,1,0x07,6,07 6B 01 00 00 03
old/hci_snoop_2025_11_21_07_45_17.cfa,1,0x07,6,07 6C 00 00 00 03
old/hci_snoop_2025_11_21_07_45_17.cfa,1,0x07,6,07 6D 02 00 00 03
old/hci_snoop_2025_11_21_07_45_17.cfa,1,0x07,6,07 6E 01 00 00 03
old/hci_snoop_2025_11_21_07_45_17.cfa,1,0x07,6,07 6F 00 00 00 03
old/hci_snoop_2025_11_21_07_45_17.cfa,1,0x07,6,07 70 02 00 00 03
old/hci_snoop_2025_11_21_07_45_17.cfa,1,0x07,6,07 71 01 00 00 03
old/hci_snoop_2025_11_21_07_45_17.cfa,1,0x07,6,07 72 00 00 00 03
old/hci_snoop_2025_11_21_07_45_17.cfa,1,0x07,6,07 73 02 00 00 03
old/hci_snoop_2025_11_21_07_45_17.cfa,1,0x07,6,07 74 01 00 00 03
old/hci_snoop_2025_11_21_07_45_17.cfa,1,0x07,6,07 75 00 00 00 03
old/hci_snoop_2025_11_21_07_45_17.cfa,1,0x07,6,07 76 02 00 00 03
old/hci_snoop_2025_11_21_07_45_17.cfa,1,0x07,6,07 77 01 00 00 03
old/hci_snoop_2025_11_21_07_45_17.cfa,1,0x07,6,07 78 00 00 00 03
old/hci_snoop_2025_11_21_07_45_17.cfa,1,0x07,6,07 79 02 00 00 03
old/hci_snoop_2025_11_21_07_45_17.cfa,1,0x07,6,07 7A 01 00 00 03
old/hci_snoop_2025_11_21_07_45_17.cfa,1,0x07,6,07 7B 00 00 00 03
old/hci_snoop_2025_11_21_07_45_17.cfa,1,0x07,6,07 7C 02 00 00 03
old/hci_snoop_2025_11_21_07_45_17.cfa,1,0x07,6,07 7D 01 00 00 03
old/hci_snoop_2025_11_21_07_45_17.cfa,1,0x07,6,07 7E 00 00 00 03
old/hci_snoop_2025_11_21_07_45_17.cfa,1,0x07,6,07 7F 02 00 00 03
old/hci_snoop_2025_11_21_07_45_17.cfa,1,0x07,6,07 80 01 00 00 03
old/hci_snoop_2025_11_21_07_45_17.cfa,1,0x07,6,07 81 00 00 00 03
old/hci_snoop_2025_11_21_07_45_17.cfa,1,0x07,6,07 82 02 00 00 03
old/hci_snoop_2025_11_21_07_45_17.cfa,1,0x07,6,07 83 01 00 00 03
old/hci_snoop_2025_11_21_07_45_17.cfa,1,0x07,6,07 84 00 00 00 03
old/hci_snoop_2025_11_21_07_45_17.cfa,1,0x07,6,07 85 02 00 00 03
old/hci_snoop_2025_11_21_07_45_17.cfa,1,0x07,6,07 86 01 00 00 03
old/hci_snoop_2025_11_21_07_45_17.cfa,1,0x07,6,07 87 00 00 00 03
old/hci_snoop_2025_11_21_07_45_17.cfa,1,0x07,6,07 88 02 00 00 03
old/hci_snoop_2025_11_21_07_45_17.cfa,1,0x07,6,07 89 01 00 00 03
old/hci_snoop_2025_11_21_07_45_17.cfa,1,0x07,6,07 8A 00 00 00 03
old/hci_snoop_2025_11_21_07_45_17.cfa,1,0x07,6,07 8B 02 00 00 03
old/hci_snoop_2025_11_21_07_45_17.cfa,1,0x07,6,07 8C 01 00 00 03
old/hci_snoop_2025_11_21_07_45_17.cfa,1,0x07,6,07 8D 00 00 00 03
old/hci_snoop_2025_11_21_07_45_17.cfa,1,0x07,6,07 8E 02 00 00 03
old/hci_snoop_2025_11_21_07_45_17.cfa,1,0x07,6,07 8F 01 00 00 03
old/hci_snoop_2025_11_21_07_45_17.cfa,1,0x07,6,07 90 00 00 00 03
old/hci_snoop_2025_11_21_07_45_17.cfa,1,0x07,6,07 91 02 00 00 03
old/hci_snoop_2025_11_21_07_45_17.cfa,1,0x07,6,07 92 01 00 00 03
old/hci_snoop_2025_11_21_07_45_17.cfa,1,0x07,6,07 93 00 00 00 03
old/hci_snoop_2025_11_21_07_45_17.cfa,1,0x07,6,07 94 02 00 00 03
old/hci_snoop_2025_11_21_07_45_17.cfa,1,0x07,6,07 95 01 00 00 03
old/hci_snoop_2025_11_21_07_45_17.cfa,1,0x07,6,07 96 00 00 00 03
old/hci_snoop_2025_11_21_07_45_17.cfa,1,0x07,6,07 97 02 00 00 03
old/hci_snoop_2025_11_21_07_45_17.cfa,1,0x07,6,07 98 01 00 00 03
old/hci_snoop_2025_11_21_07_45_17.cfa,1,0x07,6,07 99 00 00 00 03
old/hci_snoop_2025_11_21_07_45_17.cfa,1,0x07,6,07 9A 02 00 00 03
old/hci_snoop_2025_11_21_07_45_17.cfa,1,0x07,6,07 9B 01 00 00 03
old/hci_snoop_2025_11_21_07_45_17.cfa,1,0x07,6,07 9C 00 00 00 03
old/hci_snoop_2025_11_21_07_45_17.cfa,1,0x07,6,07 9D 02 00 00 03
old/hci_snoop_2025_11_21_07_45_17.cfa,1,0x07,6,07 9E 01 00 00 03
old/hci_snoop_2025_11_21_07_45_17.cfa,1,0x07,6,07 9F 00 00 00 03
old/hci_snoop_2025_11_21_07_45_17.cfa,1,0x07,6,07 A0 02 00 00 03
old/hci_snoop_2025_11_21_07_45_17.cfa,1,0x07,6,07 A1 01 00 00 03
old/hci_snoop_2025_11_21_07_45_17.cfa,1,0x07,6,07 A2 00 00 00 03
old/hci_snoop_2025_11_21_07_45_17.cfa,1,0x07,6,07 A3 02 00 00 03
old/hci_snoop_2025_11_21_07_45_17.cfa,1,0x07,6,07 A4 01 00 00 03
old/hci_snoop_2025_11_21_07_45_17.cfa,1,0x07,6,07 A5 00 00 00 03
old/hci_snoop_2025_11_21_07_45_17.cfa,1,0x07,6,07 A6 02 00 00 03
old/hci_snoop_2025_11_21_07_45_17.cfa,1,0x07,6,07 A7 01 00 00 03
old/hci_snoop_2025_11_21_07_45_17.cfa,1,0x07,6,07 A8 00 00 00 03
old/hci_snoop_2025_11_21_07_45_17.cfa,1,0x07,6,07 A9 02 00 00 03
old/hci_snoop_2025_11_21_07_45_17.cfa,1,0x07,6,07 AA 01 00 00 03
old/hci_snoop_2025_11_21_07_45_17.cfa,1,0x07,6,07 AB 00 00 00 03
old/hci_snoop_2025_11_21_07_45_17.cfa,1,0x07,6,07 AC 02 00 00 03
old/hci_snoop_2025_11_21_07_45_17.cfa,1,0x07,6,07 AD 01 00 00 03
old/hci_snoop_2025_11_21_07_45_17.cfa,1,0x07,6,07 AE 00 00 00 03
old/hci_snoop_2025_11_21_07_45_17.cfa,1,0x07,6,07 AF 02 00 00 03
old/hci_snoop_2025_11_21_07_45_17.cfa,1,0x07,6,07 B0 01 00 00 03
old/hci_snoop_2025_11_21_07_45_17.cfa,1,0x07,6,07 B1 00 00 00 03
old/hci_snoop_2025_11_21_07_45_17.cfa,1,0x07,6,07 B2 02 00 00 03
old/hci_snoop_2025_11_21_07_45_17.cfa,1,0x07,6,07 B3 01 00 00 03
old/hci_snoop_2025_11_21_07_45_17.cfa,1,0x07,6,07 B4 00 00 00 03
old/hci_snoop_2025_11_21_07_45_17.cfa,1,0x07,6,07 B5 02 00 00 03
old/hci_snoop_2025_11_21_07_45_17.cfa,1,0x07,6,07 B6 01 00 00 03
old/hci_snoop_2025_11_21_07_45_17.cfa,1,0x07,6,07 B7 00 00 00 03
old/hci_snoop_2025_11_21_07_45_17.cfa,1,0x07,6,07 B8 02 00 00 03
old/hci_snoop_2025_11_21_07_45_17.cfa,1,0x07,6,07 B9 01 00 00 03
old/hci_snoop_2025_11_21_07_45_17.cfa,1,0x07,6,07 BA 00 00 00 03
old/hci_snoop_2025_11_21_07_45_17.cfa,1,0x07,6,07 BB 02 00 00 03
old/hci_snoop_2025_11_21_07_45_17.cfa,1,0x07,6,07 BC 01 00 00 03
old/hci_snoop_2025_11_21_07_45_17.cfa,1,0x07,6,07 BD 00 00 00 03
old/hci_snoop_2025_11_21_07_45_17.cfa,1,0x07,6,07 BE 02 00 00 03
old/hci_snoop_2025_11_21_07_45_17.cfa,1,0x07,6,07 BF 01 00 00 03
old/hci_snoop_2025_11_21_07_45_17.cfa,1,0x07,6,07 C0 00 00 00 03
old/hci_snoop_2025_11_21_07_45_17.cfa,1,0x07,6,07 C1 02 00 00 03
old/hci_snoop_2025_11_21_07_45_17.cfa,1,0x07,6,07 C2 01 00 00 03
old/hci_snoop_2025_11_21_07_45_17.cfa,1,0x07,6,07 C3 00 00 00 03
old/hci_snoop_2025_11_21_07_45_17.cfa,1,0x07,6,07 C4 02 00 00 03
old/hci_snoop_2025_11_21_07_45_17.cfa,1,0x07,6,07 C5 01 00 00 03
old/hci_snoop_2025_11_21_07_45_17.cfa,1,0x07,6,07 C6 00 00 00 03
old/hci_snoop_2025_11_21_07_45_17.cfa,1,0x07,6,07 C7 02 00 00 03
old/hci_snoop_2025_11_21_07_45_17.cfa,1,0x07,6,07 C8 01 00 00 03
old/hci_snoop_2025_11_21_07_45_17.cfa,1,0x07,6,07 C9 00 00 00 03
old/hci_snoop_2025_11_21_07_45_17.cfa,1,0x07,6,07 CA 02 00 00 03
old/hci_snoop_2025_11_21_07_45_17.cfa,1,0x07,6,07 CB 01 00 00 03
old/hci_snoop_2025_11_21_07_45_17.cfa,1,0x07,6,07 CC 00 00 00 03
old/hci_snoop_2025_11_21_07_45_17.cfa,1,0x07,6,07 CD 02 00 00 03
old/hci_snoop_2025_11_21_07_45_17.cfa,1,0x07,6,07 CE 01 00 00 03
old/hci_snoop_2025_11_21_07_45_17.cfa,1,0x07,6,07 CF 00 00 00 03
old/hci_snoop_2025_11_21_07_45_17.cfa,1,0x07,6,07 D0 02 00 00 03
old/hci_snoop_2025_11_21_07_45_17.cfa,1,0x07,6,07 D1 01 00 00 03
old/hci_snoop_2025_11_21_07_45_17.cfa,1,0x07,6,07 D2 00 00 00 03
old/hci_snoop_2025_11_21_07_45_17.cfa,1,0x07,6,07 D3 02 00 00 03
old/hci_snoop_2025_11_21_07_45_17.cfa,1,0x07,6,07 D4 01 00 00 03
old/hci_snoop_2025_11_21_07_45_17.cfa,1,0x07,6,07 D5 00 00 00 03
old/hci_snoop_2025_11_21_07_45_17.cfa,1,0x07,6,07 D6 02 00 00 03
old/hci_snoop_2025_11_21_07_45_17.cfa,1,0x07,6,07 D7 01 00 00 03
old/hci_snoop_2025_11_21_07_45_17.cfa,1,0x07,6,07 D8 00 00 00 03
old/hci_snoop_2025_11_21_07_45_17.cfa,1,0x07,6,07 D9 02 00 00 03
old/hci_snoop_2025_11_21_07_45_17.cfa,1,0x07,6,07 DA 01 00 00 03
old/hci_snoop_2025_11_21_07_45_17.cfa,1,0x07,6,07 DB 00 00 00 03
old/hci_snoop_2025_11_21_07_45_17.cfa,1,0x07,6,07 DC 02 00 00 03
old/hci_snoop_2025_11_21_07_45_17.cfa,1,0x07,6,07 DD 01 00 00 03
old/hci_snoop_2025_11_21_07_45_17.cfa,1,0x07,6,07 DE 00 00 00 03
old/hci_snoop_2025_11_21_07_45_17.cfa,1,0x07,6,07 DF 02 00 00 03
old/hci_snoop_2025_11_21_07_45_17.cfa,1,0x07,6,07 E0 01 00 00 03
old/hci_snoop_2025_11_21_07_45_17.cfa,1,0x07,6,07 E1 00 00 00 03
old/hci_snoop_2025_11_21_07_45_17.cfa,1,0x07,6,07 E2 02 00 00 03
old/hci_snoop_2025_11_21_07_45_17.cfa,1,0x07,6,07 E3 01 00 00 03
old/hci_snoop_2025_11_21_07_45_17.cfa,1,0x07,6,07 E4 00 00 00 03
old/hci_snoop_2025_11_21_07_45_17.cfa,1,0x07,6,07 E5 02 00 00 03
old/hci_snoop_2025_11_21_07_45_17.cfa,1,0x07,6,07 E6 01 00 00 03
old/hci_snoop_2025_11_21_07_45_17.cfa,1,0x07,6,07 E7 00 00 00 03
old/hci_snoop_2025_11_21_07_45_17.cfa,1,0x07,6,07 E8 02 00 00 03
old/hci_snoop_2025_11_21_07_45_17.cfa,1,0x07,6,07 E9 01 00 00 03
old/hci_snoop_2025_11_21_07_45_17.cfa,1,0x07,6,07 EA 00 00 00 03
old/hci_snoop_2025_11_21_07_45_17.cfa,1,0x07,6,07 EB 02 00 00 03
old/hci_snoop_2025_11_21_07_45_17.cfa,1,0x07,6,07 EC 01 00 00 03
old/hci_snoop_2025_11_21_07_45_17.cfa,1,0x07,6,07 ED 00 00 00 03
old/hci_snoop_2025_11_21_07_45_17.cfa,1,0x07,6,07 EE 02 00 00 03
old/hci_snoop_2025_11_21_07_45_17.cfa,1,0x07,6,07 EF 01 00 00 03
old/hci_snoop_2025_11_21_07_45_17.cfa,1,0x07,6,07 F0 00 00 00 03
old/hci_snoop_2025_11_21_07_45_17.cfa,1,0x07,6,07 F1 02 00 00 03
old/hci_snoop_2025_11_21_07_45_17.cfa,1,0x07,6,07 F2 01 00 00 03
old/hci_snoop_2025_11_21_07_45_17.cfa,1,0x07,6,07 F3 00 00 00 03
old/hci_snoop_2025_11_21_07_45_17.cfa,1,0x07,6,07 F4 02 00 00 03
old/hci_snoop_2025_11_21_07_45_17.cfa,1,0x07,6,07 F5 01 00 00 03
old/hci_snoop_2025_11_21_07_45_17.cfa,1,0x07,6,07 F6 00 00 00 03
old/hci_snoop_2025_11_21_07_45_17.cfa,1,0x07,6,07 F7 02 00 00 03
old/hci_snoop_2025_11_21_07_45_17.cfa,1,0x07,6,07 F8 01 00 00 03
old/hci_snoop_2025_11_21_07_45_17.cfa,1,0x07,6,07 F9 00 00 00 03
old/hci_snoop_2025_11_21_07_45_17.cfa,1,0x07,6,07 FA 02 00 00 03
old/hci_snoop_2025_11_21_07_45_17.cfa,1,0x07,6,07 FB 01 00 00 03
old/hci_snoop_2025_11_21_07_45_17.cfa,1,0x07,6,07 FC 00 00 00 03
old/hci_snoop_2025_11_21_07_45_17.cfa,1,0x07,6,07 FD 02 00 00 03
old/hci_snoop_2025_11_21_07_45_17.cfa,1,0x07,6,07 FE 01 00 00 03
old/hci_snoop_2025_11_21_07_45_17.cfa,1,0x07,6,07 FF 00 00 00 03
old/hci_snoop_2025_11_21_07_45_17.cfa,1,0x0F,2,0F 01
old/hci_snoop_2025_11_21_07_45_17.cfa,1,0x18,4,18 01 00 10
old/hci_snoop_2025_11_21_07_45_17.cfa,1,0x19,4,19 01 00 10
old/hci_snoop_2025_11_21_07_45_17.cfa,1,0x1A,1,1A
